short_name	fullname	analyte_class	match_basis	n_candidates	candidate_ramp_ids	note
Nicotine	Nicotine	Alkaloids	exact:fullname	1	RAMP_C_000158862	
Trigonelline	Trigonelline	Alkaloids	exact:fullname	1	RAMP_C_000000683	
TMAO	Trimethylamine N-oxide	Amine oxides	exact:fullname	1	RAMP_C_000000723	
Ala	Alanine	Amino acids	exact:fullname	3	RAMP_C_000000104;RAMP_C_000000991;RAMP_C_000041613	multi-candidate
Arg	Arginine	Amino acids	exact:fullname	3	RAMP_C_000042003;RAMP_C_000216246;RAMP_C_000274765	multi-candidate
Asn	Asparagine	Amino acids	exact:fullname	2	RAMP_C_000165878;RAMP_C_000218742	multi-candidate
Asp	Aspartic acid	Amino acids	exact:fullname	3	RAMP_C_000218398;RAMP_C_000219925;RAMP_C_000261889	multi-candidate
Cys	Cysteine	Amino acids	exact:fullname	4	RAMP_C_000001849;RAMP_C_000165881;RAMP_C_000216270;RAMP_C_000218469	multi-candidate
Gln	Glutamine	Amino acids	exact:fullname	3	RAMP_C_000001853;RAMP_C_000218784;RAMP_C_000219691	multi-candidate
Glu	Glutamic acid	Amino acids	exact:fullname	3	RAMP_C_000040423;RAMP_C_000218397;RAMP_C_000261689	multi-candidate
Gly	Glycine	Amino acids	exact:fullname	2	RAMP_C_000000078;RAMP_C_000000085	multi-candidate
His	Histidine	Amino acids	exact:fullname	2	RAMP_C_000165231;RAMP_C_000218426	multi-candidate
Ile	Isoleucine	Amino acids	exact:fullname	4	RAMP_C_000000426;RAMP_C_000014755;RAMP_C_000218741;RAMP_C_000220799	multi-candidate
Leu	Leucine	Amino acids	exact:fullname	2	RAMP_C_000000532;RAMP_C_000006302	multi-candidate
Lys	Lysine	Amino acids	exact:fullname	3	RAMP_C_000000117;RAMP_C_000214655;RAMP_C_000219403	multi-candidate
Met	Methionine	Amino acids	exact:fullname	2	RAMP_C_000218711;RAMP_C_000219497	multi-candidate
Phe	Phenylalanine	Amino acids	exact:fullname	2	RAMP_C_000218749;RAMP_C_000263647	multi-candidate
Pro	Proline	Amino acids	exact:fullname	3	RAMP_C_000165893;RAMP_C_000218861;RAMP_C_000261868	multi-candidate
Ser	Serine	Amino acids	exact:fullname	2	RAMP_C_000218440;RAMP_C_000219480	multi-candidate
Thr	Threonine	Amino acids	exact:fullname	2	RAMP_C_000218724;RAMP_C_000220890	multi-candidate
Trp	Tryptophan	Amino acids	exact:fullname	3	RAMP_C_000008441;RAMP_C_000011438;RAMP_C_000218721	multi-candidate
Tyr	Tyrosine	Amino acids	exact:fullname	2	RAMP_C_000165252;RAMP_C_000218778	multi-candidate
Val	Valine	Amino acids	exact:fullname	2	RAMP_C_000218704;RAMP_C_000265756	multi-candidate
1-Met-His	1-Methylhistidine	Amino acid-related	exact:fullname	1	RAMP_C_000000001	
3-Met-2-oxovaleric acid	3-Methyl-2-oxovaleric acid	Amino acid-related	exact:fullname	1	RAMP_C_000000367	
3-Met-His	3-Methylhistidine	Amino acid-related	exact:fullname	1	RAMP_C_000000001	
3-OH-Anthranilic acid	3-Hydroxyanthranilic acid	Amino acid-related	exact:fullname	1	RAMP_C_000220389	
3-OH-Kynurenine	3-Hydroxykynurenine	Amino acid-related	exact:fullname	1	RAMP_C_000000572	
4-Guanidinobutanoic acid	4-Guanidinobutanoic acid	Amino acid-related	exact:fullname	2	RAMP_C_000012819;RAMP_C_000275073	multi-candidate
4-Met-2-oxovaleric acid	2-Oxoisocaproic acid	Amino acid-related	exact:fullname	1	RAMP_C_000218182	
5-Amino-4-oxovaleric acid	5-Amino-4-oxovaleric acid	Amino acid-related	exact:fullname	1	RAMP_C_000220903	
5-AVA	5-Aminovaleric acid	Amino acid-related	exact:fullname	1	RAMP_C_000001823	
5-OH-Trp	5-Hydroxytryptophan	Amino acid-related	exact:fullname	2	RAMP_C_000218770;RAMP_C_000273563	multi-candidate
5-Oxo-Pro	5-Oxoproline	Amino acid-related	exact:fullname	2	RAMP_C_000220904;RAMP_C_000263954	multi-candidate
AABA	alpha-Aminobutyric acid	Amino acid-related	exact:fullname	3	RAMP_C_000000501;RAMP_C_000160165;RAMP_C_000265765	multi-candidate
Ac-Orn	Acetylornithine	Amino acid-related	norm:fullname	3	RAMP_C_000001824;RAMP_C_000156808;RAMP_C_000158278	multi-candidate
ADMA	Asymmetric dimethylarginine	Amino acid-related	exact:fullname	1	RAMP_C_000218780	
Agmatine	Agmatine	Amino acid-related	exact:fullname	2	RAMP_C_000001088;RAMP_C_000161360	multi-candidate
a-Ketoisovaleric acid	alpha-Ketoisovaleric acid	Amino acid-related	exact:fullname	1	RAMP_C_000000012	
alpha-AAA	alpha-Aminoadipic acid	Amino acid-related	exact:fullname	1	RAMP_C_000218812	
Anserine	Anserine	Amino acid-related	exact:fullname	1	RAMP_C_000000125	
Anthranilic acid	Anthranilic acid	Amino acid-related	exact:fullname	1	RAMP_C_000219500	
Arginino-Suc	Argininosuccinic acid	Amino acid-related	exact:fullname	1	RAMP_C_000218664	
BABA	beta-Aminobutyric acid	Amino acid-related	exact:fullname	1	RAMP_C_000012640	
BAIBA	3-Aminoisobutyric acid	Amino acid-related	exact:fullname	1	RAMP_C_000001957	
Betaine	Betaine	Amino acid-related	exact:fullname	1	RAMP_C_000000030	
c4-OH-Pro	cis-4-Hydroxyproline	Amino acid-related	exact:fullname	1	RAMP_C_000262491	
Carbamoyl-PO4	Carbamoylphosphate	Amino acid-related	exact:fullname	1	RAMP_C_000218766	
Carnosine	Carnosine	Amino acid-related	exact:fullname	1	RAMP_C_000218666	
Cinnamoyl-Gly	Cinnamoylglycine	Amino acid-related	exact:fullname	1	RAMP_C_000007152	
Cit	Citrulline	Amino acid-related	exact:fullname	2	RAMP_C_000165222;RAMP_C_000218703	multi-candidate
Creatine	Creatine	Amino acid-related	exact:fullname	1	RAMP_C_000000046	
Creatinine	Creatinine	Amino acid-related	exact:fullname	1	RAMP_C_000000431	
Cystine	Cystine	Amino acid-related	exact:fullname	3	RAMP_C_000000123;RAMP_C_000000127;RAMP_C_000165201	multi-candidate
DMG	Dimethylglycine	Amino acid-related	exact:fullname	1	RAMP_C_000000062	
DOPA	Dihydroxyphenylalanine	Amino acid-related	exact:fullname	2	RAMP_C_000000466;RAMP_C_000218668	multi-candidate
Furoyl-Gly	Furoylglycine	Amino acid-related	exact:fullname	1	RAMP_C_000000329	
Guanidinoacetic acid	Guanidinoacetic acid	Amino acid-related	exact:fullname	1	RAMP_C_000219492	
HArg	Homoarginine	Amino acid-related	exact:fullname	1	RAMP_C_000000519	
HCit	Homocitrulline	Amino acid-related	exact:fullname	1	RAMP_C_000220360	
HCys	Homocysteine	Amino acid-related	exact:fullname	1	RAMP_C_000218762	
HSer	Homoserine	Amino acid-related	exact:fullname	2	RAMP_C_000262508;RAMP_C_000273551	multi-candidate
Hypotaurine	Hypotaurine	Amino acid-related	exact:fullname	1	RAMP_C_000000756	
Imidazolepropionic acid	Imidazolepropionic acid	Amino acid-related	exact:fullname	1	RAMP_C_000265528	
Kynurenine	Kynurenine	Amino acid-related	exact:fullname	2	RAMP_C_000000530;RAMP_C_000165235	multi-candidate
Met-SO	Methionine sulfoxide	Amino acid-related	exact:fullname	1	RAMP_C_000001320	
N2-Ac-Lys	N2-Acetyllysine	Amino acid-related	exact:fullname	1	RAMP_C_000264712	
N6-Ac-Lys	N6-Acetyllysine	Amino acid-related	exact:fullname	2	RAMP_C_000000127;RAMP_C_000262648	multi-candidate
N-Ac-Ala	N-Acetylalanine	Amino acid-related	exact:fullname	2	RAMP_C_000000602;RAMP_C_000168846	multi-candidate
N-Ac-Arg	N-Acetylarginine	Amino acid-related	norm:fullname	1	RAMP_C_000002115	
N-Ac-Asn	N-Acetylasparagine	Amino acid-related	exact:fullname	1	RAMP_C_000002584	
N-Ac-Asp	N-Acetylaspartic acid	Amino acid-related	exact:fullname	1	RAMP_C_000218122	
N-Ac-Gln	N-Acetylglutamine	Amino acid-related	exact:fullname	1	RAMP_C_000002585	
N-Ac-Glu	N-Acetylglutamic acid	Amino acid-related	exact:fullname	1	RAMP_C_000000871	
N-Ac-Gly	N-Acetylglycine	Amino acid-related	exact:fullname	1	RAMP_C_000000403	
N-Ac-His	N-Acetylhistidine	Amino acid-related	exact:fullname	1	RAMP_C_000013030	
N-Ac-Ile	N-Acetylisoleucine	Amino acid-related	exact:fullname	1	RAMP_C_000041344	
N-Ac-Leu	N-Acetylleucine	Amino acid-related	exact:fullname	1	RAMP_C_000263626	
N-Ac-Met	N-Acetylmethionine	Amino acid-related	exact:fullname	1	RAMP_C_000266914	
N-Ac-Phe	N-Acetylphenylalanine	Amino acid-related	exact:fullname	2	RAMP_C_000000386;RAMP_C_000168849	multi-candidate
N-Ac-Pro	N-Acetylproline	Amino acid-related	exact:fullname	1	RAMP_C_000073888	
N-Ac-Ser	N-Acetylserine	Amino acid-related	exact:fullname	1	RAMP_C_000001711	
N-Ac-Trp	N-Acetyltryptophan	Amino acid-related	exact:fullname	2	RAMP_C_000008500;RAMP_C_000168845	multi-candidate
N-Ac-Tyr	N-Acetyltyrosine	Amino acid-related	exact:fullname	2	RAMP_C_000000674;RAMP_C_000160119	multi-candidate
N-Ac-Val	N-Acetylvaline	Amino acid-related	exact:fullname	1	RAMP_C_000007265	
Nitro-Tyr	Nitrotyrosine	Amino acid-related	exact:fullname	2	RAMP_C_000001250;RAMP_C_000169387	multi-candidate
N-Met-Asp	N-Methylaspartic acid	Amino acid-related	exact:fullname	1	RAMP_C_000001590	
N-Nitroso-Pro	N-Nitrosoproline	Amino acid-related	exact:fullname	1	RAMP_C_000022382	
Orn	Ornithine	Amino acid-related	exact:fullname	4	RAMP_C_000218554;RAMP_C_000219592;RAMP_C_000223163;RAMP_C_000262077	multi-candidate
PAG	Phenylacetylglycine	Amino acid-related	exact:fullname	1	RAMP_C_000000643	
PheAlaBetaine	Phenylalanine betaine	Amino acid-related	exact:fullname	1	RAMP_C_000156775	
Phenylacetylglutamine	Phenylacetylglutamine	Amino acid-related	exact:fullname	2	RAMP_C_000041922;RAMP_C_000218777	multi-candidate
ProBetaine	Proline betaine	Amino acid-related	exact:fullname	1	RAMP_C_000156702	
Sarcosine	Sarcosine	Amino acid-related	exact:fullname	1	RAMP_C_000218658	
SDMA	Symmetric dimethylarginine	Amino acid-related	exact:fullname	1	RAMP_C_000001813	
t4-OH-Pro	trans-4-Hydroxyproline	Amino acid-related	exact:fullname	1	RAMP_C_000000565	
Taurine	Taurine	Amino acid-related	exact:fullname	1	RAMP_C_000218584	
TrpBetaine	Tryptophan betaine	Amino acid-related	exact:fullname	1	RAMP_C_000040990	
Tryptamine	Tryptamine	Amino acid-related	exact:fullname	1	RAMP_C_000262759	
Tyramine	Tyramine	Amino acid-related	exact:fullname	1	RAMP_C_000000209	
12-KetoDCA	12-Ketodeoxycholic acid	Bile acids	exact:fullname	1	RAMP_C_000000230	
3-EpiDCA	3-Epideoxycholic acid	Bile acids	exact:fullname	1	RAMP_C_000267468	
7-KetoDCA	7-Ketodeoxycholic acid	Bile acids	exact:fullname	1	RAMP_C_000000284	
CA	Cholic acid	Bile acids	exact:fullname	1	RAMP_C_000218390	
CDCA	Chenodeoxycholic acid	Bile acids	exact:fullname	1	RAMP_C_000000390	
DCA	Deoxycholic acid	Bile acids	exact:fullname	1	RAMP_C_000263082	
GCA	Glycocholic acid	Bile acids	exact:fullname	2	RAMP_C_000000089;RAMP_C_000000232	multi-candidate
GCDCA	Glycochenodeoxycholic acid	Bile acids	exact:fullname	1	RAMP_C_000002951	
GDCA	Glycodeoxycholic acid	Bile acids	exact:fullname	1	RAMP_C_000000484	
GLCA	Glycolithocholic acid	Bile acids	exact:fullname	1	RAMP_C_000261925	
GLCAS	Glycolithocholic acid sulfate	Bile acids	exact:fullname	2	RAMP_C_000042031;RAMP_C_000261925	multi-candidate
GUDCA	Glycoursodeoxycholic acid	Bile acids	exact:fullname	2	RAMP_C_000000550;RAMP_C_000158523	multi-candidate
IsoLCA	Isolithocholic acid	Bile acids	exact:fullname	1	RAMP_C_000000559	
IsoUDCA	Isoursodeoxycholic acid	Bile acids	exact:fullname	4	RAMP_C_000000288;RAMP_C_000000531;RAMP_C_000000550;RAMP_C_000161166	multi-candidate
LCA	Lithocholic acid	Bile acids	exact:fullname	2	RAMP_C_000000277;RAMP_C_000000559	multi-candidate
NorDCA	Nordeoxycholic acid	Bile acids	exact:fullname	2	RAMP_C_000217816;RAMP_C_000251491	multi-candidate
TCA	Taurocholic acid	Bile acids	exact:fullname	2	RAMP_C_000171306;RAMP_C_000218487	multi-candidate
TCDCA	Taurochenodeoxycholic acid	Bile acids	exact:fullname	3	RAMP_C_000000742;RAMP_C_000158542;RAMP_C_000219362	multi-candidate
TDCA	Taurodeoxycholic acid	Bile acids	exact:fullname	1	RAMP_C_000267477	
THDCA	Taurohyodeoxycholic acid	Bile acids	unmatched	1	RAMP_C_000251617	
TLCA	Taurolithocholic acid	Bile acids	exact:fullname	1	RAMP_C_000218140	
TMCA	Tauromuricholic acids	Bile acids	unmatched	0		
TUDCA	Tauroursodeoxycholic acid	Bile acids	exact:fullname	1	RAMP_C_000000682	
UDCA	Ursodeoxycholic acid	Bile acids	exact:fullname	1	RAMP_C_000000740	
beta-Ala	beta-Alanine	Biogenic amines	exact:fullname	1	RAMP_C_000218729	
GABA	gamma-Aminobutyric acid	Biogenic amines	exact:fullname	1	RAMP_C_000219510	
Dopamine	Dopamine	Biogenic amines	exact:fullname	1	RAMP_C_000218860	
Histamine	Histamine	Biogenic amines	exact:fullname	1	RAMP_C_000000678	
PEA	Phenylethylamine	Biogenic amines	exact:fullname	1	RAMP_C_000007754	
Putrescine	Putrescine	Biogenic amines	exact:fullname	1	RAMP_C_000001073	
Serotonin	Serotonin	Biogenic amines	exact:fullname	1	RAMP_C_000000177	
Spermidine	Spermidine	Biogenic amines	exact:fullname	1	RAMP_C_000000954	
Spermine	Spermine	Biogenic amines	exact:fullname	1	RAMP_C_000218544	
Urea	Urea	Biogenic amines	exact:fullname	1	RAMP_C_000000199	
2-OH-Butyric acid	2-Hydroxybutyric acid	Carboxylic acids	exact:fullname	1	RAMP_C_000000004	
3-OH-Butyric acid	3-Hydroxybutyric acid	Carboxylic acids	exact:fullname	2	RAMP_C_000218499;RAMP_C_000264058	multi-candidate
Glycolic acid	Glycolic acid	Carboxylic acids	exact:fullname	2	RAMP_C_000000073;RAMP_C_000217305	multi-candidate
Glyoxylic acid	Glyoxylic acid	Carboxylic acids	exact:fullname	1	RAMP_C_000218495	
HipAcid	Hippuric acid	Carboxylic acids	exact:fullname	1	RAMP_C_000000556	
Lac	Lactic acid	Carboxylic acids	exact:fullname	3	RAMP_C_000000127;RAMP_C_000218054;RAMP_C_000218078	multi-candidate
Mevalonic acid	Mevalonic acid	Carboxylic acids	exact:fullname	1	RAMP_C_000218492	
Pyruvic acid	Pyruvic acid	Carboxylic acids	exact:fullname	1	RAMP_C_000218028	
3,4-DiOH-Benzaldehyde	3,4-Dihydroxybenzaldehyde	Catechols	exact:fullname	1	RAMP_C_000039987	
Epinephrine	Epinephrine	Catechols	exact:fullname	2	RAMP_C_000000048;RAMP_C_000041834	multi-candidate
Norepinephrine	Norepinephrine	Catechols	exact:fullname	1	RAMP_C_000219112	
p-Cresol glucuronide	p-Cresol glucuronide	Cresols	exact:fullname	1	RAMP_C_000007206	
p-Cresol-SO4	p-Cresol sulfate	Cresols	exact:fullname	1	RAMP_C_000007164	
2-OH-Glutaric acid	2-Hydroxyglutaric acid	Dicarboxylic acids	exact:fullname	2	RAMP_C_000219574;RAMP_C_000220104	multi-candidate
3-HMGA	3-Hydroxymethylglutaric acid	Dicarboxylic acids	exact:fullname	1	RAMP_C_000262211	
3-Met-adipic acid	3-Methyladipic acid	Dicarboxylic acids	exact:fullname	1	RAMP_C_000000424	
3-Met-glutaric acid	3-Methylglutaric acid	Dicarboxylic acids	exact:fullname	1	RAMP_C_000000590	
3-OH-Glutaric acid	3-Hydroxyglutaric acid	Dicarboxylic acids	exact:fullname	1	RAMP_C_000000320	
3-OH-Sebacic acid	3-Hydroxysebacic acid	Dicarboxylic acids	exact:fullname	1	RAMP_C_000000249	
Adipic acid	Adipic acid	Dicarboxylic acids	exact:fullname	1	RAMP_C_000000336	
a-Ketoglutaric acid	alpha-Ketoglutaric acid	Dicarboxylic acids	exact:fullname	1	RAMP_C_000274401	
Citramalic acid	Citramalic acid	Dicarboxylic acids	exact:fullname	1	RAMP_C_000263246	
DiCA 12:0	Dodecanedioic acid	Dicarboxylic acids	exact:fullname	2	RAMP_C_000000729;RAMP_C_000220887	multi-candidate
DiCA 14:0	Tetradecanedioic acid	Dicarboxylic acids	exact:fullname	1	RAMP_C_000266202	
E-3-Met-glutaconic acid	E-3-Methylglutaconic acid	Dicarboxylic acids	norm:fullname	1	RAMP_C_000000393	
Ethylmalonic acid	Ethylmalonic acid	Dicarboxylic acids	exact:fullname	1	RAMP_C_000000476	
Fumaric acid	Fumaric acid	Dicarboxylic acids	exact:fullname	1	RAMP_C_000218394	
Glutaric acid	Glutaric acid	Dicarboxylic acids	exact:fullname	1	RAMP_C_000000510	
Itaconic acid	Itaconic acid	Dicarboxylic acids	exact:fullname	1	RAMP_C_000218143	
Maleic acid	Maleic acid	Dicarboxylic acids	exact:fullname	2	RAMP_C_000216528;RAMP_C_000262406	multi-candidate
Malic acid	Malic acid	Dicarboxylic acids	exact:fullname	1	RAMP_C_000218036	
Malonic acid	Malonic acid	Dicarboxylic acids	exact:fullname	1	RAMP_C_000220789	
Methylmalonic acid	Methylmalonic acid	Dicarboxylic acids	exact:fullname	1	RAMP_C_000220800	
Oxalic acid	Oxalic acid	Dicarboxylic acids	exact:fullname	4	RAMP_C_000001542;RAMP_C_000020719;RAMP_C_000215800;RAMP_C_000215904	multi-candidate
Oxaloacetic acid	Oxaloacetic acid	Dicarboxylic acids	exact:fullname	1	RAMP_C_000262942	
Suberic acid	Suberic acid	Dicarboxylic acids	exact:fullname	1	RAMP_C_000000697	
Suc	Succinic acid	Dicarboxylic acids	exact:fullname	1	RAMP_C_000218399	
Z-3-Met-glutaconic acid	Z-3-Methylglutaconic acid	Dicarboxylic acids	unmatched	0		
FA 2:0	Acetic acid	Fatty acids	exact:fullname	2	RAMP_C_000000403;RAMP_C_000218400	multi-candidate
FA 3:0	Propanoic acid	Fatty acids	exact:fullname	1	RAMP_C_000220356	
FA 3:0-2M	Isobutyric acid	Fatty acids	exact:fullname	1	RAMP_C_000001224	
FA 4:0	Butyric acid	Fatty acids	exact:fullname	1	RAMP_C_000000028	
FA 4:0-2M	2-Methylbutyric acid	Fatty acids	exact:fullname	1	RAMP_C_000267278	
FA 4:0-3M	Isovaleric acid	Fatty acids	exact:fullname	1	RAMP_C_000267279	
FA 5:0	Valeric acid	Fatty acids	exact:fullname	1	RAMP_C_000218411	
FA 5:0-3M	3-Methylvaleric acid	Fatty acids	exact:fullname	1	RAMP_C_000270988	
FA 5:0-4M	Isocaproic acid	Fatty acids	exact:fullname	1	RAMP_C_000000534	
FA 6:0	Caproic acid	Fatty acids	exact:fullname	1	RAMP_C_000000405	
FA 7:0	Heptanoic acid	Fatty acids	exact:fullname	1	RAMP_C_000217257	
FA 8:0	Caprylic acid	Fatty acids	exact:fullname	2	RAMP_C_000216230;RAMP_C_000217324	multi-candidate
FA 9:0	Nonanoic acid	Fatty acids	exact:fullname	1	RAMP_C_000268761	
FA 10:0	Capric acid	Fatty acids	exact:fullname	1	RAMP_C_000218305	
FA 11:0	Undecanoic acid	Fatty acids	exact:fullname	1	RAMP_C_000266909	
FA 12:0	Lauric acid	Fatty acids	exact:fullname	3	RAMP_C_000216232;RAMP_C_000216233;RAMP_C_000264780	multi-candidate
FA 14:0	Myristic acid	Fatty acids	exact:fullname	1	RAMP_C_000264781	
FA 14:1n-5	Myristoleic acid	Fatty acids	exact:fullname	1	RAMP_C_000001316	
FA 15:0	Pentadecanoic acid	Fatty acids	exact:fullname	1	RAMP_C_000000647	
FA 16:0	Palmitic acid	Fatty acids	exact:fullname	2	RAMP_C_000216088;RAMP_C_000219234	multi-candidate
FA 16:1	Palmitoleic acid	Fatty acids	exact:fullname	1	RAMP_C_000001779	
FA 18:0	Stearic acid	Fatty acids	exact:fullname	3	RAMP_C_000000648;RAMP_C_000216236;RAMP_C_000216237	multi-candidate
FA 18:1	Oleic acid	Fatty acids	exact:fullname	2	RAMP_C_000041963;RAMP_C_000218407	multi-candidate
FA 18:2	Linoleic acid	Fatty acids	exact:fullname	3	RAMP_C_000002651;RAMP_C_000162634;RAMP_C_000263195	multi-candidate
FA 18:3	Octadecatrienoic acid	Fatty acids	exact:fullname	1	RAMP_C_000169583	
FA 20:0	Arachidic acid	Fatty acids	exact:fullname	1	RAMP_C_000001471	
FA 20:1n-9	Gondoic acid	Fatty acids	exact:fullname	2	RAMP_C_000001484;RAMP_C_000013887	multi-candidate
FA 20:2	Eicosadienoic acid	Fatty acids	exact:fullname	1	RAMP_C_000002354	
FA 20:3n-6	Dihomo-gamma-linolenic acid (omega6)	Fatty acids	norm:fullname_noparen	1	RAMP_C_000266357	
FA 20:3n-9	Mead acid	Fatty acids	exact:fullname	1	RAMP_C_000266355	
FA 20:4n-6 (AA)	Arachidonic acid (AA; omega6)	Fatty acids	norm:fullname_noparen	1	RAMP_C_000000804	
FA 20:5n-3 (EPA)	Eicosapentaenoic acid (EPA; omega3)	Fatty acids	norm:fullname_noparen	2	RAMP_C_000001315;RAMP_C_000220515	multi-candidate
FA 22:0	Behenic acid	Fatty acids	exact:fullname	1	RAMP_C_000217151	
FA 22:4n-6	Docosatetraenoic acid (omega6)	Fatty acids	unmatched	0		
FA 22:5n-3 (DPA)	Docosapentaenoic acid (DPA, omega3)	Fatty acids	norm:fullname_noparen	3	RAMP_C_000001300;RAMP_C_000161669;RAMP_C_000219179	multi-candidate
FA 22:6n-3 (DHA)	Docosahexaenoic acid (DHA; omega3)	Fatty acids	norm:fullname_noparen	2	RAMP_C_000001447;RAMP_C_000222251	multi-candidate
FA 24:0	Lignoceric acid	Fatty acids	exact:fullname	1	RAMP_C_000001318	
FA 24:1n-9	Nervonic acid	Fatty acids	exact:fullname	1	RAMP_C_000216834	
FA 24:4n-6	Tetracosatetraenoic acid (omega6)	Fatty acids	norm:fullname_noparen	2	RAMP_C_000002641;RAMP_C_000002740	multi-candidate
Cortisol	Cortisol	Hormones and related	exact:fullname	1	RAMP_C_000000045	
Cortisone	Cortisone	Hormones and related	exact:fullname	3	RAMP_C_000001680;RAMP_C_000009619;RAMP_C_000158935	multi-candidate
DHEAS	Dehydroepiandrosterone sulfate	Hormones and related	exact:fullname	1	RAMP_C_000269812	
T3	3,3',5-Triiodothyronine (T3)	Hormones and related	norm:fullname_noparen	4	RAMP_C_000040090;RAMP_C_000161086;RAMP_C_000165484;RAMP_C_000263450	multi-candidate
T4	Thyroxine (T4)	Hormones and related	unmatched	1	RAMP_C_000220346	
3-IAA	3-Indoleacetic acid	Indoles and derivatives	exact:fullname	1	RAMP_C_000000127	
3-IPA	3-Indolepropionic acid	Indoles and derivatives	exact:fullname	1	RAMP_C_000269741	
5-HIAA	5-Hydroxyindoleacetic acid	Indoles and derivatives	exact:fullname	1	RAMP_C_000000599	
IAG	Indolylacryloylglycine	Indoles and derivatives	exact:fullname	1	RAMP_C_000002574	
Indole-3-acetamide	Indole-3-acetamide	Indoles and derivatives	exact:fullname	1	RAMP_C_000010807	
Indole-3-carboxylic acid	Indole-3-carboxylic acid	Indoles and derivatives	exact:fullname	1	RAMP_C_000264858	
Indole-3-ethanol	Indole-3-ethanol	Indoles and derivatives	exact:fullname	1	RAMP_C_000001860	
Indole-3-methanol	Indole-3-methanol	Indoles and derivatives	exact:fullname	1	RAMP_C_000002520	
Indoleacetaldehyde	Indoleacetaldehyde	Indoles and derivatives	exact:fullname	1	RAMP_C_000000909	
Indoleacrylic acid	Indoleacrylic acid	Indoles and derivatives	exact:fullname	1	RAMP_C_000000574	
Indolealdehyde	Indolealdehyde	Indoles and derivatives	unmatched	0		
Indole-Lac	Indolelactic acid	Indoles and derivatives	exact:fullname	1	RAMP_C_000000520	
Indolepyruvic acid	Indolepyruvic acid	Indoles and derivatives	exact:fullname	1	RAMP_C_000262180	
Indoxyl glucuronide	Indoxyl glucuronide	Indoles and derivatives	exact:fullname	1	RAMP_C_000006276	
Ind-SO4	Indoxyl sulfate	Indoles and derivatives	exact:fullname	1	RAMP_C_000000528	
Melatonin	Melatonin	Indoles and derivatives	exact:fullname	1	RAMP_C_000001056	
Met-IAA	Methylindole-3-acetic acid	Indoles and derivatives	unmatched	0		
Met-IPA	Methylindole-3-propionic acid	Indoles and derivatives	unmatched	0		
Adenine	Adenine	Nucleobases	exact:fullname	1	RAMP_C_000000024	
Cytosine	Cytosine	Nucleobases	exact:fullname	1	RAMP_C_000000483	
Guanine	Guanine	Nucleobases	exact:fullname	1	RAMP_C_000000086	
Thymine	Thymine	Nucleobases	exact:fullname	1	RAMP_C_000000178	
Uracil	Uracil	Nucleobases	exact:fullname	1	RAMP_C_000000203	
Adenosine	Adenosine	Nucleobase-related	exact:fullname	1	RAMP_C_000000034	
AHCys	S-Adenosylhomocysteine	Nucleobase-related	exact:fullname	1	RAMP_C_000218715	
Cytidine	Cytidine	Nucleobase-related	exact:fullname	1	RAMP_C_000000061	
Deoxycytidine	Deoxycytidine	Nucleobase-related	exact:fullname	2	RAMP_C_000000008;RAMP_C_000165211	multi-candidate
Deoxyguanosine	Deoxyguanosine	Nucleobase-related	exact:fullname	1	RAMP_C_000000058	
Guanosine	Guanosine	Nucleobase-related	exact:fullname	1	RAMP_C_000000087	
Hypoxanthine	Hypoxanthine	Nucleobase-related	exact:fullname	1	RAMP_C_000000101	
Inosine	Inosine	Nucleobase-related	exact:fullname	2	RAMP_C_000000126;RAMP_C_000219259	multi-candidate
N-Ac-Cytidine	N4-Acetylcytidine	Nucleobase-related	exact:fullname	1	RAMP_C_000002562	
Orotic acid	Orotic acid	Nucleobase-related	exact:fullname	1	RAMP_C_000000150	
Thymidine	Thymidine	Nucleobase-related	exact:fullname	1	RAMP_C_000000186	
Uric acid	Uric acid	Nucleobase-related	exact:fullname	2	RAMP_C_000000194;RAMP_C_000220663	multi-candidate
Uridine	Uridine	Nucleobase-related	exact:fullname	1	RAMP_C_000000201	
Xanthine	Xanthine	Nucleobase-related	exact:fullname	2	RAMP_C_000000197;RAMP_C_000219652	multi-candidate
cAMP	Adenosine monophosphate, cyclic (cAMP)	Nucleotides	exact:shortname	1	RAMP_C_000218758	
cGMP	Guanosine monophosphate, cyclic (cGMP)	Nucleotides	exact:shortname	1	RAMP_C_000000995	
2,5-Furandicarboxylic acid	Furan-2,5-dicarboxylic acid	Organic acids	exact:fullname	1	RAMP_C_000002156	
2-Met-HipAcid	2-Methylhippuric acid	Organic acids	exact:fullname	1	RAMP_C_000000556	
2-OH-2-Met-butyric acid	2-Hydroxy-2-methylbutyric acid	Organic acids	exact:fullname	1	RAMP_C_000001310	
2-OH-Isobutyric acid	2-Hydroxyisobutyric acid	Organic acids	exact:fullname	1	RAMP_C_000000569	
3-Guanidinopropionic acid	3-Guanidinopropionic acid	Organic acids	exact:fullname	1	RAMP_C_000008190	
3-OH-HipAcid	3-Hydroxyhippuric acid	Organic acids	exact:fullname	1	RAMP_C_000002611	
3-OH-Isobutyric acid	3-Hydroxyisobutyric acid	Organic acids	exact:fullname	2	RAMP_C_000000016;RAMP_C_000000236	multi-candidate
4-OH-HipAcid	4-Hydroxyhippuric acid	Organic acids	exact:fullname	1	RAMP_C_000008486	
4-Quinolinecarboxylic acid	4-Quinolinecarboxylic acid	Organic acids	exact:fullname	1	RAMP_C_000262749	
Abscisic acid	Abscisic acid	Organic acids	exact:fullname	3	RAMP_C_000015880;RAMP_C_000216950;RAMP_C_000251892	multi-candidate
Argininic acid	Argininic acid	Organic acids	exact:fullname	1	RAMP_C_000001757	
Bilirubin	Bilirubin	Organic acids	exact:fullname	1	RAMP_C_000000038	
Biliverdin	Biliverdin	Organic acids	exact:fullname	1	RAMP_C_000000781	
CMPF	3-Carboxy-4-methyl-5-propyl-2-furanpropionic acid	Organic acids	exact:fullname	1	RAMP_C_000040987	
Glyceric acid	Glyceric acid	Organic acids	exact:fullname	2	RAMP_C_000218080;RAMP_C_000274833	multi-candidate
Nicotinuric acid	Nicotinuric acid	Organic acids	exact:fullname	1	RAMP_C_000001794	
2-OH-Benzoic acid	2-Hydroxybenzoic acid	Phenolic acids	exact:fullname	2	RAMP_C_000001242;RAMP_C_000017099	multi-candidate
2-OH-Phenylacetic acid	2-Hydroxyphenylacetic acid	Phenolic acids	exact:fullname	1	RAMP_C_000264868	
3-(3-OH-Phenyl)propanoic acid	3-(3-Hydroxyphenyl)propanoic acid	Phenolic acids	exact:fullname	1	RAMP_C_000264309	
3,5-DiOH-Benzoic acid	3,5-Dihydroxybenzoic acid	Phenolic acids	exact:fullname	1	RAMP_C_000008485	
3-OH-Phenylacetic acid	3-Hydroxyphenylacetic acid	Phenolic acids	exact:fullname	1	RAMP_C_000000330	
3-OH-Phenylpyruvic acid	3-Hydroxyphenylpyruvic acid	Phenolic acids	exact:fullname	1	RAMP_C_000271023	
4-OH-Benzoic acid	4-Hydroxybenzoic acid	Phenolic acids	exact:fullname	1	RAMP_C_000000376	
4-OH-Phenylacetic acid	4-Hydroxyphenylacetic acid	Phenolic acids	exact:fullname	2	RAMP_C_000000013;RAMP_C_000040342	multi-candidate
4-OH-Phenylpyruvic acid	4-Hydroxyphenylpyruvic acid	Phenolic acids	exact:fullname	1	RAMP_C_000000549	
Benzoic acid	Benzoic acid	Phenolic acids	exact:fullname	6	RAMP_C_000001222;RAMP_C_000002101;RAMP_C_000002610;RAMP_C_000008484;RAMP_C_000008485;RAMP_C_000216603	multi-candidate
Desamino-Tyr	Desaminotyrosine	Phenolic acids	exact:fullname	1	RAMP_C_000264115	
DOPAC	3,4-Dihydroxyphenylacetic acid	Phenolic acids	exact:fullname	1	RAMP_C_000001011	
Homovanillic acid	Homovanillic acid	Phenolic acids	exact:fullname	1	RAMP_C_000000074	
HPHPA	3-(3-Hydroxyphenyl)-3-hydroxypropanoic acid	Phenolic acids	exact:fullname	1	RAMP_C_000001643	
OH-Phenyl-Lac	Hydroxyphenyllactic acid	Phenolic acids	exact:fullname	1	RAMP_C_000219718	
Phenylacetic acid	Phenylacetic acid	Phenolic acids	exact:fullname	1	RAMP_C_000000134	
Phenyl-Lac	Phenyllactic acid	Phenolic acids	exact:fullname	2	RAMP_C_000000432;RAMP_C_000268428	multi-candidate
Phenylpyruvic acid	Phenylpyruvic acid	Phenolic acids	exact:fullname	1	RAMP_C_000216964	
t-p-Coumaric acid	trans-p-Coumaric acid	Phenolic acids	exact:fullname	1	RAMP_C_000261846	
Vanillactic acid	Vanillactic acid	Phenolic acids	exact:fullname	1	RAMP_C_000000716	
Vanillic acid	Vanillic acid	Phenolic acids	exact:fullname	3	RAMP_C_000002159;RAMP_C_000156590;RAMP_C_000262375	multi-candidate
Vanillylmandelic acid	Vanillylmandelic acid	Phenolic acids	exact:fullname	2	RAMP_C_000168410;RAMP_C_000217410	multi-candidate
4-EPS	4-Ethylphenyl sulfate	Phenoxy compounds	exact:fullname	1	RAMP_C_000041858	
Phenylglucuronide	Phenylglucuronide	Phenoxy compounds	exact:fullname	1	RAMP_C_000039837	
Cadaverine	Cadaverine	Polyamines	exact:fullname	1	RAMP_C_000263953	
N1,N8-Di-Ac-Spermidine	N1,N8-Diacetylspermidine	Polyamines	exact:fullname	1	RAMP_C_000022383	
N1,N12-Di-Ac-Spermine	N1,N12-Diacetylspermine	Polyamines	exact:fullname	1	RAMP_C_000041925	
N1-Ac-Spermidine	N1-Acetylspermidine	Polyamines	exact:fullname	1	RAMP_C_000262968	
N1-Ac-Spermine	N1-Acetylspermine	Polyamines	exact:fullname	1	RAMP_C_000041921	
N8-Ac-Spermidine	N8-Acetylspermidine	Polyamines	exact:fullname	1	RAMP_C_000001451	
N-Ac-Putrescine	N-Acetylputrescine	Polyamines	exact:fullname	1	RAMP_C_000001365	
Isonicotinic acid	Isonicotinic acid	Pyridinecarboxylic acids	exact:fullname	2	RAMP_C_000022351;RAMP_C_000040594	multi-candidate
Kynurenic acid	Kynurenic acid	Pyridinecarboxylic acids	exact:fullname	1	RAMP_C_000219506	
Picolinic acid	Picolinic acid	Pyridinecarboxylic acids	exact:fullname	1	RAMP_C_000001492	
Quinaldic acid	Quinaldic acid	Pyridinecarboxylic acids	exact:fullname	1	RAMP_C_000220387	
Quinolinic acid	Quinolinic acid	Pyridinecarboxylic acids	exact:fullname	1	RAMP_C_000000155	
Xanthurenic acid	Xanthurenic acid	Pyridinecarboxylic acids	exact:fullname	1	RAMP_C_000000688	
3-Deoxyglucosone	3-Deoxyglucosone	Sugars	exact:fullname	1	RAMP_C_000160957	
Fructose	Fructose	Sugars	exact:fullname	2	RAMP_C_000000509;RAMP_C_000220232	multi-candidate
Glucose	Glucose	Sugars	exact:fullname	4	RAMP_C_000000077;RAMP_C_000001819;RAMP_C_000158648;RAMP_C_000219373	multi-candidate
Mannose	Mannose	Sugars	exact:fullname	1	RAMP_C_000000110	
NeuAc	Acetylneuraminic acid	Sugars	exact:fullname	1	RAMP_C_000264346	
Ribose	Ribose	Sugars	exact:fullname	2	RAMP_C_000000190;RAMP_C_000220642	multi-candidate
Threonic acid	Threonic acid	Sugars	exact:fullname	1	RAMP_C_000268373	
AconAcid	Aconitic acid	Tricarboxylic acids	exact:fullname	3	RAMP_C_000000051;RAMP_C_000162862;RAMP_C_000262752	multi-candidate
Citric acid	Citric acid	Tricarboxylic acids	exact:fullname	1	RAMP_C_000218121	
Isocitric acid	Isocitric acid	Tricarboxylic acids	exact:fullname	2	RAMP_C_000014555;RAMP_C_000217206	multi-candidate
Biotin (B7)	Biotin (B7)	Vitamins and cofactors	norm:fullname_noparen	1	RAMP_C_000261993	
Choline	Choline	Vitamins and cofactors	exact:fullname	2	RAMP_C_000000065;RAMP_C_000164756	multi-candidate
Folic acid (B9)	Folic acid (B9)	Vitamins and cofactors	norm:fullname_noparen	1	RAMP_C_000220612	
Nicotinamide (B3)	Nicotinamide (B3)	Vitamins and cofactors	norm:fullname_noparen	1	RAMP_C_000001067	
Nicotinic acid (B3)	Nicotinic acid (B3)	Vitamins and cofactors	norm:fullname_noparen	2	RAMP_C_000001794;RAMP_C_000218427	multi-candidate
Pantothenic acid (B5)	Pantothenic acid (B5)	Vitamins and cofactors	norm:fullname_noparen	2	RAMP_C_000165240;RAMP_C_000218339	multi-candidate
PMP	Pyridoxamine 5'-phosphate	Vitamins and cofactors	exact:fullname	1	RAMP_C_000220901	
Pyridoxine (B6)	Pyridoxine (B6)	Vitamins and cofactors	norm:fullname_noparen	2	RAMP_C_000000160;RAMP_C_000214658	multi-candidate
Riboflavin (B2)	Riboflavin (B2)	Vitamins and cofactors	norm:fullname_noparen	2	RAMP_C_000000164;RAMP_C_000001151	multi-candidate
C0	Carnitine	Acylcarnitines	exact:fullname	1	RAMP_C_000274496	
C2	Acetylcarnitine	Acylcarnitines	exact:fullname	1	RAMP_C_000218051	
C3	Propionylcarnitine	Acylcarnitines	exact:fullname	1	RAMP_C_000000645	
C3-DC (C4-OH)	Malonylcarnitine (Hydroxybutyrylcarnitine)	Acylcarnitines	norm:fullname_noparen	2	RAMP_C_000001386;RAMP_C_000220793	multi-candidate
C3-OH	Hydroxypropionylcarnitine	Acylcarnitines	exact:fullname	1	RAMP_C_000008147	
C3:1	Propenoylcarnitine	Acylcarnitines	exact:fullname	1	RAMP_C_000008146	
C4	Butyrylcarnitine	Acylcarnitines	exact:fullname	1	RAMP_C_000001326	
C4:1	Butenylcarnitine	Acylcarnitines	exact:fullname	1	RAMP_C_000008148	
C5	Valerylcarnitine	Acylcarnitines	exact:fullname	1	RAMP_C_000008150	
C5-DC (C6-OH)	Glutarylcarnitine (Hydroxyhexanoylcarnitine)	Acylcarnitines	norm:fullname_noparen	3	RAMP_C_000008152;RAMP_C_000156987;RAMP_C_000162761	multi-candidate
C5-M-DC	Methylglutarylcarnitine	Acylcarnitines	exact:fullname	2	RAMP_C_000000421;RAMP_C_000168495	multi-candidate
C5-OH (C3-DC-M)	Hydroxyvalerylcarnitine (Methylmalonylcarnitine)	Acylcarnitines	norm:fullname_noparen	1	RAMP_C_000008154	
C5:1	Tiglylcarnitine	Acylcarnitines	exact:fullname	1	RAMP_C_000001570	
C5:1-DC	Glutaconylcarnitine	Acylcarnitines	exact:fullname	1	RAMP_C_000008151	
C10:1	Decenoylcarnitine	Acylcarnitines	exact:fullname	1	RAMP_C_000165350	
C10:2	Decadienoylcarnitine	Acylcarnitines	unmatched	0		
C12	Dodecanoylcarnitine	Acylcarnitines	exact:fullname	2	RAMP_C_000001495;RAMP_C_000227505	multi-candidate
C12-DC	Dodecanedioylcarnitine	Acylcarnitines	exact:fullname	1	RAMP_C_000008238	
C12:1	Dodecenoylcarnitine	Acylcarnitines	exact:fullname	1	RAMP_C_000165929	
C14	Tetradecanoylcarnitine	Acylcarnitines	exact:fullname	2	RAMP_C_000002356;RAMP_C_000168781	multi-candidate
C14:1	Tetradecenoylcarnitine	Acylcarnitines	exact:fullname	1	RAMP_C_000172103	
C14:1-OH	Hydroxytetradecenoylcarnitine	Acylcarnitines	exact:fullname	1	RAMP_C_000167408	
C14:2	Tetradecadienoylcarnitine	Acylcarnitines	exact:fullname	1	RAMP_C_000172101	
C14:2-OH	Hydroxytetradecadienoylcarnitine	Acylcarnitines	unmatched	0		
C16	Hexadecanoylcarnitine	Acylcarnitines	exact:fullname	2	RAMP_C_000000146;RAMP_C_000156991	multi-candidate
C16-OH	Hydroxyhexadecanoylcarnitine	Acylcarnitines	unmatched	0		
C16:1	Hexadecenoylcarnitine	Acylcarnitines	exact:fullname	1	RAMP_C_000167260	
C16:1-OH	Hydroxyhexadecenoylcarnitine	Acylcarnitines	exact:fullname	1	RAMP_C_000167386	
C6 (C4:1-DC)	Hexanoylcarnitine (Fumarylcarnitine)	Acylcarnitines	norm:fullname_noparen	1	RAMP_C_000000594	
C6:1	Hexenoylcarnitine	Acylcarnitines	exact:fullname	1	RAMP_C_000167287	
C7-DC	Pimeloylcarnitine	Acylcarnitines	exact:fullname	1	RAMP_C_000158353	
C8	Octanoylcarnitine	Acylcarnitines	exact:fullname	2	RAMP_C_000000619;RAMP_C_000227506	multi-candidate
C9	Nonanoylcarnitine	Acylcarnitines	exact:fullname	1	RAMP_C_000008216	
C10	Decanoylcarnitine	Acylcarnitines	exact:fullname	1	RAMP_C_000000502	
C16:2	Hexadecadienoylcarnitine	Acylcarnitines	unmatched	0		
C16:2-OH	Hydroxyhexadecadienoylcarnitine	Acylcarnitines	unmatched	0		
C18	Octadecanoylcarnitine	Acylcarnitines	exact:fullname	1	RAMP_C_000000660	
C18:1	Octadecenoylcarnitine	Acylcarnitines	exact:fullname	1	RAMP_C_000073882	
C18:1-OH	Hydroxyoctadecenoylcarnitine	Acylcarnitines	exact:fullname	1	RAMP_C_000167396	
C18:2	Octadecadienoylcarnitine	Acylcarnitines	unmatched	0		
Cer d16:1/18:0	Cer d16:1/18:0	Ceramides	unmatched	1	RAMP_C_000244049	
Cer d16:1/20:0	Cer d16:1/20:0	Ceramides	unmatched	1	RAMP_C_000244050	
Cer d16:1/22:0	Cer d16:1/22:0	Ceramides	exact:fullname	1	RAMP_C_000156900	
Cer d16:1/23:0	Cer d16:1/23:0	Ceramides	norm:fullname	1	RAMP_C_000164438	
Cer d16:1/24:0	Cer d16:1/24:0	Ceramides	unmatched	1	RAMP_C_000244053	
Cer d18:1/14:0	Cer d18:1/14:0	Ceramides	norm:fullname	1	RAMP_C_000007281	
Cer d18:1/16:0	Cer d18:1/16:0	Ceramides	norm:fullname	1	RAMP_C_000164181	
Cer d18:1/18:0-OH	Cer d18:1/18:0-OH	Ceramides	unmatched	0		
Cer d18:1/18:0	Cer d18:1/18:0	Ceramides	exact:fullname	1	RAMP_C_000002275	
Cer d18:1/18:1	Cer d18:1/18:1	Ceramides	exact:fullname	1	RAMP_C_000002273	
Cer d18:1/20:0-OH	Cer d18:1/20:0-OH	Ceramides	unmatched	0		
Cer d18:1/20:0	Cer d18:1/20:0	Ceramides	norm:fullname	1	RAMP_C_000002276	
Cer d18:1/22:0	Cer d18:1/22:0	Ceramides	exact:fullname	1	RAMP_C_000002277	
Cer d18:1/23:0	Cer d18:1/23:0	Ceramides	norm:fullname	1	RAMP_C_000000743	
Cer d18:1/24:0	Cer d18:1/24:0	Ceramides	exact:fullname	1	RAMP_C_000002280	
Cer d18:1/24:1	Cer d18:1/24:1	Ceramides	unmatched	0		
Cer d18:1/25:0	Cer d18:1/25:0	Ceramides	exact:fullname	1	RAMP_C_000002281	
Cer d18:1/26:0	Cer d18:1/26:0	Ceramides	norm:fullname	2	RAMP_C_000002279;RAMP_C_000244536	multi-candidate
Cer d18:1/26:1	Cer d18:1/26:1	Ceramides	unmatched	0		
Cer d18:2/14:0	Cer d18:2/14:0	Ceramides	unmatched	1	RAMP_C_000244027	
Cer d18:2/16:0	Cer d18:2/16:0	Ceramides	exact:fullname	1	RAMP_C_000156904	
Cer d18:2/18:0	Cer d18:2/18:0	Ceramides	norm:fullname	1	RAMP_C_000156631	
Cer d18:2/18:1	Cer d18:2/18:1	Ceramides	unmatched	1	RAMP_C_000244029	
Cer d18:2/20:0	Cer d18:2/20:0	Ceramides	unmatched	1	RAMP_C_000244030	
Cer d18:2/22:0	Cer d18:2/22:0	Ceramides	unmatched	1	RAMP_C_000244033	
Cer d18:2/23:0	Cer d18:2/23:0	Ceramides	norm:fullname	1	RAMP_C_000168829	
Cer d18:2/24:0	Cer d18:2/24:0	Ceramides	unmatched	1	RAMP_C_000244173	
Cer d18:2/24:1	Cer d18:2/24:1	Ceramides	unmatched	0		
CerP d18:1/16:0	CerP d18:1/16:0	Ceramides	norm:fullname	2	RAMP_C_000006651;RAMP_C_000219644	multi-candidate
CE 14:0	CE 14:0	Cholesteryl esters	exact:fullname	1	RAMP_C_000002843	
CE 14:1	CE 14:1	Cholesteryl esters	exact:fullname	1	RAMP_C_000006321	
CE 15:0	CE 15:0	Cholesteryl esters	exact:fullname	1	RAMP_C_000040075	
CE 15:1	CE 15:1	Cholesteryl esters	unmatched	1	RAMP_C_000248781	
CE 16:0	CE 16:0	Cholesteryl esters	exact:fullname	1	RAMP_C_000000691	
CE 16:1	CE 16:1	Cholesteryl esters	exact:fullname	2	RAMP_C_000000507;RAMP_C_000248795	multi-candidate
CE 17:0	CE 17:0	Cholesteryl esters	exact:fullname	1	RAMP_C_000040077	
CE 17:1	CE 17:1	Cholesteryl esters	exact:fullname	1	RAMP_C_000041789	
CE 18:0	CE 18:0	Cholesteryl esters	exact:fullname	1	RAMP_C_000041795	
CE 18:1	CE 18:1	Cholesteryl esters	exact:fullname	1	RAMP_C_000161204	
CE 18:2	CE 18:2	Cholesteryl esters	exact:fullname	1	RAMP_C_000000467	
CE 18:3	CE 18:3	Cholesteryl esters	exact:fullname	1	RAMP_C_000006324	
CE 20:0	CE 20:0	Cholesteryl esters	exact:fullname	1	RAMP_C_000002855	
CE 20:1	CE 20:1	Cholesteryl esters	exact:fullname	1	RAMP_C_000002377	
CE 20:3	CE 20:3	Cholesteryl esters	exact:fullname	1	RAMP_C_000002852	
CE 20:4	CE 20:4	Cholesteryl esters	exact:fullname	1	RAMP_C_000002844	
CE 20:5	CE 20:5	Cholesteryl esters	exact:fullname	1	RAMP_C_000002849	
CE 22:0	CE 22:0	Cholesteryl esters	exact:fullname	1	RAMP_C_000002845	
CE 22:1	CE 22:1	Cholesteryl esters	exact:fullname	1	RAMP_C_000041791	
CE 22:2	CE 22:2	Cholesteryl esters	exact:fullname	1	RAMP_C_000002853	
CE 22:5	CE 22:5	Cholesteryl esters	exact:fullname	1	RAMP_C_000006329	
CE 22:6	CE 22:6	Cholesteryl esters	exact:fullname	1	RAMP_C_000002850	
DG 14:0_14:0	DG 14:0_14:0	Diglycerides	norm:fullname	1	RAMP_C_000003008	
DG 14:0_18:1	DG 14:0_18:1	Diglycerides	norm:fullname	2	RAMP_C_000003014;RAMP_C_000003015	multi-candidate
DG 14:0_18:2	DG 14:0_18:2	Diglycerides	norm:fullname	1	RAMP_C_000003016	
DG 14:0_20:0	DG 14:0_20:0	Diglycerides	norm:fullname	1	RAMP_C_000003020	
DG 14:1_18:1	DG 14:1_18:1	Diglycerides	norm:fullname	2	RAMP_C_000003043;RAMP_C_000003044	multi-candidate
DG 14:1_20:2	DG 14:1_20:2	Diglycerides	norm:fullname	1	RAMP_C_000003051	
DG 16:0_16:0	DG 16:0_16:0	Diglycerides	norm:fullname	1	RAMP_C_000219428	
DG 16:0_16:1	DG 16:0_16:1	Diglycerides	norm:fullname	1	RAMP_C_000003099	
DG 16:0_18:1	DG 16:0_18:1	Diglycerides	norm:fullname	4	RAMP_C_000003101;RAMP_C_000003214;RAMP_C_000158340;RAMP_C_000229762	multi-candidate
DG 16:0_18:2	DG 16:0_18:2	Diglycerides	norm:fullname	1	RAMP_C_000165503	
DG 16:0_20:0	DG 16:0_20:0	Diglycerides	norm:fullname	1	RAMP_C_000003107	
DG 16:0_20:3	DG 16:0_20:3	Diglycerides	norm:fullname	3	RAMP_C_000003110;RAMP_C_000003111;RAMP_C_000156812	multi-candidate
DG 16:0_20:4	DG 16:0_20:4	Diglycerides	norm:fullname	2	RAMP_C_000003112;RAMP_C_000003113	multi-candidate
DG 16:1_18:0	DG 16:1_18:0	Diglycerides	norm:fullname	1	RAMP_C_000003129	
DG 16:1_18:1	DG 16:1_18:1	Diglycerides	norm:fullname	2	RAMP_C_000003130;RAMP_C_000003131	multi-candidate
DG 16:1_18:2	DG 16:1_18:2	Diglycerides	norm:fullname	1	RAMP_C_000003132	
DG 16:1_20:0	DG 16:1_20:0	Diglycerides	norm:fullname	1	RAMP_C_000003136	
DG 17:0_18:1	DG 17:0_18:1	Diglycerides	unmatched	1	RAMP_C_000229775	
DG 18:0_20:4	DG 18:0_20:4	Diglycerides	norm:fullname	2	RAMP_C_000003170;RAMP_C_000003171	multi-candidate
DG 18:1_18:1	DG 18:1_18:1	Diglycerides	norm:fullname	4	RAMP_C_000003188;RAMP_C_000003189;RAMP_C_000003217;RAMP_C_000159309	multi-candidate
DG 18:1_18:2	DG 18:1_18:2	Diglycerides	norm:fullname	2	RAMP_C_000003190;RAMP_C_000003219	multi-candidate
DG 18:1_18:3	DG 18:1_18:3	Diglycerides	norm:fullname	5	RAMP_C_000003191;RAMP_C_000003192;RAMP_C_000003220;RAMP_C_000003221;RAMP_C_000003276	multi-candidate
DG 18:1_18:4	DG 18:1_18:4	Diglycerides	norm:fullname	3	RAMP_C_000003193;RAMP_C_000003222;RAMP_C_000003334	multi-candidate
DG 18:1_20:0	DG 18:1_20:0	Diglycerides	norm:fullname	2	RAMP_C_000003194;RAMP_C_000003223	multi-candidate
DG 18:1_20:1	DG 18:1_20:1	Diglycerides	norm:fullname	2	RAMP_C_000003195;RAMP_C_000003224	multi-candidate
DG 18:1_20:2	DG 18:1_20:2	Diglycerides	norm:fullname	2	RAMP_C_000003196;RAMP_C_000003225	multi-candidate
DG 18:1_20:3	DG 18:1_20:3	Diglycerides	norm:fullname	4	RAMP_C_000003197;RAMP_C_000003198;RAMP_C_000003226;RAMP_C_000003227	multi-candidate
DG 18:1_20:4	DG 18:1_20:4	Diglycerides	norm:fullname	4	RAMP_C_000003199;RAMP_C_000003200;RAMP_C_000003228;RAMP_C_000003229	multi-candidate
DG 18:1_22:5	DG 18:1_22:5	Diglycerides	norm:fullname	4	RAMP_C_000003206;RAMP_C_000003207;RAMP_C_000003235;RAMP_C_000003236	multi-candidate
DG 18:1_22:6	DG 18:1_22:6	Diglycerides	norm:fullname	2	RAMP_C_000003208;RAMP_C_000003237	multi-candidate
DG 18:2_18:2	DG 18:2_18:2	Diglycerides	norm:fullname	1	RAMP_C_000003248	
DG 18:2_18:3	DG 18:2_18:3	Diglycerides	norm:fullname	3	RAMP_C_000003249;RAMP_C_000003250;RAMP_C_000003277	multi-candidate
DG 18:2_18:4	DG 18:2_18:4	Diglycerides	norm:fullname	2	RAMP_C_000003251;RAMP_C_000003335	multi-candidate
DG 18:2_20:0	DG 18:2_20:0	Diglycerides	norm:fullname	1	RAMP_C_000003252	
DG 18:2_20:4	DG 18:2_20:4	Diglycerides	norm:fullname	2	RAMP_C_000003257;RAMP_C_000003258	multi-candidate
DG 18:3_18:3	DG 18:3_18:3	Diglycerides	norm:fullname	4	RAMP_C_000003278;RAMP_C_000003279;RAMP_C_000003307;RAMP_C_000003308	multi-candidate
DG 18:3_20:2	DG 18:3_20:2	Diglycerides	norm:fullname	2	RAMP_C_000003283;RAMP_C_000003312	multi-candidate
DG 21:0_22:6	DG 21:0_22:6	Diglycerides	unmatched	1	RAMP_C_000229876	
DG 22:1_22:2	DG 22:1_22:2	Diglycerides	norm:fullname	1	RAMP_C_000003639	
DG O-14:0_18:2	DG O-14:0_18:2	Diglycerides	unmatched	0		
DG O-16:0_18:1	DG O-16:0_18:1	Diglycerides	norm:fullname	1	RAMP_C_000230011	
DG O-18:2_18:2	DG O-18:2_18:2	Diglycerides	unmatched	0		
Hex2Cer d18:1/14:0	Hex2Cer d18:1/14:0	Dihexosylceramides	unmatched	0		
Hex2Cer d18:1/16:0	Hex2Cer d18:1/16:0	Dihexosylceramides	unmatched	0		
Hex2Cer d18:1/18:0	Hex2Cer d18:1/18:0	Dihexosylceramides	unmatched	0		
Hex2Cer d18:1/20:0	Hex2Cer d18:1/20:0	Dihexosylceramides	unmatched	0		
Hex2Cer d18:1/22:0	Hex2Cer d18:1/22:0	Dihexosylceramides	unmatched	0		
Hex2Cer d18:1/24:0	Hex2Cer d18:1/24:0	Dihexosylceramides	unmatched	0		
Hex2Cer d18:1/24:1	Hex2Cer d18:1/24:1	Dihexosylceramides	unmatched	0		
Hex2Cer d18:1/26:0	Hex2Cer d18:1/26:0	Dihexosylceramides	unmatched	0		
Hex2Cer d18:1/26:1	Hex2Cer d18:1/26:1	Dihexosylceramides	unmatched	0		
Cer d18:0/18:0-OH	Cer d18:0/18:0-OH	Dihydroceramides	unmatched	0		
Cer d18:0/18:0	Cer d18:0/18:0	Dihydroceramides	norm:fullname	1	RAMP_C_000007269	
Cer d18:0/20:0	Cer d18:0/20:0	Dihydroceramides	norm:fullname	1	RAMP_C_000007272	
Cer d18:0/22:0	Cer d18:0/22:0	Dihydroceramides	norm:fullname	1	RAMP_C_000007273	
Cer d18:0/24:0	Cer d18:0/24:0	Dihydroceramides	norm:fullname	1	RAMP_C_000007276	
Cer d18:0/24:1	Cer d18:0/24:1	Dihydroceramides	unmatched	0		
Cer d18:0/26:1-OH	Cer d18:0/26:1-OH	Dihydroceramides	unmatched	0		
Cer d18:0/26:1	Cer d18:0/26:1	Dihydroceramides	unmatched	0		
Hex-Cer d16:1/20:0	Hex-Cer d16:1/20:0	Hexosylceramides	unmatched	0		
Hex-Cer d16:1/22:0	Hex-Cer d16:1/22:0	Hexosylceramides	unmatched	0		
Hex-Cer d16:1/24:0	Hex-Cer d16:1/24:0	Hexosylceramides	unmatched	0		
Hex-Cer d18:1/14:0	Hex-Cer d18:1/14:0	Hexosylceramides	unmatched	0		
Hex-Cer d18:1/16:0	Hex-Cer d18:1/16:0	Hexosylceramides	unmatched	1	RAMP_C_000444785	
Hex-Cer d18:1/18:0	Hex-Cer d18:1/18:0	Hexosylceramides	unmatched	0		
Hex-Cer d18:1/18:1	Hex-Cer d18:1/18:1	Hexosylceramides	unmatched	0		
Hex-Cer d18:1/20:0	Hex-Cer d18:1/20:0	Hexosylceramides	unmatched	0		
Hex-Cer d18:1/22:0	Hex-Cer d18:1/22:0	Hexosylceramides	unmatched	0		
Hex-Cer d18:1/23:0	Hex-Cer d18:1/23:0	Hexosylceramides	unmatched	0		
Hex-Cer d18:1/24:0	Hex-Cer d18:1/24:0	Hexosylceramides	unmatched	0		
Hex-Cer d18:1/24:1	Hex-Cer d18:1/24:1	Hexosylceramides	unmatched	0		
Hex-Cer d18:1/26:0	Hex-Cer d18:1/26:0	Hexosylceramides	unmatched	0		
Hex-Cer d18:1/26:1	Hex-Cer d18:1/26:1	Hexosylceramides	unmatched	0		
Hex-Cer d18:2/16:0	Hex-Cer d18:2/16:0	Hexosylceramides	unmatched	0		
Hex-Cer d18:2/18:0	Hex-Cer d18:2/18:0	Hexosylceramides	unmatched	0		
Hex-Cer d18:2/20:0	Hex-Cer d18:2/20:0	Hexosylceramides	unmatched	0		
Hex-Cer d18:2/22:0	Hex-Cer d18:2/22:0	Hexosylceramides	unmatched	0		
Hex-Cer d18:2/23:0	Hex-Cer d18:2/23:0	Hexosylceramides	unmatched	0		
Hex-Cer d18:2/24:0	Hex-Cer d18:2/24:0	Hexosylceramides	unmatched	0		
LPA 14:0	LPA 14:0	Lysophosphatidic acids	exact:fullname	1	RAMP_C_000041671	
LPA 14:1	LPA 14:1	Lysophosphatidic acids	exact:fullname	1	RAMP_C_000041661	
LPA 15:0	LPA 15:0	Lysophosphatidic acids	exact:fullname	1	RAMP_C_000041674	
LPA 16:0	LPA 16:0	Lysophosphatidic acids	exact:fullname	2	RAMP_C_000003849;RAMP_C_000003853	multi-candidate
LPA 18:1	LPA 18:1	Lysophosphatidic acids	exact:fullname	3	RAMP_C_000003855;RAMP_C_000158594;RAMP_C_000266309	multi-candidate
LPA 18:2	LPA 18:2	Lysophosphatidic acids	exact:fullname	2	RAMP_C_000003856;RAMP_C_000219537	multi-candidate
LPA 22:3	LPA 22:3	Lysophosphatidic acids	unmatched	0		
LPA 22:4	LPA 22:4	Lysophosphatidic acids	exact:fullname	1	RAMP_C_000041660	
LPC 14:0	LPC 14:0	Lysophosphatidylcholines	exact:fullname	2	RAMP_C_000006332;RAMP_C_000237477	multi-candidate
LPC 16:0	LPC 16:0	Lysophosphatidylcholines	exact:fullname	3	RAMP_C_000156586;RAMP_C_000219580;RAMP_C_000351017	multi-candidate
LPC 16:1	LPC 16:1	Lysophosphatidylcholines	exact:fullname	2	RAMP_C_000006336;RAMP_C_000237463	multi-candidate
LPC 17:0	LPC 17:0	Lysophosphatidylcholines	exact:fullname	1	RAMP_C_000007610	
LPC 18:0	LPC 18:0	Lysophosphatidylcholines	exact:fullname	2	RAMP_C_000006710;RAMP_C_000171774	multi-candidate
LPC 18:1	LPC 18:1	Lysophosphatidylcholines	exact:fullname	8	RAMP_C_000001681;RAMP_C_000006338;RAMP_C_000041359;RAMP_C_000237464;RAMP_C_000237465;RAMP_C_000237478	multi-candidate
LPC 18:2	LPC 18:2	Lysophosphatidylcholines	exact:fullname	2	RAMP_C_000006339;RAMP_C_000237466	multi-candidate
LPC 20:3	LPC 20:3	Lysophosphatidylcholines	exact:fullname	2	RAMP_C_000006346;RAMP_C_000006347	multi-candidate
LPC 20:4	LPC 20:4	Lysophosphatidylcholines	exact:fullname	3	RAMP_C_000006348;RAMP_C_000006349;RAMP_C_000041357	multi-candidate
LPC 24:0	LPC 24:0	Lysophosphatidylcholines	exact:fullname	1	RAMP_C_000006358	
LPC 26:0	LPC 26:0	Lysophosphatidylcholines	exact:fullname	1	RAMP_C_000010299	
LPC 26:1	LPC 26:1	Lysophosphatidylcholines	unmatched	0		
LPE 12:0	LPE 12:0	Lysophosphatidylethanolamines	unmatched	1	RAMP_C_000238263	
LPE 14:0	LPE 14:0	Lysophosphatidylethanolamines	exact:fullname	2	RAMP_C_000007009;RAMP_C_000007039	multi-candidate
LPE 14:1	LPE 14:1	Lysophosphatidylethanolamines	exact:fullname	2	RAMP_C_000007010;RAMP_C_000007040	multi-candidate
LPE 15:0	LPE 15:0	Lysophosphatidylethanolamines	exact:fullname	3	RAMP_C_000007011;RAMP_C_000007041;RAMP_C_000238273	multi-candidate
LPE 16:0	LPE 16:0	Lysophosphatidylethanolamines	exact:fullname	2	RAMP_C_000007012;RAMP_C_000370082	multi-candidate
LPE 16:1	LPE 16:1	Lysophosphatidylethanolamines	exact:fullname	2	RAMP_C_000007013;RAMP_C_000007043	multi-candidate
LPE 17:0	LPE 17:0	Lysophosphatidylethanolamines	exact:fullname	1	RAMP_C_000041351	
LPE 17:1	LPE 17:1	Lysophosphatidylethanolamines	unmatched	1	RAMP_C_000238265	
LPE 18:0	LPE 18:0	Lysophosphatidylethanolamines	exact:fullname	2	RAMP_C_000006711;RAMP_C_000370097	multi-candidate
LPE 18:1	LPE 18:1	Lysophosphatidylethanolamines	exact:fullname	4	RAMP_C_000007014;RAMP_C_000007044;RAMP_C_000370030;RAMP_C_000370102	multi-candidate
LPE 18:2	LPE 18:2	Lysophosphatidylethanolamines	exact:fullname	2	RAMP_C_000007046;RAMP_C_000370032	multi-candidate
LPE 18:3	LPE 18:3	Lysophosphatidylethanolamines	exact:fullname	4	RAMP_C_000007017;RAMP_C_000007018;RAMP_C_000007047;RAMP_C_000007048	multi-candidate
LPE 19:0	LPE 19:0	Lysophosphatidylethanolamines	unmatched	1	RAMP_C_000238271	
LPE 19:1	LPE 19:1	Lysophosphatidylethanolamines	unmatched	1	RAMP_C_000238268	
LPE 19:2	LPE 19:2	Lysophosphatidylethanolamines	unmatched	0		
LPE 20:0	LPE 20:0	Lysophosphatidylethanolamines	exact:fullname	2	RAMP_C_000007020;RAMP_C_000007050	multi-candidate
LPE 20:1	LPE 20:1	Lysophosphatidylethanolamines	exact:fullname	2	RAMP_C_000007021;RAMP_C_000007051	multi-candidate
LPE 20:2	LPE 20:2	Lysophosphatidylethanolamines	exact:fullname	2	RAMP_C_000007022;RAMP_C_000007052	multi-candidate
LPE 20:3	LPE 20:3	Lysophosphatidylethanolamines	exact:fullname	6	RAMP_C_000007023;RAMP_C_000007024;RAMP_C_000007025;RAMP_C_000007053;RAMP_C_000007054;RAMP_C_000007055	multi-candidate
LPE 20:4	LPE 20:4	Lysophosphatidylethanolamines	exact:fullname	4	RAMP_C_000007026;RAMP_C_000007027;RAMP_C_000007056;RAMP_C_000007057	multi-candidate
LPE 20:5	LPE 20:5	Lysophosphatidylethanolamines	exact:fullname	2	RAMP_C_000007028;RAMP_C_000007058	multi-candidate
LPE 22:0	LPE 22:0	Lysophosphatidylethanolamines	exact:fullname	2	RAMP_C_000007029;RAMP_C_000007059	multi-candidate
LPE 22:1	LPE 22:1	Lysophosphatidylethanolamines	exact:fullname	3	RAMP_C_000007030;RAMP_C_000007060;RAMP_C_000238269	multi-candidate
LPE 22:4	LPE 22:4	Lysophosphatidylethanolamines	exact:fullname	2	RAMP_C_000007032;RAMP_C_000007062	multi-candidate
LPE 22:5	LPE 22:5	Lysophosphatidylethanolamines	exact:fullname	4	RAMP_C_000007033;RAMP_C_000007034;RAMP_C_000007063;RAMP_C_000007064	multi-candidate
LPE 22:6	LPE 22:6	Lysophosphatidylethanolamines	exact:fullname	2	RAMP_C_000007035;RAMP_C_000007065	multi-candidate
LPE 24:0	LPE 24:0	Lysophosphatidylethanolamines	exact:fullname	2	RAMP_C_000007036;RAMP_C_000007066	multi-candidate
LPE P-14:0	LPE P-14:0	Lysophosphatidylethanolamines	unmatched	0		
LPE P-15:0	LPE P-15:0	Lysophosphatidylethanolamines	unmatched	0		
LPE P-16:0	LPE P-16:0	Lysophosphatidylethanolamines	norm:fullname	1	RAMP_C_000006730	
LPE P-17:0	LPE P-17:0	Lysophosphatidylethanolamines	unmatched	0		
LPE P-18:0	LPE P-18:0	Lysophosphatidylethanolamines	norm:fullname	1	RAMP_C_000156817	
LPE P-18:1	LPE P-18:1	Lysophosphatidylethanolamines	unmatched	0		
LPE P-18:2	LPE P-18:2	Lysophosphatidylethanolamines	unmatched	0		
LPE P-20:0	LPE P-20:0	Lysophosphatidylethanolamines	unmatched	0		
LPE P-20:1	LPE P-20:1	Lysophosphatidylethanolamines	unmatched	0		
LPE P-20:4	LPE P-20:4	Lysophosphatidylethanolamines	unmatched	0		
LPE P-20:5	LPE P-20:5	Lysophosphatidylethanolamines	unmatched	0		
LPE P-22:0	LPE P-22:0	Lysophosphatidylethanolamines	unmatched	0		
LPE P-22:1	LPE P-22:1	Lysophosphatidylethanolamines	unmatched	0		
LPE P-22:4	LPE P-22:4	Lysophosphatidylethanolamines	unmatched	0		
LPE P-22:5	LPE P-22:5	Lysophosphatidylethanolamines	unmatched	0		
LPE P-22:6	LPE P-22:6	Lysophosphatidylethanolamines	unmatched	0		
LPG 14:0	LPG 14:0	Lysophosphatidylglycerols	unmatched	1	RAMP_C_000240195	
LPG 14:1	LPG 14:1	Lysophosphatidylglycerols	unmatched	1	RAMP_C_000240217	
LPG 16:0	LPG 16:0	Lysophosphatidylglycerols	exact:fullname	1	RAMP_C_000156820	
LPG 16:1	LPG 16:1	Lysophosphatidylglycerols	unmatched	1	RAMP_C_000240196	
LPG 17:0	LPG 17:0	Lysophosphatidylglycerols	unmatched	1	RAMP_C_000240215	
LPG 17:1	LPG 17:1	Lysophosphatidylglycerols	unmatched	1	RAMP_C_000240218	
LPG 18:0	LPG 18:0	Lysophosphatidylglycerols	unmatched	1	RAMP_C_000265487	
LPG 18:1	LPG 18:1	Lysophosphatidylglycerols	exact:fullname	1	RAMP_C_000156821	
LPG 18:2	LPG 18:2	Lysophosphatidylglycerols	exact:fullname	1	RAMP_C_000156819	
LPG 20:1	LPG 20:1	Lysophosphatidylglycerols	unmatched	1	RAMP_C_000240205	
LPI 14:0	LPI 14:0	Lysophosphatidylinositols	unmatched	1	RAMP_C_000241394	
LPI 14:1	LPI 14:1	Lysophosphatidylinositols	unmatched	1	RAMP_C_000241417	
LPI 16:0	LPI 16:0	Lysophosphatidylinositols	exact:fullname	1	RAMP_C_000041354	
LPI 16:1	LPI 16:1	Lysophosphatidylinositols	unmatched	1	RAMP_C_000241395	
LPI 17:0	LPI 17:0	Lysophosphatidylinositols	unmatched	1	RAMP_C_000241415	
LPI 17:1	LPI 17:1	Lysophosphatidylinositols	unmatched	2	RAMP_C_000241389;RAMP_C_000241418	multi-candidate
LPI 18:0	LPI 18:0	Lysophosphatidylinositols	exact:fullname	1	RAMP_C_000156585	
LPI 18:1	LPI 18:1	Lysophosphatidylinositols	exact:fullname	1	RAMP_C_000170131	
LPI 18:2	LPI 18:2	Lysophosphatidylinositols	exact:fullname	1	RAMP_C_000158322	
LPI 18:3	LPI 18:3	Lysophosphatidylinositols	unmatched	2	RAMP_C_000241402;RAMP_C_000241414	multi-candidate
LPI 19:0	LPI 19:0	Lysophosphatidylinositols	unmatched	1	RAMP_C_000241413	
LPI 20:1	LPI 20:1	Lysophosphatidylinositols	unmatched	1	RAMP_C_000241405	
LPI 20:4	LPI 20:4	Lysophosphatidylinositols	exact:fullname	1	RAMP_C_000170132	
LPI 22:0	LPI 22:0	Lysophosphatidylinositols	unmatched	1	RAMP_C_000241410	
LPI 22:1	LPI 22:1	Lysophosphatidylinositols	unmatched	1	RAMP_C_000241408	
LPS 16:0	LPS 16:0	Lysophosphatidylserines	exact:fullname	1	RAMP_C_000156824	
LPS 16:1	LPS 16:1	Lysophosphatidylserines	unmatched	1	RAMP_C_000239063	
LPS 18:0	LPS 18:0	Lysophosphatidylserines	exact:fullname	1	RAMP_C_000156825	
LPS 18:1	LPS 18:1	Lysophosphatidylserines	exact:fullname	1	RAMP_C_000041353	
LPS 18:2	LPS 18:2	Lysophosphatidylserines	exact:fullname	1	RAMP_C_000156823	
LPS 18:3	LPS 18:3	Lysophosphatidylserines	unmatched	2	RAMP_C_000239069;RAMP_C_000239081	multi-candidate
LPS 20:0	LPS 20:0	Lysophosphatidylserines	unmatched	1	RAMP_C_000239064	
LPS 20:1	LPS 20:1	Lysophosphatidylserines	unmatched	1	RAMP_C_000239072	
LPS 20:4	LPS 20:4	Lysophosphatidylserines	unmatched	1	RAMP_C_000239060	
LPS 20:5	LPS 20:5	Lysophosphatidylserines	unmatched	1	RAMP_C_000239079	
LPS 22:0	LPS 22:0	Lysophosphatidylserines	unmatched	1	RAMP_C_000239077	
LPS 22:6	LPS 22:6	Lysophosphatidylserines	unmatched	1	RAMP_C_000239065	
MG 16:1	MG 16:1	Monoglycerides	norm:fullname	1	RAMP_C_000007073	
MG 18:1	MG 18:1	Monoglycerides	exact:fullname	3	RAMP_C_000007076;RAMP_C_000007105;RAMP_C_000229689	multi-candidate
MG 18:2	MG 18:2	Monoglycerides	exact:fullname	2	RAMP_C_000007077;RAMP_C_000158284	multi-candidate
MG 18:3	MG 18:3	Monoglycerides	norm:fullname	2	RAMP_C_000007078;RAMP_C_000007079	multi-candidate
MG 20:1	MG 20:1	Monoglycerides	unmatched	0		
MG 20:3	MG 20:3	Monoglycerides	unmatched	1	RAMP_C_000229698	
MG 20:4	MG 20:4	Monoglycerides	exact:fullname	4	RAMP_C_000002127;RAMP_C_000007116;RAMP_C_000229696;RAMP_C_000229697	multi-candidate
MG 20:5	MG 20:5	Monoglycerides	exact:fullname	1	RAMP_C_000007088	
MG 22:1	MG 22:1	Monoglycerides	unmatched	1	RAMP_C_000229702	
MG 22:2	MG 22:2	Monoglycerides	norm:fullname	1	RAMP_C_000007121	
MG 22:4	MG 22:4	Monoglycerides	unmatched	0		
MG 22:6	MG 22:6	Monoglycerides	exact:fullname	1	RAMP_C_000007095	
PA 14:0_14:1	PA 14:0_14:1	Phosphatidic acids	norm:fullname	2	RAMP_C_000093970;RAMP_C_000241490	multi-candidate
PA 16:0_18:1	PA 16:0_18:1	Phosphatidic acids	norm:fullname	3	RAMP_C_000003857;RAMP_C_000003858;RAMP_C_000012146	multi-candidate
PA 16:0_18:2	PA 16:0_18:2	Phosphatidic acids	norm:fullname	2	RAMP_C_000003859;RAMP_C_000094124	multi-candidate
PA 16:0_18:3	PA 16:0_18:3	Phosphatidic acids	norm:fullname	4	RAMP_C_000094011;RAMP_C_000094012;RAMP_C_000094151;RAMP_C_000094178	multi-candidate
PA 16:0_19:2	PA 16:0_19:2	Phosphatidic acids	unmatched	0		
PA 16:1_18:1	PA 16:1_18:1	Phosphatidic acids	norm:fullname	2	RAMP_C_000094100;RAMP_C_000241950	multi-candidate
PA 16:1_18:2	PA 16:1_18:2	Phosphatidic acids	norm:fullname	3	RAMP_C_000006733;RAMP_C_000094031;RAMP_C_000094125	multi-candidate
PA 16:1_22:0	PA 16:1_22:0	Phosphatidic acids	norm:fullname	2	RAMP_C_000094039;RAMP_C_000094419	multi-candidate
PA 16:2_18:1	PA 16:2_18:1	Phosphatidic acids	unmatched	0		
PA 17:0_18:1	PA 17:0_18:1	Phosphatidic acids	unmatched	2	RAMP_C_000265742;RAMP_C_000265743	multi-candidate
PA 17:0_18:2	PA 17:0_18:2	Phosphatidic acids	unmatched	2	RAMP_C_000241586;RAMP_C_000241685	multi-candidate
PA 17:0_18:3	PA 17:0_18:3	Phosphatidic acids	unmatched	4	RAMP_C_000241587;RAMP_C_000241588;RAMP_C_000241695;RAMP_C_000241709	multi-candidate
PA 17:1_18:1	PA 17:1_18:1	Phosphatidic acids	unmatched	2	RAMP_C_000241612;RAMP_C_000241675	multi-candidate
PA 17:1_18:2	PA 17:1_18:2	Phosphatidic acids	unmatched	2	RAMP_C_000241613;RAMP_C_000241686	multi-candidate
PA 17:2_18:1	PA 17:2_18:1	Phosphatidic acids	unmatched	2	RAMP_C_000241642;RAMP_C_000241676	multi-candidate
PA 18:0_18:1	PA 18:0_18:1	Phosphatidic acids	norm:fullname	2	RAMP_C_000094101;RAMP_C_000241441	multi-candidate
PA 18:0_18:2	PA 18:0_18:2	Phosphatidic acids	norm:fullname	2	RAMP_C_000003860;RAMP_C_000094126	multi-candidate
PA 18:0_18:3	PA 18:0_18:3	Phosphatidic acids	norm:fullname	4	RAMP_C_000094053;RAMP_C_000094054;RAMP_C_000094153;RAMP_C_000094180	multi-candidate
PA 18:1_18:1	PA 18:1_18:1	Phosphatidic acids	norm:fullname	3	RAMP_C_000003861;RAMP_C_000003863;RAMP_C_000012145	multi-candidate
PA 18:1_18:2	PA 18:1_18:2	Phosphatidic acids	norm:fullname	3	RAMP_C_000094077;RAMP_C_000094102;RAMP_C_000094128	multi-candidate
PA 18:1_18:3	PA 18:1_18:3	Phosphatidic acids	norm:fullname	6	RAMP_C_000094078;RAMP_C_000094079;RAMP_C_000094103;RAMP_C_000094104;RAMP_C_000094155;RAMP_C_000094182	multi-candidate
PA 18:1_18:4	PA 18:1_18:4	Phosphatidic acids	norm:fullname	3	RAMP_C_000094080;RAMP_C_000094105;RAMP_C_000094209	multi-candidate
PA 18:1_20:0	PA 18:1_20:0	Phosphatidic acids	norm:fullname	3	RAMP_C_000094081;RAMP_C_000094106;RAMP_C_000094244	multi-candidate
PA 18:1_20:1	PA 18:1_20:1	Phosphatidic acids	norm:fullname	3	RAMP_C_000094082;RAMP_C_000094107;RAMP_C_000094273	multi-candidate
PA 18:1_20:2	PA 18:1_20:2	Phosphatidic acids	norm:fullname	3	RAMP_C_000094691;RAMP_C_000094693;RAMP_C_000094714	multi-candidate
PA 18:1_20:3	PA 18:1_20:3	Phosphatidic acids	norm:fullname	5	RAMP_C_000094083;RAMP_C_000094108;RAMP_C_000094692;RAMP_C_000094694;RAMP_C_000094743	multi-candidate
PA 18:1_22:0	PA 18:1_22:0	Phosphatidic acids	norm:fullname	3	RAMP_C_000094087;RAMP_C_000094112;RAMP_C_000095880	multi-candidate
PA 18:1_22:1	PA 18:1_22:1	Phosphatidic acids	norm:fullname	4	RAMP_C_000094088;RAMP_C_000094113;RAMP_C_000241680;RAMP_C_000241882	multi-candidate
PA 18:1_22:2	PA 18:1_22:2	Phosphatidic acids	norm:fullname	3	RAMP_C_000094089;RAMP_C_000094114;RAMP_C_000094478	multi-candidate
PA 18:1_22:3	PA 18:1_22:3	Phosphatidic acids	unmatched	0		
PA 18:2_18:2	PA 18:2_18:2	Phosphatidic acids	norm:fullname	1	RAMP_C_000094129	
PA 18:2_18:3	PA 18:2_18:3	Phosphatidic acids	norm:fullname	4	RAMP_C_000094130;RAMP_C_000094131;RAMP_C_000094156;RAMP_C_000094183	multi-candidate
PA 18:2_20:0	PA 18:2_20:0	Phosphatidic acids	norm:fullname	2	RAMP_C_000094133;RAMP_C_000094245	multi-candidate
PA 18:2_20:1	PA 18:2_20:1	Phosphatidic acids	norm:fullname	2	RAMP_C_000094134;RAMP_C_000094274	multi-candidate
PA 18:2_20:2	PA 18:2_20:2	Phosphatidic acids	norm:fullname	2	RAMP_C_000094668;RAMP_C_000094695	multi-candidate
PA 18:2_22:0	PA 18:2_22:0	Phosphatidic acids	norm:fullname	2	RAMP_C_000094139;RAMP_C_000094423	multi-candidate
PA 18:2_22:1	PA 18:2_22:1	Phosphatidic acids	norm:fullname	3	RAMP_C_000094140;RAMP_C_000241691;RAMP_C_000241883	multi-candidate
PA 18:2_22:3	PA 18:2_22:3	Phosphatidic acids	unmatched	0		
PA 18:2_22:4	PA 18:2_22:4	Phosphatidic acids	norm:fullname	2	RAMP_C_000094142;RAMP_C_000094506	multi-candidate
PA 18:3_18:3	PA 18:3_18:3	Phosphatidic acids	norm:fullname	4	RAMP_C_000094157;RAMP_C_000094158;RAMP_C_000094184;RAMP_C_000094185	multi-candidate
PA 20:0_20:4	PA 20:0_20:4	Phosphatidic acids	norm:fullname	3	RAMP_C_000094253;RAMP_C_000094254;RAMP_C_000094331	multi-candidate
PC 24:0	PC 24:0	Phosphatidylcholines	exact:fullname	3	RAMP_C_000159974;RAMP_C_000236746;RAMP_C_000237251	multi-candidate
PC 26:0	PC 26:0	Phosphatidylcholines	unmatched	7	RAMP_C_000236496;RAMP_C_000236518;RAMP_C_000236528;RAMP_C_000236536;RAMP_C_000236593;RAMP_C_000236753	multi-candidate
PC 28:1	PC 28:1	Phosphatidylcholines	exact:fullname	7	RAMP_C_000003866;RAMP_C_000003897;RAMP_C_000236498;RAMP_C_000236773;RAMP_C_000236794;RAMP_C_000236841	multi-candidate
PC 30:0	PC 30:0	Phosphatidylcholines	exact:fullname	12	RAMP_C_000003868;RAMP_C_000003932;RAMP_C_000003963;RAMP_C_000236501;RAMP_C_000236510;RAMP_C_000236520	multi-candidate
PC 32:0	PC 32:0	Phosphatidylcholines	exact:fullname	14	RAMP_C_000002845;RAMP_C_000003881;RAMP_C_000004028;RAMP_C_000236503;RAMP_C_000236512;RAMP_C_000236522	multi-candidate
PC 32:1	PC 32:1	Phosphatidylcholines	exact:fullname	16	RAMP_C_000003870;RAMP_C_000003871;RAMP_C_000003902;RAMP_C_000003966;RAMP_C_000003998;RAMP_C_000004029	multi-candidate
PC 32:2	PC 32:2	Phosphatidylcholines	exact:fullname	13	RAMP_C_000003872;RAMP_C_000003904;RAMP_C_000003999;RAMP_C_000004095;RAMP_C_000004126;RAMP_C_000236537	multi-candidate
PC 32:3	PC 32:3	Phosphatidylcholines	exact:fullname	10	RAMP_C_000003873;RAMP_C_000003874;RAMP_C_000003905;RAMP_C_000004127;RAMP_C_000004159;RAMP_C_000004192	multi-candidate
PC 34:1	PC 34:1	Phosphatidylcholines	exact:fullname	22	RAMP_C_000003877;RAMP_C_000003909;RAMP_C_000003968;RAMP_C_000003969;RAMP_C_000004000;RAMP_C_000004032	multi-candidate
PC 34:2	PC 34:2	Phosphatidylcholines	exact:fullname	30	RAMP_C_000003878;RAMP_C_000003910;RAMP_C_000003970;RAMP_C_000004001;RAMP_C_000004002;RAMP_C_000004065	multi-candidate
PC 34:3	PC 34:3	Phosphatidylcholines	exact:fullname	14	RAMP_C_000003879;RAMP_C_000003880;RAMP_C_000003911;RAMP_C_000003971;RAMP_C_000003972;RAMP_C_000004003	multi-candidate
PC 34:4	PC 34:4	Phosphatidylcholines	exact:fullname	22	RAMP_C_000003881;RAMP_C_000003882;RAMP_C_000003912;RAMP_C_000003913;RAMP_C_000003973;RAMP_C_000004004	multi-candidate
PC 36:0	PC 36:0	Phosphatidylcholines	exact:fullname	12	RAMP_C_000003884;RAMP_C_000003974;RAMP_C_000004261;RAMP_C_000004521;RAMP_C_000159318;RAMP_C_000236516	multi-candidate
PC 36:1	PC 36:1	Phosphatidylcholines	exact:fullname	26	RAMP_C_000003885;RAMP_C_000003917;RAMP_C_000003975;RAMP_C_000004007;RAMP_C_000004034;RAMP_C_000004035	multi-candidate
PC 36:2	PC 36:2	Phosphatidylcholines	exact:fullname	40	RAMP_C_000000454;RAMP_C_000003886;RAMP_C_000003918;RAMP_C_000003976;RAMP_C_000004008;RAMP_C_000004036	multi-candidate
PC 36:3	PC 36:3	Phosphatidylcholines	exact:fullname	20	RAMP_C_000003919;RAMP_C_000003977;RAMP_C_000003978;RAMP_C_000004009;RAMP_C_000004037;RAMP_C_000004038	multi-candidate
PC 36:4	PC 36:4	Phosphatidylcholines	exact:fullname	27	RAMP_C_000003887;RAMP_C_000003979;RAMP_C_000003980;RAMP_C_000004010;RAMP_C_000004011;RAMP_C_000004039	multi-candidate
PC 36:5	PC 36:5	Phosphatidylcholines	exact:fullname	21	RAMP_C_000003888;RAMP_C_000003889;RAMP_C_000003920;RAMP_C_000003981;RAMP_C_000004012;RAMP_C_000004013	multi-candidate
PC 36:6	PC 36:6	Phosphatidylcholines	exact:fullname	17	RAMP_C_000003890;RAMP_C_000003921;RAMP_C_000003922;RAMP_C_000004014;RAMP_C_000004138;RAMP_C_000004168	multi-candidate
PC 38:0	PC 38:0	Phosphatidylcholines	exact:fullname	10	RAMP_C_000003891;RAMP_C_000003982;RAMP_C_000004040;RAMP_C_000004263;RAMP_C_000004524;RAMP_C_000236527	multi-candidate
PC 38:3	PC 38:3	Phosphatidylcholines	exact:fullname	19	RAMP_C_000004017;RAMP_C_000004043;RAMP_C_000004044;RAMP_C_000004075;RAMP_C_000004107;RAMP_C_000004140	multi-candidate
PC 38:4	PC 38:4	Phosphatidylcholines	exact:fullname	22	RAMP_C_000003985;RAMP_C_000004045;RAMP_C_000004046;RAMP_C_000004076;RAMP_C_000004077;RAMP_C_000004108	multi-candidate
PC 38:5	PC 38:5	Phosphatidylcholines	exact:fullname	24	RAMP_C_000003986;RAMP_C_000003987;RAMP_C_000004018;RAMP_C_000004047;RAMP_C_000004078;RAMP_C_000004079	multi-candidate
PC 38:6	PC 38:6	Phosphatidylcholines	exact:fullname	24	RAMP_C_000003988;RAMP_C_000004019;RAMP_C_000004021;RAMP_C_000004080;RAMP_C_000004112;RAMP_C_000004143	multi-candidate
PC 40:1	PC 40:1	Phosphatidylcholines	exact:fullname	20	RAMP_C_000003990;RAMP_C_000004049;RAMP_C_000004081;RAMP_C_000004113;RAMP_C_000004271;RAMP_C_000004303	multi-candidate
PC 40:2	PC 40:2	Phosphatidylcholines	exact:fullname	18	RAMP_C_000004023;RAMP_C_000004050;RAMP_C_000004082;RAMP_C_000004114;RAMP_C_000004146;RAMP_C_000004272	multi-candidate
PC 40:3	PC 40:3	Phosphatidylcholines	exact:fullname	20	RAMP_C_000004083;RAMP_C_000004115;RAMP_C_000004147;RAMP_C_000004179;RAMP_C_000004212;RAMP_C_000004273	multi-candidate
PC 40:4	PC 40:4	Phosphatidylcholines	exact:fullname	24	RAMP_C_000004051;RAMP_C_000004148;RAMP_C_000004180;RAMP_C_000004213;RAMP_C_000004245;RAMP_C_000004275	multi-candidate
PC 40:5	PC 40:5	Phosphatidylcholines	exact:fullname	24	RAMP_C_000004052;RAMP_C_000004053;RAMP_C_000004084;RAMP_C_000004116;RAMP_C_000004181;RAMP_C_000004214	multi-candidate
PC 40:6	PC 40:6	Phosphatidylcholines	exact:fullname	13	RAMP_C_000004054;RAMP_C_000004086;RAMP_C_000004149;RAMP_C_000004247;RAMP_C_000004310;RAMP_C_000004341	multi-candidate
PC 42:0	PC 42:0	Phosphatidylcholines	exact:fullname	6	RAMP_C_000004055;RAMP_C_000004278;RAMP_C_000004533;RAMP_C_000004756;RAMP_C_000236570;RAMP_C_000236714	multi-candidate
PC 42:1	PC 42:1	Phosphatidylcholines	exact:fullname	15	RAMP_C_000004056;RAMP_C_000004088;RAMP_C_000004120;RAMP_C_000004279;RAMP_C_000004311;RAMP_C_000004534	multi-candidate
PC 42:2	PC 42:2	Phosphatidylcholines	exact:fullname	16	RAMP_C_000004089;RAMP_C_000004121;RAMP_C_000004153;RAMP_C_000004280;RAMP_C_000004312;RAMP_C_000004344	multi-candidate
PC 42:4	PC 42:4	Phosphatidylcholines	exact:fullname	20	RAMP_C_000004187;RAMP_C_000004220;RAMP_C_000004252;RAMP_C_000004281;RAMP_C_000004346;RAMP_C_000004378	multi-candidate
PC 42:5	PC 42:5	Phosphatidylcholines	exact:fullname	9	RAMP_C_000004283;RAMP_C_000004314;RAMP_C_000004411;RAMP_C_000004508;RAMP_C_000004540;RAMP_C_000004602	multi-candidate
PC 42:6	PC 42:6	Phosphatidylcholines	exact:fullname	8	RAMP_C_000004284;RAMP_C_000004347;RAMP_C_000004444;RAMP_C_000004603;RAMP_C_000004633;RAMP_C_000004730	multi-candidate
PC O-28:0	PC O-28:0	Phosphatidylcholines	unmatched	1	RAMP_C_000237311	
PC O-28:1	PC O-28:1	Phosphatidylcholines	unmatched	1	RAMP_C_000237383	
PC O-30:0	PC O-30:0	Phosphatidylcholines	exact:fullname	3	RAMP_C_000008249;RAMP_C_000237313;RAMP_C_000237326	multi-candidate
PC O-30:1	PC O-30:1	Phosphatidylcholines	exact:fullname	4	RAMP_C_000006766;RAMP_C_000008250;RAMP_C_000008251;RAMP_C_000237397	multi-candidate
PC O-30:2	PC O-30:2	Phosphatidylcholines	exact:fullname	1	RAMP_C_000006767	
PC O-32:1	PC O-32:1	Phosphatidylcholines	exact:fullname	6	RAMP_C_000006769;RAMP_C_000006798;RAMP_C_000008252;RAMP_C_000237261;RAMP_C_000237329;RAMP_C_000237411	multi-candidate
PC O-32:2	PC O-32:2	Phosphatidylcholines	exact:fullname	6	RAMP_C_000006770;RAMP_C_000006799;RAMP_C_000006829;RAMP_C_000237262;RAMP_C_000237379;RAMP_C_000237445	multi-candidate
PC O-34:0	PC O-34:0	Phosphatidylcholines	exact:fullname	4	RAMP_C_000008253;RAMP_C_000237283;RAMP_C_000237290;RAMP_C_000237348	multi-candidate
PC O-34:1	PC O-34:1	Phosphatidylcholines	exact:fullname	9	RAMP_C_000006771;RAMP_C_000008260;RAMP_C_000008272;RAMP_C_000008274;RAMP_C_000237255;RAMP_C_000237291	multi-candidate
PC O-34:2	PC O-34:2	Phosphatidylcholines	exact:fullname	7	RAMP_C_000006729;RAMP_C_000006772;RAMP_C_000006773;RAMP_C_000006802;RAMP_C_000006865;RAMP_C_000237414	multi-candidate
PC O-34:3	PC O-34:3	Phosphatidylcholines	exact:fullname	6	RAMP_C_000006774;RAMP_C_000006833;RAMP_C_000006866;RAMP_C_000008261;RAMP_C_000217536;RAMP_C_000237272	multi-candidate
PC O-36:0	PC O-36:0	Phosphatidylcholines	exact:fullname	4	RAMP_C_000008254;RAMP_C_000008265;RAMP_C_000237266;RAMP_C_000237303	multi-candidate
PC O-36:1	PC O-36:1	Phosphatidylcholines	exact:fullname	8	RAMP_C_000006778;RAMP_C_000006803;RAMP_C_000008262;RAMP_C_000237274;RAMP_C_000237320;RAMP_C_000237335	multi-candidate
PC O-36:2	PC O-36:2	Phosphatidylcholines	exact:fullname	9	RAMP_C_000006779;RAMP_C_000006804;RAMP_C_000006805;RAMP_C_000006834;RAMP_C_000006867;RAMP_C_000008266	multi-candidate
PC O-36:3	PC O-36:3	Phosphatidylcholines	exact:fullname	8	RAMP_C_000006780;RAMP_C_000006806;RAMP_C_000006835;RAMP_C_000008273;RAMP_C_000008277;RAMP_C_000020070	multi-candidate
PC O-36:4	PC O-36:4	Phosphatidylcholines	exact:fullname	9	RAMP_C_000006807;RAMP_C_000008255;RAMP_C_000008283;RAMP_C_000159202;RAMP_C_000217529;RAMP_C_000237276	multi-candidate
PC O-36:5	PC O-36:5	Phosphatidylcholines	exact:fullname	4	RAMP_C_000006783;RAMP_C_000006809;RAMP_C_000020071;RAMP_C_000237374	multi-candidate
PC O-38:0	PC O-38:0	Phosphatidylcholines	exact:fullname	3	RAMP_C_000008256;RAMP_C_000008267;RAMP_C_000237356	multi-candidate
PC O-38:1	PC O-38:1	Phosphatidylcholines	exact:fullname	9	RAMP_C_000006786;RAMP_C_000006810;RAMP_C_000008264;RAMP_C_000008278;RAMP_C_000237293;RAMP_C_000237323	multi-candidate
PC O-38:2	PC O-38:2	Phosphatidylcholines	exact:fullname	8	RAMP_C_000006811;RAMP_C_000008279;RAMP_C_000008284;RAMP_C_000237324;RAMP_C_000237340;RAMP_C_000237358	multi-candidate
PC O-38:3	PC O-38:3	Phosphatidylcholines	exact:fullname	6	RAMP_C_000008287;RAMP_C_000008288;RAMP_C_000237341;RAMP_C_000237395;RAMP_C_000237407;RAMP_C_000237424	multi-candidate
PC O-38:4	PC O-38:4	Phosphatidylcholines	exact:fullname	10	RAMP_C_000006813;RAMP_C_000006814;RAMP_C_000006843;RAMP_C_000008268;RAMP_C_000237294;RAMP_C_000237325	multi-candidate
PC O-38:5	PC O-38:5	Phosphatidylcholines	exact:fullname	7	RAMP_C_000006815;RAMP_C_000008280;RAMP_C_000217520;RAMP_C_000237277;RAMP_C_000237375;RAMP_C_000237396	multi-candidate
PC O-38:6	PC O-38:6	Phosphatidylcholines	exact:fullname	2	RAMP_C_000006817;RAMP_C_000008257	multi-candidate
PC O-40:1	PC O-40:1	Phosphatidylcholines	exact:fullname	5	RAMP_C_000008281;RAMP_C_000237343;RAMP_C_000237362;RAMP_C_000237409;RAMP_C_000237430	multi-candidate
PC O-40:2	PC O-40:2	Phosphatidylcholines	exact:fullname	5	RAMP_C_000008285;RAMP_C_000237344;RAMP_C_000237363;RAMP_C_000237410;RAMP_C_000237431	multi-candidate
PC O-40:3	PC O-40:3	Phosphatidylcholines	exact:fullname	6	RAMP_C_000006820;RAMP_C_000006850;RAMP_C_000006883;RAMP_C_000008294;RAMP_C_000237364;RAMP_C_000237432	multi-candidate
PC O-40:4	PC O-40:4	Phosphatidylcholines	exact:fullname	6	RAMP_C_000006884;RAMP_C_000008290;RAMP_C_000237345;RAMP_C_000237372;RAMP_C_000237433;RAMP_C_000237444	multi-candidate
PC O-40:5	PC O-40:5	Phosphatidylcholines	exact:fullname	6	RAMP_C_000006821;RAMP_C_000237295;RAMP_C_000237296;RAMP_C_000237365;RAMP_C_000237376;RAMP_C_000237434	multi-candidate
PC O-40:6	PC O-40:6	Phosphatidylcholines	exact:fullname	2	RAMP_C_000008270;RAMP_C_000237435	multi-candidate
PC O-42:0	PC O-42:0	Phosphatidylcholines	exact:fullname	1	RAMP_C_000008291	
PC O-42:1	PC O-42:1	Phosphatidylcholines	exact:fullname	4	RAMP_C_000008282;RAMP_C_000008295;RAMP_C_000237367;RAMP_C_000237437	multi-candidate
PC O-42:2	PC O-42:2	Phosphatidylcholines	exact:fullname	6	RAMP_C_000006826;RAMP_C_000006856;RAMP_C_000006889;RAMP_C_000008286;RAMP_C_000237368;RAMP_C_000237438	multi-candidate
PC O-42:3	PC O-42:3	Phosphatidylcholines	exact:fullname	5	RAMP_C_000006857;RAMP_C_000006890;RAMP_C_000008306;RAMP_C_000008307;RAMP_C_000237439	multi-candidate
PC O-42:4	PC O-42:4	Phosphatidylcholines	unmatched	1	RAMP_C_000237369	
PC O-42:5	PC O-42:5	Phosphatidylcholines	unmatched	1	RAMP_C_000237440	
PC O-44:3	PC O-44:3	Phosphatidylcholines	exact:fullname	2	RAMP_C_000008297;RAMP_C_000008300	multi-candidate
PC O-44:4	PC O-44:4	Phosphatidylcholines	exact:fullname	3	RAMP_C_000008301;RAMP_C_000008303;RAMP_C_000008308	multi-candidate
PC O-44:5	PC O-44:5	Phosphatidylcholines	exact:fullname	1	RAMP_C_000008304	
PC O-44:6	PC O-44:6	Phosphatidylcholines	norm:fullname	2	RAMP_C_000008298;RAMP_C_000008305	multi-candidate
PE 20:0	PE 20:0	Phosphatidylethanolamines	unmatched	1	RAMP_C_000237537	
PE 28:0	PE 28:0	Phosphatidylethanolamines	exact:fullname	7	RAMP_C_000004817;RAMP_C_000237531;RAMP_C_000237557;RAMP_C_000238075;RAMP_C_000238081;RAMP_C_000238087	multi-candidate
PE 28:1	PE 28:1	Phosphatidylethanolamines	exact:fullname	6	RAMP_C_000004818;RAMP_C_000004850;RAMP_C_000237581;RAMP_C_000237603;RAMP_C_000237651;RAMP_C_000237687	multi-candidate
PE 30:0	PE 30:0	Phosphatidylethanolamines	exact:fullname	9	RAMP_C_000004820;RAMP_C_000004885;RAMP_C_000004916;RAMP_C_000238061;RAMP_C_000238069;RAMP_C_000238080	multi-candidate
PE 30:1	PE 30:1	Phosphatidylethanolamines	exact:fullname	10	RAMP_C_000004821;RAMP_C_000004853;RAMP_C_000004917;RAMP_C_000004949;RAMP_C_000237606;RAMP_C_000237645	multi-candidate
PE 31:0	PE 31:0	Phosphatidylethanolamines	exact:fullname	8	RAMP_C_000004886;RAMP_C_000004918;RAMP_C_000237589;RAMP_C_000237608;RAMP_C_000237627;RAMP_C_000237699	multi-candidate
PE 32:0	PE 32:0	Phosphatidylethanolamines	exact:fullname	10	RAMP_C_000004822;RAMP_C_000010276;RAMP_C_000161983;RAMP_C_000238054;RAMP_C_000238059;RAMP_C_000238068	multi-candidate
PE 32:1	PE 32:1	Phosphatidylethanolamines	exact:fullname	15	RAMP_C_000004824;RAMP_C_000004855;RAMP_C_000004920;RAMP_C_000004952;RAMP_C_000004983;RAMP_C_000005048	multi-candidate
PE 32:2	PE 32:2	Phosphatidylethanolamines	exact:fullname	13	RAMP_C_000004825;RAMP_C_000004857;RAMP_C_000004953;RAMP_C_000005049;RAMP_C_000005081;RAMP_C_000237573	multi-candidate
PE 33:0	PE 33:0	Phosphatidylethanolamines	exact:fullname	10	RAMP_C_000004888;RAMP_C_000004984;RAMP_C_000237596;RAMP_C_000237630;RAMP_C_000237701;RAMP_C_000238052	multi-candidate
PE 33:1	PE 33:1	Phosphatidylethanolamines	exact:fullname	15	RAMP_C_000004890;RAMP_C_000005050;RAMP_C_000237615;RAMP_C_000237631;RAMP_C_000237640;RAMP_C_000237661	multi-candidate
PE 33:2	PE 33:2	Phosphatidylethanolamines	exact:fullname	12	RAMP_C_000004891;RAMP_C_000005083;RAMP_C_000237616;RAMP_C_000237641;RAMP_C_000237662;RAMP_C_000237683	multi-candidate
PE 34:0	PE 34:0	Phosphatidylethanolamines	exact:fullname	11	RAMP_C_000004829;RAMP_C_000004921;RAMP_C_000004985;RAMP_C_000005213;RAMP_C_000238047;RAMP_C_000238051	multi-candidate
PE 34:1	PE 34:1	Phosphatidylethanolamines	exact:fullname	18	RAMP_C_000004830;RAMP_C_000004862;RAMP_C_000004922;RAMP_C_000004923;RAMP_C_000004954;RAMP_C_000004986	multi-candidate
PE 34:2	PE 34:2	Phosphatidylethanolamines	exact:fullname	16	RAMP_C_000004831;RAMP_C_000004863;RAMP_C_000004924;RAMP_C_000004956;RAMP_C_000005052;RAMP_C_000005084	multi-candidate
PE 34:3	PE 34:3	Phosphatidylethanolamines	exact:fullname	12	RAMP_C_000004833;RAMP_C_000004864;RAMP_C_000004925;RAMP_C_000004926;RAMP_C_000004957;RAMP_C_000005085	multi-candidate
PE 34:4	PE 34:4	Phosphatidylethanolamines	exact:fullname	13	RAMP_C_000004834;RAMP_C_000004866;RAMP_C_000004927;RAMP_C_000004958;RAMP_C_000004959;RAMP_C_000005118	multi-candidate
PE 35:1	PE 35:1	Phosphatidylethanolamines	exact:fullname	17	RAMP_C_000004896;RAMP_C_000005248;RAMP_C_000237621;RAMP_C_000237642;RAMP_C_000237669;RAMP_C_000237684	multi-candidate
PE 35:2	PE 35:2	Phosphatidylethanolamines	exact:fullname	14	RAMP_C_000004897;RAMP_C_000005281;RAMP_C_000237622;RAMP_C_000237670;RAMP_C_000237694;RAMP_C_000237705	multi-candidate
PE 35:3	PE 35:3	Phosphatidylethanolamines	exact:fullname	12	RAMP_C_000004899;RAMP_C_000005347;RAMP_C_000237671;RAMP_C_000237706;RAMP_C_000237707;RAMP_C_000237732	multi-candidate
PE 36:0	PE 36:0	Phosphatidylethanolamines	exact:fullname	9	RAMP_C_000004837;RAMP_C_000004928;RAMP_C_000005216;RAMP_C_000005477;RAMP_C_000040449;RAMP_C_000237709	multi-candidate
PE 36:1	PE 36:1	Phosphatidylethanolamines	exact:fullname	17	RAMP_C_000004870;RAMP_C_000004929;RAMP_C_000004961;RAMP_C_000004989;RAMP_C_000005053;RAMP_C_000005217	multi-candidate
PE 36:2	PE 36:2	Phosphatidylethanolamines	exact:fullname	18	RAMP_C_000004839;RAMP_C_000004930;RAMP_C_000004962;RAMP_C_000004990;RAMP_C_000005055;RAMP_C_000005086	multi-candidate
PE 36:3	PE 36:3	Phosphatidylethanolamines	exact:fullname	14	RAMP_C_000004872;RAMP_C_000004932;RAMP_C_000004963;RAMP_C_000004991;RAMP_C_000004992;RAMP_C_000005056	multi-candidate
PE 36:4	PE 36:4	Phosphatidylethanolamines	exact:fullname	14	RAMP_C_000004840;RAMP_C_000004933;RAMP_C_000004993;RAMP_C_000005057;RAMP_C_000005058;RAMP_C_000005089	multi-candidate
PE 36:5	PE 36:5	Phosphatidylethanolamines	exact:fullname	12	RAMP_C_000004873;RAMP_C_000004935;RAMP_C_000004966;RAMP_C_000005059;RAMP_C_000005090;RAMP_C_000005091	multi-candidate
PE 36:6	PE 36:6	Phosphatidylethanolamines	exact:fullname	10	RAMP_C_000004843;RAMP_C_000004968;RAMP_C_000005092;RAMP_C_000005123;RAMP_C_000005124;RAMP_C_000005156	multi-candidate
PE 38:0	PE 38:0	Phosphatidylethanolamines	exact:fullname	7	RAMP_C_000004936;RAMP_C_000004994;RAMP_C_000005218;RAMP_C_000005480;RAMP_C_000237715;RAMP_C_000237957	multi-candidate
PE 38:1	PE 38:1	Phosphatidylethanolamines	exact:fullname	16	RAMP_C_000004937;RAMP_C_000004969;RAMP_C_000004995;RAMP_C_000005060;RAMP_C_000005219;RAMP_C_000005220	multi-candidate
PE 38:2	PE 38:2	Phosphatidylethanolamines	exact:fullname	14	RAMP_C_000004938;RAMP_C_000004996;RAMP_C_000005061;RAMP_C_000005093;RAMP_C_000005221;RAMP_C_000005253	multi-candidate
PE 38:3	PE 38:3	Phosphatidylethanolamines	exact:fullname	12	RAMP_C_000004971;RAMP_C_000004998;RAMP_C_000005062;RAMP_C_000005094;RAMP_C_000005126;RAMP_C_000005159	multi-candidate
PE 38:4	PE 38:4	Phosphatidylethanolamines	exact:fullname	16	RAMP_C_000004939;RAMP_C_000004999;RAMP_C_000005063;RAMP_C_000005064;RAMP_C_000005095;RAMP_C_000005127	multi-candidate
PE 38:5	PE 38:5	Phosphatidylethanolamines	exact:fullname	14	RAMP_C_000004972;RAMP_C_000005001;RAMP_C_000005065;RAMP_C_000005097;RAMP_C_000005128;RAMP_C_000005161	multi-candidate
PE 38:6	PE 38:6	Phosphatidylethanolamines	exact:fullname	12	RAMP_C_000004942;RAMP_C_000005067;RAMP_C_000005098;RAMP_C_000005130;RAMP_C_000005163;RAMP_C_000005194	multi-candidate
PE 38:7	PE 38:7	Phosphatidylethanolamines	exact:fullname	10	RAMP_C_000004975;RAMP_C_000005100;RAMP_C_000005131;RAMP_C_000005164;RAMP_C_000005196;RAMP_C_000005356	multi-candidate
PE 40:1	PE 40:1	Phosphatidylethanolamines	exact:fullname	16	RAMP_C_000005003;RAMP_C_000005035;RAMP_C_000005068;RAMP_C_000005226;RAMP_C_000005258;RAMP_C_000005483	multi-candidate
PE 40:3	PE 40:3	Phosphatidylethanolamines	exact:fullname	12	RAMP_C_000005070;RAMP_C_000005134;RAMP_C_000005167;RAMP_C_000005229;RAMP_C_000005260;RAMP_C_000005292	multi-candidate
PE 40:4	PE 40:4	Phosphatidylethanolamines	exact:fullname	15	RAMP_C_000005005;RAMP_C_000005103;RAMP_C_000005200;RAMP_C_000005230;RAMP_C_000005262;RAMP_C_000005293	multi-candidate
PE 40:5	PE 40:5	Phosphatidylethanolamines	exact:fullname	14	RAMP_C_000005071;RAMP_C_000005136;RAMP_C_000005169;RAMP_C_000005232;RAMP_C_000005263;RAMP_C_000005295	multi-candidate
PE 40:6	PE 40:6	Phosphatidylethanolamines	exact:fullname	11	RAMP_C_000005008;RAMP_C_000005104;RAMP_C_000005202;RAMP_C_000005265;RAMP_C_000005296;RAMP_C_000005361	multi-candidate
PE 40:7	PE 40:7	Phosphatidylethanolamines	exact:fullname	10	RAMP_C_000005074;RAMP_C_000005137;RAMP_C_000005170;RAMP_C_000005298;RAMP_C_000005362;RAMP_C_000005394	multi-candidate
PE 40:8	PE 40:8	Phosphatidylethanolamines	exact:fullname	7	RAMP_C_000005107;RAMP_C_000005203;RAMP_C_000005364;RAMP_C_000005395;RAMP_C_000005460;RAMP_C_000005587	multi-candidate
PE 42:7	PE 42:7	Phosphatidylethanolamines	exact:fullname	6	RAMP_C_000005272;RAMP_C_000005368;RAMP_C_000005466;RAMP_C_000005562;RAMP_C_000005604;RAMP_C_000005688	multi-candidate
PE 42:8	PE 42:8	Phosphatidylethanolamines	exact:fullname	4	RAMP_C_000005305;RAMP_C_000005401;RAMP_C_000005592;RAMP_C_000005689	multi-candidate
PE 44:11	PE 44:11	Phosphatidylethanolamines	norm:fullname	4	RAMP_C_000005635;RAMP_C_000005668;RAMP_C_000005699;RAMP_C_000005700	multi-candidate
PE 44:12	PE 44:12	Phosphatidylethanolamines	exact:fullname	1	RAMP_C_000005701	
PE 44:6	PE 44:6	Phosphatidylethanolamines	exact:fullname	4	RAMP_C_000005503;RAMP_C_000005566;RAMP_C_000005597;RAMP_C_000005695	multi-candidate
PE 44:7	PE 44:7	Phosphatidylethanolamines	unmatched	2	RAMP_C_000238015;RAMP_C_000238045	multi-candidate
PE P-16:0/14:0	PE P-16:0/14:0	Phosphatidylethanolamines	norm:fullname	1	RAMP_C_000006895	
PE P-16:0/15:0	PE P-16:0/15:0	Phosphatidylethanolamines	norm:fullname	1	RAMP_C_000006897	
PE P-16:0/16:0	PE P-16:0/16:0	Phosphatidylethanolamines	norm:fullname	1	RAMP_C_000006736	
PE P-16:0/16:1	PE P-16:0/16:1	Phosphatidylethanolamines	norm:fullname	1	RAMP_C_000006898	
PE P-16:0/18:1	PE P-16:0/18:1	Phosphatidylethanolamines	norm:fullname	1	RAMP_C_000006901	
PE P-16:0/18:2	PE P-16:0/18:2	Phosphatidylethanolamines	norm:fullname	1	RAMP_C_000006902	
PE P-16:0/18:3	PE P-16:0/18:3	Phosphatidylethanolamines	norm:fullname	2	RAMP_C_000006903;RAMP_C_000006904	multi-candidate
PE P-16:0/20:3	PE P-16:0/20:3	Phosphatidylethanolamines	norm:fullname	1	RAMP_C_000006910	
PE P-16:0/20:4	PE P-16:0/20:4	Phosphatidylethanolamines	norm:fullname	1	RAMP_C_000006911	
PE P-16:0/20:5	PE P-16:0/20:5	Phosphatidylethanolamines	norm:fullname	1	RAMP_C_000006913	
PE P-16:0/22:4	PE P-16:0/22:4	Phosphatidylethanolamines	norm:fullname	2	RAMP_C_000006917;RAMP_C_000372410	multi-candidate
PE P-16:0/22:5	PE P-16:0/22:5	Phosphatidylethanolamines	unmatched	0		
PE P-16:0/22:6	PE P-16:0/22:6	Phosphatidylethanolamines	norm:fullname	1	RAMP_C_000002515	
PE P-18:0/14:0	PE P-18:0/14:0	Phosphatidylethanolamines	norm:fullname	1	RAMP_C_000006922	
PE P-18:0/16:0	PE P-18:0/16:0	Phosphatidylethanolamines	exact:fullname	1	RAMP_C_000006925	
PE P-18:0/16:1	PE P-18:0/16:1	Phosphatidylethanolamines	norm:fullname	1	RAMP_C_000006926	
PE P-18:0/17:1	PE P-18:0/17:1	Phosphatidylethanolamines	unmatched	1	RAMP_C_000238212	
PE P-18:0/18:0	PE P-18:0/18:0	Phosphatidylethanolamines	norm:fullname	1	RAMP_C_000006927	
PE P-18:0/18:1	PE P-18:0/18:1	Phosphatidylethanolamines	norm:fullname	1	RAMP_C_000006929	
PE P-18:0/18:2	PE P-18:0/18:2	Phosphatidylethanolamines	exact:fullname	1	RAMP_C_000006930	
PE P-18:0/18:3	PE P-18:0/18:3	Phosphatidylethanolamines	norm:fullname	2	RAMP_C_000006931;RAMP_C_000006932	multi-candidate
PE P-18:0/19:1	PE P-18:0/19:1	Phosphatidylethanolamines	unmatched	1	RAMP_C_000238215	
PE P-18:0/20:1	PE P-18:0/20:1	Phosphatidylethanolamines	norm:fullname	1	RAMP_C_000006935	
PE P-18:0/20:2	PE P-18:0/20:2	Phosphatidylethanolamines	norm:fullname	1	RAMP_C_000006936	
PE P-18:0/20:3	PE P-18:0/20:3	Phosphatidylethanolamines	exact:fullname	1	RAMP_C_000006938	
PE P-18:0/20:4	PE P-18:0/20:4	Phosphatidylethanolamines	norm:fullname	2	RAMP_C_000002514;RAMP_C_000040563	multi-candidate
PE P-18:0/20:5	PE P-18:0/20:5	Phosphatidylethanolamines	norm:fullname	1	RAMP_C_000006940	
PE P-18:0/22:1	PE P-18:0/22:1	Phosphatidylethanolamines	unmatched	1	RAMP_C_000238217	
PE P-18:0/22:2	PE P-18:0/22:2	Phosphatidylethanolamines	norm:fullname	1	RAMP_C_000006943	
PE P-18:0/22:3	PE P-18:0/22:3	Phosphatidylethanolamines	unmatched	0		
PE P-18:0/22:4	PE P-18:0/22:4	Phosphatidylethanolamines	norm:fullname	1	RAMP_C_000006944	
PE P-18:0/22:5	PE P-18:0/22:5	Phosphatidylethanolamines	exact:fullname	1	RAMP_C_000006945	
PE P-18:0/22:6	PE P-18:0/22:6	Phosphatidylethanolamines	norm:fullname	1	RAMP_C_000006947	
PE P-18:1/18:1	PE P-18:1/18:1	Phosphatidylethanolamines	unmatched	0		
PE P-18:1/18:2	PE P-18:1/18:2	Phosphatidylethanolamines	exact:fullname	1	RAMP_C_000006958	
PE P-18:1/20:4	PE P-18:1/20:4	Phosphatidylethanolamines	norm:fullname	1	RAMP_C_000006996	
PE P-18:1/20:5	PE P-18:1/20:5	Phosphatidylethanolamines	unmatched	0		
PE P-18:1/22:6	PE P-18:1/22:6	Phosphatidylethanolamines	exact:fullname	1	RAMP_C_000007005	
PE P-20:0/14:0	PE P-20:0/14:0	Phosphatidylethanolamines	unmatched	1	RAMP_C_000238220	
PE P-20:0/16:0	PE P-20:0/16:0	Phosphatidylethanolamines	unmatched	1	RAMP_C_000238224	
PE P-20:0/16:1	PE P-20:0/16:1	Phosphatidylethanolamines	unmatched	1	RAMP_C_000238225	
PE P-20:0/17:1	PE P-20:0/17:1	Phosphatidylethanolamines	unmatched	1	RAMP_C_000238227	
PE P-20:0/18:1	PE P-20:0/18:1	Phosphatidylethanolamines	unmatched	1	RAMP_C_000238230	
PE P-20:0/18:2	PE P-20:0/18:2	Phosphatidylethanolamines	unmatched	1	RAMP_C_000238231	
PE P-20:0/20:0	PE P-20:0/20:0	Phosphatidylethanolamines	unmatched	1	RAMP_C_000238237	
PE P-20:0/20:4	PE P-20:0/20:4	Phosphatidylethanolamines	unmatched	1	RAMP_C_000238241	
PE P-20:0/20:5	PE P-20:0/20:5	Phosphatidylethanolamines	unmatched	1	RAMP_C_000238242	
PG 14:0_16:0	PG 14:0_16:0	Phosphatidylglycerols	unmatched	2	RAMP_C_000239981;RAMP_C_000265486	multi-candidate
PG 15:0_18:1	PG 15:0_18:1	Phosphatidylglycerols	unmatched	2	RAMP_C_000239235;RAMP_C_000239407	multi-candidate
PG 16:0_16:0	PG 16:0_16:0	Phosphatidylglycerols	norm:fullname	1	RAMP_C_000006521	
PG 16:0_16:1	PG 16:0_16:1	Phosphatidylglycerols	norm:fullname	2	RAMP_C_000006522;RAMP_C_000006536	multi-candidate
PG 16:0_18:1	PG 16:0_18:1	Phosphatidylglycerols	norm:fullname	3	RAMP_C_000006524;RAMP_C_000006581;RAMP_C_000159223	multi-candidate
PG 16:0_18:2	PG 16:0_18:2	Phosphatidylglycerols	norm:fullname	2	RAMP_C_000006526;RAMP_C_000006596	multi-candidate
PG 16:0_18:3	PG 16:0_18:3	Phosphatidylglycerols	norm:fullname	4	RAMP_C_000006527;RAMP_C_000006528;RAMP_C_000006611;RAMP_C_000006626	multi-candidate
PG 16:0_19:1	PG 16:0_19:1	Phosphatidylglycerols	unmatched	2	RAMP_C_000239286;RAMP_C_000239540	multi-candidate
PG 16:0_20:3	PG 16:0_20:3	Phosphatidylglycerols	norm:fullname	3	RAMP_C_000006529;RAMP_C_000006530;RAMP_C_000239647	multi-candidate
PG 16:0_20:4	PG 16:0_20:4	Phosphatidylglycerols	norm:fullname	2	RAMP_C_000006531;RAMP_C_000095781	multi-candidate
PG 16:0_20:5	PG 16:0_20:5	Phosphatidylglycerols	unmatched	2	RAMP_C_000239698;RAMP_C_000239922	multi-candidate
PG 16:0_22:1	PG 16:0_22:1	Phosphatidylglycerols	unmatched	2	RAMP_C_000239289;RAMP_C_000239775	multi-candidate
PG 16:0_22:2	PG 16:0_22:2	Phosphatidylglycerols	unmatched	2	RAMP_C_000239290;RAMP_C_000239806	multi-candidate
PG 16:1_16:1	PG 16:1_16:1	Phosphatidylglycerols	norm:fullname	1	RAMP_C_000006537	
PG 16:1_18:0	PG 16:1_18:0	Phosphatidylglycerols	norm:fullname	2	RAMP_C_000006538;RAMP_C_000006552	multi-candidate
PG 16:1_18:1	PG 16:1_18:1	Phosphatidylglycerols	norm:fullname	3	RAMP_C_000006539;RAMP_C_000006540;RAMP_C_000006582	multi-candidate
PG 16:1_18:2	PG 16:1_18:2	Phosphatidylglycerols	norm:fullname	2	RAMP_C_000006541;RAMP_C_000006597	multi-candidate
PG 16:1_20:4	PG 16:1_20:4	Phosphatidylglycerols	norm:fullname	2	RAMP_C_000006546;RAMP_C_000095783	multi-candidate
PG 16:1_22:1	PG 16:1_22:1	Phosphatidylglycerols	unmatched	2	RAMP_C_000239308;RAMP_C_000239776	multi-candidate
PG 16:2_18:1	PG 16:2_18:1	Phosphatidylglycerols	unmatched	0		
PG 16:2_18:2	PG 16:2_18:2	Phosphatidylglycerols	unmatched	0		
PG 16:3_18:1	PG 16:3_18:1	Phosphatidylglycerols	unmatched	0		
PG 17:0_18:1	PG 17:0_18:1	Phosphatidylglycerols	unmatched	2	RAMP_C_000239409;RAMP_C_000239916	multi-candidate
PG 17:0_18:2	PG 17:0_18:2	Phosphatidylglycerols	unmatched	2	RAMP_C_000239317;RAMP_C_000239425	multi-candidate
PG 17:1_18:1	PG 17:1_18:1	Phosphatidylglycerols	unmatched	2	RAMP_C_000239343;RAMP_C_000239410	multi-candidate
PG 18:0_18:1	PG 18:0_18:1	Phosphatidylglycerols	norm:fullname	3	RAMP_C_000006554;RAMP_C_000006555;RAMP_C_000006583	multi-candidate
PG 18:0_18:2	PG 18:0_18:2	Phosphatidylglycerols	norm:fullname	2	RAMP_C_000006556;RAMP_C_000006598	multi-candidate
PG 18:0_18:3	PG 18:0_18:3	Phosphatidylglycerols	norm:fullname	4	RAMP_C_000006557;RAMP_C_000006558;RAMP_C_000006613;RAMP_C_000006628	multi-candidate
PG 18:0_22:1	PG 18:0_22:1	Phosphatidylglycerols	unmatched	2	RAMP_C_000239402;RAMP_C_000239780	multi-candidate
PG 18:1_18:1	PG 18:1_18:1	Phosphatidylglycerols	norm:fullname	5	RAMP_C_000006569;RAMP_C_000006570;RAMP_C_000006584;RAMP_C_000159311;RAMP_C_000239134	multi-candidate
PG 18:1_18:2	PG 18:1_18:2	Phosphatidylglycerols	norm:fullname	3	RAMP_C_000006571;RAMP_C_000006586;RAMP_C_000006600	multi-candidate
PG 18:1_18:3	PG 18:1_18:3	Phosphatidylglycerols	norm:fullname	6	RAMP_C_000006572;RAMP_C_000006573;RAMP_C_000006587;RAMP_C_000006588;RAMP_C_000006615;RAMP_C_000006630	multi-candidate
PG 18:1_20:0	PG 18:1_20:0	Phosphatidylglycerols	unmatched	2	RAMP_C_000239967;RAMP_C_000239972	multi-candidate
PG 18:1_20:1	PG 18:1_20:1	Phosphatidylglycerols	unmatched	2	RAMP_C_000239594;RAMP_C_000239971	multi-candidate
PG 18:1_20:2	PG 18:1_20:2	Phosphatidylglycerols	unmatched	2	RAMP_C_000239415;RAMP_C_000239623	multi-candidate
PG 18:1_20:3	PG 18:1_20:3	Phosphatidylglycerols	norm:fullname	5	RAMP_C_000006574;RAMP_C_000006575;RAMP_C_000006589;RAMP_C_000006590;RAMP_C_000239653	multi-candidate
PG 18:1_20:4	PG 18:1_20:4	Phosphatidylglycerols	norm:fullname	3	RAMP_C_000006576;RAMP_C_000006591;RAMP_C_000095785	multi-candidate
PG 18:1_20:5	PG 18:1_20:5	Phosphatidylglycerols	unmatched	2	RAMP_C_000239893;RAMP_C_000239908	multi-candidate
PG 18:1_22:0	PG 18:1_22:0	Phosphatidylglycerols	unmatched	2	RAMP_C_000239961;RAMP_C_000239970	multi-candidate
PG 18:1_22:1	PG 18:1_22:1	Phosphatidylglycerols	unmatched	2	RAMP_C_000239417;RAMP_C_000239781	multi-candidate
PG 18:1_22:2	PG 18:1_22:2	Phosphatidylglycerols	unmatched	2	RAMP_C_000239418;RAMP_C_000239812	multi-candidate
PG 18:1_22:3	PG 18:1_22:3	Phosphatidylglycerols	unmatched	0		
PG 18:1_22:4	PG 18:1_22:4	Phosphatidylglycerols	norm:fullname	3	RAMP_C_000006577;RAMP_C_000006592;RAMP_C_000239843	multi-candidate
PG 18:1_22:5	PG 18:1_22:5	Phosphatidylglycerols	norm:fullname	4	RAMP_C_000006578;RAMP_C_000006579;RAMP_C_000006593;RAMP_C_000006594	multi-candidate
PG 18:2_18:2	PG 18:2_18:2	Phosphatidylglycerols	norm:fullname	1	RAMP_C_000006601	
PG 18:2_18:3	PG 18:2_18:3	Phosphatidylglycerols	norm:fullname	4	RAMP_C_000006602;RAMP_C_000006603;RAMP_C_000006616;RAMP_C_000006631	multi-candidate
PG 18:2_18:4	PG 18:2_18:4	Phosphatidylglycerols	unmatched	2	RAMP_C_000239428;RAMP_C_000239492	multi-candidate
PG 18:2_20:0	PG 18:2_20:0	Phosphatidylglycerols	unmatched	2	RAMP_C_000239431;RAMP_C_000239966	multi-candidate
PG 18:2_20:2	PG 18:2_20:2	Phosphatidylglycerols	norm:fullname	2	RAMP_C_000095752;RAMP_C_000239433	multi-candidate
PG 18:2_20:3	PG 18:2_20:3	Phosphatidylglycerols	norm:fullname	3	RAMP_C_000006604;RAMP_C_000006605;RAMP_C_000095756	multi-candidate
PG 18:2_20:4	PG 18:2_20:4	Phosphatidylglycerols	norm:fullname	3	RAMP_C_000006606;RAMP_C_000095750;RAMP_C_000095759	multi-candidate
PG 18:2_20:5	PG 18:2_20:5	Phosphatidylglycerols	unmatched	2	RAMP_C_000239434;RAMP_C_000239704	multi-candidate
PG 18:2_22:0	PG 18:2_22:0	Phosphatidylglycerols	unmatched	2	RAMP_C_000239436;RAMP_C_000239754	multi-candidate
PG 18:2_22:1	PG 18:2_22:1	Phosphatidylglycerols	unmatched	2	RAMP_C_000239437;RAMP_C_000239782	multi-candidate
PG 18:2_22:3	PG 18:2_22:3	Phosphatidylglycerols	unmatched	0		
PG 18:2_22:4	PG 18:2_22:4	Phosphatidylglycerols	norm:fullname	2	RAMP_C_000006607;RAMP_C_000239844	multi-candidate
PG 20:3_20:4	PG 20:3_20:4	Phosphatidylglycerols	norm:fullname	2	RAMP_C_000095763;RAMP_C_000239662	multi-candidate
PG 20:4_20:4	PG 20:4_20:4	Phosphatidylglycerols	norm:fullname	4	RAMP_C_000095764;RAMP_C_000095765;RAMP_C_000095771;RAMP_C_000095772	multi-candidate
PG 20:4_22:1	PG 20:4_22:1	Phosphatidylglycerols	unmatched	2	RAMP_C_000239689;RAMP_C_000239792	multi-candidate
PG 20:4_22:3	PG 20:4_22:3	Phosphatidylglycerols	unmatched	0		
PG 20:4_22:4	PG 20:4_22:4	Phosphatidylglycerols	unmatched	2	RAMP_C_000239691;RAMP_C_000239854	multi-candidate
PG 22:4_22:6	PG 22:4_22:6	Phosphatidylglycerols	unmatched	2	RAMP_C_000239882;RAMP_C_000239984	multi-candidate
PG 22:5_22:6	PG 22:5_22:6	Phosphatidylglycerols	norm:fullname	2	RAMP_C_000095795;RAMP_C_000095920	multi-candidate
PG 22:6_22:6	PG 22:6_22:6	Phosphatidylglycerols	norm:fullname	1	RAMP_C_000095780	
PI 14:0_18:1	PI 14:0_18:1	Phosphatidylinositols	unmatched	2	RAMP_C_000241085;RAMP_C_000241193	multi-candidate
PI 14:0_18:2	PI 14:0_18:2	Phosphatidylinositols	unmatched	2	RAMP_C_000240543;RAMP_C_000241132	multi-candidate
PI 15:0_16:0	PI 15:0_16:0	Phosphatidylinositols	unmatched	2	RAMP_C_000241115;RAMP_C_000241122	multi-candidate
PI 15:1_16:0	PI 15:1_16:0	Phosphatidylinositols	unmatched	2	RAMP_C_000240368;RAMP_C_000240395	multi-candidate
PI 16:0_16:0	PI 16:0_16:0	Phosphatidylinositols	norm:fullname	1	RAMP_C_000005774	
PI 16:0_17:0	PI 16:0_17:0	Phosphatidylinositols	unmatched	2	RAMP_C_000240430;RAMP_C_000241113	multi-candidate
PI 16:0_17:1	PI 16:0_17:1	Phosphatidylinositols	unmatched	2	RAMP_C_000240455;RAMP_C_000241112	multi-candidate
PI 16:0_17:2	PI 16:0_17:2	Phosphatidylinositols	unmatched	2	RAMP_C_000240396;RAMP_C_000240485	multi-candidate
PI 16:0_18:1	PI 16:0_18:1	Phosphatidylinositols	norm:fullname	3	RAMP_C_000005778;RAMP_C_000005779;RAMP_C_000005830	multi-candidate
PI 16:0_18:2	PI 16:0_18:2	Phosphatidylinositols	norm:fullname	2	RAMP_C_000005842;RAMP_C_000265496	multi-candidate
PI 16:0_18:3	PI 16:0_18:3	Phosphatidylinositols	unmatched	4	RAMP_C_000240573;RAMP_C_000241110;RAMP_C_000241159;RAMP_C_000241177	multi-candidate
PI 16:0_20:0	PI 16:0_20:0	Phosphatidylinositols	norm:fullname	2	RAMP_C_000005781;RAMP_C_000005862	multi-candidate
PI 16:0_20:3	PI 16:0_20:3	Phosphatidylinositols	norm:fullname	3	RAMP_C_000005783;RAMP_C_000005784;RAMP_C_000005882	multi-candidate
PI 16:0_20:4	PI 16:0_20:4	Phosphatidylinositols	norm:fullname	3	RAMP_C_000005786;RAMP_C_000005889;RAMP_C_000265492	multi-candidate
PI 16:0_22:1	PI 16:0_22:1	Phosphatidylinositols	unmatched	2	RAMP_C_000240400;RAMP_C_000240933	multi-candidate
PI 16:1_18:0	PI 16:1_18:0	Phosphatidylinositols	norm:fullname	2	RAMP_C_000005795;RAMP_C_000005802	multi-candidate
PI 16:1_18:1	PI 16:1_18:1	Phosphatidylinositols	norm:fullname	3	RAMP_C_000005796;RAMP_C_000005797;RAMP_C_000005831	multi-candidate
PI 16:1_18:2	PI 16:1_18:2	Phosphatidylinositols	unmatched	2	RAMP_C_000240547;RAMP_C_000241105	multi-candidate
PI 17:0_18:1	PI 17:0_18:1	Phosphatidylinositols	unmatched	2	RAMP_C_000240528;RAMP_C_000241097	multi-candidate
PI 17:1_18:1	PI 17:1_18:1	Phosphatidylinositols	unmatched	2	RAMP_C_000240460;RAMP_C_000240529	multi-candidate
PI 17:1_18:2	PI 17:1_18:2	Phosphatidylinositols	unmatched	2	RAMP_C_000240461;RAMP_C_000240549	multi-candidate
PI 18:0_18:0	PI 18:0_18:0	Phosphatidylinositols	norm:fullname	1	RAMP_C_000005804	
PI 18:0_18:1	PI 18:0_18:1	Phosphatidylinositols	norm:fullname	2	RAMP_C_000156885;RAMP_C_000241165	multi-candidate
PI 18:0_18:2	PI 18:0_18:2	Phosphatidylinositols	norm:fullname	2	RAMP_C_000005805;RAMP_C_000005843	multi-candidate
PI 18:0_18:3	PI 18:0_18:3	Phosphatidylinositols	norm:fullname	4	RAMP_C_000005806;RAMP_C_000005807;RAMP_C_000005854;RAMP_C_000005858	multi-candidate
PI 18:0_20:0	PI 18:0_20:0	Phosphatidylinositols	unmatched	2	RAMP_C_000241157;RAMP_C_000241169	multi-candidate
PI 18:0_20:3	PI 18:0_20:3	Phosphatidylinositols	norm:fullname	3	RAMP_C_000005809;RAMP_C_000005810;RAMP_C_000005883	multi-candidate
PI 18:0_20:4	PI 18:0_20:4	Phosphatidylinositols	norm:fullname	3	RAMP_C_000005812;RAMP_C_000005890;RAMP_C_000265658	multi-candidate
PI 18:0_22:0	PI 18:0_22:0	Phosphatidylinositols	unmatched	2	RAMP_C_000241049;RAMP_C_000241188	multi-candidate
PI 18:1_18:1	PI 18:1_18:1	Phosphatidylinositols	norm:fullname	4	RAMP_C_000005820;RAMP_C_000005821;RAMP_C_000005832;RAMP_C_000005833	multi-candidate
PI 18:1_18:2	PI 18:1_18:2	Phosphatidylinositols	norm:fullname	3	RAMP_C_000005822;RAMP_C_000005834;RAMP_C_000005845	multi-candidate
PI 18:1_18:3	PI 18:1_18:3	Phosphatidylinositols	norm:fullname	6	RAMP_C_000005823;RAMP_C_000005824;RAMP_C_000005835;RAMP_C_000005836;RAMP_C_000005856;RAMP_C_000005860	multi-candidate
PI 18:1_20:0	PI 18:1_20:0	Phosphatidylinositols	unmatched	2	RAMP_C_000241156;RAMP_C_000241163	multi-candidate
PI 18:1_20:1	PI 18:1_20:1	Phosphatidylinositols	norm:fullname	3	RAMP_C_000005825;RAMP_C_000005837;RAMP_C_000005867	multi-candidate
PI 18:1_20:2	PI 18:1_20:2	Phosphatidylinositols	unmatched	2	RAMP_C_000240535;RAMP_C_000240771	multi-candidate
PI 18:1_20:3	PI 18:1_20:3	Phosphatidylinositols	norm:fullname	5	RAMP_C_000005826;RAMP_C_000005827;RAMP_C_000005838;RAMP_C_000005839;RAMP_C_000005885	multi-candidate
PI 18:1_20:4	PI 18:1_20:4	Phosphatidylinositols	norm:fullname	5	RAMP_C_000005828;RAMP_C_000005829;RAMP_C_000005840;RAMP_C_000005841;RAMP_C_000005892	multi-candidate
PI 18:1_20:5	PI 18:1_20:5	Phosphatidylinositols	unmatched	2	RAMP_C_000241059;RAMP_C_000241081	multi-candidate
PI 18:1_22:0	PI 18:1_22:0	Phosphatidylinositols	unmatched	2	RAMP_C_000241150;RAMP_C_000241161	multi-candidate
PI 18:1_22:1	PI 18:1_22:1	Phosphatidylinositols	unmatched	2	RAMP_C_000240538;RAMP_C_000240939	multi-candidate
PI 18:1_22:2	PI 18:1_22:2	Phosphatidylinositols	unmatched	2	RAMP_C_000240539;RAMP_C_000240970	multi-candidate
PI 18:1_22:3	PI 18:1_22:3	Phosphatidylinositols	unmatched	0		
PI 18:1_22:4	PI 18:1_22:4	Phosphatidylinositols	unmatched	2	RAMP_C_000240540;RAMP_C_000241001	multi-candidate
PI 18:1_22:5	PI 18:1_22:5	Phosphatidylinositols	unmatched	0		
PI 18:1_22:6	PI 18:1_22:6	Phosphatidylinositols	unmatched	2	RAMP_C_000240246;RAMP_C_000241030	multi-candidate
PI 18:2_18:3	PI 18:2_18:3	Phosphatidylinositols	unmatched	4	RAMP_C_000240552;RAMP_C_000240553;RAMP_C_000240580;RAMP_C_000240609	multi-candidate
PI 18:2_20:0	PI 18:2_20:0	Phosphatidylinositols	norm:fullname	2	RAMP_C_000005847;RAMP_C_000005863	multi-candidate
PI 18:2_20:1	PI 18:2_20:1	Phosphatidylinositols	norm:fullname	2	RAMP_C_000005848;RAMP_C_000005868	multi-candidate
PI 18:2_20:4	PI 18:2_20:4	Phosphatidylinositols	unmatched	2	RAMP_C_000240833;RAMP_C_000241078	multi-candidate
PI 18:2_20:5	PI 18:2_20:5	Phosphatidylinositols	unmatched	2	RAMP_C_000240561;RAMP_C_000240862	multi-candidate
PI 18:2_22:0	PI 18:2_22:0	Phosphatidylinositols	unmatched	2	RAMP_C_000240563;RAMP_C_000240912	multi-candidate
PI 18:2_22:1	PI 18:2_22:1	Phosphatidylinositols	unmatched	2	RAMP_C_000240564;RAMP_C_000240940	multi-candidate
PI 18:2_22:6	PI 18:2_22:6	Phosphatidylinositols	unmatched	2	RAMP_C_000241031;RAMP_C_000241077	multi-candidate
PS 30:0	PS 30:0	Phosphatidylserines	exact:fullname	7	RAMP_C_000007799;RAMP_C_000007819;RAMP_C_000091455;RAMP_C_000238833;RAMP_C_000238841;RAMP_C_000238854	multi-candidate
PS 32:0	PS 32:0	Phosphatidylserines	exact:fullname	9	RAMP_C_000007801;RAMP_C_000007840;RAMP_C_000217830;RAMP_C_000238826;RAMP_C_000238831;RAMP_C_000238840	multi-candidate
PS 34:1	PS 34:1	Phosphatidylserines	exact:fullname	17	RAMP_C_000007823;RAMP_C_000007833;RAMP_C_000007843;RAMP_C_000007851;RAMP_C_000091442;RAMP_C_000091449	multi-candidate
PS 34:2	PS 34:2	Phosphatidylserines	exact:fullname	15	RAMP_C_000007824;RAMP_C_000007834;RAMP_C_000007852;RAMP_C_000007862;RAMP_C_000091453;RAMP_C_000091471	multi-candidate
PS 36:1	PS 36:1	Phosphatidylserines	exact:fullname	16	RAMP_C_000006152;RAMP_C_000007853;RAMP_C_000091454;RAMP_C_000091461;RAMP_C_000091462;RAMP_C_000091690	multi-candidate
PS 36:2	PS 36:2	Phosphatidylserines	exact:fullname	15	RAMP_C_000007845;RAMP_C_000007854;RAMP_C_000007864;RAMP_C_000091463;RAMP_C_000091477;RAMP_C_000091521	multi-candidate
PS 36:3	PS 36:3	Phosphatidylserines	exact:fullname	14	RAMP_C_000007826;RAMP_C_000007846;RAMP_C_000007855;RAMP_C_000007865;RAMP_C_000007875;RAMP_C_000007884	multi-candidate
PS 36:4	PS 36:4	Phosphatidylserines	exact:fullname	13	RAMP_C_000007827;RAMP_C_000007837;RAMP_C_000007856;RAMP_C_000007866;RAMP_C_000007876;RAMP_C_000007885	multi-candidate
PS 36:5	PS 36:5	Phosphatidylserines	exact:fullname	12	RAMP_C_000007838;RAMP_C_000007867;RAMP_C_000007877;RAMP_C_000007896;RAMP_C_000091491;RAMP_C_000091523	multi-candidate
PS 38:4	PS 38:4	Phosphatidylserines	exact:fullname	14	RAMP_C_000007848;RAMP_C_000007857;RAMP_C_000007887;RAMP_C_000007897;RAMP_C_000091527;RAMP_C_000091606	multi-candidate
PS 38:5	PS 38:5	Phosphatidylserines	exact:fullname	14	RAMP_C_000007858;RAMP_C_000007868;RAMP_C_000007888;RAMP_C_000007898;RAMP_C_000091542;RAMP_C_000091553	multi-candidate
PS 38:6	PS 38:6	Phosphatidylserines	exact:fullname	12	RAMP_C_000007828;RAMP_C_000007869;RAMP_C_000007879;RAMP_C_000007889;RAMP_C_000007899;RAMP_C_000007906	multi-candidate
PS 38:7	PS 38:7	Phosphatidylserines	exact:fullname	10	RAMP_C_000007839;RAMP_C_000007880;RAMP_C_000007900;RAMP_C_000007907;RAMP_C_000091609;RAMP_C_000091633	multi-candidate
PS 40:4	PS 40:4	Phosphatidylserines	exact:fullname	15	RAMP_C_000091557;RAMP_C_000091612;RAMP_C_000091679;RAMP_C_000091703;RAMP_C_000091730;RAMP_C_000091755	multi-candidate
PS 40:5	PS 40:5	Phosphatidylserines	exact:fullname	14	RAMP_C_000091595;RAMP_C_000091637;RAMP_C_000091654;RAMP_C_000091705;RAMP_C_000091731;RAMP_C_000091757	multi-candidate
PS 40:6	PS 40:6	Phosphatidylserines	exact:fullname	11	RAMP_C_000006156;RAMP_C_000007890;RAMP_C_000007908;RAMP_C_000091613;RAMP_C_000091680;RAMP_C_000091732	multi-candidate
PS 40:7	PS 40:7	Phosphatidylserines	exact:fullname	10	RAMP_C_000007859;RAMP_C_000007891;RAMP_C_000007901;RAMP_C_000007909;RAMP_C_000091638;RAMP_C_000091655	multi-candidate
PS 40:8	PS 40:8	Phosphatidylserines	exact:fullname	7	RAMP_C_000007870;RAMP_C_000007902;RAMP_C_000007910;RAMP_C_000091681;RAMP_C_000091869;RAMP_C_000091974	multi-candidate
SPB d14:0	SPB d14:0	Sphinganines and sphingosines	unmatched	0		
SPB d14:1	SPB d14:1	Sphinganines and sphingosines	unmatched	0		
SPB d16:0	SPB d16:0	Sphinganines and sphingosines	unmatched	0		
SPB d16:1	SPB d16:1	Sphinganines and sphingosines	unmatched	0		
SPB d17:0	SPB d17:0	Sphinganines and sphingosines	unmatched	0		
SPB d17:1	SPB d17:1	Sphinganines and sphingosines	unmatched	0		
SPB d18:0	SPB d18:0	Sphinganines and sphingosines	unmatched	0		
SPB d18:1	SPB d18:1	Sphinganines and sphingosines	unmatched	0		
SPBP d14:0	SPBP d14:0	Sphinganine and sphingosine phosphates	unmatched	0		
SPBP d14:1	SPBP d14:1	Sphinganine and sphingosine phosphates	unmatched	0		
SPBP d16:0	SPBP d16:0	Sphinganine and sphingosine phosphates	unmatched	0		
SPBP d16:1	SPBP d16:1	Sphinganine and sphingosine phosphates	unmatched	0		
SPBP d17:0	SPBP d17:0	Sphinganine and sphingosine phosphates	unmatched	0		
SPBP d17:1	SPBP d17:1	Sphinganine and sphingosine phosphates	unmatched	0		
SPBP d18:0	SPBP d18:0	Sphinganine and sphingosine phosphates	unmatched	0		
SPBP d18:1	SPBP d18:1	Sphinganine and sphingosine phosphates	unmatched	0		
SM 33:1	SM 33:1	Sphingomyelins	norm:fullname	1	RAMP_C_000156827	
SM 34:1	SM 34:1	Sphingomyelins	unmatched	0		
SM 34:2	SM 34:2	Sphingomyelins	norm:fullname	1	RAMP_C_000156832	
SM 35:1	SM 35:1	Sphingomyelins	unmatched	0		
SM 36:1	SM 36:1	Sphingomyelins	unmatched	0		
SM 36:2	SM 36:2	Sphingomyelins	unmatched	0		
SM 38:3	SM 38:3	Sphingomyelins	unmatched	0		
SM 41:1	SM 41:1	Sphingomyelins	unmatched	0		
SM 41:2	SM 41:2	Sphingomyelins	norm:fullname	1	RAMP_C_000156833	
SM 42:1	SM 42:1	Sphingomyelins	unmatched	0		
SM 42:2	SM 42:2	Sphingomyelins	unmatched	0		
SM 43:1	SM 43:1	Sphingomyelins	unmatched	0		
SM 44:1	SM 44:1	Sphingomyelins	unmatched	0		
SM 44:2	SM 44:2	Sphingomyelins	unmatched	0		
TG 14:0_32:2	TG 14:0_32:2	Triglycerides	unmatched	0		
TG 16:0_34:1	TG 16:0_34:1	Triglycerides	unmatched	0		
TG 16:1_32:0	TG 16:1_32:0	Triglycerides	unmatched	0		
TG 17:1_34:3	TG 17:1_34:3	Triglycerides	unmatched	0		
TG 14:0_34:0	TG 14:0_34:0	Triglycerides	unmatched	0		
TG 16:0_34:2	TG 16:0_34:2	Triglycerides	unmatched	0		
TG 16:1_32:1	TG 16:1_32:1	Triglycerides	unmatched	0		
TG 17:1_36:3	TG 17:1_36:3	Triglycerides	unmatched	0		
TG 14:0_34:1	TG 14:0_34:1	Triglycerides	unmatched	0		
TG 16:0_34:3	TG 16:0_34:3	Triglycerides	unmatched	0		
TG 16:1_32:2	TG 16:1_32:2	Triglycerides	unmatched	0		
TG 17:1_36:4	TG 17:1_36:4	Triglycerides	unmatched	0		
TG 14:0_34:2	TG 14:0_34:2	Triglycerides	unmatched	0		
TG 16:0_34:4	TG 16:0_34:4	Triglycerides	unmatched	0		
TG 16:1_33:1	TG 16:1_33:1	Triglycerides	unmatched	0		
TG 17:1_36:5	TG 17:1_36:5	Triglycerides	unmatched	0		
TG 14:0_34:3	TG 14:0_34:3	Triglycerides	unmatched	0		
TG 16:0_35:1	TG 16:0_35:1	Triglycerides	unmatched	0		
TG 16:1_34:0	TG 16:1_34:0	Triglycerides	unmatched	0		
TG 17:1_38:5	TG 17:1_38:5	Triglycerides	unmatched	0		
TG 14:0_35:1	TG 14:0_35:1	Triglycerides	unmatched	0		
TG 16:0_35:2	TG 16:0_35:2	Triglycerides	unmatched	0		
TG 16:1_34:1	TG 16:1_34:1	Triglycerides	unmatched	0		
TG 17:1_38:6	TG 17:1_38:6	Triglycerides	unmatched	0		
TG 14:0_35:2	TG 14:0_35:2	Triglycerides	unmatched	0		
TG 16:0_35:3	TG 16:0_35:3	Triglycerides	unmatched	0		
TG 16:1_34:2	TG 16:1_34:2	Triglycerides	unmatched	0		
TG 17:1_38:7	TG 17:1_38:7	Triglycerides	unmatched	0		
TG 14:0_36:1	TG 14:0_36:1	Triglycerides	unmatched	0		
TG 16:0_36:2	TG 16:0_36:2	Triglycerides	unmatched	0		
TG 16:1_34:3	TG 16:1_34:3	Triglycerides	unmatched	0		
TG 17:2_34:2	TG 17:2_34:2	Triglycerides	unmatched	0		
TG 14:0_36:2	TG 14:0_36:2	Triglycerides	unmatched	0		
TG 16:0_36:3	TG 16:0_36:3	Triglycerides	unmatched	0		
TG 16:1_36:1	TG 16:1_36:1	Triglycerides	unmatched	0		
TG 17:2_34:3	TG 17:2_34:3	Triglycerides	unmatched	0		
TG 14:0_36:3	TG 14:0_36:3	Triglycerides	unmatched	0		
TG 16:0_36:4	TG 16:0_36:4	Triglycerides	unmatched	0		
TG 16:1_36:2	TG 16:1_36:2	Triglycerides	unmatched	0		
TG 17:2_36:2	TG 17:2_36:2	Triglycerides	unmatched	0		
TG 14:0_36:4	TG 14:0_36:4	Triglycerides	unmatched	0		
TG 16:0_36:5	TG 16:0_36:5	Triglycerides	unmatched	0		
TG 16:1_36:3	TG 16:1_36:3	Triglycerides	unmatched	0		
TG 17:2_36:3	TG 17:2_36:3	Triglycerides	unmatched	0		
TG 14:0_38:4	TG 14:0_38:4	Triglycerides	unmatched	0		
TG 16:0_36:6	TG 16:0_36:6	Triglycerides	unmatched	0		
TG 16:1_36:4	TG 16:1_36:4	Triglycerides	unmatched	0		
TG 17:2_36:4	TG 17:2_36:4	Triglycerides	unmatched	0		
TG 14:0_38:5	TG 14:0_38:5	Triglycerides	unmatched	0		
TG 16:0_37:3	TG 16:0_37:3	Triglycerides	unmatched	0		
TG 16:1_36:5	TG 16:1_36:5	Triglycerides	unmatched	0		
TG 17:2_38:5	TG 17:2_38:5	Triglycerides	unmatched	0		
TG 14:0_39:3	TG 14:0_39:3	Triglycerides	unmatched	0		
TG 16:0_38:1	TG 16:0_38:1	Triglycerides	unmatched	0		
TG 16:1_38:3	TG 16:1_38:3	Triglycerides	unmatched	0		
TG 17:2_38:6	TG 17:2_38:6	Triglycerides	unmatched	0		
TG 14:0_40:5	TG 14:0_40:5	Triglycerides	unmatched	0		
TG 16:0_38:2	TG 16:0_38:2	Triglycerides	unmatched	0		
TG 16:1_38:4	TG 16:1_38:4	Triglycerides	unmatched	0		
TG 17:2_38:7	TG 17:2_38:7	Triglycerides	unmatched	0		
TG 16:0_28:1	TG 16:0_28:1	Triglycerides	unmatched	0		
TG 16:0_38:3	TG 16:0_38:3	Triglycerides	unmatched	0		
TG 16:1_38:5	TG 16:1_38:5	Triglycerides	unmatched	0		
TG 18:0_30:0	TG 18:0_30:0	Triglycerides	unmatched	0		
TG 16:0_28:2	TG 16:0_28:2	Triglycerides	unmatched	0		
TG 16:0_38:4	TG 16:0_38:4	Triglycerides	unmatched	0		
TG 17:0_32:1	TG 17:0_32:1	Triglycerides	unmatched	0		
TG 18:0_30:1	TG 18:0_30:1	Triglycerides	unmatched	0		
TG 16:0_30:2	TG 16:0_30:2	Triglycerides	unmatched	0		
TG 16:0_38:5	TG 16:0_38:5	Triglycerides	unmatched	0		
TG 17:0_34:1	TG 17:0_34:1	Triglycerides	unmatched	0		
TG 18:0_32:0	TG 18:0_32:0	Triglycerides	unmatched	0		
TG 16:0_32:0	TG 16:0_32:0	Triglycerides	unmatched	0		
TG 16:0_38:6	TG 16:0_38:6	Triglycerides	unmatched	0		
TG 17:0_34:3	TG 17:0_34:3	Triglycerides	unmatched	0		
TG 18:0_34:2	TG 18:0_34:2	Triglycerides	unmatched	0		
TG 16:0_32:1	TG 16:0_32:1	Triglycerides	unmatched	0		
TG 16:0_38:7	TG 16:0_38:7	Triglycerides	unmatched	0		
TG 17:0_36:3	TG 17:0_36:3	Triglycerides	unmatched	0		
TG 18:0_34:3	TG 18:0_34:3	Triglycerides	unmatched	0		
TG 16:0_32:2	TG 16:0_32:2	Triglycerides	unmatched	0		
TG 16:0_40:6	TG 16:0_40:6	Triglycerides	unmatched	0		
TG 17:0_36:4	TG 17:0_36:4	Triglycerides	unmatched	0		
TG 18:0_36:1	TG 18:0_36:1	Triglycerides	unmatched	0		
TG 16:0_32:3	TG 16:0_32:3	Triglycerides	unmatched	0		
TG 16:0_40:7	TG 16:0_40:7	Triglycerides	unmatched	0		
TG 17:1_32:1	TG 17:1_32:1	Triglycerides	unmatched	0		
TG 18:0_36:2	TG 18:0_36:2	Triglycerides	unmatched	0		
TG 16:0_33:1	TG 16:0_33:1	Triglycerides	unmatched	0		
TG 16:0_40:8	TG 16:0_40:8	Triglycerides	unmatched	0		
TG 17:1_34:1	TG 17:1_34:1	Triglycerides	unmatched	0		
TG 18:0_36:3	TG 18:0_36:3	Triglycerides	unmatched	0		
TG 16:0_33:2	TG 16:0_33:2	Triglycerides	unmatched	0		
TG 16:1_28:0	TG 16:1_28:0	Triglycerides	unmatched	0		
TG 17:1_34:2	TG 17:1_34:2	Triglycerides	unmatched	0		
TG 20:4_30:0	TG 20:4_30:0	Triglycerides	unmatched	0		
TG 16:0_34:0	TG 16:0_34:0	Triglycerides	unmatched	0		
TG 16:1_30:1	TG 16:1_30:1	Triglycerides	unmatched	0		
TG 18:3_36:3	TG 18:3_36:3	Triglycerides	unmatched	0		
TG 20:4_32:0	TG 20:4_32:0	Triglycerides	unmatched	0		
TG 18:0_36:4	TG 18:0_36:4	Triglycerides	unmatched	0		
TG 18:2_30:1	TG 18:2_30:1	Triglycerides	unmatched	0		
TG 18:3_36:4	TG 18:3_36:4	Triglycerides	unmatched	0		
TG 20:4_32:1	TG 20:4_32:1	Triglycerides	unmatched	0		
TG 18:0_36:5	TG 18:0_36:5	Triglycerides	unmatched	0		
TG 18:2_31:0	TG 18:2_31:0	Triglycerides	unmatched	0		
TG 18:3_38:5	TG 18:3_38:5	Triglycerides	unmatched	0		
TG 20:4_32:2	TG 20:4_32:2	Triglycerides	unmatched	0		
TG 18:0_38:6	TG 18:0_38:6	Triglycerides	unmatched	0		
TG 18:2_32:0	TG 18:2_32:0	Triglycerides	unmatched	0		
TG 18:3_38:6	TG 18:3_38:6	Triglycerides	unmatched	0		
TG 20:4_33:2	TG 20:4_33:2	Triglycerides	unmatched	0		
TG 18:0_38:7	TG 18:0_38:7	Triglycerides	unmatched	0		
TG 18:2_32:1	TG 18:2_32:1	Triglycerides	unmatched	0		
TG 20:0_32:3	TG 20:0_32:3	Triglycerides	unmatched	0		
TG 20:4_34:0	TG 20:4_34:0	Triglycerides	unmatched	0		
TG 18:1_26:0	TG 18:1_26:0	Triglycerides	unmatched	0		
TG 18:2_32:2	TG 18:2_32:2	Triglycerides	unmatched	0		
TG 20:0_32:4	TG 20:0_32:4	Triglycerides	unmatched	0		
TG 20:4_34:1	TG 20:4_34:1	Triglycerides	unmatched	0		
TG 18:1_28:1	TG 18:1_28:1	Triglycerides	unmatched	0		
TG 18:2_33:0	TG 18:2_33:0	Triglycerides	unmatched	0		
TG 20:0_34:1	TG 20:0_34:1	Triglycerides	unmatched	0		
TG 20:4_34:2	TG 20:4_34:2	Triglycerides	unmatched	0		
TG 18:1_30:0	TG 18:1_30:0	Triglycerides	unmatched	0		
TG 18:2_33:1	TG 18:2_33:1	Triglycerides	unmatched	0		
TG 20:1_26:1	TG 20:1_26:1	Triglycerides	unmatched	0		
TG 20:4_34:3	TG 20:4_34:3	Triglycerides	unmatched	0		
TG 18:1_30:1	TG 18:1_30:1	Triglycerides	unmatched	0		
TG 18:2_33:2	TG 18:2_33:2	Triglycerides	unmatched	0		
TG 20:1_30:1	TG 20:1_30:1	Triglycerides	unmatched	0		
TG 20:4_35:3	TG 20:4_35:3	Triglycerides	unmatched	0		
TG 18:1_30:2	TG 18:1_30:2	Triglycerides	unmatched	0		
TG 18:2_34:1	TG 18:2_34:1	Triglycerides	unmatched	0		
TG 20:1_31:0	TG 20:1_31:0	Triglycerides	unmatched	0		
TG 20:4_36:2	TG 20:4_36:2	Triglycerides	unmatched	0		
TG 18:1_31:0	TG 18:1_31:0	Triglycerides	unmatched	0		
TG 18:2_34:2	TG 18:2_34:2	Triglycerides	unmatched	0		
TG 20:1_32:0	TG 20:1_32:0	Triglycerides	unmatched	0		
TG 20:4_36:3	TG 20:4_36:3	Triglycerides	unmatched	0		
TG 18:1_32:0	TG 18:1_32:0	Triglycerides	unmatched	0		
TG 18:2_34:3	TG 18:2_34:3	Triglycerides	unmatched	0		
TG 20:1_32:1	TG 20:1_32:1	Triglycerides	unmatched	0		
TG 20:4_36:4	TG 20:4_36:4	Triglycerides	unmatched	0		
TG 18:1_32:1	TG 18:1_32:1	Triglycerides	unmatched	0		
TG 18:2_34:4	TG 18:2_34:4	Triglycerides	unmatched	0		
TG 20:1_32:2	TG 20:1_32:2	Triglycerides	unmatched	0		
TG 20:4_36:5	TG 20:4_36:5	Triglycerides	unmatched	0		
TG 18:1_32:2	TG 18:1_32:2	Triglycerides	unmatched	0		
TG 18:2_35:1	TG 18:2_35:1	Triglycerides	unmatched	0		
TG 20:1_32:3	TG 20:1_32:3	Triglycerides	unmatched	0		
TG 20:5_34:0	TG 20:5_34:0	Triglycerides	unmatched	0		
TG 18:1_32:3	TG 18:1_32:3	Triglycerides	unmatched	0		
TG 18:2_35:2	TG 18:2_35:2	Triglycerides	unmatched	0		
TG 20:1_34:0	TG 20:1_34:0	Triglycerides	unmatched	0		
TG 20:5_34:1	TG 20:5_34:1	Triglycerides	unmatched	0		
TG 18:1_33:0	TG 18:1_33:0	Triglycerides	unmatched	0		
TG 18:2_35:3	TG 18:2_35:3	Triglycerides	unmatched	0		
TG 20:1_34:1	TG 20:1_34:1	Triglycerides	unmatched	0		
TG 20:5_34:2	TG 20:5_34:2	Triglycerides	unmatched	0		
TG 18:1_33:1	TG 18:1_33:1	Triglycerides	unmatched	0		
TG 18:2_36:0	TG 18:2_36:0	Triglycerides	unmatched	0		
TG 20:1_34:2	TG 20:1_34:2	Triglycerides	unmatched	0		
TG 20:5_36:2	TG 20:5_36:2	Triglycerides	unmatched	0		
TG 18:1_33:2	TG 18:1_33:2	Triglycerides	unmatched	0		
TG 18:2_36:1	TG 18:2_36:1	Triglycerides	unmatched	0		
TG 20:1_34:3	TG 20:1_34:3	Triglycerides	unmatched	0		
TG 20:5_36:3	TG 20:5_36:3	Triglycerides	unmatched	0		
TG 18:1_33:3	TG 18:1_33:3	Triglycerides	unmatched	0		
TG 18:2_36:2	TG 18:2_36:2	Triglycerides	unmatched	0		
TG 20:2_32:0	TG 20:2_32:0	Triglycerides	unmatched	0		
TG 22:0_32:4	TG 22:0_32:4	Triglycerides	unmatched	0		
TG 18:1_34:1	TG 18:1_34:1	Triglycerides	unmatched	0		
TG 18:2_36:3	TG 18:2_36:3	Triglycerides	unmatched	0		
TG 20:2_32:1	TG 20:2_32:1	Triglycerides	unmatched	0		
TG 22:1_32:5	TG 22:1_32:5	Triglycerides	unmatched	0		
TG 18:1_34:2	TG 18:1_34:2	Triglycerides	unmatched	0		
TG 18:2_36:4	TG 18:2_36:4	Triglycerides	unmatched	0		
TG 20:2_34:1	TG 20:2_34:1	Triglycerides	unmatched	0		
TG 22:2_32:4	TG 22:2_32:4	Triglycerides	unmatched	0		
TG 18:1_34:3	TG 18:1_34:3	Triglycerides	unmatched	0		
TG 18:2_36:5	TG 18:2_36:5	Triglycerides	unmatched	0		
TG 20:2_34:2	TG 20:2_34:2	Triglycerides	unmatched	0		
TG 22:3_30:2	TG 22:3_30:2	Triglycerides	unmatched	0		
TG 18:1_34:4	TG 18:1_34:4	Triglycerides	unmatched	0		
TG 18:2_38:4	TG 18:2_38:4	Triglycerides	unmatched	0		
TG 20:2_34:3	TG 20:2_34:3	Triglycerides	unmatched	0		
TG 22:4_32:0	TG 22:4_32:0	Triglycerides	unmatched	0		
TG 18:1_35:2	TG 18:1_35:2	Triglycerides	unmatched	0		
TG 18:2_38:5	TG 18:2_38:5	Triglycerides	unmatched	0		
TG 20:2_34:4	TG 20:2_34:4	Triglycerides	unmatched	0		
TG 22:4_32:2	TG 22:4_32:2	Triglycerides	unmatched	0		
TG 18:1_35:3	TG 18:1_35:3	Triglycerides	unmatched	0		
TG 18:2_38:6	TG 18:2_38:6	Triglycerides	unmatched	0		
TG 20:2_36:5	TG 20:2_36:5	Triglycerides	unmatched	0		
TG 22:4_34:2	TG 22:4_34:2	Triglycerides	unmatched	0		
TG 18:1_36:0	TG 18:1_36:0	Triglycerides	unmatched	0		
TG 18:3_30:0	TG 18:3_30:0	Triglycerides	unmatched	0		
TG 20:3_32:0	TG 20:3_32:0	Triglycerides	unmatched	0		
TG 22:5_32:0	TG 22:5_32:0	Triglycerides	unmatched	0		
TG 18:1_36:1	TG 18:1_36:1	Triglycerides	unmatched	0		
TG 18:3_32:0	TG 18:3_32:0	Triglycerides	unmatched	0		
TG 20:3_32:1	TG 20:3_32:1	Triglycerides	unmatched	0		
TG 22:5_32:1	TG 22:5_32:1	Triglycerides	unmatched	0		
TG 18:1_36:2	TG 18:1_36:2	Triglycerides	unmatched	0		
TG 18:3_32:1	TG 18:3_32:1	Triglycerides	unmatched	0		
TG 20:3_32:2	TG 20:3_32:2	Triglycerides	unmatched	0		
TG 22:5_34:1	TG 22:5_34:1	Triglycerides	unmatched	0		
TG 18:1_36:3	TG 18:1_36:3	Triglycerides	unmatched	0		
TG 18:3_33:2	TG 18:3_33:2	Triglycerides	unmatched	0		
TG 20:3_34:0	TG 20:3_34:0	Triglycerides	unmatched	0		
TG 22:5_34:2	TG 22:5_34:2	Triglycerides	unmatched	0		
TG 18:1_36:4	TG 18:1_36:4	Triglycerides	unmatched	0		
TG 18:3_34:0	TG 18:3_34:0	Triglycerides	unmatched	0		
TG 20:3_34:1	TG 20:3_34:1	Triglycerides	unmatched	0		
TG 22:5_34:3	TG 22:5_34:3	Triglycerides	unmatched	0		
TG 18:1_36:5	TG 18:1_36:5	Triglycerides	unmatched	0		
TG 18:3_34:1	TG 18:3_34:1	Triglycerides	unmatched	0		
TG 20:3_34:2	TG 20:3_34:2	Triglycerides	unmatched	0		
TG 22:6_32:0	TG 22:6_32:0	Triglycerides	unmatched	0		
TG 18:1_36:6	TG 18:1_36:6	Triglycerides	unmatched	0		
TG 18:3_34:2	TG 18:3_34:2	Triglycerides	unmatched	0		
TG 20:3_34:3	TG 20:3_34:3	Triglycerides	unmatched	0		
TG 22:6_32:1	TG 22:6_32:1	Triglycerides	unmatched	0		
TG 18:1_38:5	TG 18:1_38:5	Triglycerides	unmatched	0		
TG 18:3_34:3	TG 18:3_34:3	Triglycerides	unmatched	0		
TG 20:3_36:3	TG 20:3_36:3	Triglycerides	unmatched	0		
TG 22:6_34:1	TG 22:6_34:1	Triglycerides	unmatched	0		
TG 18:1_38:6	TG 18:1_38:6	Triglycerides	unmatched	0		
TG 18:3_35:2	TG 18:3_35:2	Triglycerides	unmatched	0		
TG 20:3_36:4	TG 20:3_36:4	Triglycerides	unmatched	0		
TG 22:6_34:2	TG 22:6_34:2	Triglycerides	unmatched	0		
TG 18:1_38:7	TG 18:1_38:7	Triglycerides	unmatched	0		
TG 18:3_36:1	TG 18:3_36:1	Triglycerides	unmatched	0		
TG 20:3_36:5	TG 20:3_36:5	Triglycerides	unmatched	0		
TG 22:6_34:3	TG 22:6_34:3	Triglycerides	unmatched	0		
TG 18:2_28:0	TG 18:2_28:0	Triglycerides	unmatched	0		
TG 18:3_36:2	TG 18:3_36:2	Triglycerides	unmatched	0		
TG 18:0_32:1	TG 18:0_32:1	Triglycerides	unmatched	0		
TG 18:2_30:0	TG 18:2_30:0	Triglycerides	unmatched	0		
TG 17:0_34:2	TG 17:0_34:2	Triglycerides	unmatched	0		
TG 18:0_32:2	TG 18:0_32:2	Triglycerides	unmatched	0		
Hex3Cer d18:1/16:0	Hex3Cer d18:1/16:0	Trihexosylceramides	unmatched	0		
Hex3Cer d18:1/18:0	Hex3Cer d18:1/18:0	Trihexosylceramides	unmatched	0		
Hex3Cer d18:1/20:0	Hex3Cer d18:1/20:0	Trihexosylceramides	unmatched	0		
Hex3Cer d18:1/22:0	Hex3Cer d18:1/22:0	Trihexosylceramides	unmatched	0		
Hex3Cer d18:1/24:1	Hex3Cer d18:1/24:1	Trihexosylceramides	unmatched	0		
Hex3Cer d18:1/26:1	Hex3Cer d18:1/26:1	Trihexosylceramides	unmatched	0		
