set_name	shortname	fullname	direction	pathway_source_id	kegg_id	hmdb_id	ramp_id
REACTOME_ABC_TRANSPORTER_DISORDERS	GCA	Glycocholic acid	-	R-HSA-5619084	C01921	HMDB0000138	RAMP_C_000000089
REACTOME_ABC_TRANSPORTER_DISORDERS	GCDCA	Glycochenodeoxycholic acid	-	R-HSA-5619084	C05462	HMDB0000637	RAMP_C_000002951
REACTOME_ABC_TRANSPORTER_DISORDERS	TCDCA	Taurochenodeoxycholic acid	-	R-HSA-5619084	C05465	HMDB0000951	RAMP_C_000219362
REACTOME_ACTIVATION_OF_GENE_EXPRESSION_BY_SREBF_SREBP	FA 16:0	Palmitic acid	-	R-HSA-2426168	C00249	HMDB0000220	RAMP_C_000219234
REACTOME_ACTIVATION_OF_GENE_EXPRESSION_BY_SREBF_SREBP	FA 18:2	Linoleic acid	-	R-HSA-2426168	C01595	HMDB0000673	RAMP_C_000263195
REACTOME_ACTIVATION_OF_GENE_EXPRESSION_BY_SREBF_SREBP	FA 20:4n-6 (AA)	Arachidonic acid (AA; omega6)	-	R-HSA-2426168	C00219	HMDB0001043	RAMP_C_000000804
REACTOME_ACTIVATION_OF_GENE_EXPRESSION_BY_SREBF_SREBP	FA 20:5n-3 (EPA)	Eicosapentaenoic acid (EPA; omega3)	-	R-HSA-2426168	C06428	HMDB0001999	RAMP_C_000001315
REACTOME_ACTIVATION_OF_NMDA_RECEPTORS_AND_POSTSYNAPTIC_EVENTS	Glu	Glutamic acid	-	R-HSA-442755	C00025	HMDB0000148	RAMP_C_000218397
REACTOME_ACTIVATION_OF_NMDA_RECEPTORS_AND_POSTSYNAPTIC_EVENTS	Gly	Glycine	-	R-HSA-442755	C00037	HMDB0000123	RAMP_C_000000078
REACTOME_ACTIVATION_OF_NMDA_RECEPTORS_AND_POSTSYNAPTIC_EVENTS	cAMP	Adenosine monophosphate, cyclic (cAMP)	-	R-HSA-442755	C00575	HMDB0000058	RAMP_C_000218758
REACTOME_ADAPTIVE_IMMUNE_SYSTEM	DG 16:0_16:0	DG 16:0_16:0	-	R-HSA-1280218	C00165	HMDB0007098	RAMP_C_000219428
REACTOME_ADAPTIVE_IMMUNE_SYSTEM	PS 32:0	PS 32:0	-	R-HSA-1280218	C02737	HMDB0000614	RAMP_C_000217830
REACTOME_ADAPTIVE_IMMUNE_SYSTEM	cAMP	Adenosine monophosphate, cyclic (cAMP)	-	R-HSA-1280218	C00575	HMDB0000058	RAMP_C_000218758
REACTOME_ADIPOGENESIS	FA 16:0	Palmitic acid	-	R-HSA-9843745	C00249	HMDB0000220	RAMP_C_000219234
REACTOME_ADIPOGENESIS	FA 18:2	Linoleic acid	-	R-HSA-9843745	C01595	HMDB0000673	RAMP_C_000263195
REACTOME_ADIPOGENESIS	FA 20:4n-6 (AA)	Arachidonic acid (AA; omega6)	-	R-HSA-9843745	C00219	HMDB0001043	RAMP_C_000000804
REACTOME_ADIPOGENESIS	FA 20:5n-3 (EPA)	Eicosapentaenoic acid (EPA; omega3)	-	R-HSA-9843745	C06428	HMDB0001999	RAMP_C_000001315
REACTOME_ADIPOGENESIS	FA 22:6n-3 (DHA)	Docosahexaenoic acid (DHA; omega3)	-	R-HSA-9843745	C06429	HMDB0002183	RAMP_C_000001447
REACTOME_AEROBIC_RESPIRATION_AND_RESPIRATORY_ELECTRON_TRANSPORT	2-OH-Glutaric acid	2-Hydroxyglutaric acid	-	R-HSA-1428517	C01087	HMDB0000606	RAMP_C_000219574
REACTOME_AEROBIC_RESPIRATION_AND_RESPIRATORY_ELECTRON_TRANSPORT	AHCys	S-Adenosylhomocysteine	-	R-HSA-1428517	C00021	HMDB0000939	RAMP_C_000218715
REACTOME_AEROBIC_RESPIRATION_AND_RESPIRATORY_ELECTRON_TRANSPORT	Ala	Alanine	-	R-HSA-1428517	C00041	HMDB0000161	RAMP_C_000000104
REACTOME_AEROBIC_RESPIRATION_AND_RESPIRATORY_ELECTRON_TRANSPORT	Asp	Aspartic acid	-	R-HSA-1428517	C00049	HMDB0000191	RAMP_C_000218398
REACTOME_AEROBIC_RESPIRATION_AND_RESPIRATORY_ELECTRON_TRANSPORT	Citric acid	Citric acid	-	R-HSA-1428517	C00158	HMDB0000094	RAMP_C_000218121
REACTOME_AEROBIC_RESPIRATION_AND_RESPIRATORY_ELECTRON_TRANSPORT	FA 18:1	Oleic acid	-	R-HSA-1428517	C00712	HMDB0000207	RAMP_C_000218407
REACTOME_AEROBIC_RESPIRATION_AND_RESPIRATORY_ELECTRON_TRANSPORT	FA 2:0	Acetic acid	-	R-HSA-1428517	C00033	HMDB0000042	RAMP_C_000218400
REACTOME_AEROBIC_RESPIRATION_AND_RESPIRATORY_ELECTRON_TRANSPORT	Fumaric acid	Fumaric acid	-	R-HSA-1428517	C00122	HMDB0000134	RAMP_C_000218394
REACTOME_AEROBIC_RESPIRATION_AND_RESPIRATORY_ELECTRON_TRANSPORT	Glu	Glutamic acid	-	R-HSA-1428517	C00025	HMDB0000148	RAMP_C_000218397
REACTOME_AEROBIC_RESPIRATION_AND_RESPIRATORY_ELECTRON_TRANSPORT	Glyoxylic acid	Glyoxylic acid	-	R-HSA-1428517	C00048	HMDB0000119	RAMP_C_000218495
REACTOME_AEROBIC_RESPIRATION_AND_RESPIRATORY_ELECTRON_TRANSPORT	Isocitric acid	Isocitric acid	-	R-HSA-1428517	C00311	HMDB0000193	RAMP_C_000217206
REACTOME_AEROBIC_RESPIRATION_AND_RESPIRATORY_ELECTRON_TRANSPORT	Itaconic acid	Itaconic acid	-	R-HSA-1428517	C00490	HMDB0002092	RAMP_C_000218143
REACTOME_AEROBIC_RESPIRATION_AND_RESPIRATORY_ELECTRON_TRANSPORT	Lac	Lactic acid	-	R-HSA-1428517	C00186	HMDB0000190	RAMP_C_000218078
REACTOME_AEROBIC_RESPIRATION_AND_RESPIRATORY_ELECTRON_TRANSPORT	Malic acid	Malic acid	-	R-HSA-1428517	C00149	HMDB0000156	RAMP_C_000218036
REACTOME_AEROBIC_RESPIRATION_AND_RESPIRATORY_ELECTRON_TRANSPORT	Nicotinamide (B3)	Nicotinamide (B3)	-	R-HSA-1428517	C00153	HMDB0001406	RAMP_C_000001067
REACTOME_AEROBIC_RESPIRATION_AND_RESPIRATORY_ELECTRON_TRANSPORT	Oxaloacetic acid	Oxaloacetic acid	-	R-HSA-1428517	C00036	HMDB0000223	RAMP_C_000262942
REACTOME_AEROBIC_RESPIRATION_AND_RESPIRATORY_ELECTRON_TRANSPORT	Phe	Phenylalanine	-	R-HSA-1428517	C00079	HMDB0000159	RAMP_C_000218749
REACTOME_AEROBIC_RESPIRATION_AND_RESPIRATORY_ELECTRON_TRANSPORT	Pyruvic acid	Pyruvic acid	-	R-HSA-1428517	C00022	HMDB0000243	RAMP_C_000218028
REACTOME_AEROBIC_RESPIRATION_AND_RESPIRATORY_ELECTRON_TRANSPORT	Suc	Succinic acid	-	R-HSA-1428517	C00042	HMDB0000254	RAMP_C_000218399
REACTOME_AEROBIC_RESPIRATION_AND_RESPIRATORY_ELECTRON_TRANSPORT	a-Ketoglutaric acid	alpha-Ketoglutaric acid	-	R-HSA-1428517	C00026	HMDB0000208	RAMP_C_000274401
REACTOME_AEROBIC_RESPIRATION_AND_RESPIRATORY_ELECTRON_TRANSPORT	cAMP	Adenosine monophosphate, cyclic (cAMP)	-	R-HSA-1428517	C00575	HMDB0000058	RAMP_C_000218758
REACTOME_AFLATOXIN_ACTIVATION_AND_DETOXIFICATION	FA 2:0	Acetic acid	-	R-HSA-5423646	C00033	HMDB0000042	RAMP_C_000218400
REACTOME_AFLATOXIN_ACTIVATION_AND_DETOXIFICATION	Glu	Glutamic acid	-	R-HSA-5423646	C00025	HMDB0000148	RAMP_C_000218397
REACTOME_AFLATOXIN_ACTIVATION_AND_DETOXIFICATION	Gly	Glycine	-	R-HSA-5423646	C00037	HMDB0000123	RAMP_C_000000078
REACTOME_AGMATINE_BIOSYNTHESIS	Agmatine	Agmatine	-	R-HSA-351143	C00179	HMDB0001432	RAMP_C_000001088
REACTOME_AGMATINE_BIOSYNTHESIS	Arg	Arginine	-	R-HSA-351143	C00062	HMDB0000517	RAMP_C_000042003
REACTOME_AGMATINE_BIOSYNTHESIS	Putrescine	Putrescine	-	R-HSA-351143	C00134	HMDB0001414	RAMP_C_000001073
REACTOME_AGMATINE_BIOSYNTHESIS	Urea	Urea	-	R-HSA-351143	C00086	HMDB0000294	RAMP_C_000000199
REACTOME_ALANINE_METABOLISM	Ala	Alanine	-	R-HSA-8964540	C00041	HMDB0000161	RAMP_C_000000104
REACTOME_ALANINE_METABOLISM	Glu	Glutamic acid	-	R-HSA-8964540	C00025	HMDB0000148	RAMP_C_000218397
REACTOME_ALANINE_METABOLISM	Pyruvic acid	Pyruvic acid	-	R-HSA-8964540	C00022	HMDB0000243	RAMP_C_000218028
REACTOME_ALANINE_METABOLISM	a-Ketoglutaric acid	alpha-Ketoglutaric acid	-	R-HSA-8964540	C00026	HMDB0000208	RAMP_C_000274401
REACTOME_AMINE_LIGAND_BINDING_RECEPTORS	DOPA	Dihydroxyphenylalanine	-	R-HSA-375280	C00355	HMDB0000181	RAMP_C_000218668
REACTOME_AMINE_LIGAND_BINDING_RECEPTORS	Dopamine	Dopamine	-	R-HSA-375280	C03758	HMDB0000073	RAMP_C_000218860
REACTOME_AMINE_LIGAND_BINDING_RECEPTORS	Epinephrine	Epinephrine	-	R-HSA-375280	C00788	HMDB0000068	RAMP_C_000000048
REACTOME_AMINE_LIGAND_BINDING_RECEPTORS	Histamine	Histamine	-	R-HSA-375280	C00388	HMDB0000870	RAMP_C_000000678
REACTOME_AMINE_LIGAND_BINDING_RECEPTORS	Norepinephrine	Norepinephrine	-	R-HSA-375280	C00547	HMDB0000216	RAMP_C_000219112
REACTOME_AMINE_LIGAND_BINDING_RECEPTORS	PEA	Phenylethylamine	-	R-HSA-375280	C05332	HMDB0012275	RAMP_C_000007754
REACTOME_AMINE_LIGAND_BINDING_RECEPTORS	Serotonin	Serotonin	-	R-HSA-375280	C00780	HMDB0000259	RAMP_C_000000177
REACTOME_AMINE_OXIDASE_REACTIONS	N1-Ac-Spermidine	N1-Acetylspermidine	-	R-HSA-140179	C00612	HMDB0001276	RAMP_C_000262968
REACTOME_AMINE_OXIDASE_REACTIONS	N1-Ac-Spermine	N1-Acetylspermine	-	R-HSA-140179	C02567	HMDB0001186	RAMP_C_000041921
REACTOME_AMINE_OXIDASE_REACTIONS	PEA	Phenylethylamine	-	R-HSA-140179	C05332	HMDB0012275	RAMP_C_000007754
REACTOME_AMINE_OXIDASE_REACTIONS	Putrescine	Putrescine	-	R-HSA-140179	C00134	HMDB0001414	RAMP_C_000001073
REACTOME_AMINE_OXIDASE_REACTIONS	Serotonin	Serotonin	-	R-HSA-140179	C00780	HMDB0000259	RAMP_C_000000177
REACTOME_AMINE_OXIDASE_REACTIONS	Spermidine	Spermidine	-	R-HSA-140179	C00315	HMDB0001257	RAMP_C_000000954
REACTOME_AMINE_OXIDASE_REACTIONS	Spermine	Spermine	-	R-HSA-140179	C00750	HMDB0001256	RAMP_C_000218544
REACTOME_AMINE_OXIDASE_REACTIONS	Tyramine	Tyramine	-	R-HSA-140179	C00483	HMDB0000306	RAMP_C_000000209
REACTOME_AMINO_ACID_CONJUGATION	2-Met-HipAcid	2-Methylhippuric acid	-	R-HSA-156587	C01586	HMDB0000714	RAMP_C_000000556
REACTOME_AMINO_ACID_CONJUGATION	2-OH-Benzoic acid	2-Hydroxybenzoic acid	-	R-HSA-156587	C00805	HMDB0001895	RAMP_C_000001242
REACTOME_AMINO_ACID_CONJUGATION	Benzoic acid	Benzoic acid	-	R-HSA-156587	C00180	HMDB0001870	RAMP_C_000001222
REACTOME_AMINO_ACID_CONJUGATION	Gln	Glutamine	-	R-HSA-156587	C00064	HMDB0000641	RAMP_C_000218784
REACTOME_AMINO_ACID_CONJUGATION	Gly	Glycine	-	R-HSA-156587	C00037	HMDB0000123	RAMP_C_000000078
REACTOME_AMINO_ACID_CONJUGATION	HipAcid	Hippuric acid	-	R-HSA-156587	C01586	HMDB0000714	RAMP_C_000000556
REACTOME_AMINO_ACID_CONJUGATION	Phenylacetylglutamine	Phenylacetylglutamine	-	R-HSA-156587	C04148	HMDB0006344	RAMP_C_000218777
REACTOME_AMINO_ACID_TRANSPORT_ACROSS_THE_PLASMA_MEMBRANE	Ala	Alanine	-	R-HSA-352230	C00041	HMDB0000161	RAMP_C_000000104
REACTOME_AMINO_ACID_TRANSPORT_ACROSS_THE_PLASMA_MEMBRANE	Arg	Arginine	-	R-HSA-352230	C00062	HMDB0000517	RAMP_C_000042003
REACTOME_AMINO_ACID_TRANSPORT_ACROSS_THE_PLASMA_MEMBRANE	Asn	Asparagine	-	R-HSA-352230	C00152	HMDB0000168	RAMP_C_000218742
REACTOME_AMINO_ACID_TRANSPORT_ACROSS_THE_PLASMA_MEMBRANE	Betaine	Betaine	-	R-HSA-352230	C00719	HMDB0000043	RAMP_C_000000030
REACTOME_AMINO_ACID_TRANSPORT_ACROSS_THE_PLASMA_MEMBRANE	Cys	Cysteine	-	R-HSA-352230	C00097	HMDB0000574	RAMP_C_000218469
REACTOME_AMINO_ACID_TRANSPORT_ACROSS_THE_PLASMA_MEMBRANE	Cystine	Cystine	-	R-HSA-352230	C00491	HMDB0000192	RAMP_C_000000123
REACTOME_AMINO_ACID_TRANSPORT_ACROSS_THE_PLASMA_MEMBRANE	GABA	gamma-Aminobutyric acid	-	R-HSA-352230	C00334	HMDB0000112	RAMP_C_000219510
REACTOME_AMINO_ACID_TRANSPORT_ACROSS_THE_PLASMA_MEMBRANE	Gln	Glutamine	-	R-HSA-352230	C00064	HMDB0000641	RAMP_C_000218784
REACTOME_AMINO_ACID_TRANSPORT_ACROSS_THE_PLASMA_MEMBRANE	Glu	Glutamic acid	-	R-HSA-352230	C00025	HMDB0000148	RAMP_C_000218397
REACTOME_AMINO_ACID_TRANSPORT_ACROSS_THE_PLASMA_MEMBRANE	Gly	Glycine	-	R-HSA-352230	C00037	HMDB0000123	RAMP_C_000000078
REACTOME_AMINO_ACID_TRANSPORT_ACROSS_THE_PLASMA_MEMBRANE	HArg	Homoarginine	-	R-HSA-352230	C01924	HMDB0000670	RAMP_C_000000519
REACTOME_AMINO_ACID_TRANSPORT_ACROSS_THE_PLASMA_MEMBRANE	His	Histidine	-	R-HSA-352230	C00135	HMDB0000177	RAMP_C_000218426
REACTOME_AMINO_ACID_TRANSPORT_ACROSS_THE_PLASMA_MEMBRANE	Ile	Isoleucine	-	R-HSA-352230	C00407	HMDB0000172	RAMP_C_000218741
REACTOME_AMINO_ACID_TRANSPORT_ACROSS_THE_PLASMA_MEMBRANE	Leu	Leucine	-	R-HSA-352230	C00123	HMDB0000687	RAMP_C_000000532
REACTOME_AMINO_ACID_TRANSPORT_ACROSS_THE_PLASMA_MEMBRANE	Lys	Lysine	-	R-HSA-352230	C00047	HMDB0000182	RAMP_C_000000117
REACTOME_AMINO_ACID_TRANSPORT_ACROSS_THE_PLASMA_MEMBRANE	Met	Methionine	-	R-HSA-352230	C00073	HMDB0000696	RAMP_C_000218711
REACTOME_AMINO_ACID_TRANSPORT_ACROSS_THE_PLASMA_MEMBRANE	Orn	Ornithine	-	R-HSA-352230	C00077	HMDB0000214	RAMP_C_000218554
REACTOME_AMINO_ACID_TRANSPORT_ACROSS_THE_PLASMA_MEMBRANE	Phe	Phenylalanine	-	R-HSA-352230	C00079	HMDB0000159	RAMP_C_000218749
REACTOME_AMINO_ACID_TRANSPORT_ACROSS_THE_PLASMA_MEMBRANE	Pro	Proline	-	R-HSA-352230	C00148	HMDB0000162	RAMP_C_000218861
REACTOME_AMINO_ACID_TRANSPORT_ACROSS_THE_PLASMA_MEMBRANE	Ser	Serine	-	R-HSA-352230	C00065	HMDB0000187	RAMP_C_000218440
REACTOME_AMINO_ACID_TRANSPORT_ACROSS_THE_PLASMA_MEMBRANE	Taurine	Taurine	-	R-HSA-352230	C00245	HMDB0000251	RAMP_C_000218584
REACTOME_AMINO_ACID_TRANSPORT_ACROSS_THE_PLASMA_MEMBRANE	Thr	Threonine	-	R-HSA-352230	C00188	HMDB0000167	RAMP_C_000218724
REACTOME_AMINO_ACID_TRANSPORT_ACROSS_THE_PLASMA_MEMBRANE	Trp	Tryptophan	-	R-HSA-352230	C00078	HMDB0000929	RAMP_C_000218721
REACTOME_AMINO_ACID_TRANSPORT_ACROSS_THE_PLASMA_MEMBRANE	Tyr	Tyrosine	-	R-HSA-352230	C00082	HMDB0000158	RAMP_C_000218778
REACTOME_AMINO_ACID_TRANSPORT_ACROSS_THE_PLASMA_MEMBRANE	Val	Valine	-	R-HSA-352230	C00183	HMDB0000883	RAMP_C_000218704
REACTOME_AMINO_ACID_TRANSPORT_ACROSS_THE_PLASMA_MEMBRANE	beta-Ala	beta-Alanine	-	R-HSA-352230	C00099	HMDB0000056	RAMP_C_000218729
REACTOME_AMINO_ACID_TRANSPORT_ACROSS_THE_PLASMA_MEMBRANE	t4-OH-Pro	trans-4-Hydroxyproline	-	R-HSA-352230	C01157	HMDB0000725	RAMP_C_000000565
REACTOME_ANTI_INFLAMMATORY_RESPONSE_FAVOURING_LEISHMANIA_PARASITE_INFECTION	Adenosine	Adenosine	-	R-HSA-9662851	C00212	HMDB0000050	RAMP_C_000000034
REACTOME_ANTI_INFLAMMATORY_RESPONSE_FAVOURING_LEISHMANIA_PARASITE_INFECTION	DG 16:0_16:0	DG 16:0_16:0	-	R-HSA-9662851	C00165	HMDB0007098	RAMP_C_000219428
REACTOME_ANTI_INFLAMMATORY_RESPONSE_FAVOURING_LEISHMANIA_PARASITE_INFECTION	Glu	Glutamic acid	-	R-HSA-9662851	C00025	HMDB0000148	RAMP_C_000218397
REACTOME_ANTI_INFLAMMATORY_RESPONSE_FAVOURING_LEISHMANIA_PARASITE_INFECTION	Gly	Glycine	-	R-HSA-9662851	C00037	HMDB0000123	RAMP_C_000000078
REACTOME_ANTI_INFLAMMATORY_RESPONSE_FAVOURING_LEISHMANIA_PARASITE_INFECTION	cAMP	Adenosine monophosphate, cyclic (cAMP)	-	R-HSA-9662851	C00575	HMDB0000058	RAMP_C_000218758
REACTOME_ARACHIDONIC_ACID_METABOLISM	2-OH-Benzoic acid	2-Hydroxybenzoic acid	-	R-HSA-2142753	C00805	HMDB0001895	RAMP_C_000001242
REACTOME_ARACHIDONIC_ACID_METABOLISM	FA 20:4n-6 (AA)	Arachidonic acid (AA; omega6)	-	R-HSA-2142753	C00219	HMDB0001043	RAMP_C_000000804
REACTOME_ARACHIDONIC_ACID_METABOLISM	Glu	Glutamic acid	-	R-HSA-2142753	C00025	HMDB0000148	RAMP_C_000218397
REACTOME_ARACHIDONIC_ACID_METABOLISM	Gly	Glycine	-	R-HSA-2142753	C00037	HMDB0000123	RAMP_C_000000078
REACTOME_ASPARAGINE_N_LINKED_GLYCOSYLATION	CA	Cholic acid	-	R-HSA-446203	C00695	HMDB0000505	RAMP_C_000218390
REACTOME_ASPARAGINE_N_LINKED_GLYCOSYLATION	Gln	Glutamine	-	R-HSA-446203	C00064	HMDB0000641	RAMP_C_000218784
REACTOME_ASPARAGINE_N_LINKED_GLYCOSYLATION	Glu	Glutamic acid	-	R-HSA-446203	C00025	HMDB0000148	RAMP_C_000218397
REACTOME_ASPARAGINE_N_LINKED_GLYCOSYLATION	Mannose	Mannose	-	R-HSA-446203	C00159	HMDB0000169	RAMP_C_000000110
REACTOME_ASPARAGINE_N_LINKED_GLYCOSYLATION	Pyruvic acid	Pyruvic acid	-	R-HSA-446203	C00022	HMDB0000243	RAMP_C_000218028
REACTOME_ASPARTATE_AND_ASPARAGINE_METABOLISM	Asn	Asparagine	-	R-HSA-8963693	C00152	HMDB0000168	RAMP_C_000218742
REACTOME_ASPARTATE_AND_ASPARAGINE_METABOLISM	Asp	Aspartic acid	-	R-HSA-8963693	C00049	HMDB0000191	RAMP_C_000218398
REACTOME_ASPARTATE_AND_ASPARAGINE_METABOLISM	FA 2:0	Acetic acid	-	R-HSA-8963693	C00033	HMDB0000042	RAMP_C_000218400
REACTOME_ASPARTATE_AND_ASPARAGINE_METABOLISM	Gln	Glutamine	-	R-HSA-8963693	C00064	HMDB0000641	RAMP_C_000218784
REACTOME_ASPARTATE_AND_ASPARAGINE_METABOLISM	Glu	Glutamic acid	-	R-HSA-8963693	C00025	HMDB0000148	RAMP_C_000218397
REACTOME_ASPARTATE_AND_ASPARAGINE_METABOLISM	Hypotaurine	Hypotaurine	-	R-HSA-8963693	C00519	HMDB0000965	RAMP_C_000000756
REACTOME_ASPARTATE_AND_ASPARAGINE_METABOLISM	N-Ac-Asp	N-Acetylaspartic acid	-	R-HSA-8963693	C01042	HMDB0000812	RAMP_C_000218122
REACTOME_ASPARTATE_AND_ASPARAGINE_METABOLISM	Oxaloacetic acid	Oxaloacetic acid	-	R-HSA-8963693	C00036	HMDB0000223	RAMP_C_000262942
REACTOME_ASPARTATE_AND_ASPARAGINE_METABOLISM	Taurine	Taurine	-	R-HSA-8963693	C00245	HMDB0000251	RAMP_C_000218584
REACTOME_ASPARTATE_AND_ASPARAGINE_METABOLISM	a-Ketoglutaric acid	alpha-Ketoglutaric acid	-	R-HSA-8963693	C00026	HMDB0000208	RAMP_C_000274401
REACTOME_ASPARTATE_AND_ASPARAGINE_METABOLISM	beta-Ala	beta-Alanine	-	R-HSA-8963693	C00099	HMDB0000056	RAMP_C_000218729
REACTOME_ASPIRIN_ADME	2-OH-Benzoic acid	2-Hydroxybenzoic acid	-	R-HSA-9749641	C00805	HMDB0001895	RAMP_C_000001242
REACTOME_ASPIRIN_ADME	3-OH-Butyric acid	3-Hydroxybutyric acid	-	R-HSA-9749641	C01089	HMDB0000011	RAMP_C_000218499
REACTOME_ASPIRIN_ADME	FA 2:0	Acetic acid	-	R-HSA-9749641	C00033	HMDB0000042	RAMP_C_000218400
REACTOME_ASPIRIN_ADME	Gly	Glycine	-	R-HSA-9749641	C00037	HMDB0000123	RAMP_C_000000078
REACTOME_ASPIRIN_ADME	Lac	Lactic acid	-	R-HSA-9749641	C00186	HMDB0000190	RAMP_C_000218078
REACTOME_ASPIRIN_ADME	Pyruvic acid	Pyruvic acid	-	R-HSA-9749641	C00022	HMDB0000243	RAMP_C_000218028
REACTOME_AXON_GUIDANCE	DG 16:0_16:0	DG 16:0_16:0	-	R-HSA-422475	C00165	HMDB0007098	RAMP_C_000219428
REACTOME_AXON_GUIDANCE	FA 16:0	Palmitic acid	-	R-HSA-422475	C00249	HMDB0000220	RAMP_C_000219234
REACTOME_AXON_GUIDANCE	Glu	Glutamic acid	-	R-HSA-422475	C00025	HMDB0000148	RAMP_C_000218397
REACTOME_AXON_GUIDANCE	Gly	Glycine	-	R-HSA-422475	C00037	HMDB0000123	RAMP_C_000000078
REACTOME_AZATHIOPRINE_ADME	AHCys	S-Adenosylhomocysteine	-	R-HSA-9748787	C00021	HMDB0000939	RAMP_C_000218715
REACTOME_AZATHIOPRINE_ADME	Gln	Glutamine	-	R-HSA-9748787	C00064	HMDB0000641	RAMP_C_000218784
REACTOME_AZATHIOPRINE_ADME	Glu	Glutamic acid	-	R-HSA-9748787	C00025	HMDB0000148	RAMP_C_000218397
REACTOME_BASE_EXCISION_REPAIR	Adenine	Adenine	-	R-HSA-73884	C00147	HMDB0000034	RAMP_C_000000024
REACTOME_BASE_EXCISION_REPAIR	Hypoxanthine	Hypoxanthine	-	R-HSA-73884	C00262	HMDB0000157	RAMP_C_000000101
REACTOME_BASE_EXCISION_REPAIR	Nicotinamide (B3)	Nicotinamide (B3)	-	R-HSA-73884	C00153	HMDB0001406	RAMP_C_000001067
REACTOME_BASE_EXCISION_REPAIR	Thymine	Thymine	-	R-HSA-73884	C00178	HMDB0000262	RAMP_C_000000178
REACTOME_BASE_EXCISION_REPAIR	Uracil	Uracil	-	R-HSA-73884	C00106	HMDB0000300	RAMP_C_000000203
REACTOME_BASE_EXCISION_REPAIR_AP_SITE_FORMATION	Adenine	Adenine	-	R-HSA-73929	C00147	HMDB0000034	RAMP_C_000000024
REACTOME_BASE_EXCISION_REPAIR_AP_SITE_FORMATION	Hypoxanthine	Hypoxanthine	-	R-HSA-73929	C00262	HMDB0000157	RAMP_C_000000101
REACTOME_BASE_EXCISION_REPAIR_AP_SITE_FORMATION	Thymine	Thymine	-	R-HSA-73929	C00178	HMDB0000262	RAMP_C_000000178
REACTOME_BASE_EXCISION_REPAIR_AP_SITE_FORMATION	Uracil	Uracil	-	R-HSA-73929	C00106	HMDB0000300	RAMP_C_000000203
REACTOME_BCKDH_SYNTHESIZES_BCAA_COA_FROM_KIC_KMVA_KIV	3-Met-2-oxovaleric acid	3-Methyl-2-oxovaleric acid	-	R-HSA-9859138	C00671	HMDB0000491	RAMP_C_000000367
REACTOME_BCKDH_SYNTHESIZES_BCAA_COA_FROM_KIC_KMVA_KIV	4-Met-2-oxovaleric acid	2-Oxoisocaproic acid	-	R-HSA-9859138	C00233	HMDB0000695	RAMP_C_000218182
REACTOME_BCKDH_SYNTHESIZES_BCAA_COA_FROM_KIC_KMVA_KIV	a-Ketoisovaleric acid	alpha-Ketoisovaleric acid	-	R-HSA-9859138	C00141	HMDB0000019	RAMP_C_000000012
REACTOME_BETA_OXIDATION_OF_PRISTANOYL_COA	C0	Carnitine	-	R-HSA-389887	C00318	HMDB0000062	RAMP_C_000274496
REACTOME_BETA_OXIDATION_OF_PRISTANOYL_COA	C2	Acetylcarnitine	-	R-HSA-389887	C02571	HMDB0000201	RAMP_C_000218051
REACTOME_BETA_OXIDATION_OF_PRISTANOYL_COA	C3	Propionylcarnitine	-	R-HSA-389887	C03017	HMDB0000824	RAMP_C_000000645
REACTOME_BETA_OXIDATION_OF_PRISTANOYL_COA	FA 2:0	Acetic acid	-	R-HSA-389887	C00033	HMDB0000042	RAMP_C_000218400
REACTOME_BILE_ACID_AND_BILE_SALT_METABOLISM	CA	Cholic acid	-	R-HSA-194068	C00695	HMDB0000505	RAMP_C_000218390
REACTOME_BILE_ACID_AND_BILE_SALT_METABOLISM	CDCA	Chenodeoxycholic acid	-	R-HSA-194068	C02528	HMDB0000518	RAMP_C_000000390
REACTOME_BILE_ACID_AND_BILE_SALT_METABOLISM	DCA	Deoxycholic acid	-	R-HSA-194068	C04483	HMDB0000626	RAMP_C_000263082
REACTOME_BILE_ACID_AND_BILE_SALT_METABOLISM	GCA	Glycocholic acid	-	R-HSA-194068	C01921	HMDB0000138	RAMP_C_000000089
REACTOME_BILE_ACID_AND_BILE_SALT_METABOLISM	GCDCA	Glycochenodeoxycholic acid	-	R-HSA-194068	C05462	HMDB0000637	RAMP_C_000002951
REACTOME_BILE_ACID_AND_BILE_SALT_METABOLISM	Gly	Glycine	-	R-HSA-194068	C00037	HMDB0000123	RAMP_C_000000078
REACTOME_BILE_ACID_AND_BILE_SALT_METABOLISM	LCA	Lithocholic acid	-	R-HSA-194068	C03990	HMDB0000381	RAMP_C_000000277
REACTOME_BILE_ACID_AND_BILE_SALT_METABOLISM	TCDCA	Taurochenodeoxycholic acid	-	R-HSA-194068	C05465	HMDB0000951	RAMP_C_000219362
REACTOME_BILE_ACID_AND_BILE_SALT_METABOLISM	Taurine	Taurine	-	R-HSA-194068	C00245	HMDB0000251	RAMP_C_000218584
REACTOME_BIOGENIC_AMINES_ARE_OXIDATIVELY_DEAMINATED_TO_ALDEHYDES_BY_MAOA_AND_MAOB	PEA	Phenylethylamine	-	R-HSA-141333	C05332	HMDB0012275	RAMP_C_000007754
REACTOME_BIOGENIC_AMINES_ARE_OXIDATIVELY_DEAMINATED_TO_ALDEHYDES_BY_MAOA_AND_MAOB	Serotonin	Serotonin	-	R-HSA-141333	C00780	HMDB0000259	RAMP_C_000000177
REACTOME_BIOGENIC_AMINES_ARE_OXIDATIVELY_DEAMINATED_TO_ALDEHYDES_BY_MAOA_AND_MAOB	Tyramine	Tyramine	-	R-HSA-141333	C00483	HMDB0000306	RAMP_C_000000209
REACTOME_BIOLOGICAL_OXIDATIONS	2-Met-HipAcid	2-Methylhippuric acid	-	R-HSA-211859	C01586	HMDB0000714	RAMP_C_000000556
REACTOME_BIOLOGICAL_OXIDATIONS	2-OH-Benzoic acid	2-Hydroxybenzoic acid	-	R-HSA-211859	C00805	HMDB0001895	RAMP_C_000001242
REACTOME_BIOLOGICAL_OXIDATIONS	5-Oxo-Pro	5-Oxoproline	-	R-HSA-211859	C01879	HMDB0000267	RAMP_C_000263954
REACTOME_BIOLOGICAL_OXIDATIONS	AHCys	S-Adenosylhomocysteine	-	R-HSA-211859	C00021	HMDB0000939	RAMP_C_000218715
REACTOME_BIOLOGICAL_OXIDATIONS	Adenosine	Adenosine	-	R-HSA-211859	C00212	HMDB0000050	RAMP_C_000000034
REACTOME_BIOLOGICAL_OXIDATIONS	Arg	Arginine	-	R-HSA-211859	C00062	HMDB0000517	RAMP_C_000042003
REACTOME_BIOLOGICAL_OXIDATIONS	Benzoic acid	Benzoic acid	-	R-HSA-211859	C00180	HMDB0001870	RAMP_C_000001222
REACTOME_BIOLOGICAL_OXIDATIONS	CDCA	Chenodeoxycholic acid	-	R-HSA-211859	C02528	HMDB0000518	RAMP_C_000000390
REACTOME_BIOLOGICAL_OXIDATIONS	Cortisol	Cortisol	-	R-HSA-211859	C00735	HMDB0000063	RAMP_C_000000045
REACTOME_BIOLOGICAL_OXIDATIONS	Cys	Cysteine	-	R-HSA-211859	C00097	HMDB0000574	RAMP_C_000218469
REACTOME_BIOLOGICAL_OXIDATIONS	DCA	Deoxycholic acid	-	R-HSA-211859	C04483	HMDB0000626	RAMP_C_000263082
REACTOME_BIOLOGICAL_OXIDATIONS	DHEAS	Dehydroepiandrosterone sulfate	-	R-HSA-211859	C04555	HMDB0001032	RAMP_C_000269812
REACTOME_BIOLOGICAL_OXIDATIONS	Dopamine	Dopamine	-	R-HSA-211859	C03758	HMDB0000073	RAMP_C_000218860
REACTOME_BIOLOGICAL_OXIDATIONS	FA 12:0	Lauric acid	-	R-HSA-211859	C02679	HMDB0000638	RAMP_C_000264780
REACTOME_BIOLOGICAL_OXIDATIONS	FA 20:4n-6 (AA)	Arachidonic acid (AA; omega6)	-	R-HSA-211859	C00219	HMDB0001043	RAMP_C_000000804
REACTOME_BIOLOGICAL_OXIDATIONS	FA 22:6n-3 (DHA)	Docosahexaenoic acid (DHA; omega3)	-	R-HSA-211859	C06429	HMDB0002183	RAMP_C_000001447
REACTOME_BIOLOGICAL_OXIDATIONS	FA 2:0	Acetic acid	-	R-HSA-211859	C00033	HMDB0000042	RAMP_C_000218400
REACTOME_BIOLOGICAL_OXIDATIONS	FA 4:0	Butyric acid	-	R-HSA-211859	C00246	HMDB0000039	RAMP_C_000000028
REACTOME_BIOLOGICAL_OXIDATIONS	Gln	Glutamine	-	R-HSA-211859	C00064	HMDB0000641	RAMP_C_000218784
REACTOME_BIOLOGICAL_OXIDATIONS	Glu	Glutamic acid	-	R-HSA-211859	C00025	HMDB0000148	RAMP_C_000218397
REACTOME_BIOLOGICAL_OXIDATIONS	Gly	Glycine	-	R-HSA-211859	C00037	HMDB0000123	RAMP_C_000000078
REACTOME_BIOLOGICAL_OXIDATIONS	HCys	Homocysteine	-	R-HSA-211859	C00155	HMDB0000165	RAMP_C_000218762
REACTOME_BIOLOGICAL_OXIDATIONS	HipAcid	Hippuric acid	-	R-HSA-211859	C01586	HMDB0000714	RAMP_C_000000556
REACTOME_BIOLOGICAL_OXIDATIONS	Histamine	Histamine	-	R-HSA-211859	C00388	HMDB0000870	RAMP_C_000000678
REACTOME_BIOLOGICAL_OXIDATIONS	LCA	Lithocholic acid	-	R-HSA-211859	C03990	HMDB0000381	RAMP_C_000000277
REACTOME_BIOLOGICAL_OXIDATIONS	Melatonin	Melatonin	-	R-HSA-211859	C01598	HMDB0001389	RAMP_C_000001056
REACTOME_BIOLOGICAL_OXIDATIONS	Met	Methionine	-	R-HSA-211859	C00073	HMDB0000696	RAMP_C_000218711
REACTOME_BIOLOGICAL_OXIDATIONS	N1-Ac-Spermidine	N1-Acetylspermidine	-	R-HSA-211859	C00612	HMDB0001276	RAMP_C_000262968
REACTOME_BIOLOGICAL_OXIDATIONS	N1-Ac-Spermine	N1-Acetylspermine	-	R-HSA-211859	C02567	HMDB0001186	RAMP_C_000041921
REACTOME_BIOLOGICAL_OXIDATIONS	Nicotine	Nicotine	-	R-HSA-211859	C00745	HMDB0001001	RAMP_C_000158862
REACTOME_BIOLOGICAL_OXIDATIONS	PEA	Phenylethylamine	-	R-HSA-211859	C05332	HMDB0012275	RAMP_C_000007754
REACTOME_BIOLOGICAL_OXIDATIONS	Phenylacetylglutamine	Phenylacetylglutamine	-	R-HSA-211859	C04148	HMDB0006344	RAMP_C_000218777
REACTOME_BIOLOGICAL_OXIDATIONS	Putrescine	Putrescine	-	R-HSA-211859	C00134	HMDB0001414	RAMP_C_000001073
REACTOME_BIOLOGICAL_OXIDATIONS	Serotonin	Serotonin	-	R-HSA-211859	C00780	HMDB0000259	RAMP_C_000000177
REACTOME_BIOLOGICAL_OXIDATIONS	Spermidine	Spermidine	-	R-HSA-211859	C00315	HMDB0001257	RAMP_C_000000954
REACTOME_BIOLOGICAL_OXIDATIONS	Spermine	Spermine	-	R-HSA-211859	C00750	HMDB0001256	RAMP_C_000218544
REACTOME_BIOLOGICAL_OXIDATIONS	TLCA	Taurolithocholic acid	-	R-HSA-211859	C02592	HMDB0000722	RAMP_C_000218140
REACTOME_BIOLOGICAL_OXIDATIONS	TMAO	Trimethylamine N-oxide	-	R-HSA-211859	C01104	HMDB0000925	RAMP_C_000000723
REACTOME_BIOLOGICAL_OXIDATIONS	Tyramine	Tyramine	-	R-HSA-211859	C00483	HMDB0000306	RAMP_C_000000209
REACTOME_BIOLOGICAL_OXIDATIONS	Val	Valine	-	R-HSA-211859	C00183	HMDB0000883	RAMP_C_000218704
REACTOME_BIOSYNTHESIS_OF_DHA_DERIVED_SPMS	FA 22:6n-3 (DHA)	Docosahexaenoic acid (DHA; omega3)	-	R-HSA-9018677	C06429	HMDB0002183	RAMP_C_000001447
REACTOME_BIOSYNTHESIS_OF_DHA_DERIVED_SPMS	Glu	Glutamic acid	-	R-HSA-9018677	C00025	HMDB0000148	RAMP_C_000218397
REACTOME_BIOSYNTHESIS_OF_DHA_DERIVED_SPMS	Gly	Glycine	-	R-HSA-9018677	C00037	HMDB0000123	RAMP_C_000000078
REACTOME_BIOSYNTHESIS_OF_ELECTROPHILIC_3_PUFA_OXO_DERIVATIVES	FA 20:5n-3 (EPA)	Eicosapentaenoic acid (EPA; omega3)	-	R-HSA-9027604	C06428	HMDB0001999	RAMP_C_000001315
REACTOME_BIOSYNTHESIS_OF_ELECTROPHILIC_3_PUFA_OXO_DERIVATIVES	FA 22:5n-3 (DPA)	Docosapentaenoic acid (DPA, omega3)	-	R-HSA-9027604	C16513	HMDB0006528	RAMP_C_000219179
REACTOME_BIOSYNTHESIS_OF_ELECTROPHILIC_3_PUFA_OXO_DERIVATIVES	FA 22:6n-3 (DHA)	Docosahexaenoic acid (DHA; omega3)	-	R-HSA-9027604	C06429	HMDB0002183	RAMP_C_000001447
REACTOME_BIOSYNTHESIS_OF_SPECIALIZED_PRORESOLVING_MEDIATORS_SPMS	FA 20:5n-3 (EPA)	Eicosapentaenoic acid (EPA; omega3)	-	R-HSA-9018678	C06428	HMDB0001999	RAMP_C_000001315
REACTOME_BIOSYNTHESIS_OF_SPECIALIZED_PRORESOLVING_MEDIATORS_SPMS	FA 22:5n-3 (DPA)	Docosapentaenoic acid (DPA, omega3)	-	R-HSA-9018678	C16513	HMDB0006528	RAMP_C_000219179
REACTOME_BIOSYNTHESIS_OF_SPECIALIZED_PRORESOLVING_MEDIATORS_SPMS	FA 22:6n-3 (DHA)	Docosahexaenoic acid (DHA; omega3)	-	R-HSA-9018678	C06429	HMDB0002183	RAMP_C_000001447
REACTOME_BIOSYNTHESIS_OF_SPECIALIZED_PRORESOLVING_MEDIATORS_SPMS	Glu	Glutamic acid	-	R-HSA-9018678	C00025	HMDB0000148	RAMP_C_000218397
REACTOME_BIOSYNTHESIS_OF_SPECIALIZED_PRORESOLVING_MEDIATORS_SPMS	Gly	Glycine	-	R-HSA-9018678	C00037	HMDB0000123	RAMP_C_000000078
REACTOME_BRANCHED_CHAIN_AMINO_ACID_CATABOLISM	3-Met-2-oxovaleric acid	3-Methyl-2-oxovaleric acid	-	R-HSA-70895	C00671	HMDB0000491	RAMP_C_000000367
REACTOME_BRANCHED_CHAIN_AMINO_ACID_CATABOLISM	4-Met-2-oxovaleric acid	2-Oxoisocaproic acid	-	R-HSA-70895	C00233	HMDB0000695	RAMP_C_000218182
REACTOME_BRANCHED_CHAIN_AMINO_ACID_CATABOLISM	Glu	Glutamic acid	-	R-HSA-70895	C00025	HMDB0000148	RAMP_C_000218397
REACTOME_BRANCHED_CHAIN_AMINO_ACID_CATABOLISM	Ile	Isoleucine	-	R-HSA-70895	C00407	HMDB0000172	RAMP_C_000218741
REACTOME_BRANCHED_CHAIN_AMINO_ACID_CATABOLISM	Leu	Leucine	-	R-HSA-70895	C00123	HMDB0000687	RAMP_C_000000532
REACTOME_BRANCHED_CHAIN_AMINO_ACID_CATABOLISM	Val	Valine	-	R-HSA-70895	C00183	HMDB0000883	RAMP_C_000218704
REACTOME_BRANCHED_CHAIN_AMINO_ACID_CATABOLISM	a-Ketoglutaric acid	alpha-Ketoglutaric acid	-	R-HSA-70895	C00026	HMDB0000208	RAMP_C_000274401
REACTOME_BRANCHED_CHAIN_AMINO_ACID_CATABOLISM	a-Ketoisovaleric acid	alpha-Ketoisovaleric acid	-	R-HSA-70895	C00141	HMDB0000019	RAMP_C_000000012
REACTOME_CARBOXYTERMINAL_POST_TRANSLATIONAL_MODIFICATIONS_OF_TUBULIN	Glu	Glutamic acid	-	R-HSA-8955332	C00025	HMDB0000148	RAMP_C_000218397
REACTOME_CARBOXYTERMINAL_POST_TRANSLATIONAL_MODIFICATIONS_OF_TUBULIN	Gly	Glycine	-	R-HSA-8955332	C00037	HMDB0000123	RAMP_C_000000078
REACTOME_CARBOXYTERMINAL_POST_TRANSLATIONAL_MODIFICATIONS_OF_TUBULIN	Tyr	Tyrosine	-	R-HSA-8955332	C00082	HMDB0000158	RAMP_C_000218778
REACTOME_CARNITINE_METABOLISM	C0	Carnitine	-	R-HSA-200425	C00318	HMDB0000062	RAMP_C_000274496
REACTOME_CARNITINE_METABOLISM	C16	Hexadecanoylcarnitine	-	R-HSA-200425	C02990	HMDB0000222	RAMP_C_000000146
REACTOME_CARNITINE_METABOLISM	Citric acid	Citric acid	-	R-HSA-200425	C00158	HMDB0000094	RAMP_C_000218121
REACTOME_CARNITINE_SYNTHESIS	C0	Carnitine	-	R-HSA-71262	C00318	HMDB0000062	RAMP_C_000274496
REACTOME_CARNITINE_SYNTHESIS	Gly	Glycine	-	R-HSA-71262	C00037	HMDB0000123	RAMP_C_000000078
REACTOME_CARNITINE_SYNTHESIS	Suc	Succinic acid	-	R-HSA-71262	C00042	HMDB0000254	RAMP_C_000218399
REACTOME_CARNITINE_SYNTHESIS	a-Ketoglutaric acid	alpha-Ketoglutaric acid	-	R-HSA-71262	C00026	HMDB0000208	RAMP_C_000274401
REACTOME_CATECHOLAMINE_BIOSYNTHESIS	AHCys	S-Adenosylhomocysteine	-	R-HSA-209905	C00021	HMDB0000939	RAMP_C_000218715
REACTOME_CATECHOLAMINE_BIOSYNTHESIS	DOPA	Dihydroxyphenylalanine	-	R-HSA-209905	C00355	HMDB0000181	RAMP_C_000218668
REACTOME_CATECHOLAMINE_BIOSYNTHESIS	Dopamine	Dopamine	-	R-HSA-209905	C03758	HMDB0000073	RAMP_C_000218860
REACTOME_CATECHOLAMINE_BIOSYNTHESIS	Epinephrine	Epinephrine	-	R-HSA-209905	C00788	HMDB0000068	RAMP_C_000000048
REACTOME_CATECHOLAMINE_BIOSYNTHESIS	Norepinephrine	Norepinephrine	-	R-HSA-209905	C00547	HMDB0000216	RAMP_C_000219112
REACTOME_CATECHOLAMINE_BIOSYNTHESIS	Tyr	Tyrosine	-	R-HSA-209905	C00082	HMDB0000158	RAMP_C_000218778
REACTOME_CELLULAR_RESPONSES_TO_STIMULI	AHCys	S-Adenosylhomocysteine	-	R-HSA-8953897	C00021	HMDB0000939	RAMP_C_000218715
REACTOME_CELLULAR_RESPONSES_TO_STIMULI	Arg	Arginine	-	R-HSA-8953897	C00062	HMDB0000517	RAMP_C_000042003
REACTOME_CELLULAR_RESPONSES_TO_STIMULI	Cortisol	Cortisol	-	R-HSA-8953897	C00735	HMDB0000063	RAMP_C_000000045
REACTOME_CELLULAR_RESPONSES_TO_STIMULI	FA 16:0	Palmitic acid	-	R-HSA-8953897	C00249	HMDB0000220	RAMP_C_000219234
REACTOME_CELLULAR_RESPONSES_TO_STIMULI	FA 18:2	Linoleic acid	-	R-HSA-8953897	C01595	HMDB0000673	RAMP_C_000263195
REACTOME_CELLULAR_RESPONSES_TO_STIMULI	FA 20:4n-6 (AA)	Arachidonic acid (AA; omega6)	-	R-HSA-8953897	C00219	HMDB0001043	RAMP_C_000000804
REACTOME_CELLULAR_RESPONSES_TO_STIMULI	FA 20:5n-3 (EPA)	Eicosapentaenoic acid (EPA; omega3)	-	R-HSA-8953897	C06428	HMDB0001999	RAMP_C_000001315
REACTOME_CELLULAR_RESPONSES_TO_STIMULI	Leu	Leucine	-	R-HSA-8953897	C00123	HMDB0000687	RAMP_C_000000532
REACTOME_CELLULAR_RESPONSES_TO_STIMULI	Nicotinamide (B3)	Nicotinamide (B3)	-	R-HSA-8953897	C00153	HMDB0001406	RAMP_C_000001067
REACTOME_CELLULAR_RESPONSES_TO_STIMULI	Suc	Succinic acid	-	R-HSA-8953897	C00042	HMDB0000254	RAMP_C_000218399
REACTOME_CELLULAR_RESPONSES_TO_STIMULI	a-Ketoglutaric acid	alpha-Ketoglutaric acid	-	R-HSA-8953897	C00026	HMDB0000208	RAMP_C_000274401
REACTOME_CELLULAR_SENESCENCE	AHCys	S-Adenosylhomocysteine	-	R-HSA-2559583	C00021	HMDB0000939	RAMP_C_000218715
REACTOME_CELLULAR_SENESCENCE	Suc	Succinic acid	-	R-HSA-2559583	C00042	HMDB0000254	RAMP_C_000218399
REACTOME_CELLULAR_SENESCENCE	a-Ketoglutaric acid	alpha-Ketoglutaric acid	-	R-HSA-2559583	C00026	HMDB0000208	RAMP_C_000274401
REACTOME_CELL_CYCLE	AHCys	S-Adenosylhomocysteine	-	R-HSA-1640170	C00021	HMDB0000939	RAMP_C_000218715
REACTOME_CELL_CYCLE	Nicotinamide (B3)	Nicotinamide (B3)	-	R-HSA-1640170	C00153	HMDB0001406	RAMP_C_000001067
REACTOME_CELL_CYCLE	Suc	Succinic acid	-	R-HSA-1640170	C00042	HMDB0000254	RAMP_C_000218399
REACTOME_CELL_CYCLE	a-Ketoglutaric acid	alpha-Ketoglutaric acid	-	R-HSA-1640170	C00026	HMDB0000208	RAMP_C_000274401
REACTOME_CHOLINE_CATABOLISM	Betaine	Betaine	-	R-HSA-6798163	C00719	HMDB0000043	RAMP_C_000000030
REACTOME_CHOLINE_CATABOLISM	Choline	Choline	-	R-HSA-6798163	C00114	HMDB0000097	RAMP_C_000000065
REACTOME_CHOLINE_CATABOLISM	DMG	Dimethylglycine	-	R-HSA-6798163	C01026	HMDB0000092	RAMP_C_000000062
REACTOME_CHOLINE_CATABOLISM	Gly	Glycine	-	R-HSA-6798163	C00037	HMDB0000123	RAMP_C_000000078
REACTOME_CHOLINE_CATABOLISM	HCys	Homocysteine	-	R-HSA-6798163	C00155	HMDB0000165	RAMP_C_000218762
REACTOME_CHOLINE_CATABOLISM	Met	Methionine	-	R-HSA-6798163	C00073	HMDB0000696	RAMP_C_000218711
REACTOME_CHOLINE_CATABOLISM	Sarcosine	Sarcosine	-	R-HSA-6798163	C00213	HMDB0000271	RAMP_C_000218658
REACTOME_CHROMATIN_MODIFYING_ENZYMES	AHCys	S-Adenosylhomocysteine	-	R-HSA-3247509	C00021	HMDB0000939	RAMP_C_000218715
REACTOME_CHROMATIN_MODIFYING_ENZYMES	FA 2:0	Acetic acid	-	R-HSA-3247509	C00033	HMDB0000042	RAMP_C_000218400
REACTOME_CHROMATIN_MODIFYING_ENZYMES	Suc	Succinic acid	-	R-HSA-3247509	C00042	HMDB0000254	RAMP_C_000218399
REACTOME_CHROMATIN_MODIFYING_ENZYMES	a-Ketoglutaric acid	alpha-Ketoglutaric acid	-	R-HSA-3247509	C00026	HMDB0000208	RAMP_C_000274401
REACTOME_CIRCADIAN_CLOCK	Cortisol	Cortisol	-	R-HSA-400253	C00735	HMDB0000063	RAMP_C_000000045
REACTOME_CIRCADIAN_CLOCK	FA 16:0	Palmitic acid	-	R-HSA-400253	C00249	HMDB0000220	RAMP_C_000219234
REACTOME_CIRCADIAN_CLOCK	FA 18:2	Linoleic acid	-	R-HSA-400253	C01595	HMDB0000673	RAMP_C_000263195
REACTOME_CIRCADIAN_CLOCK	FA 20:4n-6 (AA)	Arachidonic acid (AA; omega6)	-	R-HSA-400253	C00219	HMDB0001043	RAMP_C_000000804
REACTOME_CIRCADIAN_CLOCK	FA 20:5n-3 (EPA)	Eicosapentaenoic acid (EPA; omega3)	-	R-HSA-400253	C06428	HMDB0001999	RAMP_C_000001315
REACTOME_CITRIC_ACID_CYCLE_TCA_CYCLE	AHCys	S-Adenosylhomocysteine	-	R-HSA-71403	C00021	HMDB0000939	RAMP_C_000218715
REACTOME_CITRIC_ACID_CYCLE_TCA_CYCLE	Citric acid	Citric acid	-	R-HSA-71403	C00158	HMDB0000094	RAMP_C_000218121
REACTOME_CITRIC_ACID_CYCLE_TCA_CYCLE	Fumaric acid	Fumaric acid	-	R-HSA-71403	C00122	HMDB0000134	RAMP_C_000218394
REACTOME_CITRIC_ACID_CYCLE_TCA_CYCLE	Isocitric acid	Isocitric acid	-	R-HSA-71403	C00311	HMDB0000193	RAMP_C_000217206
REACTOME_CITRIC_ACID_CYCLE_TCA_CYCLE	Itaconic acid	Itaconic acid	-	R-HSA-71403	C00490	HMDB0002092	RAMP_C_000218143
REACTOME_CITRIC_ACID_CYCLE_TCA_CYCLE	Malic acid	Malic acid	-	R-HSA-71403	C00149	HMDB0000156	RAMP_C_000218036
REACTOME_CITRIC_ACID_CYCLE_TCA_CYCLE	Nicotinamide (B3)	Nicotinamide (B3)	-	R-HSA-71403	C00153	HMDB0001406	RAMP_C_000001067
REACTOME_CITRIC_ACID_CYCLE_TCA_CYCLE	Oxaloacetic acid	Oxaloacetic acid	-	R-HSA-71403	C00036	HMDB0000223	RAMP_C_000262942
REACTOME_CITRIC_ACID_CYCLE_TCA_CYCLE	Suc	Succinic acid	-	R-HSA-71403	C00042	HMDB0000254	RAMP_C_000218399
REACTOME_CITRIC_ACID_CYCLE_TCA_CYCLE	a-Ketoglutaric acid	alpha-Ketoglutaric acid	-	R-HSA-71403	C00026	HMDB0000208	RAMP_C_000274401
REACTOME_CLASS_A_1_RHODOPSIN_LIKE_RECEPTORS	3-OH-Butyric acid	3-Hydroxybutyric acid	-	R-HSA-373076	C01089	HMDB0000011	RAMP_C_000218499
REACTOME_CLASS_A_1_RHODOPSIN_LIKE_RECEPTORS	Adenosine	Adenosine	-	R-HSA-373076	C00212	HMDB0000050	RAMP_C_000000034
REACTOME_CLASS_A_1_RHODOPSIN_LIKE_RECEPTORS	CA	Cholic acid	-	R-HSA-373076	C00695	HMDB0000505	RAMP_C_000218390
REACTOME_CLASS_A_1_RHODOPSIN_LIKE_RECEPTORS	CDCA	Chenodeoxycholic acid	-	R-HSA-373076	C02528	HMDB0000518	RAMP_C_000000390
REACTOME_CLASS_A_1_RHODOPSIN_LIKE_RECEPTORS	DCA	Deoxycholic acid	-	R-HSA-373076	C04483	HMDB0000626	RAMP_C_000263082
REACTOME_CLASS_A_1_RHODOPSIN_LIKE_RECEPTORS	DOPA	Dihydroxyphenylalanine	-	R-HSA-373076	C00355	HMDB0000181	RAMP_C_000218668
REACTOME_CLASS_A_1_RHODOPSIN_LIKE_RECEPTORS	Dopamine	Dopamine	-	R-HSA-373076	C03758	HMDB0000073	RAMP_C_000218860
REACTOME_CLASS_A_1_RHODOPSIN_LIKE_RECEPTORS	Epinephrine	Epinephrine	-	R-HSA-373076	C00788	HMDB0000068	RAMP_C_000000048
REACTOME_CLASS_A_1_RHODOPSIN_LIKE_RECEPTORS	FA 12:0	Lauric acid	-	R-HSA-373076	C02679	HMDB0000638	RAMP_C_000264780
REACTOME_CLASS_A_1_RHODOPSIN_LIKE_RECEPTORS	FA 14:0	Myristic acid	-	R-HSA-373076	C06424	HMDB0000806	RAMP_C_000264781
REACTOME_CLASS_A_1_RHODOPSIN_LIKE_RECEPTORS	FA 15:0	Pentadecanoic acid	-	R-HSA-373076	C16537	HMDB0000826	RAMP_C_000000647
REACTOME_CLASS_A_1_RHODOPSIN_LIKE_RECEPTORS	FA 16:0	Palmitic acid	-	R-HSA-373076	C00249	HMDB0000220	RAMP_C_000219234
REACTOME_CLASS_A_1_RHODOPSIN_LIKE_RECEPTORS	FA 16:1	Palmitoleic acid	-	R-HSA-373076	C08362	HMDB0003229	RAMP_C_000001779
REACTOME_CLASS_A_1_RHODOPSIN_LIKE_RECEPTORS	FA 18:1	Oleic acid	-	R-HSA-373076	C00712	HMDB0000207	RAMP_C_000218407
REACTOME_CLASS_A_1_RHODOPSIN_LIKE_RECEPTORS	FA 20:3n-6	Dihomo-gamma-linolenic acid (omega6)	-	R-HSA-373076	C03242	HMDB0002925	RAMP_C_000266357
REACTOME_CLASS_A_1_RHODOPSIN_LIKE_RECEPTORS	FA 20:5n-3 (EPA)	Eicosapentaenoic acid (EPA; omega3)	-	R-HSA-373076	C06428	HMDB0001999	RAMP_C_000001315
REACTOME_CLASS_A_1_RHODOPSIN_LIKE_RECEPTORS	FA 22:5n-3 (DPA)	Docosapentaenoic acid (DPA, omega3)	-	R-HSA-373076	C16513	HMDB0006528	RAMP_C_000219179
REACTOME_CLASS_A_1_RHODOPSIN_LIKE_RECEPTORS	FA 22:6n-3 (DHA)	Docosahexaenoic acid (DHA; omega3)	-	R-HSA-373076	C06429	HMDB0002183	RAMP_C_000001447
REACTOME_CLASS_A_1_RHODOPSIN_LIKE_RECEPTORS	FA 2:0	Acetic acid	-	R-HSA-373076	C00033	HMDB0000042	RAMP_C_000218400
REACTOME_CLASS_A_1_RHODOPSIN_LIKE_RECEPTORS	FA 3:0	Propanoic acid	-	R-HSA-373076	C00163	HMDB0000237	RAMP_C_000220356
REACTOME_CLASS_A_1_RHODOPSIN_LIKE_RECEPTORS	FA 4:0	Butyric acid	-	R-HSA-373076	C00246	HMDB0000039	RAMP_C_000000028
REACTOME_CLASS_A_1_RHODOPSIN_LIKE_RECEPTORS	FA 5:0	Valeric acid	-	R-HSA-373076	C00803	HMDB0000892	RAMP_C_000218411
REACTOME_CLASS_A_1_RHODOPSIN_LIKE_RECEPTORS	FA 6:0	Caproic acid	-	R-HSA-373076	C01585	HMDB0000535	RAMP_C_000000405
REACTOME_CLASS_A_1_RHODOPSIN_LIKE_RECEPTORS	Histamine	Histamine	-	R-HSA-373076	C00388	HMDB0000870	RAMP_C_000000678
REACTOME_CLASS_A_1_RHODOPSIN_LIKE_RECEPTORS	Kynurenic acid	Kynurenic acid	-	R-HSA-373076	C01717	HMDB0000715	RAMP_C_000219506
REACTOME_CLASS_A_1_RHODOPSIN_LIKE_RECEPTORS	LCA	Lithocholic acid	-	R-HSA-373076	C03990	HMDB0000381	RAMP_C_000000277
REACTOME_CLASS_A_1_RHODOPSIN_LIKE_RECEPTORS	Lac	Lactic acid	-	R-HSA-373076	C00186	HMDB0000190	RAMP_C_000218078
REACTOME_CLASS_A_1_RHODOPSIN_LIKE_RECEPTORS	MG 20:4	MG 20:4	-	R-HSA-373076	C13856	HMDB0004666	RAMP_C_000002127
REACTOME_CLASS_A_1_RHODOPSIN_LIKE_RECEPTORS	Melatonin	Melatonin	-	R-HSA-373076	C01598	HMDB0001389	RAMP_C_000001056
REACTOME_CLASS_A_1_RHODOPSIN_LIKE_RECEPTORS	Nicotinic acid (B3)	Nicotinic acid (B3)	-	R-HSA-373076	C00253	HMDB0001488	RAMP_C_000218427
REACTOME_CLASS_A_1_RHODOPSIN_LIKE_RECEPTORS	Norepinephrine	Norepinephrine	-	R-HSA-373076	C00547	HMDB0000216	RAMP_C_000219112
REACTOME_CLASS_A_1_RHODOPSIN_LIKE_RECEPTORS	PEA	Phenylethylamine	-	R-HSA-373076	C05332	HMDB0012275	RAMP_C_000007754
REACTOME_CLASS_A_1_RHODOPSIN_LIKE_RECEPTORS	Serotonin	Serotonin	-	R-HSA-373076	C00780	HMDB0000259	RAMP_C_000000177
REACTOME_CLASS_A_1_RHODOPSIN_LIKE_RECEPTORS	Suc	Succinic acid	-	R-HSA-373076	C00042	HMDB0000254	RAMP_C_000218399
REACTOME_CLASS_A_1_RHODOPSIN_LIKE_RECEPTORS	a-Ketoglutaric acid	alpha-Ketoglutaric acid	-	R-HSA-373076	C00026	HMDB0000208	RAMP_C_000274401
REACTOME_CLASS_C_3_METABOTROPIC_GLUTAMATE_PHEROMONE_RECEPTORS	Arg	Arginine	-	R-HSA-420499	C00062	HMDB0000517	RAMP_C_000042003
REACTOME_CLASS_C_3_METABOTROPIC_GLUTAMATE_PHEROMONE_RECEPTORS	GABA	gamma-Aminobutyric acid	-	R-HSA-420499	C00334	HMDB0000112	RAMP_C_000219510
REACTOME_CLASS_C_3_METABOTROPIC_GLUTAMATE_PHEROMONE_RECEPTORS	Glu	Glutamic acid	-	R-HSA-420499	C00025	HMDB0000148	RAMP_C_000218397
REACTOME_CLASS_C_3_METABOTROPIC_GLUTAMATE_PHEROMONE_RECEPTORS	Lys	Lysine	-	R-HSA-420499	C00047	HMDB0000182	RAMP_C_000000117
REACTOME_CLASS_C_3_METABOTROPIC_GLUTAMATE_PHEROMONE_RECEPTORS	Orn	Ornithine	-	R-HSA-420499	C00077	HMDB0000214	RAMP_C_000218554
REACTOME_COBALAMIN_CBL_METABOLISM	AHCys	S-Adenosylhomocysteine	-	R-HSA-9759218	C00021	HMDB0000939	RAMP_C_000218715
REACTOME_COBALAMIN_CBL_METABOLISM	HCys	Homocysteine	-	R-HSA-9759218	C00155	HMDB0000165	RAMP_C_000218762
REACTOME_COBALAMIN_CBL_METABOLISM	Met	Methionine	-	R-HSA-9759218	C00073	HMDB0000696	RAMP_C_000218711
REACTOME_CONJUGATION_OF_BENZOATE_WITH_GLYCINE	2-Met-HipAcid	2-Methylhippuric acid	-	R-HSA-177135	C01586	HMDB0000714	RAMP_C_000000556
REACTOME_CONJUGATION_OF_BENZOATE_WITH_GLYCINE	Benzoic acid	Benzoic acid	-	R-HSA-177135	C00180	HMDB0001870	RAMP_C_000001222
REACTOME_CONJUGATION_OF_BENZOATE_WITH_GLYCINE	Gly	Glycine	-	R-HSA-177135	C00037	HMDB0000123	RAMP_C_000000078
REACTOME_CONJUGATION_OF_BENZOATE_WITH_GLYCINE	HipAcid	Hippuric acid	-	R-HSA-177135	C01586	HMDB0000714	RAMP_C_000000556
REACTOME_CREATINE_METABOLISM	AHCys	S-Adenosylhomocysteine	-	R-HSA-71288	C00021	HMDB0000939	RAMP_C_000218715
REACTOME_CREATINE_METABOLISM	Arg	Arginine	-	R-HSA-71288	C00062	HMDB0000517	RAMP_C_000042003
REACTOME_CREATINE_METABOLISM	Creatine	Creatine	-	R-HSA-71288	C00300	HMDB0000064	RAMP_C_000000046
REACTOME_CREATINE_METABOLISM	Creatinine	Creatinine	-	R-HSA-71288	C00791	HMDB0000562	RAMP_C_000000431
REACTOME_CREATINE_METABOLISM	Gly	Glycine	-	R-HSA-71288	C00037	HMDB0000123	RAMP_C_000000078
REACTOME_CREATINE_METABOLISM	Guanidinoacetic acid	Guanidinoacetic acid	-	R-HSA-71288	C00581	HMDB0000128	RAMP_C_000219492
REACTOME_CREATINE_METABOLISM	Orn	Ornithine	-	R-HSA-71288	C00077	HMDB0000214	RAMP_C_000218554
REACTOME_CYSTEINE_FORMATION_FROM_HOMOCYSTEINE	Cys	Cysteine	-	R-HSA-1614603	C00097	HMDB0000574	RAMP_C_000218469
REACTOME_CYSTEINE_FORMATION_FROM_HOMOCYSTEINE	HCys	Homocysteine	-	R-HSA-1614603	C00155	HMDB0000165	RAMP_C_000218762
REACTOME_CYSTEINE_FORMATION_FROM_HOMOCYSTEINE	Ser	Serine	-	R-HSA-1614603	C00065	HMDB0000187	RAMP_C_000218440
REACTOME_CYTOCHROME_P450_ARRANGED_BY_SUBSTRATE_TYPE	CDCA	Chenodeoxycholic acid	-	R-HSA-211897	C02528	HMDB0000518	RAMP_C_000000390
REACTOME_CYTOCHROME_P450_ARRANGED_BY_SUBSTRATE_TYPE	Cortisol	Cortisol	-	R-HSA-211897	C00735	HMDB0000063	RAMP_C_000000045
REACTOME_CYTOCHROME_P450_ARRANGED_BY_SUBSTRATE_TYPE	DCA	Deoxycholic acid	-	R-HSA-211897	C04483	HMDB0000626	RAMP_C_000263082
REACTOME_CYTOCHROME_P450_ARRANGED_BY_SUBSTRATE_TYPE	FA 12:0	Lauric acid	-	R-HSA-211897	C02679	HMDB0000638	RAMP_C_000264780
REACTOME_CYTOCHROME_P450_ARRANGED_BY_SUBSTRATE_TYPE	FA 20:4n-6 (AA)	Arachidonic acid (AA; omega6)	-	R-HSA-211897	C00219	HMDB0001043	RAMP_C_000000804
REACTOME_CYTOCHROME_P450_ARRANGED_BY_SUBSTRATE_TYPE	FA 22:6n-3 (DHA)	Docosahexaenoic acid (DHA; omega3)	-	R-HSA-211897	C06429	HMDB0002183	RAMP_C_000001447
REACTOME_CYTOCHROME_P450_ARRANGED_BY_SUBSTRATE_TYPE	LCA	Lithocholic acid	-	R-HSA-211897	C03990	HMDB0000381	RAMP_C_000000277
REACTOME_CYTOSOLIC_SULFONATION_OF_SMALL_MOLECULES	DHEAS	Dehydroepiandrosterone sulfate	-	R-HSA-156584	C04555	HMDB0001032	RAMP_C_000269812
REACTOME_CYTOSOLIC_SULFONATION_OF_SMALL_MOLECULES	Dopamine	Dopamine	-	R-HSA-156584	C03758	HMDB0000073	RAMP_C_000218860
REACTOME_CYTOSOLIC_SULFONATION_OF_SMALL_MOLECULES	FA 4:0	Butyric acid	-	R-HSA-156584	C00246	HMDB0000039	RAMP_C_000000028
REACTOME_CYTOSOLIC_SULFONATION_OF_SMALL_MOLECULES	LCA	Lithocholic acid	-	R-HSA-156584	C03990	HMDB0000381	RAMP_C_000000277
REACTOME_CYTOSOLIC_SULFONATION_OF_SMALL_MOLECULES	TLCA	Taurolithocholic acid	-	R-HSA-156584	C02592	HMDB0000722	RAMP_C_000218140
REACTOME_CYTOSOLIC_TRNA_AMINOACYLATION	Ala	Alanine	-	R-HSA-379716	C00041	HMDB0000161	RAMP_C_000000104
REACTOME_CYTOSOLIC_TRNA_AMINOACYLATION	Arg	Arginine	-	R-HSA-379716	C00062	HMDB0000517	RAMP_C_000042003
REACTOME_CYTOSOLIC_TRNA_AMINOACYLATION	Asn	Asparagine	-	R-HSA-379716	C00152	HMDB0000168	RAMP_C_000218742
REACTOME_CYTOSOLIC_TRNA_AMINOACYLATION	Asp	Aspartic acid	-	R-HSA-379716	C00049	HMDB0000191	RAMP_C_000218398
REACTOME_CYTOSOLIC_TRNA_AMINOACYLATION	Cys	Cysteine	-	R-HSA-379716	C00097	HMDB0000574	RAMP_C_000218469
REACTOME_CYTOSOLIC_TRNA_AMINOACYLATION	Gln	Glutamine	-	R-HSA-379716	C00064	HMDB0000641	RAMP_C_000218784
REACTOME_CYTOSOLIC_TRNA_AMINOACYLATION	Glu	Glutamic acid	-	R-HSA-379716	C00025	HMDB0000148	RAMP_C_000218397
REACTOME_CYTOSOLIC_TRNA_AMINOACYLATION	Gly	Glycine	-	R-HSA-379716	C00037	HMDB0000123	RAMP_C_000000078
REACTOME_CYTOSOLIC_TRNA_AMINOACYLATION	His	Histidine	-	R-HSA-379716	C00135	HMDB0000177	RAMP_C_000218426
REACTOME_CYTOSOLIC_TRNA_AMINOACYLATION	Ile	Isoleucine	-	R-HSA-379716	C00407	HMDB0000172	RAMP_C_000218741
REACTOME_CYTOSOLIC_TRNA_AMINOACYLATION	Leu	Leucine	-	R-HSA-379716	C00123	HMDB0000687	RAMP_C_000000532
REACTOME_CYTOSOLIC_TRNA_AMINOACYLATION	Lys	Lysine	-	R-HSA-379716	C00047	HMDB0000182	RAMP_C_000000117
REACTOME_CYTOSOLIC_TRNA_AMINOACYLATION	Met	Methionine	-	R-HSA-379716	C00073	HMDB0000696	RAMP_C_000218711
REACTOME_CYTOSOLIC_TRNA_AMINOACYLATION	Phe	Phenylalanine	-	R-HSA-379716	C00079	HMDB0000159	RAMP_C_000218749
REACTOME_CYTOSOLIC_TRNA_AMINOACYLATION	Pro	Proline	-	R-HSA-379716	C00148	HMDB0000162	RAMP_C_000218861
REACTOME_CYTOSOLIC_TRNA_AMINOACYLATION	Ser	Serine	-	R-HSA-379716	C00065	HMDB0000187	RAMP_C_000218440
REACTOME_CYTOSOLIC_TRNA_AMINOACYLATION	Thr	Threonine	-	R-HSA-379716	C00188	HMDB0000167	RAMP_C_000218724
REACTOME_CYTOSOLIC_TRNA_AMINOACYLATION	Trp	Tryptophan	-	R-HSA-379716	C00078	HMDB0000929	RAMP_C_000218721
REACTOME_CYTOSOLIC_TRNA_AMINOACYLATION	Tyr	Tyrosine	-	R-HSA-379716	C00082	HMDB0000158	RAMP_C_000218778
REACTOME_CYTOSOLIC_TRNA_AMINOACYLATION	Val	Valine	-	R-HSA-379716	C00183	HMDB0000883	RAMP_C_000218704
REACTOME_DEFECTIVE_PNP_DISRUPTS_PHOSPHOROLYSIS_OF_DEOXY_GUANOSINE_AND_DEOXY_INOSINE	Deoxyguanosine	Deoxyguanosine	-	R-HSA-9735763	C00330	HMDB0000085	RAMP_C_000000058
REACTOME_DEFECTIVE_PNP_DISRUPTS_PHOSPHOROLYSIS_OF_DEOXY_GUANOSINE_AND_DEOXY_INOSINE	Guanosine	Guanosine	-	R-HSA-9735763	C00387	HMDB0000133	RAMP_C_000000087
REACTOME_DEFECTIVE_PNP_DISRUPTS_PHOSPHOROLYSIS_OF_DEOXY_GUANOSINE_AND_DEOXY_INOSINE	Inosine	Inosine	-	R-HSA-9735763	C00294	HMDB0000195	RAMP_C_000000126
REACTOME_DEFECTIVE_SLC16A1_CAUSES_SYMPTOMATIC_DEFICIENCY_IN_LACTATE_TRANSPORT_SDLT	2-OH-Benzoic acid	2-Hydroxybenzoic acid	-	R-HSA-5619070	C00805	HMDB0001895	RAMP_C_000001242
REACTOME_DEFECTIVE_SLC16A1_CAUSES_SYMPTOMATIC_DEFICIENCY_IN_LACTATE_TRANSPORT_SDLT	3-OH-Butyric acid	3-Hydroxybutyric acid	-	R-HSA-5619070	C01089	HMDB0000011	RAMP_C_000218499
REACTOME_DEFECTIVE_SLC16A1_CAUSES_SYMPTOMATIC_DEFICIENCY_IN_LACTATE_TRANSPORT_SDLT	Lac	Lactic acid	-	R-HSA-5619070	C00186	HMDB0000190	RAMP_C_000218078
REACTOME_DEFECTIVE_SLC16A1_CAUSES_SYMPTOMATIC_DEFICIENCY_IN_LACTATE_TRANSPORT_SDLT	Pyruvic acid	Pyruvic acid	-	R-HSA-5619070	C00022	HMDB0000243	RAMP_C_000218028
REACTOME_DEFECTIVE_SLC27A4_CAUSES_ICHTHYOSIS_PREMATURITY_SYNDROME_IPS	FA 10:0	Capric acid	-	R-HSA-5619108	C01571	HMDB0000511	RAMP_C_000218305
REACTOME_DEFECTIVE_SLC27A4_CAUSES_ICHTHYOSIS_PREMATURITY_SYNDROME_IPS	FA 12:0	Lauric acid	-	R-HSA-5619108	C02679	HMDB0000638	RAMP_C_000264780
REACTOME_DEFECTIVE_SLC27A4_CAUSES_ICHTHYOSIS_PREMATURITY_SYNDROME_IPS	FA 14:0	Myristic acid	-	R-HSA-5619108	C06424	HMDB0000806	RAMP_C_000264781
REACTOME_DEFECTIVE_SLC27A4_CAUSES_ICHTHYOSIS_PREMATURITY_SYNDROME_IPS	FA 16:0	Palmitic acid	-	R-HSA-5619108	C00249	HMDB0000220	RAMP_C_000219234
REACTOME_DEFECTIVE_SLC27A4_CAUSES_ICHTHYOSIS_PREMATURITY_SYNDROME_IPS	FA 18:1	Oleic acid	-	R-HSA-5619108	C00712	HMDB0000207	RAMP_C_000218407
REACTOME_DEFECTIVE_SLC27A4_CAUSES_ICHTHYOSIS_PREMATURITY_SYNDROME_IPS	FA 18:2	Linoleic acid	-	R-HSA-5619108	C01595	HMDB0000673	RAMP_C_000263195
REACTOME_DEFECTIVE_SLC27A4_CAUSES_ICHTHYOSIS_PREMATURITY_SYNDROME_IPS	FA 20:0	Arachidic acid	-	R-HSA-5619108	C06425	HMDB0002212	RAMP_C_000001471
REACTOME_DEFECTIVE_SLC27A4_CAUSES_ICHTHYOSIS_PREMATURITY_SYNDROME_IPS	FA 24:0	Lignoceric acid	-	R-HSA-5619108	C08320	HMDB0002003	RAMP_C_000001318
REACTOME_DEFECTIVE_SLC29A3_CAUSES_HISTIOCYTOSIS_LYMPHADENOPATHY_PLUS_SYNDROME_HLAS	Adenine	Adenine	-	R-HSA-5619063	C00147	HMDB0000034	RAMP_C_000000024
REACTOME_DEFECTIVE_SLC29A3_CAUSES_HISTIOCYTOSIS_LYMPHADENOPATHY_PLUS_SYNDROME_HLAS	Adenosine	Adenosine	-	R-HSA-5619063	C00212	HMDB0000050	RAMP_C_000000034
REACTOME_DEFECTIVE_SLC29A3_CAUSES_HISTIOCYTOSIS_LYMPHADENOPATHY_PLUS_SYNDROME_HLAS	Cytidine	Cytidine	-	R-HSA-5619063	C00475	HMDB0000089	RAMP_C_000000061
REACTOME_DEFECTIVE_SLC29A3_CAUSES_HISTIOCYTOSIS_LYMPHADENOPATHY_PLUS_SYNDROME_HLAS	Guanosine	Guanosine	-	R-HSA-5619063	C00387	HMDB0000133	RAMP_C_000000087
REACTOME_DEFECTIVE_SLC29A3_CAUSES_HISTIOCYTOSIS_LYMPHADENOPATHY_PLUS_SYNDROME_HLAS	Inosine	Inosine	-	R-HSA-5619063	C00294	HMDB0000195	RAMP_C_000000126
REACTOME_DEFECTIVE_SLC29A3_CAUSES_HISTIOCYTOSIS_LYMPHADENOPATHY_PLUS_SYNDROME_HLAS	Thymidine	Thymidine	-	R-HSA-5619063	C00214	HMDB0000273	RAMP_C_000000186
REACTOME_DEFECTIVE_SLC29A3_CAUSES_HISTIOCYTOSIS_LYMPHADENOPATHY_PLUS_SYNDROME_HLAS	Uridine	Uridine	-	R-HSA-5619063	C00299	HMDB0000296	RAMP_C_000000201
REACTOME_DEFECTIVE_SLC3A1_CAUSES_CYSTINURIA_CSNU	Arg	Arginine	-	R-HSA-5619113	C00062	HMDB0000517	RAMP_C_000042003
REACTOME_DEFECTIVE_SLC3A1_CAUSES_CYSTINURIA_CSNU	Cystine	Cystine	-	R-HSA-5619113	C00491	HMDB0000192	RAMP_C_000000123
REACTOME_DEFECTIVE_SLC3A1_CAUSES_CYSTINURIA_CSNU	Leu	Leucine	-	R-HSA-5619113	C00123	HMDB0000687	RAMP_C_000000532
REACTOME_DEFECTIVE_SLC3A1_CAUSES_CYSTINURIA_CSNU	Lys	Lysine	-	R-HSA-5619113	C00047	HMDB0000182	RAMP_C_000000117
REACTOME_DEFECTIVE_SLC6A19_CAUSES_HARTNUP_DISORDER_HND	Ala	Alanine	-	R-HSA-5619044	C00041	HMDB0000161	RAMP_C_000000104
REACTOME_DEFECTIVE_SLC6A19_CAUSES_HARTNUP_DISORDER_HND	Cys	Cysteine	-	R-HSA-5619044	C00097	HMDB0000574	RAMP_C_000218469
REACTOME_DEFECTIVE_SLC6A19_CAUSES_HARTNUP_DISORDER_HND	Gln	Glutamine	-	R-HSA-5619044	C00064	HMDB0000641	RAMP_C_000218784
REACTOME_DEFECTIVE_SLC6A19_CAUSES_HARTNUP_DISORDER_HND	Gly	Glycine	-	R-HSA-5619044	C00037	HMDB0000123	RAMP_C_000000078
REACTOME_DEFECTIVE_SLC6A19_CAUSES_HARTNUP_DISORDER_HND	Ile	Isoleucine	-	R-HSA-5619044	C00407	HMDB0000172	RAMP_C_000218741
REACTOME_DEFECTIVE_SLC6A19_CAUSES_HARTNUP_DISORDER_HND	Leu	Leucine	-	R-HSA-5619044	C00123	HMDB0000687	RAMP_C_000000532
REACTOME_DEFECTIVE_SLC6A19_CAUSES_HARTNUP_DISORDER_HND	Met	Methionine	-	R-HSA-5619044	C00073	HMDB0000696	RAMP_C_000218711
REACTOME_DEFECTIVE_SLC6A19_CAUSES_HARTNUP_DISORDER_HND	Phe	Phenylalanine	-	R-HSA-5619044	C00079	HMDB0000159	RAMP_C_000218749
REACTOME_DEFECTIVE_SLC6A19_CAUSES_HARTNUP_DISORDER_HND	Ser	Serine	-	R-HSA-5619044	C00065	HMDB0000187	RAMP_C_000218440
REACTOME_DEFECTIVE_SLC6A19_CAUSES_HARTNUP_DISORDER_HND	Trp	Tryptophan	-	R-HSA-5619044	C00078	HMDB0000929	RAMP_C_000218721
REACTOME_DEFECTIVE_SLC6A19_CAUSES_HARTNUP_DISORDER_HND	Tyr	Tyrosine	-	R-HSA-5619044	C00082	HMDB0000158	RAMP_C_000218778
REACTOME_DEFECTIVE_SLC6A19_CAUSES_HARTNUP_DISORDER_HND	Val	Valine	-	R-HSA-5619044	C00183	HMDB0000883	RAMP_C_000218704
REACTOME_DEGRADATION_OF_CYSTEINE_AND_HOMOCYSTEINE	Cys	Cysteine	-	R-HSA-1614558	C00097	HMDB0000574	RAMP_C_000218469
REACTOME_DEGRADATION_OF_CYSTEINE_AND_HOMOCYSTEINE	Glu	Glutamic acid	-	R-HSA-1614558	C00025	HMDB0000148	RAMP_C_000218397
REACTOME_DEGRADATION_OF_CYSTEINE_AND_HOMOCYSTEINE	HCys	Homocysteine	-	R-HSA-1614558	C00155	HMDB0000165	RAMP_C_000218762
REACTOME_DEGRADATION_OF_CYSTEINE_AND_HOMOCYSTEINE	Hypotaurine	Hypotaurine	-	R-HSA-1614558	C00519	HMDB0000965	RAMP_C_000000756
REACTOME_DEGRADATION_OF_CYSTEINE_AND_HOMOCYSTEINE	Malic acid	Malic acid	-	R-HSA-1614558	C00149	HMDB0000156	RAMP_C_000218036
REACTOME_DEGRADATION_OF_CYSTEINE_AND_HOMOCYSTEINE	Pyruvic acid	Pyruvic acid	-	R-HSA-1614558	C00022	HMDB0000243	RAMP_C_000218028
REACTOME_DEGRADATION_OF_CYSTEINE_AND_HOMOCYSTEINE	Ser	Serine	-	R-HSA-1614558	C00065	HMDB0000187	RAMP_C_000218440
REACTOME_DEGRADATION_OF_CYSTEINE_AND_HOMOCYSTEINE	Taurine	Taurine	-	R-HSA-1614558	C00245	HMDB0000251	RAMP_C_000218584
REACTOME_DEGRADATION_OF_CYSTEINE_AND_HOMOCYSTEINE	a-Ketoglutaric acid	alpha-Ketoglutaric acid	-	R-HSA-1614558	C00026	HMDB0000208	RAMP_C_000274401
REACTOME_DEGRADATION_OF_GABA	GABA	gamma-Aminobutyric acid	-	R-HSA-916853	C00334	HMDB0000112	RAMP_C_000219510
REACTOME_DEGRADATION_OF_GABA	Glu	Glutamic acid	-	R-HSA-916853	C00025	HMDB0000148	RAMP_C_000218397
REACTOME_DEGRADATION_OF_GABA	Suc	Succinic acid	-	R-HSA-916853	C00042	HMDB0000254	RAMP_C_000218399
REACTOME_DEGRADATION_OF_GABA	a-Ketoglutaric acid	alpha-Ketoglutaric acid	-	R-HSA-916853	C00026	HMDB0000208	RAMP_C_000274401
REACTOME_DEVELOPMENTAL_BIOLOGY	AHCys	S-Adenosylhomocysteine	-	R-HSA-1266738	C00021	HMDB0000939	RAMP_C_000218715
REACTOME_DEVELOPMENTAL_BIOLOGY	Cer d18:1/25:0	Cer d18:1/25:0	-	R-HSA-1266738		HMDB0004953	RAMP_C_000002281
REACTOME_DEVELOPMENTAL_BIOLOGY	DG 16:0_16:0	DG 16:0_16:0	-	R-HSA-1266738	C00165	HMDB0007098	RAMP_C_000219428
REACTOME_DEVELOPMENTAL_BIOLOGY	FA 16:0	Palmitic acid	-	R-HSA-1266738	C00249	HMDB0000220	RAMP_C_000219234
REACTOME_DEVELOPMENTAL_BIOLOGY	FA 18:2	Linoleic acid	-	R-HSA-1266738	C01595	HMDB0000673	RAMP_C_000263195
REACTOME_DEVELOPMENTAL_BIOLOGY	FA 20:4n-6 (AA)	Arachidonic acid (AA; omega6)	-	R-HSA-1266738	C00219	HMDB0001043	RAMP_C_000000804
REACTOME_DEVELOPMENTAL_BIOLOGY	FA 20:5n-3 (EPA)	Eicosapentaenoic acid (EPA; omega3)	-	R-HSA-1266738	C06428	HMDB0001999	RAMP_C_000001315
REACTOME_DEVELOPMENTAL_BIOLOGY	FA 22:6n-3 (DHA)	Docosahexaenoic acid (DHA; omega3)	-	R-HSA-1266738	C06429	HMDB0002183	RAMP_C_000001447
REACTOME_DEVELOPMENTAL_BIOLOGY	Glu	Glutamic acid	-	R-HSA-1266738	C00025	HMDB0000148	RAMP_C_000218397
REACTOME_DEVELOPMENTAL_BIOLOGY	Gly	Glycine	-	R-HSA-1266738	C00037	HMDB0000123	RAMP_C_000000078
REACTOME_DEVELOPMENTAL_BIOLOGY	Nicotinamide (B3)	Nicotinamide (B3)	-	R-HSA-1266738	C00153	HMDB0001406	RAMP_C_000001067
REACTOME_DEVELOPMENTAL_BIOLOGY	Suc	Succinic acid	-	R-HSA-1266738	C00042	HMDB0000254	RAMP_C_000218399
REACTOME_DEVELOPMENTAL_BIOLOGY	a-Ketoglutaric acid	alpha-Ketoglutaric acid	-	R-HSA-1266738	C00026	HMDB0000208	RAMP_C_000274401
REACTOME_DIGESTION	CA	Cholic acid	-	R-HSA-8935690	C00695	HMDB0000505	RAMP_C_000218390
REACTOME_DIGESTION	CDCA	Chenodeoxycholic acid	-	R-HSA-8935690	C02528	HMDB0000518	RAMP_C_000000390
REACTOME_DIGESTION	DG 16:0_16:0	DG 16:0_16:0	-	R-HSA-8935690	C00165	HMDB0007098	RAMP_C_000219428
REACTOME_DIGESTION	FA 16:0	Palmitic acid	-	R-HSA-8935690	C00249	HMDB0000220	RAMP_C_000219234
REACTOME_DIGESTION	GCA	Glycocholic acid	-	R-HSA-8935690	C01921	HMDB0000138	RAMP_C_000000089
REACTOME_DIGESTION	GCDCA	Glycochenodeoxycholic acid	-	R-HSA-8935690	C05462	HMDB0000637	RAMP_C_000002951
REACTOME_DIGESTION	TCDCA	Taurochenodeoxycholic acid	-	R-HSA-8935690	C05465	HMDB0000951	RAMP_C_000219362
REACTOME_DISEASE	2-OH-Benzoic acid	2-Hydroxybenzoic acid	-	R-HSA-1643685	C00805	HMDB0001895	RAMP_C_000001242
REACTOME_DISEASE	2-OH-Glutaric acid	2-Hydroxyglutaric acid	-	R-HSA-1643685	C01087	HMDB0000606	RAMP_C_000219574
REACTOME_DISEASE	3-OH-Butyric acid	3-Hydroxybutyric acid	-	R-HSA-1643685	C01089	HMDB0000011	RAMP_C_000218499
REACTOME_DISEASE	5-Oxo-Pro	5-Oxoproline	-	R-HSA-1643685	C01879	HMDB0000267	RAMP_C_000263954
REACTOME_DISEASE	AHCys	S-Adenosylhomocysteine	-	R-HSA-1643685	C00021	HMDB0000939	RAMP_C_000218715
REACTOME_DISEASE	Adenine	Adenine	-	R-HSA-1643685	C00147	HMDB0000034	RAMP_C_000000024
REACTOME_DISEASE	Adenosine	Adenosine	-	R-HSA-1643685	C00212	HMDB0000050	RAMP_C_000000034
REACTOME_DISEASE	Ala	Alanine	-	R-HSA-1643685	C00041	HMDB0000161	RAMP_C_000000104
REACTOME_DISEASE	Arg	Arginine	-	R-HSA-1643685	C00062	HMDB0000517	RAMP_C_000042003
REACTOME_DISEASE	Asp	Aspartic acid	-	R-HSA-1643685	C00049	HMDB0000191	RAMP_C_000218398
REACTOME_DISEASE	Biotin (B7)	Biotin (B7)	-	R-HSA-1643685	C00120	HMDB0000030	RAMP_C_000261993
REACTOME_DISEASE	C0	Carnitine	-	R-HSA-1643685	C00318	HMDB0000062	RAMP_C_000274496
REACTOME_DISEASE	Choline	Choline	-	R-HSA-1643685	C00114	HMDB0000097	RAMP_C_000000065
REACTOME_DISEASE	Cys	Cysteine	-	R-HSA-1643685	C00097	HMDB0000574	RAMP_C_000218469
REACTOME_DISEASE	Cystine	Cystine	-	R-HSA-1643685	C00491	HMDB0000192	RAMP_C_000000123
REACTOME_DISEASE	Cytidine	Cytidine	-	R-HSA-1643685	C00475	HMDB0000089	RAMP_C_000000061
REACTOME_DISEASE	DG 16:0_16:0	DG 16:0_16:0	-	R-HSA-1643685	C00165	HMDB0007098	RAMP_C_000219428
REACTOME_DISEASE	Deoxyguanosine	Deoxyguanosine	-	R-HSA-1643685	C00330	HMDB0000085	RAMP_C_000000058
REACTOME_DISEASE	Dopamine	Dopamine	-	R-HSA-1643685	C03758	HMDB0000073	RAMP_C_000218860
REACTOME_DISEASE	FA 10:0	Capric acid	-	R-HSA-1643685	C01571	HMDB0000511	RAMP_C_000218305
REACTOME_DISEASE	FA 12:0	Lauric acid	-	R-HSA-1643685	C02679	HMDB0000638	RAMP_C_000264780
REACTOME_DISEASE	FA 14:0	Myristic acid	-	R-HSA-1643685	C06424	HMDB0000806	RAMP_C_000264781
REACTOME_DISEASE	FA 16:0	Palmitic acid	-	R-HSA-1643685	C00249	HMDB0000220	RAMP_C_000219234
REACTOME_DISEASE	FA 18:1	Oleic acid	-	R-HSA-1643685	C00712	HMDB0000207	RAMP_C_000218407
REACTOME_DISEASE	FA 18:2	Linoleic acid	-	R-HSA-1643685	C01595	HMDB0000673	RAMP_C_000263195
REACTOME_DISEASE	FA 20:0	Arachidic acid	-	R-HSA-1643685	C06425	HMDB0002212	RAMP_C_000001471
REACTOME_DISEASE	FA 20:4n-6 (AA)	Arachidonic acid (AA; omega6)	-	R-HSA-1643685	C00219	HMDB0001043	RAMP_C_000000804
REACTOME_DISEASE	FA 24:0	Lignoceric acid	-	R-HSA-1643685	C08320	HMDB0002003	RAMP_C_000001318
REACTOME_DISEASE	GCA	Glycocholic acid	-	R-HSA-1643685	C01921	HMDB0000138	RAMP_C_000000089
REACTOME_DISEASE	GCDCA	Glycochenodeoxycholic acid	-	R-HSA-1643685	C05462	HMDB0000637	RAMP_C_000002951
REACTOME_DISEASE	Gln	Glutamine	-	R-HSA-1643685	C00064	HMDB0000641	RAMP_C_000218784
REACTOME_DISEASE	Glu	Glutamic acid	-	R-HSA-1643685	C00025	HMDB0000148	RAMP_C_000218397
REACTOME_DISEASE	Glucose	Glucose	-	R-HSA-1643685	C00031	HMDB0000122	RAMP_C_000000077
REACTOME_DISEASE	Gly	Glycine	-	R-HSA-1643685	C00037	HMDB0000123	RAMP_C_000000078
REACTOME_DISEASE	Guanine	Guanine	-	R-HSA-1643685	C00242	HMDB0000132	RAMP_C_000000086
REACTOME_DISEASE	Guanosine	Guanosine	-	R-HSA-1643685	C00387	HMDB0000133	RAMP_C_000000087
REACTOME_DISEASE	HCys	Homocysteine	-	R-HSA-1643685	C00155	HMDB0000165	RAMP_C_000218762
REACTOME_DISEASE	His	Histidine	-	R-HSA-1643685	C00135	HMDB0000177	RAMP_C_000218426
REACTOME_DISEASE	Hypoxanthine	Hypoxanthine	-	R-HSA-1643685	C00262	HMDB0000157	RAMP_C_000000101
REACTOME_DISEASE	Ile	Isoleucine	-	R-HSA-1643685	C00407	HMDB0000172	RAMP_C_000218741
REACTOME_DISEASE	Inosine	Inosine	-	R-HSA-1643685	C00294	HMDB0000195	RAMP_C_000000126
REACTOME_DISEASE	Lac	Lactic acid	-	R-HSA-1643685	C00186	HMDB0000190	RAMP_C_000218078
REACTOME_DISEASE	Leu	Leucine	-	R-HSA-1643685	C00123	HMDB0000687	RAMP_C_000000532
REACTOME_DISEASE	Lys	Lysine	-	R-HSA-1643685	C00047	HMDB0000182	RAMP_C_000000117
REACTOME_DISEASE	Met	Methionine	-	R-HSA-1643685	C00073	HMDB0000696	RAMP_C_000218711
REACTOME_DISEASE	Nicotinamide (B3)	Nicotinamide (B3)	-	R-HSA-1643685	C00153	HMDB0001406	RAMP_C_000001067
REACTOME_DISEASE	Norepinephrine	Norepinephrine	-	R-HSA-1643685	C00547	HMDB0000216	RAMP_C_000219112
REACTOME_DISEASE	Phe	Phenylalanine	-	R-HSA-1643685	C00079	HMDB0000159	RAMP_C_000218749
REACTOME_DISEASE	Pro	Proline	-	R-HSA-1643685	C00148	HMDB0000162	RAMP_C_000218861
REACTOME_DISEASE	Pyruvic acid	Pyruvic acid	-	R-HSA-1643685	C00022	HMDB0000243	RAMP_C_000218028
REACTOME_DISEASE	Ser	Serine	-	R-HSA-1643685	C00065	HMDB0000187	RAMP_C_000218440
REACTOME_DISEASE	Serotonin	Serotonin	-	R-HSA-1643685	C00780	HMDB0000259	RAMP_C_000000177
REACTOME_DISEASE	TCDCA	Taurochenodeoxycholic acid	-	R-HSA-1643685	C05465	HMDB0000951	RAMP_C_000219362
REACTOME_DISEASE	Thymidine	Thymidine	-	R-HSA-1643685	C00214	HMDB0000273	RAMP_C_000000186
REACTOME_DISEASE	Trp	Tryptophan	-	R-HSA-1643685	C00078	HMDB0000929	RAMP_C_000218721
REACTOME_DISEASE	Tyr	Tyrosine	-	R-HSA-1643685	C00082	HMDB0000158	RAMP_C_000218778
REACTOME_DISEASE	Uric acid	Uric acid	-	R-HSA-1643685	C00366	HMDB0000289	RAMP_C_000000194
REACTOME_DISEASE	Uridine	Uridine	-	R-HSA-1643685	C00299	HMDB0000296	RAMP_C_000000201
REACTOME_DISEASE	Val	Valine	-	R-HSA-1643685	C00183	HMDB0000883	RAMP_C_000218704
REACTOME_DISEASE	a-Ketoglutaric acid	alpha-Ketoglutaric acid	-	R-HSA-1643685	C00026	HMDB0000208	RAMP_C_000274401
REACTOME_DISEASE	beta-Ala	beta-Alanine	-	R-HSA-1643685	C00099	HMDB0000056	RAMP_C_000218729
REACTOME_DISEASE	cAMP	Adenosine monophosphate, cyclic (cAMP)	-	R-HSA-1643685	C00575	HMDB0000058	RAMP_C_000218758
REACTOME_DISEASES_OF_METABOLISM	2-OH-Glutaric acid	2-Hydroxyglutaric acid	-	R-HSA-5668914	C01087	HMDB0000606	RAMP_C_000219574
REACTOME_DISEASES_OF_METABOLISM	5-Oxo-Pro	5-Oxoproline	-	R-HSA-5668914	C01879	HMDB0000267	RAMP_C_000263954
REACTOME_DISEASES_OF_METABOLISM	AHCys	S-Adenosylhomocysteine	-	R-HSA-5668914	C00021	HMDB0000939	RAMP_C_000218715
REACTOME_DISEASES_OF_METABOLISM	Adenine	Adenine	-	R-HSA-5668914	C00147	HMDB0000034	RAMP_C_000000024
REACTOME_DISEASES_OF_METABOLISM	Adenosine	Adenosine	-	R-HSA-5668914	C00212	HMDB0000050	RAMP_C_000000034
REACTOME_DISEASES_OF_METABOLISM	Biotin (B7)	Biotin (B7)	-	R-HSA-5668914	C00120	HMDB0000030	RAMP_C_000261993
REACTOME_DISEASES_OF_METABOLISM	Cys	Cysteine	-	R-HSA-5668914	C00097	HMDB0000574	RAMP_C_000218469
REACTOME_DISEASES_OF_METABOLISM	Deoxyguanosine	Deoxyguanosine	-	R-HSA-5668914	C00330	HMDB0000085	RAMP_C_000000058
REACTOME_DISEASES_OF_METABOLISM	FA 20:4n-6 (AA)	Arachidonic acid (AA; omega6)	-	R-HSA-5668914	C00219	HMDB0001043	RAMP_C_000000804
REACTOME_DISEASES_OF_METABOLISM	Gln	Glutamine	-	R-HSA-5668914	C00064	HMDB0000641	RAMP_C_000218784
REACTOME_DISEASES_OF_METABOLISM	Glu	Glutamic acid	-	R-HSA-5668914	C00025	HMDB0000148	RAMP_C_000218397
REACTOME_DISEASES_OF_METABOLISM	Gly	Glycine	-	R-HSA-5668914	C00037	HMDB0000123	RAMP_C_000000078
REACTOME_DISEASES_OF_METABOLISM	Guanine	Guanine	-	R-HSA-5668914	C00242	HMDB0000132	RAMP_C_000000086
REACTOME_DISEASES_OF_METABOLISM	Guanosine	Guanosine	-	R-HSA-5668914	C00387	HMDB0000133	RAMP_C_000000087
REACTOME_DISEASES_OF_METABOLISM	HCys	Homocysteine	-	R-HSA-5668914	C00155	HMDB0000165	RAMP_C_000218762
REACTOME_DISEASES_OF_METABOLISM	Hypoxanthine	Hypoxanthine	-	R-HSA-5668914	C00262	HMDB0000157	RAMP_C_000000101
REACTOME_DISEASES_OF_METABOLISM	Inosine	Inosine	-	R-HSA-5668914	C00294	HMDB0000195	RAMP_C_000000126
REACTOME_DISEASES_OF_METABOLISM	Met	Methionine	-	R-HSA-5668914	C00073	HMDB0000696	RAMP_C_000218711
REACTOME_DISEASES_OF_METABOLISM	Phe	Phenylalanine	-	R-HSA-5668914	C00079	HMDB0000159	RAMP_C_000218749
REACTOME_DISEASES_OF_METABOLISM	Serotonin	Serotonin	-	R-HSA-5668914	C00780	HMDB0000259	RAMP_C_000000177
REACTOME_DISEASES_OF_METABOLISM	a-Ketoglutaric acid	alpha-Ketoglutaric acid	-	R-HSA-5668914	C00026	HMDB0000208	RAMP_C_000274401
REACTOME_DISEASES_OF_NUCLEOTIDE_METABOLISM	Adenine	Adenine	-	R-HSA-9735804	C00147	HMDB0000034	RAMP_C_000000024
REACTOME_DISEASES_OF_NUCLEOTIDE_METABOLISM	Adenosine	Adenosine	-	R-HSA-9735804	C00212	HMDB0000050	RAMP_C_000000034
REACTOME_DISEASES_OF_NUCLEOTIDE_METABOLISM	Deoxyguanosine	Deoxyguanosine	-	R-HSA-9735804	C00330	HMDB0000085	RAMP_C_000000058
REACTOME_DISEASES_OF_NUCLEOTIDE_METABOLISM	Guanine	Guanine	-	R-HSA-9735804	C00242	HMDB0000132	RAMP_C_000000086
REACTOME_DISEASES_OF_NUCLEOTIDE_METABOLISM	Guanosine	Guanosine	-	R-HSA-9735804	C00387	HMDB0000133	RAMP_C_000000087
REACTOME_DISEASES_OF_NUCLEOTIDE_METABOLISM	Hypoxanthine	Hypoxanthine	-	R-HSA-9735804	C00262	HMDB0000157	RAMP_C_000000101
REACTOME_DISEASES_OF_NUCLEOTIDE_METABOLISM	Inosine	Inosine	-	R-HSA-9735804	C00294	HMDB0000195	RAMP_C_000000126
REACTOME_DISORDERS_OF_TRANSMEMBRANE_TRANSPORTERS	2-OH-Benzoic acid	2-Hydroxybenzoic acid	-	R-HSA-5619115	C00805	HMDB0001895	RAMP_C_000001242
REACTOME_DISORDERS_OF_TRANSMEMBRANE_TRANSPORTERS	3-OH-Butyric acid	3-Hydroxybutyric acid	-	R-HSA-5619115	C01089	HMDB0000011	RAMP_C_000218499
REACTOME_DISORDERS_OF_TRANSMEMBRANE_TRANSPORTERS	Adenine	Adenine	-	R-HSA-5619115	C00147	HMDB0000034	RAMP_C_000000024
REACTOME_DISORDERS_OF_TRANSMEMBRANE_TRANSPORTERS	Adenosine	Adenosine	-	R-HSA-5619115	C00212	HMDB0000050	RAMP_C_000000034
REACTOME_DISORDERS_OF_TRANSMEMBRANE_TRANSPORTERS	Ala	Alanine	-	R-HSA-5619115	C00041	HMDB0000161	RAMP_C_000000104
REACTOME_DISORDERS_OF_TRANSMEMBRANE_TRANSPORTERS	Arg	Arginine	-	R-HSA-5619115	C00062	HMDB0000517	RAMP_C_000042003
REACTOME_DISORDERS_OF_TRANSMEMBRANE_TRANSPORTERS	Asp	Aspartic acid	-	R-HSA-5619115	C00049	HMDB0000191	RAMP_C_000218398
REACTOME_DISORDERS_OF_TRANSMEMBRANE_TRANSPORTERS	C0	Carnitine	-	R-HSA-5619115	C00318	HMDB0000062	RAMP_C_000274496
REACTOME_DISORDERS_OF_TRANSMEMBRANE_TRANSPORTERS	Choline	Choline	-	R-HSA-5619115	C00114	HMDB0000097	RAMP_C_000000065
REACTOME_DISORDERS_OF_TRANSMEMBRANE_TRANSPORTERS	Cys	Cysteine	-	R-HSA-5619115	C00097	HMDB0000574	RAMP_C_000218469
REACTOME_DISORDERS_OF_TRANSMEMBRANE_TRANSPORTERS	Cystine	Cystine	-	R-HSA-5619115	C00491	HMDB0000192	RAMP_C_000000123
REACTOME_DISORDERS_OF_TRANSMEMBRANE_TRANSPORTERS	Cytidine	Cytidine	-	R-HSA-5619115	C00475	HMDB0000089	RAMP_C_000000061
REACTOME_DISORDERS_OF_TRANSMEMBRANE_TRANSPORTERS	Dopamine	Dopamine	-	R-HSA-5619115	C03758	HMDB0000073	RAMP_C_000218860
REACTOME_DISORDERS_OF_TRANSMEMBRANE_TRANSPORTERS	FA 10:0	Capric acid	-	R-HSA-5619115	C01571	HMDB0000511	RAMP_C_000218305
REACTOME_DISORDERS_OF_TRANSMEMBRANE_TRANSPORTERS	FA 12:0	Lauric acid	-	R-HSA-5619115	C02679	HMDB0000638	RAMP_C_000264780
REACTOME_DISORDERS_OF_TRANSMEMBRANE_TRANSPORTERS	FA 14:0	Myristic acid	-	R-HSA-5619115	C06424	HMDB0000806	RAMP_C_000264781
REACTOME_DISORDERS_OF_TRANSMEMBRANE_TRANSPORTERS	FA 16:0	Palmitic acid	-	R-HSA-5619115	C00249	HMDB0000220	RAMP_C_000219234
REACTOME_DISORDERS_OF_TRANSMEMBRANE_TRANSPORTERS	FA 18:1	Oleic acid	-	R-HSA-5619115	C00712	HMDB0000207	RAMP_C_000218407
REACTOME_DISORDERS_OF_TRANSMEMBRANE_TRANSPORTERS	FA 18:2	Linoleic acid	-	R-HSA-5619115	C01595	HMDB0000673	RAMP_C_000263195
REACTOME_DISORDERS_OF_TRANSMEMBRANE_TRANSPORTERS	FA 20:0	Arachidic acid	-	R-HSA-5619115	C06425	HMDB0002212	RAMP_C_000001471
REACTOME_DISORDERS_OF_TRANSMEMBRANE_TRANSPORTERS	FA 24:0	Lignoceric acid	-	R-HSA-5619115	C08320	HMDB0002003	RAMP_C_000001318
REACTOME_DISORDERS_OF_TRANSMEMBRANE_TRANSPORTERS	GCA	Glycocholic acid	-	R-HSA-5619115	C01921	HMDB0000138	RAMP_C_000000089
REACTOME_DISORDERS_OF_TRANSMEMBRANE_TRANSPORTERS	GCDCA	Glycochenodeoxycholic acid	-	R-HSA-5619115	C05462	HMDB0000637	RAMP_C_000002951
REACTOME_DISORDERS_OF_TRANSMEMBRANE_TRANSPORTERS	Gln	Glutamine	-	R-HSA-5619115	C00064	HMDB0000641	RAMP_C_000218784
REACTOME_DISORDERS_OF_TRANSMEMBRANE_TRANSPORTERS	Glu	Glutamic acid	-	R-HSA-5619115	C00025	HMDB0000148	RAMP_C_000218397
REACTOME_DISORDERS_OF_TRANSMEMBRANE_TRANSPORTERS	Gly	Glycine	-	R-HSA-5619115	C00037	HMDB0000123	RAMP_C_000000078
REACTOME_DISORDERS_OF_TRANSMEMBRANE_TRANSPORTERS	Guanosine	Guanosine	-	R-HSA-5619115	C00387	HMDB0000133	RAMP_C_000000087
REACTOME_DISORDERS_OF_TRANSMEMBRANE_TRANSPORTERS	His	Histidine	-	R-HSA-5619115	C00135	HMDB0000177	RAMP_C_000218426
REACTOME_DISORDERS_OF_TRANSMEMBRANE_TRANSPORTERS	Ile	Isoleucine	-	R-HSA-5619115	C00407	HMDB0000172	RAMP_C_000218741
REACTOME_DISORDERS_OF_TRANSMEMBRANE_TRANSPORTERS	Inosine	Inosine	-	R-HSA-5619115	C00294	HMDB0000195	RAMP_C_000000126
REACTOME_DISORDERS_OF_TRANSMEMBRANE_TRANSPORTERS	Lac	Lactic acid	-	R-HSA-5619115	C00186	HMDB0000190	RAMP_C_000218078
REACTOME_DISORDERS_OF_TRANSMEMBRANE_TRANSPORTERS	Leu	Leucine	-	R-HSA-5619115	C00123	HMDB0000687	RAMP_C_000000532
REACTOME_DISORDERS_OF_TRANSMEMBRANE_TRANSPORTERS	Lys	Lysine	-	R-HSA-5619115	C00047	HMDB0000182	RAMP_C_000000117
REACTOME_DISORDERS_OF_TRANSMEMBRANE_TRANSPORTERS	Met	Methionine	-	R-HSA-5619115	C00073	HMDB0000696	RAMP_C_000218711
REACTOME_DISORDERS_OF_TRANSMEMBRANE_TRANSPORTERS	Norepinephrine	Norepinephrine	-	R-HSA-5619115	C00547	HMDB0000216	RAMP_C_000219112
REACTOME_DISORDERS_OF_TRANSMEMBRANE_TRANSPORTERS	Phe	Phenylalanine	-	R-HSA-5619115	C00079	HMDB0000159	RAMP_C_000218749
REACTOME_DISORDERS_OF_TRANSMEMBRANE_TRANSPORTERS	Pro	Proline	-	R-HSA-5619115	C00148	HMDB0000162	RAMP_C_000218861
REACTOME_DISORDERS_OF_TRANSMEMBRANE_TRANSPORTERS	Pyruvic acid	Pyruvic acid	-	R-HSA-5619115	C00022	HMDB0000243	RAMP_C_000218028
REACTOME_DISORDERS_OF_TRANSMEMBRANE_TRANSPORTERS	Ser	Serine	-	R-HSA-5619115	C00065	HMDB0000187	RAMP_C_000218440
REACTOME_DISORDERS_OF_TRANSMEMBRANE_TRANSPORTERS	TCDCA	Taurochenodeoxycholic acid	-	R-HSA-5619115	C05465	HMDB0000951	RAMP_C_000219362
REACTOME_DISORDERS_OF_TRANSMEMBRANE_TRANSPORTERS	Thymidine	Thymidine	-	R-HSA-5619115	C00214	HMDB0000273	RAMP_C_000000186
REACTOME_DISORDERS_OF_TRANSMEMBRANE_TRANSPORTERS	Trp	Tryptophan	-	R-HSA-5619115	C00078	HMDB0000929	RAMP_C_000218721
REACTOME_DISORDERS_OF_TRANSMEMBRANE_TRANSPORTERS	Tyr	Tyrosine	-	R-HSA-5619115	C00082	HMDB0000158	RAMP_C_000218778
REACTOME_DISORDERS_OF_TRANSMEMBRANE_TRANSPORTERS	Uric acid	Uric acid	-	R-HSA-5619115	C00366	HMDB0000289	RAMP_C_000000194
REACTOME_DISORDERS_OF_TRANSMEMBRANE_TRANSPORTERS	Uridine	Uridine	-	R-HSA-5619115	C00299	HMDB0000296	RAMP_C_000000201
REACTOME_DISORDERS_OF_TRANSMEMBRANE_TRANSPORTERS	Val	Valine	-	R-HSA-5619115	C00183	HMDB0000883	RAMP_C_000218704
REACTOME_DISORDERS_OF_TRANSMEMBRANE_TRANSPORTERS	beta-Ala	beta-Alanine	-	R-HSA-5619115	C00099	HMDB0000056	RAMP_C_000218729
REACTOME_DNA_DAMAGE_REVERSAL	Adenosine	Adenosine	-	R-HSA-73942	C00212	HMDB0000050	RAMP_C_000000034
REACTOME_DNA_DAMAGE_REVERSAL	Suc	Succinic acid	-	R-HSA-73942	C00042	HMDB0000254	RAMP_C_000218399
REACTOME_DNA_DAMAGE_REVERSAL	a-Ketoglutaric acid	alpha-Ketoglutaric acid	-	R-HSA-73942	C00026	HMDB0000208	RAMP_C_000274401
REACTOME_DNA_REPAIR	AHCys	S-Adenosylhomocysteine	-	R-HSA-73894	C00021	HMDB0000939	RAMP_C_000218715
REACTOME_DNA_REPAIR	Adenine	Adenine	-	R-HSA-73894	C00147	HMDB0000034	RAMP_C_000000024
REACTOME_DNA_REPAIR	Adenosine	Adenosine	-	R-HSA-73894	C00212	HMDB0000050	RAMP_C_000000034
REACTOME_DNA_REPAIR	Hypoxanthine	Hypoxanthine	-	R-HSA-73894	C00262	HMDB0000157	RAMP_C_000000101
REACTOME_DNA_REPAIR	Nicotinamide (B3)	Nicotinamide (B3)	-	R-HSA-73894	C00153	HMDB0001406	RAMP_C_000001067
REACTOME_DNA_REPAIR	Suc	Succinic acid	-	R-HSA-73894	C00042	HMDB0000254	RAMP_C_000218399
REACTOME_DNA_REPAIR	Thymine	Thymine	-	R-HSA-73894	C00178	HMDB0000262	RAMP_C_000000178
REACTOME_DNA_REPAIR	Uracil	Uracil	-	R-HSA-73894	C00106	HMDB0000300	RAMP_C_000000203
REACTOME_DNA_REPAIR	a-Ketoglutaric acid	alpha-Ketoglutaric acid	-	R-HSA-73894	C00026	HMDB0000208	RAMP_C_000274401
REACTOME_DOPAMINE_CLEARANCE_FROM_THE_SYNAPTIC_CLEFT	AHCys	S-Adenosylhomocysteine	-	R-HSA-379401	C00021	HMDB0000939	RAMP_C_000218715
REACTOME_DOPAMINE_CLEARANCE_FROM_THE_SYNAPTIC_CLEFT	DOPAC	3,4-Dihydroxyphenylacetic acid	-	R-HSA-379401	C01161	HMDB0001336	RAMP_C_000001011
REACTOME_DOPAMINE_CLEARANCE_FROM_THE_SYNAPTIC_CLEFT	Dopamine	Dopamine	-	R-HSA-379401	C03758	HMDB0000073	RAMP_C_000218860
REACTOME_DOPAMINE_CLEARANCE_FROM_THE_SYNAPTIC_CLEFT	HCys	Homocysteine	-	R-HSA-379401	C00155	HMDB0000165	RAMP_C_000218762
REACTOME_DOPAMINE_CLEARANCE_FROM_THE_SYNAPTIC_CLEFT	Homovanillic acid	Homovanillic acid	-	R-HSA-379401	C05582	HMDB0000118	RAMP_C_000000074
REACTOME_DRUG_ADME	2-OH-Benzoic acid	2-Hydroxybenzoic acid	-	R-HSA-9748784	C00805	HMDB0001895	RAMP_C_000001242
REACTOME_DRUG_ADME	3-OH-Butyric acid	3-Hydroxybutyric acid	-	R-HSA-9748784	C01089	HMDB0000011	RAMP_C_000218499
REACTOME_DRUG_ADME	AHCys	S-Adenosylhomocysteine	-	R-HSA-9748784	C00021	HMDB0000939	RAMP_C_000218715
REACTOME_DRUG_ADME	Adenosine	Adenosine	-	R-HSA-9748784	C00212	HMDB0000050	RAMP_C_000000034
REACTOME_DRUG_ADME	Cys	Cysteine	-	R-HSA-9748784	C00097	HMDB0000574	RAMP_C_000218469
REACTOME_DRUG_ADME	FA 2:0	Acetic acid	-	R-HSA-9748784	C00033	HMDB0000042	RAMP_C_000218400
REACTOME_DRUG_ADME	Gln	Glutamine	-	R-HSA-9748784	C00064	HMDB0000641	RAMP_C_000218784
REACTOME_DRUG_ADME	Glu	Glutamic acid	-	R-HSA-9748784	C00025	HMDB0000148	RAMP_C_000218397
REACTOME_DRUG_ADME	Gly	Glycine	-	R-HSA-9748784	C00037	HMDB0000123	RAMP_C_000000078
REACTOME_DRUG_ADME	Inosine	Inosine	-	R-HSA-9748784	C00294	HMDB0000195	RAMP_C_000000126
REACTOME_DRUG_ADME	Lac	Lactic acid	-	R-HSA-9748784	C00186	HMDB0000190	RAMP_C_000218078
REACTOME_DRUG_ADME	Pyruvic acid	Pyruvic acid	-	R-HSA-9748784	C00022	HMDB0000243	RAMP_C_000218028
REACTOME_ENDOGENOUS_STEROLS	CDCA	Chenodeoxycholic acid	-	R-HSA-211976	C02528	HMDB0000518	RAMP_C_000000390
REACTOME_ENDOGENOUS_STEROLS	Cortisol	Cortisol	-	R-HSA-211976	C00735	HMDB0000063	RAMP_C_000000045
REACTOME_ENDOGENOUS_STEROLS	DCA	Deoxycholic acid	-	R-HSA-211976	C04483	HMDB0000626	RAMP_C_000263082
REACTOME_ENDOGENOUS_STEROLS	FA 22:6n-3 (DHA)	Docosahexaenoic acid (DHA; omega3)	-	R-HSA-211976	C06429	HMDB0002183	RAMP_C_000001447
REACTOME_ENDOGENOUS_STEROLS	LCA	Lithocholic acid	-	R-HSA-211976	C03990	HMDB0000381	RAMP_C_000000277
REACTOME_ENOS_ACTIVATION	ADMA	Asymmetric dimethylarginine	-	R-HSA-203615	C03626	HMDB0001539	RAMP_C_000218780
REACTOME_ENOS_ACTIVATION	Arg	Arginine	-	R-HSA-203615	C00062	HMDB0000517	RAMP_C_000042003
REACTOME_ENOS_ACTIVATION	Cit	Citrulline	-	R-HSA-203615	C00327	HMDB0000904	RAMP_C_000218703
REACTOME_ENOS_ACTIVATION	FA 16:0	Palmitic acid	-	R-HSA-203615	C00249	HMDB0000220	RAMP_C_000219234
REACTOME_ENZYMATIC_DEGRADATION_OF_DOPAMINE_BY_COMT	AHCys	S-Adenosylhomocysteine	-	R-HSA-379397	C00021	HMDB0000939	RAMP_C_000218715
REACTOME_ENZYMATIC_DEGRADATION_OF_DOPAMINE_BY_COMT	Dopamine	Dopamine	-	R-HSA-379397	C03758	HMDB0000073	RAMP_C_000218860
REACTOME_ENZYMATIC_DEGRADATION_OF_DOPAMINE_BY_COMT	Homovanillic acid	Homovanillic acid	-	R-HSA-379397	C05582	HMDB0000118	RAMP_C_000000074
REACTOME_ENZYMATIC_DEGRADATION_OF_DOPAMINE_BY_MONOAMINE_OXIDASE	DOPAC	3,4-Dihydroxyphenylacetic acid	-	R-HSA-379398	C01161	HMDB0001336	RAMP_C_000001011
REACTOME_ENZYMATIC_DEGRADATION_OF_DOPAMINE_BY_MONOAMINE_OXIDASE	Dopamine	Dopamine	-	R-HSA-379398	C03758	HMDB0000073	RAMP_C_000218860
REACTOME_ENZYMATIC_DEGRADATION_OF_DOPAMINE_BY_MONOAMINE_OXIDASE	HCys	Homocysteine	-	R-HSA-379398	C00155	HMDB0000165	RAMP_C_000218762
REACTOME_ENZYMATIC_DEGRADATION_OF_DOPAMINE_BY_MONOAMINE_OXIDASE	Homovanillic acid	Homovanillic acid	-	R-HSA-379398	C05582	HMDB0000118	RAMP_C_000000074
REACTOME_EPIGENETIC_REGULATION_OF_GENE_EXPRESSION	AHCys	S-Adenosylhomocysteine	-	R-HSA-212165	C00021	HMDB0000939	RAMP_C_000218715
REACTOME_EPIGENETIC_REGULATION_OF_GENE_EXPRESSION	FA 2:0	Acetic acid	-	R-HSA-212165	C00033	HMDB0000042	RAMP_C_000218400
REACTOME_EPIGENETIC_REGULATION_OF_GENE_EXPRESSION	Nicotinamide (B3)	Nicotinamide (B3)	-	R-HSA-212165	C00153	HMDB0001406	RAMP_C_000001067
REACTOME_EPIGENETIC_REGULATION_OF_GENE_EXPRESSION	Suc	Succinic acid	-	R-HSA-212165	C00042	HMDB0000254	RAMP_C_000218399
REACTOME_EPIGENETIC_REGULATION_OF_GENE_EXPRESSION	a-Ketoglutaric acid	alpha-Ketoglutaric acid	-	R-HSA-212165	C00026	HMDB0000208	RAMP_C_000274401
REACTOME_ESR_MEDIATED_SIGNALING	ADMA	Asymmetric dimethylarginine	-	R-HSA-8939211	C03626	HMDB0001539	RAMP_C_000218780
REACTOME_ESR_MEDIATED_SIGNALING	AHCys	S-Adenosylhomocysteine	-	R-HSA-8939211	C00021	HMDB0000939	RAMP_C_000218715
REACTOME_ESR_MEDIATED_SIGNALING	Arg	Arginine	-	R-HSA-8939211	C00062	HMDB0000517	RAMP_C_000042003
REACTOME_ESR_MEDIATED_SIGNALING	Cit	Citrulline	-	R-HSA-8939211	C00327	HMDB0000904	RAMP_C_000218703
REACTOME_ESR_MEDIATED_SIGNALING	FA 16:0	Palmitic acid	-	R-HSA-8939211	C00249	HMDB0000220	RAMP_C_000219234
REACTOME_FATTY_ACIDS_BOUND_TO_GPR40_FFAR1_REGULATE_INSULIN_SECRETION	FA 12:0	Lauric acid	-	R-HSA-434316	C02679	HMDB0000638	RAMP_C_000264780
REACTOME_FATTY_ACIDS_BOUND_TO_GPR40_FFAR1_REGULATE_INSULIN_SECRETION	FA 15:0	Pentadecanoic acid	-	R-HSA-434316	C16537	HMDB0000826	RAMP_C_000000647
REACTOME_FATTY_ACIDS_BOUND_TO_GPR40_FFAR1_REGULATE_INSULIN_SECRETION	FA 16:0	Palmitic acid	-	R-HSA-434316	C00249	HMDB0000220	RAMP_C_000219234
REACTOME_FATTY_ACIDS_BOUND_TO_GPR40_FFAR1_REGULATE_INSULIN_SECRETION	FA 18:1	Oleic acid	-	R-HSA-434316	C00712	HMDB0000207	RAMP_C_000218407
REACTOME_FATTY_ACID_METABOLISM	2-OH-Benzoic acid	2-Hydroxybenzoic acid	-	R-HSA-8978868	C00805	HMDB0001895	RAMP_C_000001242
REACTOME_FATTY_ACID_METABOLISM	C0	Carnitine	-	R-HSA-8978868	C00318	HMDB0000062	RAMP_C_000274496
REACTOME_FATTY_ACID_METABOLISM	C16	Hexadecanoylcarnitine	-	R-HSA-8978868	C02990	HMDB0000222	RAMP_C_000000146
REACTOME_FATTY_ACID_METABOLISM	C2	Acetylcarnitine	-	R-HSA-8978868	C02571	HMDB0000201	RAMP_C_000218051
REACTOME_FATTY_ACID_METABOLISM	C3	Propionylcarnitine	-	R-HSA-8978868	C03017	HMDB0000824	RAMP_C_000000645
REACTOME_FATTY_ACID_METABOLISM	Citric acid	Citric acid	-	R-HSA-8978868	C00158	HMDB0000094	RAMP_C_000218121
REACTOME_FATTY_ACID_METABOLISM	FA 10:0	Capric acid	-	R-HSA-8978868	C01571	HMDB0000511	RAMP_C_000218305
REACTOME_FATTY_ACID_METABOLISM	FA 16:0	Palmitic acid	-	R-HSA-8978868	C00249	HMDB0000220	RAMP_C_000219234
REACTOME_FATTY_ACID_METABOLISM	FA 18:2	Linoleic acid	-	R-HSA-8978868	C01595	HMDB0000673	RAMP_C_000263195
REACTOME_FATTY_ACID_METABOLISM	FA 20:4n-6 (AA)	Arachidonic acid (AA; omega6)	-	R-HSA-8978868	C00219	HMDB0001043	RAMP_C_000000804
REACTOME_FATTY_ACID_METABOLISM	FA 22:6n-3 (DHA)	Docosahexaenoic acid (DHA; omega3)	-	R-HSA-8978868	C06429	HMDB0002183	RAMP_C_000001447
REACTOME_FATTY_ACID_METABOLISM	FA 2:0	Acetic acid	-	R-HSA-8978868	C00033	HMDB0000042	RAMP_C_000218400
REACTOME_FATTY_ACID_METABOLISM	FA 4:0	Butyric acid	-	R-HSA-8978868	C00246	HMDB0000039	RAMP_C_000000028
REACTOME_FATTY_ACID_METABOLISM	Glu	Glutamic acid	-	R-HSA-8978868	C00025	HMDB0000148	RAMP_C_000218397
REACTOME_FATTY_ACID_METABOLISM	Gly	Glycine	-	R-HSA-8978868	C00037	HMDB0000123	RAMP_C_000000078
REACTOME_FATTY_ACID_METABOLISM	Oxaloacetic acid	Oxaloacetic acid	-	R-HSA-8978868	C00036	HMDB0000223	RAMP_C_000262942
REACTOME_FATTY_ACID_METABOLISM	Suc	Succinic acid	-	R-HSA-8978868	C00042	HMDB0000254	RAMP_C_000218399
REACTOME_FATTY_ACID_METABOLISM	a-Ketoglutaric acid	alpha-Ketoglutaric acid	-	R-HSA-8978868	C00026	HMDB0000208	RAMP_C_000274401
REACTOME_FATTY_ACYL_COA_BIOSYNTHESIS	Citric acid	Citric acid	-	R-HSA-75105	C00158	HMDB0000094	RAMP_C_000218121
REACTOME_FATTY_ACYL_COA_BIOSYNTHESIS	FA 10:0	Capric acid	-	R-HSA-75105	C01571	HMDB0000511	RAMP_C_000218305
REACTOME_FATTY_ACYL_COA_BIOSYNTHESIS	FA 16:0	Palmitic acid	-	R-HSA-75105	C00249	HMDB0000220	RAMP_C_000219234
REACTOME_FATTY_ACYL_COA_BIOSYNTHESIS	FA 20:4n-6 (AA)	Arachidonic acid (AA; omega6)	-	R-HSA-75105	C00219	HMDB0001043	RAMP_C_000000804
REACTOME_FATTY_ACYL_COA_BIOSYNTHESIS	Oxaloacetic acid	Oxaloacetic acid	-	R-HSA-75105	C00036	HMDB0000223	RAMP_C_000262942
REACTOME_FCGAMMA_RECEPTOR_FCGR_DEPENDENT_PHAGOCYTOSIS	Choline	Choline	-	R-HSA-2029480	C00114	HMDB0000097	RAMP_C_000000065
REACTOME_FCGAMMA_RECEPTOR_FCGR_DEPENDENT_PHAGOCYTOSIS	DG 16:0_16:0	DG 16:0_16:0	-	R-HSA-2029480	C00165	HMDB0007098	RAMP_C_000219428
REACTOME_FCGAMMA_RECEPTOR_FCGR_DEPENDENT_PHAGOCYTOSIS	FA 20:4n-6 (AA)	Arachidonic acid (AA; omega6)	-	R-HSA-2029480	C00219	HMDB0001043	RAMP_C_000000804
REACTOME_FREE_FATTY_ACID_RECEPTORS	FA 12:0	Lauric acid	-	R-HSA-444209	C02679	HMDB0000638	RAMP_C_000264780
REACTOME_FREE_FATTY_ACID_RECEPTORS	FA 14:0	Myristic acid	-	R-HSA-444209	C06424	HMDB0000806	RAMP_C_000264781
REACTOME_FREE_FATTY_ACID_RECEPTORS	FA 15:0	Pentadecanoic acid	-	R-HSA-444209	C16537	HMDB0000826	RAMP_C_000000647
REACTOME_FREE_FATTY_ACID_RECEPTORS	FA 16:0	Palmitic acid	-	R-HSA-444209	C00249	HMDB0000220	RAMP_C_000219234
REACTOME_FREE_FATTY_ACID_RECEPTORS	FA 16:1	Palmitoleic acid	-	R-HSA-444209	C08362	HMDB0003229	RAMP_C_000001779
REACTOME_FREE_FATTY_ACID_RECEPTORS	FA 18:1	Oleic acid	-	R-HSA-444209	C00712	HMDB0000207	RAMP_C_000218407
REACTOME_FREE_FATTY_ACID_RECEPTORS	FA 20:3n-6	Dihomo-gamma-linolenic acid (omega6)	-	R-HSA-444209	C03242	HMDB0002925	RAMP_C_000266357
REACTOME_FREE_FATTY_ACID_RECEPTORS	FA 20:5n-3 (EPA)	Eicosapentaenoic acid (EPA; omega3)	-	R-HSA-444209	C06428	HMDB0001999	RAMP_C_000001315
REACTOME_FREE_FATTY_ACID_RECEPTORS	FA 22:5n-3 (DPA)	Docosapentaenoic acid (DPA, omega3)	-	R-HSA-444209	C16513	HMDB0006528	RAMP_C_000219179
REACTOME_FREE_FATTY_ACID_RECEPTORS	FA 22:6n-3 (DHA)	Docosahexaenoic acid (DHA; omega3)	-	R-HSA-444209	C06429	HMDB0002183	RAMP_C_000001447
REACTOME_FREE_FATTY_ACID_RECEPTORS	FA 2:0	Acetic acid	-	R-HSA-444209	C00033	HMDB0000042	RAMP_C_000218400
REACTOME_FREE_FATTY_ACID_RECEPTORS	FA 3:0	Propanoic acid	-	R-HSA-444209	C00163	HMDB0000237	RAMP_C_000220356
REACTOME_FREE_FATTY_ACID_RECEPTORS	FA 4:0	Butyric acid	-	R-HSA-444209	C00246	HMDB0000039	RAMP_C_000000028
REACTOME_FREE_FATTY_ACID_RECEPTORS	FA 5:0	Valeric acid	-	R-HSA-444209	C00803	HMDB0000892	RAMP_C_000218411
REACTOME_FREE_FATTY_ACID_RECEPTORS	FA 6:0	Caproic acid	-	R-HSA-444209	C01585	HMDB0000535	RAMP_C_000000405
REACTOME_GABA_SYNTHESIS_RELEASE_REUPTAKE_AND_DEGRADATION	Betaine	Betaine	-	R-HSA-888590	C00719	HMDB0000043	RAMP_C_000000030
REACTOME_GABA_SYNTHESIS_RELEASE_REUPTAKE_AND_DEGRADATION	GABA	gamma-Aminobutyric acid	-	R-HSA-888590	C00334	HMDB0000112	RAMP_C_000219510
REACTOME_GABA_SYNTHESIS_RELEASE_REUPTAKE_AND_DEGRADATION	Glu	Glutamic acid	-	R-HSA-888590	C00025	HMDB0000148	RAMP_C_000218397
REACTOME_GABA_SYNTHESIS_RELEASE_REUPTAKE_AND_DEGRADATION	Suc	Succinic acid	-	R-HSA-888590	C00042	HMDB0000254	RAMP_C_000218399
REACTOME_GABA_SYNTHESIS_RELEASE_REUPTAKE_AND_DEGRADATION	a-Ketoglutaric acid	alpha-Ketoglutaric acid	-	R-HSA-888590	C00026	HMDB0000208	RAMP_C_000274401
REACTOME_GABA_SYNTHESIS_RELEASE_REUPTAKE_AND_DEGRADATION	beta-Ala	beta-Alanine	-	R-HSA-888590	C00099	HMDB0000056	RAMP_C_000218729
REACTOME_GAMMA_CARBOXYLATION_HYPUSINYLATION_HYDROXYLATION_AND_ARYLSULFATASE_ACTIVATION	AHCys	S-Adenosylhomocysteine	-	R-HSA-163841	C00021	HMDB0000939	RAMP_C_000218715
REACTOME_GAMMA_CARBOXYLATION_HYPUSINYLATION_HYDROXYLATION_AND_ARYLSULFATASE_ACTIVATION	Spermidine	Spermidine	-	R-HSA-163841	C00315	HMDB0001257	RAMP_C_000000954
REACTOME_GAMMA_CARBOXYLATION_HYPUSINYLATION_HYDROXYLATION_AND_ARYLSULFATASE_ACTIVATION	Suc	Succinic acid	-	R-HSA-163841	C00042	HMDB0000254	RAMP_C_000218399
REACTOME_GAMMA_CARBOXYLATION_HYPUSINYLATION_HYDROXYLATION_AND_ARYLSULFATASE_ACTIVATION	a-Ketoglutaric acid	alpha-Ketoglutaric acid	-	R-HSA-163841	C00026	HMDB0000208	RAMP_C_000274401
REACTOME_GENERIC_TRANSCRIPTION_PATHWAY	AHCys	S-Adenosylhomocysteine	-	R-HSA-212436	C00021	HMDB0000939	RAMP_C_000218715
REACTOME_GENERIC_TRANSCRIPTION_PATHWAY	Cortisol	Cortisol	-	R-HSA-212436	C00735	HMDB0000063	RAMP_C_000000045
REACTOME_GENERIC_TRANSCRIPTION_PATHWAY	FA 2:0	Acetic acid	-	R-HSA-212436	C00033	HMDB0000042	RAMP_C_000218400
REACTOME_GENERIC_TRANSCRIPTION_PATHWAY	Gln	Glutamine	-	R-HSA-212436	C00064	HMDB0000641	RAMP_C_000218784
REACTOME_GENERIC_TRANSCRIPTION_PATHWAY	Glu	Glutamic acid	-	R-HSA-212436	C00025	HMDB0000148	RAMP_C_000218397
REACTOME_GENERIC_TRANSCRIPTION_PATHWAY	Nicotinamide (B3)	Nicotinamide (B3)	-	R-HSA-212436	C00153	HMDB0001406	RAMP_C_000001067
REACTOME_GENE_EXPRESSION_TRANSCRIPTION	AHCys	S-Adenosylhomocysteine	-	R-HSA-74160	C00021	HMDB0000939	RAMP_C_000218715
REACTOME_GENE_EXPRESSION_TRANSCRIPTION	Cortisol	Cortisol	-	R-HSA-74160	C00735	HMDB0000063	RAMP_C_000000045
REACTOME_GENE_EXPRESSION_TRANSCRIPTION	FA 2:0	Acetic acid	-	R-HSA-74160	C00033	HMDB0000042	RAMP_C_000218400
REACTOME_GENE_EXPRESSION_TRANSCRIPTION	Gln	Glutamine	-	R-HSA-74160	C00064	HMDB0000641	RAMP_C_000218784
REACTOME_GENE_EXPRESSION_TRANSCRIPTION	Glu	Glutamic acid	-	R-HSA-74160	C00025	HMDB0000148	RAMP_C_000218397
REACTOME_GENE_EXPRESSION_TRANSCRIPTION	Nicotinamide (B3)	Nicotinamide (B3)	-	R-HSA-74160	C00153	HMDB0001406	RAMP_C_000001067
REACTOME_GENE_EXPRESSION_TRANSCRIPTION	Suc	Succinic acid	-	R-HSA-74160	C00042	HMDB0000254	RAMP_C_000218399
REACTOME_GENE_EXPRESSION_TRANSCRIPTION	a-Ketoglutaric acid	alpha-Ketoglutaric acid	-	R-HSA-74160	C00026	HMDB0000208	RAMP_C_000274401
REACTOME_GLUCONEOGENESIS	Glu	Glutamic acid	-	R-HSA-70263	C00025	HMDB0000148	RAMP_C_000218397
REACTOME_GLUCONEOGENESIS	Malic acid	Malic acid	-	R-HSA-70263	C00149	HMDB0000156	RAMP_C_000218036
REACTOME_GLUCONEOGENESIS	Oxaloacetic acid	Oxaloacetic acid	-	R-HSA-70263	C00036	HMDB0000223	RAMP_C_000262942
REACTOME_GLUCONEOGENESIS	Pyruvic acid	Pyruvic acid	-	R-HSA-70263	C00022	HMDB0000243	RAMP_C_000218028
REACTOME_GLUCONEOGENESIS	a-Ketoglutaric acid	alpha-Ketoglutaric acid	-	R-HSA-70263	C00026	HMDB0000208	RAMP_C_000274401
REACTOME_GLUCOSE_METABOLISM	Citric acid	Citric acid	-	R-HSA-70326	C00158	HMDB0000094	RAMP_C_000218121
REACTOME_GLUCOSE_METABOLISM	Glu	Glutamic acid	-	R-HSA-70326	C00025	HMDB0000148	RAMP_C_000218397
REACTOME_GLUCOSE_METABOLISM	Malic acid	Malic acid	-	R-HSA-70326	C00149	HMDB0000156	RAMP_C_000218036
REACTOME_GLUCOSE_METABOLISM	Oxaloacetic acid	Oxaloacetic acid	-	R-HSA-70326	C00036	HMDB0000223	RAMP_C_000262942
REACTOME_GLUCOSE_METABOLISM	Pyruvic acid	Pyruvic acid	-	R-HSA-70326	C00022	HMDB0000243	RAMP_C_000218028
REACTOME_GLUCOSE_METABOLISM	a-Ketoglutaric acid	alpha-Ketoglutaric acid	-	R-HSA-70326	C00026	HMDB0000208	RAMP_C_000274401
REACTOME_GLUCOSE_METABOLISM	cAMP	Adenosine monophosphate, cyclic (cAMP)	-	R-HSA-70326	C00575	HMDB0000058	RAMP_C_000218758
REACTOME_GLUTAMATE_AND_GLUTAMINE_METABOLISM	Ala	Alanine	-	R-HSA-8964539	C00041	HMDB0000161	RAMP_C_000000104
REACTOME_GLUTAMATE_AND_GLUTAMINE_METABOLISM	Asp	Aspartic acid	-	R-HSA-8964539	C00049	HMDB0000191	RAMP_C_000218398
REACTOME_GLUTAMATE_AND_GLUTAMINE_METABOLISM	Gln	Glutamine	-	R-HSA-8964539	C00064	HMDB0000641	RAMP_C_000218784
REACTOME_GLUTAMATE_AND_GLUTAMINE_METABOLISM	Glu	Glutamic acid	-	R-HSA-8964539	C00025	HMDB0000148	RAMP_C_000218397
REACTOME_GLUTAMATE_AND_GLUTAMINE_METABOLISM	N-Ac-Asp	N-Acetylaspartic acid	-	R-HSA-8964539	C01042	HMDB0000812	RAMP_C_000218122
REACTOME_GLUTAMATE_AND_GLUTAMINE_METABOLISM	Orn	Ornithine	-	R-HSA-8964539	C00077	HMDB0000214	RAMP_C_000218554
REACTOME_GLUTAMATE_AND_GLUTAMINE_METABOLISM	Oxaloacetic acid	Oxaloacetic acid	-	R-HSA-8964539	C00036	HMDB0000223	RAMP_C_000262942
REACTOME_GLUTAMATE_AND_GLUTAMINE_METABOLISM	Pro	Proline	-	R-HSA-8964539	C00148	HMDB0000162	RAMP_C_000218861
REACTOME_GLUTAMATE_AND_GLUTAMINE_METABOLISM	Pyruvic acid	Pyruvic acid	-	R-HSA-8964539	C00022	HMDB0000243	RAMP_C_000218028
REACTOME_GLUTAMATE_AND_GLUTAMINE_METABOLISM	a-Ketoglutaric acid	alpha-Ketoglutaric acid	-	R-HSA-8964539	C00026	HMDB0000208	RAMP_C_000274401
REACTOME_GLUTATHIONE_CONJUGATION	5-Oxo-Pro	5-Oxoproline	-	R-HSA-156590	C01879	HMDB0000267	RAMP_C_000263954
REACTOME_GLUTATHIONE_CONJUGATION	Cys	Cysteine	-	R-HSA-156590	C00097	HMDB0000574	RAMP_C_000218469
REACTOME_GLUTATHIONE_CONJUGATION	Glu	Glutamic acid	-	R-HSA-156590	C00025	HMDB0000148	RAMP_C_000218397
REACTOME_GLUTATHIONE_CONJUGATION	Gly	Glycine	-	R-HSA-156590	C00037	HMDB0000123	RAMP_C_000000078
REACTOME_GLYCEROPHOSPHOLIPID_BIOSYNTHESIS	AHCys	S-Adenosylhomocysteine	-	R-HSA-1483206	C00021	HMDB0000939	RAMP_C_000218715
REACTOME_GLYCEROPHOSPHOLIPID_BIOSYNTHESIS	Choline	Choline	-	R-HSA-1483206	C00114	HMDB0000097	RAMP_C_000000065
REACTOME_GLYCEROPHOSPHOLIPID_BIOSYNTHESIS	FA 2:0	Acetic acid	-	R-HSA-1483206	C00033	HMDB0000042	RAMP_C_000218400
REACTOME_GLYCEROPHOSPHOLIPID_BIOSYNTHESIS	LPA 14:0	LPA 14:0	-	R-HSA-1483206		HMDB0062321	RAMP_C_000041671
REACTOME_GLYCEROPHOSPHOLIPID_BIOSYNTHESIS	PS 32:0	PS 32:0	-	R-HSA-1483206	C02737	HMDB0000614	RAMP_C_000217830
REACTOME_GLYCEROPHOSPHOLIPID_BIOSYNTHESIS	Ser	Serine	-	R-HSA-1483206	C00065	HMDB0000187	RAMP_C_000218440
REACTOME_GLYCOLYSIS	Citric acid	Citric acid	-	R-HSA-70171	C00158	HMDB0000094	RAMP_C_000218121
REACTOME_GLYCOLYSIS	Pyruvic acid	Pyruvic acid	-	R-HSA-70171	C00022	HMDB0000243	RAMP_C_000218028
REACTOME_GLYCOLYSIS	cAMP	Adenosine monophosphate, cyclic (cAMP)	-	R-HSA-70171	C00575	HMDB0000058	RAMP_C_000218758
REACTOME_GLYOXYLATE_METABOLISM_AND_GLYCINE_DEGRADATION	AHCys	S-Adenosylhomocysteine	-	R-HSA-389661	C00021	HMDB0000939	RAMP_C_000218715
REACTOME_GLYOXYLATE_METABOLISM_AND_GLYCINE_DEGRADATION	Ala	Alanine	-	R-HSA-389661	C00041	HMDB0000161	RAMP_C_000000104
REACTOME_GLYOXYLATE_METABOLISM_AND_GLYCINE_DEGRADATION	Asp	Aspartic acid	-	R-HSA-389661	C00049	HMDB0000191	RAMP_C_000218398
REACTOME_GLYOXYLATE_METABOLISM_AND_GLYCINE_DEGRADATION	Gly	Glycine	-	R-HSA-389661	C00037	HMDB0000123	RAMP_C_000000078
REACTOME_GLYOXYLATE_METABOLISM_AND_GLYCINE_DEGRADATION	Glycolic acid	Glycolic acid	-	R-HSA-389661	C00160	HMDB0000115	RAMP_C_000000073
REACTOME_GLYOXYLATE_METABOLISM_AND_GLYCINE_DEGRADATION	Glyoxylic acid	Glyoxylic acid	-	R-HSA-389661	C00048	HMDB0000119	RAMP_C_000218495
REACTOME_GLYOXYLATE_METABOLISM_AND_GLYCINE_DEGRADATION	Oxalic acid	Oxalic acid	-	R-HSA-389661	C00209	HMDB0002329	RAMP_C_000001542
REACTOME_GLYOXYLATE_METABOLISM_AND_GLYCINE_DEGRADATION	Oxaloacetic acid	Oxaloacetic acid	-	R-HSA-389661	C00036	HMDB0000223	RAMP_C_000262942
REACTOME_GLYOXYLATE_METABOLISM_AND_GLYCINE_DEGRADATION	Pyruvic acid	Pyruvic acid	-	R-HSA-389661	C00022	HMDB0000243	RAMP_C_000218028
REACTOME_GLYOXYLATE_METABOLISM_AND_GLYCINE_DEGRADATION	Sarcosine	Sarcosine	-	R-HSA-389661	C00213	HMDB0000271	RAMP_C_000218658
REACTOME_GLYOXYLATE_METABOLISM_AND_GLYCINE_DEGRADATION	t4-OH-Pro	trans-4-Hydroxyproline	-	R-HSA-389661	C01157	HMDB0000725	RAMP_C_000000565
REACTOME_GPCR_DOWNSTREAM_SIGNALLING	3-OH-Butyric acid	3-Hydroxybutyric acid	-	R-HSA-388396	C01089	HMDB0000011	RAMP_C_000218499
REACTOME_GPCR_DOWNSTREAM_SIGNALLING	Adenosine	Adenosine	-	R-HSA-388396	C00212	HMDB0000050	RAMP_C_000000034
REACTOME_GPCR_DOWNSTREAM_SIGNALLING	Arg	Arginine	-	R-HSA-388396	C00062	HMDB0000517	RAMP_C_000042003
REACTOME_GPCR_DOWNSTREAM_SIGNALLING	CA	Cholic acid	-	R-HSA-388396	C00695	HMDB0000505	RAMP_C_000218390
REACTOME_GPCR_DOWNSTREAM_SIGNALLING	CDCA	Chenodeoxycholic acid	-	R-HSA-388396	C02528	HMDB0000518	RAMP_C_000000390
REACTOME_GPCR_DOWNSTREAM_SIGNALLING	DCA	Deoxycholic acid	-	R-HSA-388396	C04483	HMDB0000626	RAMP_C_000263082
REACTOME_GPCR_DOWNSTREAM_SIGNALLING	DG 16:0_16:0	DG 16:0_16:0	-	R-HSA-388396	C00165	HMDB0007098	RAMP_C_000219428
REACTOME_GPCR_DOWNSTREAM_SIGNALLING	DOPA	Dihydroxyphenylalanine	-	R-HSA-388396	C00355	HMDB0000181	RAMP_C_000218668
REACTOME_GPCR_DOWNSTREAM_SIGNALLING	Dopamine	Dopamine	-	R-HSA-388396	C03758	HMDB0000073	RAMP_C_000218860
REACTOME_GPCR_DOWNSTREAM_SIGNALLING	Epinephrine	Epinephrine	-	R-HSA-388396	C00788	HMDB0000068	RAMP_C_000000048
REACTOME_GPCR_DOWNSTREAM_SIGNALLING	FA 12:0	Lauric acid	-	R-HSA-388396	C02679	HMDB0000638	RAMP_C_000264780
REACTOME_GPCR_DOWNSTREAM_SIGNALLING	FA 14:0	Myristic acid	-	R-HSA-388396	C06424	HMDB0000806	RAMP_C_000264781
REACTOME_GPCR_DOWNSTREAM_SIGNALLING	FA 15:0	Pentadecanoic acid	-	R-HSA-388396	C16537	HMDB0000826	RAMP_C_000000647
REACTOME_GPCR_DOWNSTREAM_SIGNALLING	FA 16:0	Palmitic acid	-	R-HSA-388396	C00249	HMDB0000220	RAMP_C_000219234
REACTOME_GPCR_DOWNSTREAM_SIGNALLING	FA 16:1	Palmitoleic acid	-	R-HSA-388396	C08362	HMDB0003229	RAMP_C_000001779
REACTOME_GPCR_DOWNSTREAM_SIGNALLING	FA 18:1	Oleic acid	-	R-HSA-388396	C00712	HMDB0000207	RAMP_C_000218407
REACTOME_GPCR_DOWNSTREAM_SIGNALLING	FA 20:3n-6	Dihomo-gamma-linolenic acid (omega6)	-	R-HSA-388396	C03242	HMDB0002925	RAMP_C_000266357
REACTOME_GPCR_DOWNSTREAM_SIGNALLING	FA 20:4n-6 (AA)	Arachidonic acid (AA; omega6)	-	R-HSA-388396	C00219	HMDB0001043	RAMP_C_000000804
REACTOME_GPCR_DOWNSTREAM_SIGNALLING	FA 20:5n-3 (EPA)	Eicosapentaenoic acid (EPA; omega3)	-	R-HSA-388396	C06428	HMDB0001999	RAMP_C_000001315
REACTOME_GPCR_DOWNSTREAM_SIGNALLING	FA 22:5n-3 (DPA)	Docosapentaenoic acid (DPA, omega3)	-	R-HSA-388396	C16513	HMDB0006528	RAMP_C_000219179
REACTOME_GPCR_DOWNSTREAM_SIGNALLING	FA 22:6n-3 (DHA)	Docosahexaenoic acid (DHA; omega3)	-	R-HSA-388396	C06429	HMDB0002183	RAMP_C_000001447
REACTOME_GPCR_DOWNSTREAM_SIGNALLING	FA 2:0	Acetic acid	-	R-HSA-388396	C00033	HMDB0000042	RAMP_C_000218400
REACTOME_GPCR_DOWNSTREAM_SIGNALLING	FA 3:0	Propanoic acid	-	R-HSA-388396	C00163	HMDB0000237	RAMP_C_000220356
REACTOME_GPCR_DOWNSTREAM_SIGNALLING	FA 4:0	Butyric acid	-	R-HSA-388396	C00246	HMDB0000039	RAMP_C_000000028
REACTOME_GPCR_DOWNSTREAM_SIGNALLING	FA 5:0	Valeric acid	-	R-HSA-388396	C00803	HMDB0000892	RAMP_C_000218411
REACTOME_GPCR_DOWNSTREAM_SIGNALLING	FA 6:0	Caproic acid	-	R-HSA-388396	C01585	HMDB0000535	RAMP_C_000000405
REACTOME_GPCR_DOWNSTREAM_SIGNALLING	GABA	gamma-Aminobutyric acid	-	R-HSA-388396	C00334	HMDB0000112	RAMP_C_000219510
REACTOME_GPCR_DOWNSTREAM_SIGNALLING	Glu	Glutamic acid	-	R-HSA-388396	C00025	HMDB0000148	RAMP_C_000218397
REACTOME_GPCR_DOWNSTREAM_SIGNALLING	Histamine	Histamine	-	R-HSA-388396	C00388	HMDB0000870	RAMP_C_000000678
REACTOME_GPCR_DOWNSTREAM_SIGNALLING	LCA	Lithocholic acid	-	R-HSA-388396	C03990	HMDB0000381	RAMP_C_000000277
REACTOME_GPCR_DOWNSTREAM_SIGNALLING	Lac	Lactic acid	-	R-HSA-388396	C00186	HMDB0000190	RAMP_C_000218078
REACTOME_GPCR_DOWNSTREAM_SIGNALLING	Lys	Lysine	-	R-HSA-388396	C00047	HMDB0000182	RAMP_C_000000117
REACTOME_GPCR_DOWNSTREAM_SIGNALLING	MG 20:4	MG 20:4	-	R-HSA-388396	C13856	HMDB0004666	RAMP_C_000002127
REACTOME_GPCR_DOWNSTREAM_SIGNALLING	Melatonin	Melatonin	-	R-HSA-388396	C01598	HMDB0001389	RAMP_C_000001056
REACTOME_GPCR_DOWNSTREAM_SIGNALLING	Nicotinic acid (B3)	Nicotinic acid (B3)	-	R-HSA-388396	C00253	HMDB0001488	RAMP_C_000218427
REACTOME_GPCR_DOWNSTREAM_SIGNALLING	Norepinephrine	Norepinephrine	-	R-HSA-388396	C00547	HMDB0000216	RAMP_C_000219112
REACTOME_GPCR_DOWNSTREAM_SIGNALLING	Orn	Ornithine	-	R-HSA-388396	C00077	HMDB0000214	RAMP_C_000218554
REACTOME_GPCR_DOWNSTREAM_SIGNALLING	PEA	Phenylethylamine	-	R-HSA-388396	C05332	HMDB0012275	RAMP_C_000007754
REACTOME_GPCR_DOWNSTREAM_SIGNALLING	PS 32:0	PS 32:0	-	R-HSA-388396	C02737	HMDB0000614	RAMP_C_000217830
REACTOME_GPCR_DOWNSTREAM_SIGNALLING	Serotonin	Serotonin	-	R-HSA-388396	C00780	HMDB0000259	RAMP_C_000000177
REACTOME_GPCR_DOWNSTREAM_SIGNALLING	Suc	Succinic acid	-	R-HSA-388396	C00042	HMDB0000254	RAMP_C_000218399
REACTOME_GPCR_DOWNSTREAM_SIGNALLING	a-Ketoglutaric acid	alpha-Ketoglutaric acid	-	R-HSA-388396	C00026	HMDB0000208	RAMP_C_000274401
REACTOME_GPCR_DOWNSTREAM_SIGNALLING	cAMP	Adenosine monophosphate, cyclic (cAMP)	-	R-HSA-388396	C00575	HMDB0000058	RAMP_C_000218758
REACTOME_GPCR_LIGAND_BINDING	3-OH-Butyric acid	3-Hydroxybutyric acid	-	R-HSA-500792	C01089	HMDB0000011	RAMP_C_000218499
REACTOME_GPCR_LIGAND_BINDING	Adenosine	Adenosine	-	R-HSA-500792	C00212	HMDB0000050	RAMP_C_000000034
REACTOME_GPCR_LIGAND_BINDING	Arg	Arginine	-	R-HSA-500792	C00062	HMDB0000517	RAMP_C_000042003
REACTOME_GPCR_LIGAND_BINDING	CA	Cholic acid	-	R-HSA-500792	C00695	HMDB0000505	RAMP_C_000218390
REACTOME_GPCR_LIGAND_BINDING	CDCA	Chenodeoxycholic acid	-	R-HSA-500792	C02528	HMDB0000518	RAMP_C_000000390
REACTOME_GPCR_LIGAND_BINDING	DCA	Deoxycholic acid	-	R-HSA-500792	C04483	HMDB0000626	RAMP_C_000263082
REACTOME_GPCR_LIGAND_BINDING	DOPA	Dihydroxyphenylalanine	-	R-HSA-500792	C00355	HMDB0000181	RAMP_C_000218668
REACTOME_GPCR_LIGAND_BINDING	Dopamine	Dopamine	-	R-HSA-500792	C03758	HMDB0000073	RAMP_C_000218860
REACTOME_GPCR_LIGAND_BINDING	Epinephrine	Epinephrine	-	R-HSA-500792	C00788	HMDB0000068	RAMP_C_000000048
REACTOME_GPCR_LIGAND_BINDING	FA 12:0	Lauric acid	-	R-HSA-500792	C02679	HMDB0000638	RAMP_C_000264780
REACTOME_GPCR_LIGAND_BINDING	FA 14:0	Myristic acid	-	R-HSA-500792	C06424	HMDB0000806	RAMP_C_000264781
REACTOME_GPCR_LIGAND_BINDING	FA 15:0	Pentadecanoic acid	-	R-HSA-500792	C16537	HMDB0000826	RAMP_C_000000647
REACTOME_GPCR_LIGAND_BINDING	FA 16:0	Palmitic acid	-	R-HSA-500792	C00249	HMDB0000220	RAMP_C_000219234
REACTOME_GPCR_LIGAND_BINDING	FA 16:1	Palmitoleic acid	-	R-HSA-500792	C08362	HMDB0003229	RAMP_C_000001779
REACTOME_GPCR_LIGAND_BINDING	FA 18:1	Oleic acid	-	R-HSA-500792	C00712	HMDB0000207	RAMP_C_000218407
REACTOME_GPCR_LIGAND_BINDING	FA 20:3n-6	Dihomo-gamma-linolenic acid (omega6)	-	R-HSA-500792	C03242	HMDB0002925	RAMP_C_000266357
REACTOME_GPCR_LIGAND_BINDING	FA 20:5n-3 (EPA)	Eicosapentaenoic acid (EPA; omega3)	-	R-HSA-500792	C06428	HMDB0001999	RAMP_C_000001315
REACTOME_GPCR_LIGAND_BINDING	FA 22:5n-3 (DPA)	Docosapentaenoic acid (DPA, omega3)	-	R-HSA-500792	C16513	HMDB0006528	RAMP_C_000219179
REACTOME_GPCR_LIGAND_BINDING	FA 22:6n-3 (DHA)	Docosahexaenoic acid (DHA; omega3)	-	R-HSA-500792	C06429	HMDB0002183	RAMP_C_000001447
REACTOME_GPCR_LIGAND_BINDING	FA 2:0	Acetic acid	-	R-HSA-500792	C00033	HMDB0000042	RAMP_C_000218400
REACTOME_GPCR_LIGAND_BINDING	FA 3:0	Propanoic acid	-	R-HSA-500792	C00163	HMDB0000237	RAMP_C_000220356
REACTOME_GPCR_LIGAND_BINDING	FA 4:0	Butyric acid	-	R-HSA-500792	C00246	HMDB0000039	RAMP_C_000000028
REACTOME_GPCR_LIGAND_BINDING	FA 5:0	Valeric acid	-	R-HSA-500792	C00803	HMDB0000892	RAMP_C_000218411
REACTOME_GPCR_LIGAND_BINDING	FA 6:0	Caproic acid	-	R-HSA-500792	C01585	HMDB0000535	RAMP_C_000000405
REACTOME_GPCR_LIGAND_BINDING	GABA	gamma-Aminobutyric acid	-	R-HSA-500792	C00334	HMDB0000112	RAMP_C_000219510
REACTOME_GPCR_LIGAND_BINDING	Glu	Glutamic acid	-	R-HSA-500792	C00025	HMDB0000148	RAMP_C_000218397
REACTOME_GPCR_LIGAND_BINDING	Histamine	Histamine	-	R-HSA-500792	C00388	HMDB0000870	RAMP_C_000000678
REACTOME_GPCR_LIGAND_BINDING	Kynurenic acid	Kynurenic acid	-	R-HSA-500792	C01717	HMDB0000715	RAMP_C_000219506
REACTOME_GPCR_LIGAND_BINDING	LCA	Lithocholic acid	-	R-HSA-500792	C03990	HMDB0000381	RAMP_C_000000277
REACTOME_GPCR_LIGAND_BINDING	Lac	Lactic acid	-	R-HSA-500792	C00186	HMDB0000190	RAMP_C_000218078
REACTOME_GPCR_LIGAND_BINDING	Lys	Lysine	-	R-HSA-500792	C00047	HMDB0000182	RAMP_C_000000117
REACTOME_GPCR_LIGAND_BINDING	MG 20:4	MG 20:4	-	R-HSA-500792	C13856	HMDB0004666	RAMP_C_000002127
REACTOME_GPCR_LIGAND_BINDING	Melatonin	Melatonin	-	R-HSA-500792	C01598	HMDB0001389	RAMP_C_000001056
REACTOME_GPCR_LIGAND_BINDING	Nicotinic acid (B3)	Nicotinic acid (B3)	-	R-HSA-500792	C00253	HMDB0001488	RAMP_C_000218427
REACTOME_GPCR_LIGAND_BINDING	Norepinephrine	Norepinephrine	-	R-HSA-500792	C00547	HMDB0000216	RAMP_C_000219112
REACTOME_GPCR_LIGAND_BINDING	Orn	Ornithine	-	R-HSA-500792	C00077	HMDB0000214	RAMP_C_000218554
REACTOME_GPCR_LIGAND_BINDING	PEA	Phenylethylamine	-	R-HSA-500792	C05332	HMDB0012275	RAMP_C_000007754
REACTOME_GPCR_LIGAND_BINDING	Serotonin	Serotonin	-	R-HSA-500792	C00780	HMDB0000259	RAMP_C_000000177
REACTOME_GPCR_LIGAND_BINDING	Suc	Succinic acid	-	R-HSA-500792	C00042	HMDB0000254	RAMP_C_000218399
REACTOME_GPCR_LIGAND_BINDING	a-Ketoglutaric acid	alpha-Ketoglutaric acid	-	R-HSA-500792	C00026	HMDB0000208	RAMP_C_000274401
REACTOME_G_ALPHA_I_SIGNALLING_EVENTS	3-OH-Butyric acid	3-Hydroxybutyric acid	-	R-HSA-418594	C01089	HMDB0000011	RAMP_C_000218499
REACTOME_G_ALPHA_I_SIGNALLING_EVENTS	Adenosine	Adenosine	-	R-HSA-418594	C00212	HMDB0000050	RAMP_C_000000034
REACTOME_G_ALPHA_I_SIGNALLING_EVENTS	DG 16:0_16:0	DG 16:0_16:0	-	R-HSA-418594	C00165	HMDB0007098	RAMP_C_000219428
REACTOME_G_ALPHA_I_SIGNALLING_EVENTS	Dopamine	Dopamine	-	R-HSA-418594	C03758	HMDB0000073	RAMP_C_000218860
REACTOME_G_ALPHA_I_SIGNALLING_EVENTS	Epinephrine	Epinephrine	-	R-HSA-418594	C00788	HMDB0000068	RAMP_C_000000048
REACTOME_G_ALPHA_I_SIGNALLING_EVENTS	FA 20:4n-6 (AA)	Arachidonic acid (AA; omega6)	-	R-HSA-418594	C00219	HMDB0001043	RAMP_C_000000804
REACTOME_G_ALPHA_I_SIGNALLING_EVENTS	GABA	gamma-Aminobutyric acid	-	R-HSA-418594	C00334	HMDB0000112	RAMP_C_000219510
REACTOME_G_ALPHA_I_SIGNALLING_EVENTS	Glu	Glutamic acid	-	R-HSA-418594	C00025	HMDB0000148	RAMP_C_000218397
REACTOME_G_ALPHA_I_SIGNALLING_EVENTS	Histamine	Histamine	-	R-HSA-418594	C00388	HMDB0000870	RAMP_C_000000678
REACTOME_G_ALPHA_I_SIGNALLING_EVENTS	Lac	Lactic acid	-	R-HSA-418594	C00186	HMDB0000190	RAMP_C_000218078
REACTOME_G_ALPHA_I_SIGNALLING_EVENTS	MG 20:4	MG 20:4	-	R-HSA-418594	C13856	HMDB0004666	RAMP_C_000002127
REACTOME_G_ALPHA_I_SIGNALLING_EVENTS	Melatonin	Melatonin	-	R-HSA-418594	C01598	HMDB0001389	RAMP_C_000001056
REACTOME_G_ALPHA_I_SIGNALLING_EVENTS	Nicotinic acid (B3)	Nicotinic acid (B3)	-	R-HSA-418594	C00253	HMDB0001488	RAMP_C_000218427
REACTOME_G_ALPHA_I_SIGNALLING_EVENTS	Norepinephrine	Norepinephrine	-	R-HSA-418594	C00547	HMDB0000216	RAMP_C_000219112
REACTOME_G_ALPHA_I_SIGNALLING_EVENTS	Serotonin	Serotonin	-	R-HSA-418594	C00780	HMDB0000259	RAMP_C_000000177
REACTOME_G_ALPHA_I_SIGNALLING_EVENTS	Suc	Succinic acid	-	R-HSA-418594	C00042	HMDB0000254	RAMP_C_000218399
REACTOME_G_ALPHA_I_SIGNALLING_EVENTS	a-Ketoglutaric acid	alpha-Ketoglutaric acid	-	R-HSA-418594	C00026	HMDB0000208	RAMP_C_000274401
REACTOME_G_ALPHA_I_SIGNALLING_EVENTS	cAMP	Adenosine monophosphate, cyclic (cAMP)	-	R-HSA-418594	C00575	HMDB0000058	RAMP_C_000218758
REACTOME_G_ALPHA_Q_SIGNALLING_EVENTS	Arg	Arginine	-	R-HSA-416476	C00062	HMDB0000517	RAMP_C_000042003
REACTOME_G_ALPHA_Q_SIGNALLING_EVENTS	DOPA	Dihydroxyphenylalanine	-	R-HSA-416476	C00355	HMDB0000181	RAMP_C_000218668
REACTOME_G_ALPHA_Q_SIGNALLING_EVENTS	Epinephrine	Epinephrine	-	R-HSA-416476	C00788	HMDB0000068	RAMP_C_000000048
REACTOME_G_ALPHA_Q_SIGNALLING_EVENTS	FA 12:0	Lauric acid	-	R-HSA-416476	C02679	HMDB0000638	RAMP_C_000264780
REACTOME_G_ALPHA_Q_SIGNALLING_EVENTS	FA 14:0	Myristic acid	-	R-HSA-416476	C06424	HMDB0000806	RAMP_C_000264781
REACTOME_G_ALPHA_Q_SIGNALLING_EVENTS	FA 15:0	Pentadecanoic acid	-	R-HSA-416476	C16537	HMDB0000826	RAMP_C_000000647
REACTOME_G_ALPHA_Q_SIGNALLING_EVENTS	FA 16:0	Palmitic acid	-	R-HSA-416476	C00249	HMDB0000220	RAMP_C_000219234
REACTOME_G_ALPHA_Q_SIGNALLING_EVENTS	FA 16:1	Palmitoleic acid	-	R-HSA-416476	C08362	HMDB0003229	RAMP_C_000001779
REACTOME_G_ALPHA_Q_SIGNALLING_EVENTS	FA 18:1	Oleic acid	-	R-HSA-416476	C00712	HMDB0000207	RAMP_C_000218407
REACTOME_G_ALPHA_Q_SIGNALLING_EVENTS	FA 20:3n-6	Dihomo-gamma-linolenic acid (omega6)	-	R-HSA-416476	C03242	HMDB0002925	RAMP_C_000266357
REACTOME_G_ALPHA_Q_SIGNALLING_EVENTS	FA 20:4n-6 (AA)	Arachidonic acid (AA; omega6)	-	R-HSA-416476	C00219	HMDB0001043	RAMP_C_000000804
REACTOME_G_ALPHA_Q_SIGNALLING_EVENTS	FA 20:5n-3 (EPA)	Eicosapentaenoic acid (EPA; omega3)	-	R-HSA-416476	C06428	HMDB0001999	RAMP_C_000001315
REACTOME_G_ALPHA_Q_SIGNALLING_EVENTS	FA 22:5n-3 (DPA)	Docosapentaenoic acid (DPA, omega3)	-	R-HSA-416476	C16513	HMDB0006528	RAMP_C_000219179
REACTOME_G_ALPHA_Q_SIGNALLING_EVENTS	FA 22:6n-3 (DHA)	Docosahexaenoic acid (DHA; omega3)	-	R-HSA-416476	C06429	HMDB0002183	RAMP_C_000001447
REACTOME_G_ALPHA_Q_SIGNALLING_EVENTS	FA 2:0	Acetic acid	-	R-HSA-416476	C00033	HMDB0000042	RAMP_C_000218400
REACTOME_G_ALPHA_Q_SIGNALLING_EVENTS	FA 3:0	Propanoic acid	-	R-HSA-416476	C00163	HMDB0000237	RAMP_C_000220356
REACTOME_G_ALPHA_Q_SIGNALLING_EVENTS	FA 4:0	Butyric acid	-	R-HSA-416476	C00246	HMDB0000039	RAMP_C_000000028
REACTOME_G_ALPHA_Q_SIGNALLING_EVENTS	FA 5:0	Valeric acid	-	R-HSA-416476	C00803	HMDB0000892	RAMP_C_000218411
REACTOME_G_ALPHA_Q_SIGNALLING_EVENTS	FA 6:0	Caproic acid	-	R-HSA-416476	C01585	HMDB0000535	RAMP_C_000000405
REACTOME_G_ALPHA_Q_SIGNALLING_EVENTS	Glu	Glutamic acid	-	R-HSA-416476	C00025	HMDB0000148	RAMP_C_000218397
REACTOME_G_ALPHA_Q_SIGNALLING_EVENTS	Histamine	Histamine	-	R-HSA-416476	C00388	HMDB0000870	RAMP_C_000000678
REACTOME_G_ALPHA_Q_SIGNALLING_EVENTS	Lys	Lysine	-	R-HSA-416476	C00047	HMDB0000182	RAMP_C_000000117
REACTOME_G_ALPHA_Q_SIGNALLING_EVENTS	MG 20:4	MG 20:4	-	R-HSA-416476	C13856	HMDB0004666	RAMP_C_000002127
REACTOME_G_ALPHA_Q_SIGNALLING_EVENTS	Norepinephrine	Norepinephrine	-	R-HSA-416476	C00547	HMDB0000216	RAMP_C_000219112
REACTOME_G_ALPHA_Q_SIGNALLING_EVENTS	Orn	Ornithine	-	R-HSA-416476	C00077	HMDB0000214	RAMP_C_000218554
REACTOME_G_ALPHA_Q_SIGNALLING_EVENTS	Serotonin	Serotonin	-	R-HSA-416476	C00780	HMDB0000259	RAMP_C_000000177
REACTOME_G_ALPHA_S_SIGNALLING_EVENTS	Adenosine	Adenosine	-	R-HSA-418555	C00212	HMDB0000050	RAMP_C_000000034
REACTOME_G_ALPHA_S_SIGNALLING_EVENTS	CA	Cholic acid	-	R-HSA-418555	C00695	HMDB0000505	RAMP_C_000218390
REACTOME_G_ALPHA_S_SIGNALLING_EVENTS	CDCA	Chenodeoxycholic acid	-	R-HSA-418555	C02528	HMDB0000518	RAMP_C_000000390
REACTOME_G_ALPHA_S_SIGNALLING_EVENTS	DCA	Deoxycholic acid	-	R-HSA-418555	C04483	HMDB0000626	RAMP_C_000263082
REACTOME_G_ALPHA_S_SIGNALLING_EVENTS	Dopamine	Dopamine	-	R-HSA-418555	C03758	HMDB0000073	RAMP_C_000218860
REACTOME_G_ALPHA_S_SIGNALLING_EVENTS	Epinephrine	Epinephrine	-	R-HSA-418555	C00788	HMDB0000068	RAMP_C_000000048
REACTOME_G_ALPHA_S_SIGNALLING_EVENTS	Histamine	Histamine	-	R-HSA-418555	C00388	HMDB0000870	RAMP_C_000000678
REACTOME_G_ALPHA_S_SIGNALLING_EVENTS	LCA	Lithocholic acid	-	R-HSA-418555	C03990	HMDB0000381	RAMP_C_000000277
REACTOME_G_ALPHA_S_SIGNALLING_EVENTS	Norepinephrine	Norepinephrine	-	R-HSA-418555	C00547	HMDB0000216	RAMP_C_000219112
REACTOME_G_ALPHA_S_SIGNALLING_EVENTS	PEA	Phenylethylamine	-	R-HSA-418555	C05332	HMDB0012275	RAMP_C_000007754
REACTOME_G_ALPHA_S_SIGNALLING_EVENTS	Serotonin	Serotonin	-	R-HSA-418555	C00780	HMDB0000259	RAMP_C_000000177
REACTOME_G_ALPHA_S_SIGNALLING_EVENTS	cAMP	Adenosine monophosphate, cyclic (cAMP)	-	R-HSA-418555	C00575	HMDB0000058	RAMP_C_000218758
REACTOME_G_ALPHA_Z_SIGNALLING_EVENTS	Epinephrine	Epinephrine	-	R-HSA-418597	C00788	HMDB0000068	RAMP_C_000000048
REACTOME_G_ALPHA_Z_SIGNALLING_EVENTS	Norepinephrine	Norepinephrine	-	R-HSA-418597	C00547	HMDB0000216	RAMP_C_000219112
REACTOME_G_ALPHA_Z_SIGNALLING_EVENTS	PS 32:0	PS 32:0	-	R-HSA-418597	C02737	HMDB0000614	RAMP_C_000217830
REACTOME_G_ALPHA_Z_SIGNALLING_EVENTS	cAMP	Adenosine monophosphate, cyclic (cAMP)	-	R-HSA-418597	C00575	HMDB0000058	RAMP_C_000218758
REACTOME_G_PROTEIN_MEDIATED_EVENTS	DG 16:0_16:0	DG 16:0_16:0	-	R-HSA-112040	C00165	HMDB0007098	RAMP_C_000219428
REACTOME_G_PROTEIN_MEDIATED_EVENTS	FA 20:4n-6 (AA)	Arachidonic acid (AA; omega6)	-	R-HSA-112040	C00219	HMDB0001043	RAMP_C_000000804
REACTOME_G_PROTEIN_MEDIATED_EVENTS	cAMP	Adenosine monophosphate, cyclic (cAMP)	-	R-HSA-112040	C00575	HMDB0000058	RAMP_C_000218758
REACTOME_HEMOSTASIS	Arg	Arginine	-	R-HSA-109582	C00062	HMDB0000517	RAMP_C_000042003
REACTOME_HEMOSTASIS	Cit	Citrulline	-	R-HSA-109582	C00327	HMDB0000904	RAMP_C_000218703
REACTOME_HEMOSTASIS	Epinephrine	Epinephrine	-	R-HSA-109582	C00788	HMDB0000068	RAMP_C_000000048
REACTOME_HEMOSTASIS	FA 20:4n-6 (AA)	Arachidonic acid (AA; omega6)	-	R-HSA-109582	C00219	HMDB0001043	RAMP_C_000000804
REACTOME_HEMOSTASIS	FA 2:0	Acetic acid	-	R-HSA-109582	C00033	HMDB0000042	RAMP_C_000218400
REACTOME_HEMOSTASIS	MG 20:4	MG 20:4	-	R-HSA-109582	C13856	HMDB0004666	RAMP_C_000002127
REACTOME_HEMOSTASIS	Norepinephrine	Norepinephrine	-	R-HSA-109582	C00547	HMDB0000216	RAMP_C_000219112
REACTOME_HEMOSTASIS	PS 32:0	PS 32:0	-	R-HSA-109582	C02737	HMDB0000614	RAMP_C_000217830
REACTOME_HEMOSTASIS	Serotonin	Serotonin	-	R-HSA-109582	C00780	HMDB0000259	RAMP_C_000000177
REACTOME_HEMOSTASIS	cGMP	Guanosine monophosphate, cyclic (cGMP)	-	R-HSA-109582	C00942	HMDB0001314	RAMP_C_000000995
REACTOME_HISTIDINE_CATABOLISM	AHCys	S-Adenosylhomocysteine	-	R-HSA-70921	C00021	HMDB0000939	RAMP_C_000218715
REACTOME_HISTIDINE_CATABOLISM	Anserine	Anserine	-	R-HSA-70921	C01262	HMDB0000194	RAMP_C_000000125
REACTOME_HISTIDINE_CATABOLISM	Carnosine	Carnosine	-	R-HSA-70921	C00386	HMDB0000033	RAMP_C_000218666
REACTOME_HISTIDINE_CATABOLISM	Glu	Glutamic acid	-	R-HSA-70921	C00025	HMDB0000148	RAMP_C_000218397
REACTOME_HISTIDINE_CATABOLISM	His	Histidine	-	R-HSA-70921	C00135	HMDB0000177	RAMP_C_000218426
REACTOME_HISTIDINE_CATABOLISM	Histamine	Histamine	-	R-HSA-70921	C00388	HMDB0000870	RAMP_C_000000678
REACTOME_HISTIDINE_CATABOLISM	beta-Ala	beta-Alanine	-	R-HSA-70921	C00099	HMDB0000056	RAMP_C_000218729
REACTOME_HYDROXYCARBOXYLIC_ACID_BINDING_RECEPTORS	3-OH-Butyric acid	3-Hydroxybutyric acid	-	R-HSA-3296197	C01089	HMDB0000011	RAMP_C_000218499
REACTOME_HYDROXYCARBOXYLIC_ACID_BINDING_RECEPTORS	Lac	Lactic acid	-	R-HSA-3296197	C00186	HMDB0000190	RAMP_C_000218078
REACTOME_HYDROXYCARBOXYLIC_ACID_BINDING_RECEPTORS	Nicotinic acid (B3)	Nicotinic acid (B3)	-	R-HSA-3296197	C00253	HMDB0001488	RAMP_C_000218427
REACTOME_IMMUNE_SYSTEM	Arg	Arginine	-	R-HSA-168256	C00062	HMDB0000517	RAMP_C_000042003
REACTOME_IMMUNE_SYSTEM	Choline	Choline	-	R-HSA-168256	C00114	HMDB0000097	RAMP_C_000000065
REACTOME_IMMUNE_SYSTEM	Cit	Citrulline	-	R-HSA-168256	C00327	HMDB0000904	RAMP_C_000218703
REACTOME_IMMUNE_SYSTEM	DG 16:0_16:0	DG 16:0_16:0	-	R-HSA-168256	C00165	HMDB0007098	RAMP_C_000219428
REACTOME_IMMUNE_SYSTEM	Deoxyguanosine	Deoxyguanosine	-	R-HSA-168256	C00330	HMDB0000085	RAMP_C_000000058
REACTOME_IMMUNE_SYSTEM	FA 20:4n-6 (AA)	Arachidonic acid (AA; omega6)	-	R-HSA-168256	C00219	HMDB0001043	RAMP_C_000000804
REACTOME_IMMUNE_SYSTEM	Guanosine	Guanosine	-	R-HSA-168256	C00387	HMDB0000133	RAMP_C_000000087
REACTOME_IMMUNE_SYSTEM	PS 32:0	PS 32:0	-	R-HSA-168256	C02737	HMDB0000614	RAMP_C_000217830
REACTOME_IMMUNE_SYSTEM	cAMP	Adenosine monophosphate, cyclic (cAMP)	-	R-HSA-168256	C00575	HMDB0000058	RAMP_C_000218758
REACTOME_INACTIVATION_RECOVERY_AND_REGULATION_OF_THE_PHOTOTRANSDUCTION_CASCADE	AHCys	S-Adenosylhomocysteine	-	R-HSA-2514859	C00021	HMDB0000939	RAMP_C_000218715
REACTOME_INACTIVATION_RECOVERY_AND_REGULATION_OF_THE_PHOTOTRANSDUCTION_CASCADE	Met	Methionine	-	R-HSA-2514859	C00073	HMDB0000696	RAMP_C_000218711
REACTOME_INACTIVATION_RECOVERY_AND_REGULATION_OF_THE_PHOTOTRANSDUCTION_CASCADE	cGMP	Guanosine monophosphate, cyclic (cGMP)	-	R-HSA-2514859	C00942	HMDB0001314	RAMP_C_000000995
REACTOME_INCRETIN_SYNTHESIS_SECRETION_AND_INACTIVATION	FA 12:0	Lauric acid	-	R-HSA-400508	C02679	HMDB0000638	RAMP_C_000264780
REACTOME_INCRETIN_SYNTHESIS_SECRETION_AND_INACTIVATION	FA 14:0	Myristic acid	-	R-HSA-400508	C06424	HMDB0000806	RAMP_C_000264781
REACTOME_INCRETIN_SYNTHESIS_SECRETION_AND_INACTIVATION	FA 15:0	Pentadecanoic acid	-	R-HSA-400508	C16537	HMDB0000826	RAMP_C_000000647
REACTOME_INCRETIN_SYNTHESIS_SECRETION_AND_INACTIVATION	FA 16:0	Palmitic acid	-	R-HSA-400508	C00249	HMDB0000220	RAMP_C_000219234
REACTOME_INCRETIN_SYNTHESIS_SECRETION_AND_INACTIVATION	FA 16:1	Palmitoleic acid	-	R-HSA-400508	C08362	HMDB0003229	RAMP_C_000001779
REACTOME_INCRETIN_SYNTHESIS_SECRETION_AND_INACTIVATION	FA 18:1	Oleic acid	-	R-HSA-400508	C00712	HMDB0000207	RAMP_C_000218407
REACTOME_INCRETIN_SYNTHESIS_SECRETION_AND_INACTIVATION	FA 20:3n-6	Dihomo-gamma-linolenic acid (omega6)	-	R-HSA-400508	C03242	HMDB0002925	RAMP_C_000266357
REACTOME_INCRETIN_SYNTHESIS_SECRETION_AND_INACTIVATION	FA 20:5n-3 (EPA)	Eicosapentaenoic acid (EPA; omega3)	-	R-HSA-400508	C06428	HMDB0001999	RAMP_C_000001315
REACTOME_INCRETIN_SYNTHESIS_SECRETION_AND_INACTIVATION	FA 22:5n-3 (DPA)	Docosapentaenoic acid (DPA, omega3)	-	R-HSA-400508	C16513	HMDB0006528	RAMP_C_000219179
REACTOME_INCRETIN_SYNTHESIS_SECRETION_AND_INACTIVATION	FA 22:6n-3 (DHA)	Docosahexaenoic acid (DHA; omega3)	-	R-HSA-400508	C06429	HMDB0002183	RAMP_C_000001447
REACTOME_INFECTIOUS_DISEASE	AHCys	S-Adenosylhomocysteine	-	R-HSA-5663205	C00021	HMDB0000939	RAMP_C_000218715
REACTOME_INFECTIOUS_DISEASE	Adenosine	Adenosine	-	R-HSA-5663205	C00212	HMDB0000050	RAMP_C_000000034
REACTOME_INFECTIOUS_DISEASE	DG 16:0_16:0	DG 16:0_16:0	-	R-HSA-5663205	C00165	HMDB0007098	RAMP_C_000219428
REACTOME_INFECTIOUS_DISEASE	Glu	Glutamic acid	-	R-HSA-5663205	C00025	HMDB0000148	RAMP_C_000218397
REACTOME_INFECTIOUS_DISEASE	Glucose	Glucose	-	R-HSA-5663205	C00031	HMDB0000122	RAMP_C_000000077
REACTOME_INFECTIOUS_DISEASE	Gly	Glycine	-	R-HSA-5663205	C00037	HMDB0000123	RAMP_C_000000078
REACTOME_INFECTIOUS_DISEASE	Nicotinamide (B3)	Nicotinamide (B3)	-	R-HSA-5663205	C00153	HMDB0001406	RAMP_C_000001067
REACTOME_INFECTIOUS_DISEASE	cAMP	Adenosine monophosphate, cyclic (cAMP)	-	R-HSA-5663205	C00575	HMDB0000058	RAMP_C_000218758
REACTOME_INNATE_IMMUNE_SYSTEM	Arg	Arginine	-	R-HSA-168249	C00062	HMDB0000517	RAMP_C_000042003
REACTOME_INNATE_IMMUNE_SYSTEM	Choline	Choline	-	R-HSA-168249	C00114	HMDB0000097	RAMP_C_000000065
REACTOME_INNATE_IMMUNE_SYSTEM	Cit	Citrulline	-	R-HSA-168249	C00327	HMDB0000904	RAMP_C_000218703
REACTOME_INNATE_IMMUNE_SYSTEM	DG 16:0_16:0	DG 16:0_16:0	-	R-HSA-168249	C00165	HMDB0007098	RAMP_C_000219428
REACTOME_INNATE_IMMUNE_SYSTEM	Deoxyguanosine	Deoxyguanosine	-	R-HSA-168249	C00330	HMDB0000085	RAMP_C_000000058
REACTOME_INNATE_IMMUNE_SYSTEM	FA 20:4n-6 (AA)	Arachidonic acid (AA; omega6)	-	R-HSA-168249	C00219	HMDB0001043	RAMP_C_000000804
REACTOME_INNATE_IMMUNE_SYSTEM	Guanosine	Guanosine	-	R-HSA-168249	C00387	HMDB0000133	RAMP_C_000000087
REACTOME_INTEGRATION_OF_ENERGY_METABOLISM	Epinephrine	Epinephrine	-	R-HSA-163685	C00788	HMDB0000068	RAMP_C_000000048
REACTOME_INTEGRATION_OF_ENERGY_METABOLISM	FA 12:0	Lauric acid	-	R-HSA-163685	C02679	HMDB0000638	RAMP_C_000264780
REACTOME_INTEGRATION_OF_ENERGY_METABOLISM	FA 15:0	Pentadecanoic acid	-	R-HSA-163685	C16537	HMDB0000826	RAMP_C_000000647
REACTOME_INTEGRATION_OF_ENERGY_METABOLISM	FA 16:0	Palmitic acid	-	R-HSA-163685	C00249	HMDB0000220	RAMP_C_000219234
REACTOME_INTEGRATION_OF_ENERGY_METABOLISM	FA 18:1	Oleic acid	-	R-HSA-163685	C00712	HMDB0000207	RAMP_C_000218407
REACTOME_INTEGRATION_OF_ENERGY_METABOLISM	Norepinephrine	Norepinephrine	-	R-HSA-163685	C00547	HMDB0000216	RAMP_C_000219112
REACTOME_INTEGRATION_OF_ENERGY_METABOLISM	cAMP	Adenosine monophosphate, cyclic (cAMP)	-	R-HSA-163685	C00575	HMDB0000058	RAMP_C_000218758
REACTOME_INTERCONVERSION_OF_POLYAMINES	N1-Ac-Spermidine	N1-Acetylspermidine	-	R-HSA-351200	C00612	HMDB0001276	RAMP_C_000262968
REACTOME_INTERCONVERSION_OF_POLYAMINES	N1-Ac-Spermine	N1-Acetylspermine	-	R-HSA-351200	C02567	HMDB0001186	RAMP_C_000041921
REACTOME_INTERCONVERSION_OF_POLYAMINES	Putrescine	Putrescine	-	R-HSA-351200	C00134	HMDB0001414	RAMP_C_000001073
REACTOME_INTERCONVERSION_OF_POLYAMINES	Spermidine	Spermidine	-	R-HSA-351200	C00315	HMDB0001257	RAMP_C_000000954
REACTOME_INTERCONVERSION_OF_POLYAMINES	Spermine	Spermine	-	R-HSA-351200	C00750	HMDB0001256	RAMP_C_000218544
REACTOME_INTRACELLULAR_SIGNALING_BY_SECOND_MESSENGERS	DG 16:0_16:0	DG 16:0_16:0	-	R-HSA-9006925	C00165	HMDB0007098	RAMP_C_000219428
REACTOME_INTRACELLULAR_SIGNALING_BY_SECOND_MESSENGERS	Nicotinamide (B3)	Nicotinamide (B3)	-	R-HSA-9006925	C00153	HMDB0001406	RAMP_C_000001067
REACTOME_INTRACELLULAR_SIGNALING_BY_SECOND_MESSENGERS	cAMP	Adenosine monophosphate, cyclic (cAMP)	-	R-HSA-9006925	C00575	HMDB0000058	RAMP_C_000218758
REACTOME_KETONE_BODY_METABOLISM	3-OH-Butyric acid	3-Hydroxybutyric acid	-	R-HSA-74182	C01089	HMDB0000011	RAMP_C_000218499
REACTOME_KETONE_BODY_METABOLISM	FA 2:0	Acetic acid	-	R-HSA-74182	C00033	HMDB0000042	RAMP_C_000218400
REACTOME_KETONE_BODY_METABOLISM	Suc	Succinic acid	-	R-HSA-74182	C00042	HMDB0000254	RAMP_C_000218399
REACTOME_LATE_SARS_COV_2_INFECTION_EVENTS	AHCys	S-Adenosylhomocysteine	-	R-HSA-9772573	C00021	HMDB0000939	RAMP_C_000218715
REACTOME_LATE_SARS_COV_2_INFECTION_EVENTS	Glucose	Glucose	-	R-HSA-9772573	C00031	HMDB0000122	RAMP_C_000000077
REACTOME_LATE_SARS_COV_2_INFECTION_EVENTS	Nicotinamide (B3)	Nicotinamide (B3)	-	R-HSA-9772573	C00153	HMDB0001406	RAMP_C_000001067
REACTOME_LYSINE_CATABOLISM	Glu	Glutamic acid	-	R-HSA-71064	C00025	HMDB0000148	RAMP_C_000218397
REACTOME_LYSINE_CATABOLISM	Lys	Lysine	-	R-HSA-71064	C00047	HMDB0000182	RAMP_C_000000117
REACTOME_LYSINE_CATABOLISM	a-Ketoglutaric acid	alpha-Ketoglutaric acid	-	R-HSA-71064	C00026	HMDB0000208	RAMP_C_000274401
REACTOME_LYSINE_CATABOLISM	alpha-AAA	alpha-Aminoadipic acid	-	R-HSA-71064	C00956	HMDB0000510	RAMP_C_000218812
REACTOME_MALATE_ASPARTATE_SHUTTLE	Asp	Aspartic acid	-	R-HSA-9856872	C00049	HMDB0000191	RAMP_C_000218398
REACTOME_MALATE_ASPARTATE_SHUTTLE	Glu	Glutamic acid	-	R-HSA-9856872	C00025	HMDB0000148	RAMP_C_000218397
REACTOME_MALATE_ASPARTATE_SHUTTLE	Malic acid	Malic acid	-	R-HSA-9856872	C00149	HMDB0000156	RAMP_C_000218036
REACTOME_MALATE_ASPARTATE_SHUTTLE	Oxaloacetic acid	Oxaloacetic acid	-	R-HSA-9856872	C00036	HMDB0000223	RAMP_C_000262942
REACTOME_MALATE_ASPARTATE_SHUTTLE	a-Ketoglutaric acid	alpha-Ketoglutaric acid	-	R-HSA-9856872	C00026	HMDB0000208	RAMP_C_000274401
REACTOME_MAPK1_MAPK3_SIGNALING	AHCys	S-Adenosylhomocysteine	-	R-HSA-5684996	C00021	HMDB0000939	RAMP_C_000218715
REACTOME_MAPK1_MAPK3_SIGNALING	DG 16:0_16:0	DG 16:0_16:0	-	R-HSA-5684996	C00165	HMDB0007098	RAMP_C_000219428
REACTOME_MAPK1_MAPK3_SIGNALING	FA 16:0	Palmitic acid	-	R-HSA-5684996	C00249	HMDB0000220	RAMP_C_000219234
REACTOME_MAPK1_MAPK3_SIGNALING	Glu	Glutamic acid	-	R-HSA-5684996	C00025	HMDB0000148	RAMP_C_000218397
REACTOME_MAPK1_MAPK3_SIGNALING	Gly	Glycine	-	R-HSA-5684996	C00037	HMDB0000123	RAMP_C_000000078
REACTOME_MAPK1_MAPK3_SIGNALING	cGMP	Guanosine monophosphate, cyclic (cGMP)	-	R-HSA-5684996	C00942	HMDB0001314	RAMP_C_000000995
REACTOME_MATURATION_OF_TCA_ENZYMES_AND_REGULATION_OF_TCA_CYCLE	AHCys	S-Adenosylhomocysteine	-	R-HSA-9854311	C00021	HMDB0000939	RAMP_C_000218715
REACTOME_MATURATION_OF_TCA_ENZYMES_AND_REGULATION_OF_TCA_CYCLE	Fumaric acid	Fumaric acid	-	R-HSA-9854311	C00122	HMDB0000134	RAMP_C_000218394
REACTOME_MATURATION_OF_TCA_ENZYMES_AND_REGULATION_OF_TCA_CYCLE	Nicotinamide (B3)	Nicotinamide (B3)	-	R-HSA-9854311	C00153	HMDB0001406	RAMP_C_000001067
REACTOME_MATURATION_OF_TCA_ENZYMES_AND_REGULATION_OF_TCA_CYCLE	Oxaloacetic acid	Oxaloacetic acid	-	R-HSA-9854311	C00036	HMDB0000223	RAMP_C_000262942
REACTOME_MELANIN_BIOSYNTHESIS	Cys	Cysteine	-	R-HSA-5662702	C00097	HMDB0000574	RAMP_C_000218469
REACTOME_MELANIN_BIOSYNTHESIS	DOPA	Dihydroxyphenylalanine	-	R-HSA-5662702	C00355	HMDB0000181	RAMP_C_000218668
REACTOME_MELANIN_BIOSYNTHESIS	Tyr	Tyrosine	-	R-HSA-5662702	C00082	HMDB0000158	RAMP_C_000218778
REACTOME_METABOLIC_DISORDERS_OF_BIOLOGICAL_OXIDATION_ENZYMES	5-Oxo-Pro	5-Oxoproline	-	R-HSA-5579029	C01879	HMDB0000267	RAMP_C_000263954
REACTOME_METABOLIC_DISORDERS_OF_BIOLOGICAL_OXIDATION_ENZYMES	AHCys	S-Adenosylhomocysteine	-	R-HSA-5579029	C00021	HMDB0000939	RAMP_C_000218715
REACTOME_METABOLIC_DISORDERS_OF_BIOLOGICAL_OXIDATION_ENZYMES	Cys	Cysteine	-	R-HSA-5579029	C00097	HMDB0000574	RAMP_C_000218469
REACTOME_METABOLIC_DISORDERS_OF_BIOLOGICAL_OXIDATION_ENZYMES	FA 20:4n-6 (AA)	Arachidonic acid (AA; omega6)	-	R-HSA-5579029	C00219	HMDB0001043	RAMP_C_000000804
REACTOME_METABOLIC_DISORDERS_OF_BIOLOGICAL_OXIDATION_ENZYMES	Glu	Glutamic acid	-	R-HSA-5579029	C00025	HMDB0000148	RAMP_C_000218397
REACTOME_METABOLIC_DISORDERS_OF_BIOLOGICAL_OXIDATION_ENZYMES	Gly	Glycine	-	R-HSA-5579029	C00037	HMDB0000123	RAMP_C_000000078
REACTOME_METABOLIC_DISORDERS_OF_BIOLOGICAL_OXIDATION_ENZYMES	Met	Methionine	-	R-HSA-5579029	C00073	HMDB0000696	RAMP_C_000218711
REACTOME_METABOLIC_DISORDERS_OF_BIOLOGICAL_OXIDATION_ENZYMES	Serotonin	Serotonin	-	R-HSA-5579029	C00780	HMDB0000259	RAMP_C_000000177
REACTOME_METABOLISM	2-Met-HipAcid	2-Methylhippuric acid	-	R-HSA-1430728	C01586	HMDB0000714	RAMP_C_000000556
REACTOME_METABOLISM	2-OH-Benzoic acid	2-Hydroxybenzoic acid	-	R-HSA-1430728	C00805	HMDB0001895	RAMP_C_000001242
REACTOME_METABOLISM	2-OH-Glutaric acid	2-Hydroxyglutaric acid	-	R-HSA-1430728	C01087	HMDB0000606	RAMP_C_000219574
REACTOME_METABOLISM	3-IPA	3-Indolepropionic acid	-	R-HSA-1430728		HMDB0002302	RAMP_C_000269741
REACTOME_METABOLISM	3-Met-2-oxovaleric acid	3-Methyl-2-oxovaleric acid	-	R-HSA-1430728	C00671	HMDB0000491	RAMP_C_000000367
REACTOME_METABOLISM	3-OH-Anthranilic acid	3-Hydroxyanthranilic acid	-	R-HSA-1430728	C00632	HMDB0001476	RAMP_C_000220389
REACTOME_METABOLISM	3-OH-Butyric acid	3-Hydroxybutyric acid	-	R-HSA-1430728	C01089	HMDB0000011	RAMP_C_000218499
REACTOME_METABOLISM	4-Met-2-oxovaleric acid	2-Oxoisocaproic acid	-	R-HSA-1430728	C00233	HMDB0000695	RAMP_C_000218182
REACTOME_METABOLISM	4-OH-Benzoic acid	4-Hydroxybenzoic acid	-	R-HSA-1430728	C00156	HMDB0000500	RAMP_C_000000376
REACTOME_METABOLISM	4-OH-Phenylpyruvic acid	4-Hydroxyphenylpyruvic acid	-	R-HSA-1430728	C01179	HMDB0000707	RAMP_C_000000549
REACTOME_METABOLISM	5-Amino-4-oxovaleric acid	5-Amino-4-oxovaleric acid	-	R-HSA-1430728	C00430	HMDB0001149	RAMP_C_000220903
REACTOME_METABOLISM	5-OH-Trp	5-Hydroxytryptophan	-	R-HSA-1430728	C00643	HMDB0000472	RAMP_C_000218770
REACTOME_METABOLISM	5-Oxo-Pro	5-Oxoproline	-	R-HSA-1430728	C01879	HMDB0000267	RAMP_C_000263954
REACTOME_METABOLISM	ADMA	Asymmetric dimethylarginine	-	R-HSA-1430728	C03626	HMDB0001539	RAMP_C_000218780
REACTOME_METABOLISM	AHCys	S-Adenosylhomocysteine	-	R-HSA-1430728	C00021	HMDB0000939	RAMP_C_000218715
REACTOME_METABOLISM	Adenine	Adenine	-	R-HSA-1430728	C00147	HMDB0000034	RAMP_C_000000024
REACTOME_METABOLISM	Adenosine	Adenosine	-	R-HSA-1430728	C00212	HMDB0000050	RAMP_C_000000034
REACTOME_METABOLISM	Agmatine	Agmatine	-	R-HSA-1430728	C00179	HMDB0001432	RAMP_C_000001088
REACTOME_METABOLISM	Ala	Alanine	-	R-HSA-1430728	C00041	HMDB0000161	RAMP_C_000000104
REACTOME_METABOLISM	Anserine	Anserine	-	R-HSA-1430728	C01262	HMDB0000194	RAMP_C_000000125
REACTOME_METABOLISM	Arg	Arginine	-	R-HSA-1430728	C00062	HMDB0000517	RAMP_C_000042003
REACTOME_METABOLISM	Arginino-Suc	Argininosuccinic acid	-	R-HSA-1430728	C03406	HMDB0000052	RAMP_C_000218664
REACTOME_METABOLISM	Asn	Asparagine	-	R-HSA-1430728	C00152	HMDB0000168	RAMP_C_000218742
REACTOME_METABOLISM	Asp	Aspartic acid	-	R-HSA-1430728	C00049	HMDB0000191	RAMP_C_000218398
REACTOME_METABOLISM	Benzoic acid	Benzoic acid	-	R-HSA-1430728	C00180	HMDB0001870	RAMP_C_000001222
REACTOME_METABOLISM	Betaine	Betaine	-	R-HSA-1430728	C00719	HMDB0000043	RAMP_C_000000030
REACTOME_METABOLISM	Biotin (B7)	Biotin (B7)	-	R-HSA-1430728	C00120	HMDB0000030	RAMP_C_000261993
REACTOME_METABOLISM	C0	Carnitine	-	R-HSA-1430728	C00318	HMDB0000062	RAMP_C_000274496
REACTOME_METABOLISM	C16	Hexadecanoylcarnitine	-	R-HSA-1430728	C02990	HMDB0000222	RAMP_C_000000146
REACTOME_METABOLISM	C2	Acetylcarnitine	-	R-HSA-1430728	C02571	HMDB0000201	RAMP_C_000218051
REACTOME_METABOLISM	C3	Propionylcarnitine	-	R-HSA-1430728	C03017	HMDB0000824	RAMP_C_000000645
REACTOME_METABOLISM	CA	Cholic acid	-	R-HSA-1430728	C00695	HMDB0000505	RAMP_C_000218390
REACTOME_METABOLISM	CDCA	Chenodeoxycholic acid	-	R-HSA-1430728	C02528	HMDB0000518	RAMP_C_000000390
REACTOME_METABOLISM	Carbamoyl-PO4	Carbamoylphosphate	-	R-HSA-1430728	C00169	HMDB0001096	RAMP_C_000218766
REACTOME_METABOLISM	Carnosine	Carnosine	-	R-HSA-1430728	C00386	HMDB0000033	RAMP_C_000218666
REACTOME_METABOLISM	Choline	Choline	-	R-HSA-1430728	C00114	HMDB0000097	RAMP_C_000000065
REACTOME_METABOLISM	Cit	Citrulline	-	R-HSA-1430728	C00327	HMDB0000904	RAMP_C_000218703
REACTOME_METABOLISM	Citric acid	Citric acid	-	R-HSA-1430728	C00158	HMDB0000094	RAMP_C_000218121
REACTOME_METABOLISM	Cortisol	Cortisol	-	R-HSA-1430728	C00735	HMDB0000063	RAMP_C_000000045
REACTOME_METABOLISM	Cortisone	Cortisone	-	R-HSA-1430728	C00762	HMDB0002802	RAMP_C_000001680
REACTOME_METABOLISM	Creatine	Creatine	-	R-HSA-1430728	C00300	HMDB0000064	RAMP_C_000000046
REACTOME_METABOLISM	Creatinine	Creatinine	-	R-HSA-1430728	C00791	HMDB0000562	RAMP_C_000000431
REACTOME_METABOLISM	Cys	Cysteine	-	R-HSA-1430728	C00097	HMDB0000574	RAMP_C_000218469
REACTOME_METABOLISM	Cytidine	Cytidine	-	R-HSA-1430728	C00475	HMDB0000089	RAMP_C_000000061
REACTOME_METABOLISM	DCA	Deoxycholic acid	-	R-HSA-1430728	C04483	HMDB0000626	RAMP_C_000263082
REACTOME_METABOLISM	DG 16:0_16:0	DG 16:0_16:0	-	R-HSA-1430728	C00165	HMDB0007098	RAMP_C_000219428
REACTOME_METABOLISM	DHEAS	Dehydroepiandrosterone sulfate	-	R-HSA-1430728	C04555	HMDB0001032	RAMP_C_000269812
REACTOME_METABOLISM	DMG	Dimethylglycine	-	R-HSA-1430728	C01026	HMDB0000092	RAMP_C_000000062
REACTOME_METABOLISM	DOPA	Dihydroxyphenylalanine	-	R-HSA-1430728	C00355	HMDB0000181	RAMP_C_000218668
REACTOME_METABOLISM	Deoxycytidine	Deoxycytidine	-	R-HSA-1430728	C00881	HMDB0000014	RAMP_C_000000008
REACTOME_METABOLISM	Deoxyguanosine	Deoxyguanosine	-	R-HSA-1430728	C00330	HMDB0000085	RAMP_C_000000058
REACTOME_METABOLISM	Dopamine	Dopamine	-	R-HSA-1430728	C03758	HMDB0000073	RAMP_C_000218860
REACTOME_METABOLISM	Epinephrine	Epinephrine	-	R-HSA-1430728	C00788	HMDB0000068	RAMP_C_000000048
REACTOME_METABOLISM	FA 10:0	Capric acid	-	R-HSA-1430728	C01571	HMDB0000511	RAMP_C_000218305
REACTOME_METABOLISM	FA 12:0	Lauric acid	-	R-HSA-1430728	C02679	HMDB0000638	RAMP_C_000264780
REACTOME_METABOLISM	FA 15:0	Pentadecanoic acid	-	R-HSA-1430728	C16537	HMDB0000826	RAMP_C_000000647
REACTOME_METABOLISM	FA 16:0	Palmitic acid	-	R-HSA-1430728	C00249	HMDB0000220	RAMP_C_000219234
REACTOME_METABOLISM	FA 18:1	Oleic acid	-	R-HSA-1430728	C00712	HMDB0000207	RAMP_C_000218407
REACTOME_METABOLISM	FA 18:2	Linoleic acid	-	R-HSA-1430728	C01595	HMDB0000673	RAMP_C_000263195
REACTOME_METABOLISM	FA 20:4n-6 (AA)	Arachidonic acid (AA; omega6)	-	R-HSA-1430728	C00219	HMDB0001043	RAMP_C_000000804
REACTOME_METABOLISM	FA 20:5n-3 (EPA)	Eicosapentaenoic acid (EPA; omega3)	-	R-HSA-1430728	C06428	HMDB0001999	RAMP_C_000001315
REACTOME_METABOLISM	FA 22:5n-3 (DPA)	Docosapentaenoic acid (DPA, omega3)	-	R-HSA-1430728	C16513	HMDB0006528	RAMP_C_000219179
REACTOME_METABOLISM	FA 22:6n-3 (DHA)	Docosahexaenoic acid (DHA; omega3)	-	R-HSA-1430728	C06429	HMDB0002183	RAMP_C_000001447
REACTOME_METABOLISM	FA 2:0	Acetic acid	-	R-HSA-1430728	C00033	HMDB0000042	RAMP_C_000218400
REACTOME_METABOLISM	FA 3:0	Propanoic acid	-	R-HSA-1430728	C00163	HMDB0000237	RAMP_C_000220356
REACTOME_METABOLISM	FA 4:0	Butyric acid	-	R-HSA-1430728	C00246	HMDB0000039	RAMP_C_000000028
REACTOME_METABOLISM	Folic acid (B9)	Folic acid (B9)	-	R-HSA-1430728	C00504	HMDB0000121	RAMP_C_000220612
REACTOME_METABOLISM	Fructose	Fructose	-	R-HSA-1430728	C02336	HMDB0000660	RAMP_C_000000509
REACTOME_METABOLISM	Fumaric acid	Fumaric acid	-	R-HSA-1430728	C00122	HMDB0000134	RAMP_C_000218394
REACTOME_METABOLISM	GCA	Glycocholic acid	-	R-HSA-1430728	C01921	HMDB0000138	RAMP_C_000000089
REACTOME_METABOLISM	GCDCA	Glycochenodeoxycholic acid	-	R-HSA-1430728	C05462	HMDB0000637	RAMP_C_000002951
REACTOME_METABOLISM	Gln	Glutamine	-	R-HSA-1430728	C00064	HMDB0000641	RAMP_C_000218784
REACTOME_METABOLISM	Glu	Glutamic acid	-	R-HSA-1430728	C00025	HMDB0000148	RAMP_C_000218397
REACTOME_METABOLISM	Gly	Glycine	-	R-HSA-1430728	C00037	HMDB0000123	RAMP_C_000000078
REACTOME_METABOLISM	Glyceric acid	Glyceric acid	-	R-HSA-1430728	C00258	HMDB0000139	RAMP_C_000218080
REACTOME_METABOLISM	Glycolic acid	Glycolic acid	-	R-HSA-1430728	C00160	HMDB0000115	RAMP_C_000000073
REACTOME_METABOLISM	Glyoxylic acid	Glyoxylic acid	-	R-HSA-1430728	C00048	HMDB0000119	RAMP_C_000218495
REACTOME_METABOLISM	Guanidinoacetic acid	Guanidinoacetic acid	-	R-HSA-1430728	C00581	HMDB0000128	RAMP_C_000219492
REACTOME_METABOLISM	Guanine	Guanine	-	R-HSA-1430728	C00242	HMDB0000132	RAMP_C_000000086
REACTOME_METABOLISM	Guanosine	Guanosine	-	R-HSA-1430728	C00387	HMDB0000133	RAMP_C_000000087
REACTOME_METABOLISM	HCys	Homocysteine	-	R-HSA-1430728	C00155	HMDB0000165	RAMP_C_000218762
REACTOME_METABOLISM	HipAcid	Hippuric acid	-	R-HSA-1430728	C01586	HMDB0000714	RAMP_C_000000556
REACTOME_METABOLISM	His	Histidine	-	R-HSA-1430728	C00135	HMDB0000177	RAMP_C_000218426
REACTOME_METABOLISM	Histamine	Histamine	-	R-HSA-1430728	C00388	HMDB0000870	RAMP_C_000000678
REACTOME_METABOLISM	Hypotaurine	Hypotaurine	-	R-HSA-1430728	C00519	HMDB0000965	RAMP_C_000000756
REACTOME_METABOLISM	Hypoxanthine	Hypoxanthine	-	R-HSA-1430728	C00262	HMDB0000157	RAMP_C_000000101
REACTOME_METABOLISM	Ile	Isoleucine	-	R-HSA-1430728	C00407	HMDB0000172	RAMP_C_000218741
REACTOME_METABOLISM	Indole-Lac	Indolelactic acid	-	R-HSA-1430728	C02043	HMDB0000671	RAMP_C_000000520
REACTOME_METABOLISM	Indolepyruvic acid	Indolepyruvic acid	-	R-HSA-1430728	C00331	HMDB0060484	RAMP_C_000262180
REACTOME_METABOLISM	Inosine	Inosine	-	R-HSA-1430728	C00294	HMDB0000195	RAMP_C_000000126
REACTOME_METABOLISM	Isocitric acid	Isocitric acid	-	R-HSA-1430728	C00311	HMDB0000193	RAMP_C_000217206
REACTOME_METABOLISM	Itaconic acid	Itaconic acid	-	R-HSA-1430728	C00490	HMDB0002092	RAMP_C_000218143
REACTOME_METABOLISM	Kynurenic acid	Kynurenic acid	-	R-HSA-1430728	C01717	HMDB0000715	RAMP_C_000219506
REACTOME_METABOLISM	Kynurenine	Kynurenine	-	R-HSA-1430728	C00328	HMDB0000183	RAMP_C_000000530
REACTOME_METABOLISM	LCA	Lithocholic acid	-	R-HSA-1430728	C03990	HMDB0000381	RAMP_C_000000277
REACTOME_METABOLISM	LPA 14:0	LPA 14:0	-	R-HSA-1430728		HMDB0062321	RAMP_C_000041671
REACTOME_METABOLISM	Lac	Lactic acid	-	R-HSA-1430728	C00186	HMDB0000190	RAMP_C_000218078
REACTOME_METABOLISM	Leu	Leucine	-	R-HSA-1430728	C00123	HMDB0000687	RAMP_C_000000532
REACTOME_METABOLISM	Lys	Lysine	-	R-HSA-1430728	C00047	HMDB0000182	RAMP_C_000000117
REACTOME_METABOLISM	Malic acid	Malic acid	-	R-HSA-1430728	C00149	HMDB0000156	RAMP_C_000218036
REACTOME_METABOLISM	Mannose	Mannose	-	R-HSA-1430728	C00159	HMDB0000169	RAMP_C_000000110
REACTOME_METABOLISM	Melatonin	Melatonin	-	R-HSA-1430728	C01598	HMDB0001389	RAMP_C_000001056
REACTOME_METABOLISM	Met	Methionine	-	R-HSA-1430728	C00073	HMDB0000696	RAMP_C_000218711
REACTOME_METABOLISM	Mevalonic acid	Mevalonic acid	-	R-HSA-1430728	C00418	HMDB0000227	RAMP_C_000218492
REACTOME_METABOLISM	N-Ac-Asp	N-Acetylaspartic acid	-	R-HSA-1430728	C01042	HMDB0000812	RAMP_C_000218122
REACTOME_METABOLISM	N-Ac-Glu	N-Acetylglutamic acid	-	R-HSA-1430728	C00624	HMDB0001138	RAMP_C_000000871
REACTOME_METABOLISM	N1-Ac-Spermidine	N1-Acetylspermidine	-	R-HSA-1430728	C00612	HMDB0001276	RAMP_C_000262968
REACTOME_METABOLISM	N1-Ac-Spermine	N1-Acetylspermine	-	R-HSA-1430728	C02567	HMDB0001186	RAMP_C_000041921
REACTOME_METABOLISM	Nicotinamide (B3)	Nicotinamide (B3)	-	R-HSA-1430728	C00153	HMDB0001406	RAMP_C_000001067
REACTOME_METABOLISM	Nicotine	Nicotine	-	R-HSA-1430728	C00745	HMDB0001001	RAMP_C_000158862
REACTOME_METABOLISM	Nicotinic acid (B3)	Nicotinic acid (B3)	-	R-HSA-1430728	C00253	HMDB0001488	RAMP_C_000218427
REACTOME_METABOLISM	Norepinephrine	Norepinephrine	-	R-HSA-1430728	C00547	HMDB0000216	RAMP_C_000219112
REACTOME_METABOLISM	Orn	Ornithine	-	R-HSA-1430728	C00077	HMDB0000214	RAMP_C_000218554
REACTOME_METABOLISM	Orotic acid	Orotic acid	-	R-HSA-1430728	C00295	HMDB0000226	RAMP_C_000000150
REACTOME_METABOLISM	Oxalic acid	Oxalic acid	-	R-HSA-1430728	C00209	HMDB0002329	RAMP_C_000001542
REACTOME_METABOLISM	Oxaloacetic acid	Oxaloacetic acid	-	R-HSA-1430728	C00036	HMDB0000223	RAMP_C_000262942
REACTOME_METABOLISM	PE 34:2	PE 34:2	-	R-HSA-1430728		HMDB0009056	RAMP_C_000005052
REACTOME_METABOLISM	PE 36:2	PE 36:2	-	R-HSA-1430728		HMDB0005347	RAMP_C_000005055
REACTOME_METABOLISM	PEA	Phenylethylamine	-	R-HSA-1430728	C05332	HMDB0012275	RAMP_C_000007754
REACTOME_METABOLISM	PMP	Pyridoxamine 5'-phosphate	-	R-HSA-1430728	C00647	HMDB0001555	RAMP_C_000220901
REACTOME_METABOLISM	PS 32:0	PS 32:0	-	R-HSA-1430728	C02737	HMDB0000614	RAMP_C_000217830
REACTOME_METABOLISM	Pantothenic acid (B5)	Pantothenic acid (B5)	-	R-HSA-1430728	C00864	HMDB0000210	RAMP_C_000218339
REACTOME_METABOLISM	Phe	Phenylalanine	-	R-HSA-1430728	C00079	HMDB0000159	RAMP_C_000218749
REACTOME_METABOLISM	Phenylacetylglutamine	Phenylacetylglutamine	-	R-HSA-1430728	C04148	HMDB0006344	RAMP_C_000218777
REACTOME_METABOLISM	Phenylpyruvic acid	Phenylpyruvic acid	-	R-HSA-1430728	C00166	HMDB0000205	RAMP_C_000216964
REACTOME_METABOLISM	Pro	Proline	-	R-HSA-1430728	C00148	HMDB0000162	RAMP_C_000218861
REACTOME_METABOLISM	Putrescine	Putrescine	-	R-HSA-1430728	C00134	HMDB0001414	RAMP_C_000001073
REACTOME_METABOLISM	Pyridoxine (B6)	Pyridoxine (B6)	-	R-HSA-1430728	C00314	HMDB0000239	RAMP_C_000000160
REACTOME_METABOLISM	Pyruvic acid	Pyruvic acid	-	R-HSA-1430728	C00022	HMDB0000243	RAMP_C_000218028
REACTOME_METABOLISM	Quinolinic acid	Quinolinic acid	-	R-HSA-1430728	C03722	HMDB0000232	RAMP_C_000000155
REACTOME_METABOLISM	Riboflavin (B2)	Riboflavin (B2)	-	R-HSA-1430728	C00255	HMDB0000244	RAMP_C_000000164
REACTOME_METABOLISM	Ribose	Ribose	-	R-HSA-1430728	C00121	HMDB0000283	RAMP_C_000000190
REACTOME_METABOLISM	Sarcosine	Sarcosine	-	R-HSA-1430728	C00213	HMDB0000271	RAMP_C_000218658
REACTOME_METABOLISM	Ser	Serine	-	R-HSA-1430728	C00065	HMDB0000187	RAMP_C_000218440
REACTOME_METABOLISM	Serotonin	Serotonin	-	R-HSA-1430728	C00780	HMDB0000259	RAMP_C_000000177
REACTOME_METABOLISM	Spermidine	Spermidine	-	R-HSA-1430728	C00315	HMDB0001257	RAMP_C_000000954
REACTOME_METABOLISM	Spermine	Spermine	-	R-HSA-1430728	C00750	HMDB0001256	RAMP_C_000218544
REACTOME_METABOLISM	Suc	Succinic acid	-	R-HSA-1430728	C00042	HMDB0000254	RAMP_C_000218399
REACTOME_METABOLISM	TCDCA	Taurochenodeoxycholic acid	-	R-HSA-1430728	C05465	HMDB0000951	RAMP_C_000219362
REACTOME_METABOLISM	TLCA	Taurolithocholic acid	-	R-HSA-1430728	C02592	HMDB0000722	RAMP_C_000218140
REACTOME_METABOLISM	TMAO	Trimethylamine N-oxide	-	R-HSA-1430728	C01104	HMDB0000925	RAMP_C_000000723
REACTOME_METABOLISM	Taurine	Taurine	-	R-HSA-1430728	C00245	HMDB0000251	RAMP_C_000218584
REACTOME_METABOLISM	Thr	Threonine	-	R-HSA-1430728	C00188	HMDB0000167	RAMP_C_000218724
REACTOME_METABOLISM	Threonic acid	Threonic acid	-	R-HSA-1430728	C01620	HMDB0000943	RAMP_C_000268373
REACTOME_METABOLISM	Thymidine	Thymidine	-	R-HSA-1430728	C00214	HMDB0000273	RAMP_C_000000186
REACTOME_METABOLISM	Thymine	Thymine	-	R-HSA-1430728	C00178	HMDB0000262	RAMP_C_000000178
REACTOME_METABOLISM	Trp	Tryptophan	-	R-HSA-1430728	C00078	HMDB0000929	RAMP_C_000218721
REACTOME_METABOLISM	Tyr	Tyrosine	-	R-HSA-1430728	C00082	HMDB0000158	RAMP_C_000218778
REACTOME_METABOLISM	Tyramine	Tyramine	-	R-HSA-1430728	C00483	HMDB0000306	RAMP_C_000000209
REACTOME_METABOLISM	Uracil	Uracil	-	R-HSA-1430728	C00106	HMDB0000300	RAMP_C_000000203
REACTOME_METABOLISM	Urea	Urea	-	R-HSA-1430728	C00086	HMDB0000294	RAMP_C_000000199
REACTOME_METABOLISM	Uric acid	Uric acid	-	R-HSA-1430728	C00366	HMDB0000289	RAMP_C_000000194
REACTOME_METABOLISM	Uridine	Uridine	-	R-HSA-1430728	C00299	HMDB0000296	RAMP_C_000000201
REACTOME_METABOLISM	Val	Valine	-	R-HSA-1430728	C00183	HMDB0000883	RAMP_C_000218704
REACTOME_METABOLISM	Xanthine	Xanthine	-	R-HSA-1430728	C00385	HMDB0000292	RAMP_C_000000197
REACTOME_METABOLISM	a-Ketoglutaric acid	alpha-Ketoglutaric acid	-	R-HSA-1430728	C00026	HMDB0000208	RAMP_C_000274401
REACTOME_METABOLISM	a-Ketoisovaleric acid	alpha-Ketoisovaleric acid	-	R-HSA-1430728	C00141	HMDB0000019	RAMP_C_000000012
REACTOME_METABOLISM	alpha-AAA	alpha-Aminoadipic acid	-	R-HSA-1430728	C00956	HMDB0000510	RAMP_C_000218812
REACTOME_METABOLISM	beta-Ala	beta-Alanine	-	R-HSA-1430728	C00099	HMDB0000056	RAMP_C_000218729
REACTOME_METABOLISM	cAMP	Adenosine monophosphate, cyclic (cAMP)	-	R-HSA-1430728	C00575	HMDB0000058	RAMP_C_000218758
REACTOME_METABOLISM	t4-OH-Pro	trans-4-Hydroxyproline	-	R-HSA-1430728	C01157	HMDB0000725	RAMP_C_000000565
REACTOME_METABOLISM_OF_AMINE_DERIVED_HORMONES	5-OH-Trp	5-Hydroxytryptophan	-	R-HSA-209776	C00643	HMDB0000472	RAMP_C_000218770
REACTOME_METABOLISM_OF_AMINE_DERIVED_HORMONES	AHCys	S-Adenosylhomocysteine	-	R-HSA-209776	C00021	HMDB0000939	RAMP_C_000218715
REACTOME_METABOLISM_OF_AMINE_DERIVED_HORMONES	Ala	Alanine	-	R-HSA-209776	C00041	HMDB0000161	RAMP_C_000000104
REACTOME_METABOLISM_OF_AMINE_DERIVED_HORMONES	DOPA	Dihydroxyphenylalanine	-	R-HSA-209776	C00355	HMDB0000181	RAMP_C_000218668
REACTOME_METABOLISM_OF_AMINE_DERIVED_HORMONES	Dopamine	Dopamine	-	R-HSA-209776	C03758	HMDB0000073	RAMP_C_000218860
REACTOME_METABOLISM_OF_AMINE_DERIVED_HORMONES	Epinephrine	Epinephrine	-	R-HSA-209776	C00788	HMDB0000068	RAMP_C_000000048
REACTOME_METABOLISM_OF_AMINE_DERIVED_HORMONES	Melatonin	Melatonin	-	R-HSA-209776	C01598	HMDB0001389	RAMP_C_000001056
REACTOME_METABOLISM_OF_AMINE_DERIVED_HORMONES	Norepinephrine	Norepinephrine	-	R-HSA-209776	C00547	HMDB0000216	RAMP_C_000219112
REACTOME_METABOLISM_OF_AMINE_DERIVED_HORMONES	Serotonin	Serotonin	-	R-HSA-209776	C00780	HMDB0000259	RAMP_C_000000177
REACTOME_METABOLISM_OF_AMINE_DERIVED_HORMONES	Trp	Tryptophan	-	R-HSA-209776	C00078	HMDB0000929	RAMP_C_000218721
REACTOME_METABOLISM_OF_AMINE_DERIVED_HORMONES	Tyr	Tyrosine	-	R-HSA-209776	C00082	HMDB0000158	RAMP_C_000218778
REACTOME_METABOLISM_OF_AMINO_ACIDS_AND_DERIVATIVES	3-IPA	3-Indolepropionic acid	-	R-HSA-71291		HMDB0002302	RAMP_C_000269741
REACTOME_METABOLISM_OF_AMINO_ACIDS_AND_DERIVATIVES	3-Met-2-oxovaleric acid	3-Methyl-2-oxovaleric acid	-	R-HSA-71291	C00671	HMDB0000491	RAMP_C_000000367
REACTOME_METABOLISM_OF_AMINO_ACIDS_AND_DERIVATIVES	3-OH-Anthranilic acid	3-Hydroxyanthranilic acid	-	R-HSA-71291	C00632	HMDB0001476	RAMP_C_000220389
REACTOME_METABOLISM_OF_AMINO_ACIDS_AND_DERIVATIVES	4-Met-2-oxovaleric acid	2-Oxoisocaproic acid	-	R-HSA-71291	C00233	HMDB0000695	RAMP_C_000218182
REACTOME_METABOLISM_OF_AMINO_ACIDS_AND_DERIVATIVES	4-OH-Phenylpyruvic acid	4-Hydroxyphenylpyruvic acid	-	R-HSA-71291	C01179	HMDB0000707	RAMP_C_000000549
REACTOME_METABOLISM_OF_AMINO_ACIDS_AND_DERIVATIVES	5-OH-Trp	5-Hydroxytryptophan	-	R-HSA-71291	C00643	HMDB0000472	RAMP_C_000218770
REACTOME_METABOLISM_OF_AMINO_ACIDS_AND_DERIVATIVES	AHCys	S-Adenosylhomocysteine	-	R-HSA-71291	C00021	HMDB0000939	RAMP_C_000218715
REACTOME_METABOLISM_OF_AMINO_ACIDS_AND_DERIVATIVES	Adenine	Adenine	-	R-HSA-71291	C00147	HMDB0000034	RAMP_C_000000024
REACTOME_METABOLISM_OF_AMINO_ACIDS_AND_DERIVATIVES	Adenosine	Adenosine	-	R-HSA-71291	C00212	HMDB0000050	RAMP_C_000000034
REACTOME_METABOLISM_OF_AMINO_ACIDS_AND_DERIVATIVES	Agmatine	Agmatine	-	R-HSA-71291	C00179	HMDB0001432	RAMP_C_000001088
REACTOME_METABOLISM_OF_AMINO_ACIDS_AND_DERIVATIVES	Ala	Alanine	-	R-HSA-71291	C00041	HMDB0000161	RAMP_C_000000104
REACTOME_METABOLISM_OF_AMINO_ACIDS_AND_DERIVATIVES	Anserine	Anserine	-	R-HSA-71291	C01262	HMDB0000194	RAMP_C_000000125
REACTOME_METABOLISM_OF_AMINO_ACIDS_AND_DERIVATIVES	Arg	Arginine	-	R-HSA-71291	C00062	HMDB0000517	RAMP_C_000042003
REACTOME_METABOLISM_OF_AMINO_ACIDS_AND_DERIVATIVES	Arginino-Suc	Argininosuccinic acid	-	R-HSA-71291	C03406	HMDB0000052	RAMP_C_000218664
REACTOME_METABOLISM_OF_AMINO_ACIDS_AND_DERIVATIVES	Asn	Asparagine	-	R-HSA-71291	C00152	HMDB0000168	RAMP_C_000218742
REACTOME_METABOLISM_OF_AMINO_ACIDS_AND_DERIVATIVES	Asp	Aspartic acid	-	R-HSA-71291	C00049	HMDB0000191	RAMP_C_000218398
REACTOME_METABOLISM_OF_AMINO_ACIDS_AND_DERIVATIVES	Betaine	Betaine	-	R-HSA-71291	C00719	HMDB0000043	RAMP_C_000000030
REACTOME_METABOLISM_OF_AMINO_ACIDS_AND_DERIVATIVES	C0	Carnitine	-	R-HSA-71291	C00318	HMDB0000062	RAMP_C_000274496
REACTOME_METABOLISM_OF_AMINO_ACIDS_AND_DERIVATIVES	Carbamoyl-PO4	Carbamoylphosphate	-	R-HSA-71291	C00169	HMDB0001096	RAMP_C_000218766
REACTOME_METABOLISM_OF_AMINO_ACIDS_AND_DERIVATIVES	Carnosine	Carnosine	-	R-HSA-71291	C00386	HMDB0000033	RAMP_C_000218666
REACTOME_METABOLISM_OF_AMINO_ACIDS_AND_DERIVATIVES	Choline	Choline	-	R-HSA-71291	C00114	HMDB0000097	RAMP_C_000000065
REACTOME_METABOLISM_OF_AMINO_ACIDS_AND_DERIVATIVES	Cit	Citrulline	-	R-HSA-71291	C00327	HMDB0000904	RAMP_C_000218703
REACTOME_METABOLISM_OF_AMINO_ACIDS_AND_DERIVATIVES	Creatine	Creatine	-	R-HSA-71291	C00300	HMDB0000064	RAMP_C_000000046
REACTOME_METABOLISM_OF_AMINO_ACIDS_AND_DERIVATIVES	Creatinine	Creatinine	-	R-HSA-71291	C00791	HMDB0000562	RAMP_C_000000431
REACTOME_METABOLISM_OF_AMINO_ACIDS_AND_DERIVATIVES	Cys	Cysteine	-	R-HSA-71291	C00097	HMDB0000574	RAMP_C_000218469
REACTOME_METABOLISM_OF_AMINO_ACIDS_AND_DERIVATIVES	DMG	Dimethylglycine	-	R-HSA-71291	C01026	HMDB0000092	RAMP_C_000000062
REACTOME_METABOLISM_OF_AMINO_ACIDS_AND_DERIVATIVES	DOPA	Dihydroxyphenylalanine	-	R-HSA-71291	C00355	HMDB0000181	RAMP_C_000218668
REACTOME_METABOLISM_OF_AMINO_ACIDS_AND_DERIVATIVES	Dopamine	Dopamine	-	R-HSA-71291	C03758	HMDB0000073	RAMP_C_000218860
REACTOME_METABOLISM_OF_AMINO_ACIDS_AND_DERIVATIVES	Epinephrine	Epinephrine	-	R-HSA-71291	C00788	HMDB0000068	RAMP_C_000000048
REACTOME_METABOLISM_OF_AMINO_ACIDS_AND_DERIVATIVES	FA 2:0	Acetic acid	-	R-HSA-71291	C00033	HMDB0000042	RAMP_C_000218400
REACTOME_METABOLISM_OF_AMINO_ACIDS_AND_DERIVATIVES	Fumaric acid	Fumaric acid	-	R-HSA-71291	C00122	HMDB0000134	RAMP_C_000218394
REACTOME_METABOLISM_OF_AMINO_ACIDS_AND_DERIVATIVES	Gln	Glutamine	-	R-HSA-71291	C00064	HMDB0000641	RAMP_C_000218784
REACTOME_METABOLISM_OF_AMINO_ACIDS_AND_DERIVATIVES	Glu	Glutamic acid	-	R-HSA-71291	C00025	HMDB0000148	RAMP_C_000218397
REACTOME_METABOLISM_OF_AMINO_ACIDS_AND_DERIVATIVES	Gly	Glycine	-	R-HSA-71291	C00037	HMDB0000123	RAMP_C_000000078
REACTOME_METABOLISM_OF_AMINO_ACIDS_AND_DERIVATIVES	Glycolic acid	Glycolic acid	-	R-HSA-71291	C00160	HMDB0000115	RAMP_C_000000073
REACTOME_METABOLISM_OF_AMINO_ACIDS_AND_DERIVATIVES	Glyoxylic acid	Glyoxylic acid	-	R-HSA-71291	C00048	HMDB0000119	RAMP_C_000218495
REACTOME_METABOLISM_OF_AMINO_ACIDS_AND_DERIVATIVES	Guanidinoacetic acid	Guanidinoacetic acid	-	R-HSA-71291	C00581	HMDB0000128	RAMP_C_000219492
REACTOME_METABOLISM_OF_AMINO_ACIDS_AND_DERIVATIVES	HCys	Homocysteine	-	R-HSA-71291	C00155	HMDB0000165	RAMP_C_000218762
REACTOME_METABOLISM_OF_AMINO_ACIDS_AND_DERIVATIVES	His	Histidine	-	R-HSA-71291	C00135	HMDB0000177	RAMP_C_000218426
REACTOME_METABOLISM_OF_AMINO_ACIDS_AND_DERIVATIVES	Histamine	Histamine	-	R-HSA-71291	C00388	HMDB0000870	RAMP_C_000000678
REACTOME_METABOLISM_OF_AMINO_ACIDS_AND_DERIVATIVES	Hypotaurine	Hypotaurine	-	R-HSA-71291	C00519	HMDB0000965	RAMP_C_000000756
REACTOME_METABOLISM_OF_AMINO_ACIDS_AND_DERIVATIVES	Ile	Isoleucine	-	R-HSA-71291	C00407	HMDB0000172	RAMP_C_000218741
REACTOME_METABOLISM_OF_AMINO_ACIDS_AND_DERIVATIVES	Indole-Lac	Indolelactic acid	-	R-HSA-71291	C02043	HMDB0000671	RAMP_C_000000520
REACTOME_METABOLISM_OF_AMINO_ACIDS_AND_DERIVATIVES	Indolepyruvic acid	Indolepyruvic acid	-	R-HSA-71291	C00331	HMDB0060484	RAMP_C_000262180
REACTOME_METABOLISM_OF_AMINO_ACIDS_AND_DERIVATIVES	Kynurenic acid	Kynurenic acid	-	R-HSA-71291	C01717	HMDB0000715	RAMP_C_000219506
REACTOME_METABOLISM_OF_AMINO_ACIDS_AND_DERIVATIVES	Kynurenine	Kynurenine	-	R-HSA-71291	C00328	HMDB0000183	RAMP_C_000000530
REACTOME_METABOLISM_OF_AMINO_ACIDS_AND_DERIVATIVES	Leu	Leucine	-	R-HSA-71291	C00123	HMDB0000687	RAMP_C_000000532
REACTOME_METABOLISM_OF_AMINO_ACIDS_AND_DERIVATIVES	Lys	Lysine	-	R-HSA-71291	C00047	HMDB0000182	RAMP_C_000000117
REACTOME_METABOLISM_OF_AMINO_ACIDS_AND_DERIVATIVES	Malic acid	Malic acid	-	R-HSA-71291	C00149	HMDB0000156	RAMP_C_000218036
REACTOME_METABOLISM_OF_AMINO_ACIDS_AND_DERIVATIVES	Melatonin	Melatonin	-	R-HSA-71291	C01598	HMDB0001389	RAMP_C_000001056
REACTOME_METABOLISM_OF_AMINO_ACIDS_AND_DERIVATIVES	Met	Methionine	-	R-HSA-71291	C00073	HMDB0000696	RAMP_C_000218711
REACTOME_METABOLISM_OF_AMINO_ACIDS_AND_DERIVATIVES	N-Ac-Asp	N-Acetylaspartic acid	-	R-HSA-71291	C01042	HMDB0000812	RAMP_C_000218122
REACTOME_METABOLISM_OF_AMINO_ACIDS_AND_DERIVATIVES	N-Ac-Glu	N-Acetylglutamic acid	-	R-HSA-71291	C00624	HMDB0001138	RAMP_C_000000871
REACTOME_METABOLISM_OF_AMINO_ACIDS_AND_DERIVATIVES	N1-Ac-Spermidine	N1-Acetylspermidine	-	R-HSA-71291	C00612	HMDB0001276	RAMP_C_000262968
REACTOME_METABOLISM_OF_AMINO_ACIDS_AND_DERIVATIVES	N1-Ac-Spermine	N1-Acetylspermine	-	R-HSA-71291	C02567	HMDB0001186	RAMP_C_000041921
REACTOME_METABOLISM_OF_AMINO_ACIDS_AND_DERIVATIVES	Nicotinamide (B3)	Nicotinamide (B3)	-	R-HSA-71291	C00153	HMDB0001406	RAMP_C_000001067
REACTOME_METABOLISM_OF_AMINO_ACIDS_AND_DERIVATIVES	Norepinephrine	Norepinephrine	-	R-HSA-71291	C00547	HMDB0000216	RAMP_C_000219112
REACTOME_METABOLISM_OF_AMINO_ACIDS_AND_DERIVATIVES	Orn	Ornithine	-	R-HSA-71291	C00077	HMDB0000214	RAMP_C_000218554
REACTOME_METABOLISM_OF_AMINO_ACIDS_AND_DERIVATIVES	Oxalic acid	Oxalic acid	-	R-HSA-71291	C00209	HMDB0002329	RAMP_C_000001542
REACTOME_METABOLISM_OF_AMINO_ACIDS_AND_DERIVATIVES	Oxaloacetic acid	Oxaloacetic acid	-	R-HSA-71291	C00036	HMDB0000223	RAMP_C_000262942
REACTOME_METABOLISM_OF_AMINO_ACIDS_AND_DERIVATIVES	Phe	Phenylalanine	-	R-HSA-71291	C00079	HMDB0000159	RAMP_C_000218749
REACTOME_METABOLISM_OF_AMINO_ACIDS_AND_DERIVATIVES	Phenylpyruvic acid	Phenylpyruvic acid	-	R-HSA-71291	C00166	HMDB0000205	RAMP_C_000216964
REACTOME_METABOLISM_OF_AMINO_ACIDS_AND_DERIVATIVES	Pro	Proline	-	R-HSA-71291	C00148	HMDB0000162	RAMP_C_000218861
REACTOME_METABOLISM_OF_AMINO_ACIDS_AND_DERIVATIVES	Putrescine	Putrescine	-	R-HSA-71291	C00134	HMDB0001414	RAMP_C_000001073
REACTOME_METABOLISM_OF_AMINO_ACIDS_AND_DERIVATIVES	Pyruvic acid	Pyruvic acid	-	R-HSA-71291	C00022	HMDB0000243	RAMP_C_000218028
REACTOME_METABOLISM_OF_AMINO_ACIDS_AND_DERIVATIVES	Sarcosine	Sarcosine	-	R-HSA-71291	C00213	HMDB0000271	RAMP_C_000218658
REACTOME_METABOLISM_OF_AMINO_ACIDS_AND_DERIVATIVES	Ser	Serine	-	R-HSA-71291	C00065	HMDB0000187	RAMP_C_000218440
REACTOME_METABOLISM_OF_AMINO_ACIDS_AND_DERIVATIVES	Serotonin	Serotonin	-	R-HSA-71291	C00780	HMDB0000259	RAMP_C_000000177
REACTOME_METABOLISM_OF_AMINO_ACIDS_AND_DERIVATIVES	Spermidine	Spermidine	-	R-HSA-71291	C00315	HMDB0001257	RAMP_C_000000954
REACTOME_METABOLISM_OF_AMINO_ACIDS_AND_DERIVATIVES	Spermine	Spermine	-	R-HSA-71291	C00750	HMDB0001256	RAMP_C_000218544
REACTOME_METABOLISM_OF_AMINO_ACIDS_AND_DERIVATIVES	Suc	Succinic acid	-	R-HSA-71291	C00042	HMDB0000254	RAMP_C_000218399
REACTOME_METABOLISM_OF_AMINO_ACIDS_AND_DERIVATIVES	Taurine	Taurine	-	R-HSA-71291	C00245	HMDB0000251	RAMP_C_000218584
REACTOME_METABOLISM_OF_AMINO_ACIDS_AND_DERIVATIVES	Thr	Threonine	-	R-HSA-71291	C00188	HMDB0000167	RAMP_C_000218724
REACTOME_METABOLISM_OF_AMINO_ACIDS_AND_DERIVATIVES	Trp	Tryptophan	-	R-HSA-71291	C00078	HMDB0000929	RAMP_C_000218721
REACTOME_METABOLISM_OF_AMINO_ACIDS_AND_DERIVATIVES	Tyr	Tyrosine	-	R-HSA-71291	C00082	HMDB0000158	RAMP_C_000218778
REACTOME_METABOLISM_OF_AMINO_ACIDS_AND_DERIVATIVES	Urea	Urea	-	R-HSA-71291	C00086	HMDB0000294	RAMP_C_000000199
REACTOME_METABOLISM_OF_AMINO_ACIDS_AND_DERIVATIVES	Val	Valine	-	R-HSA-71291	C00183	HMDB0000883	RAMP_C_000218704
REACTOME_METABOLISM_OF_AMINO_ACIDS_AND_DERIVATIVES	a-Ketoglutaric acid	alpha-Ketoglutaric acid	-	R-HSA-71291	C00026	HMDB0000208	RAMP_C_000274401
REACTOME_METABOLISM_OF_AMINO_ACIDS_AND_DERIVATIVES	a-Ketoisovaleric acid	alpha-Ketoisovaleric acid	-	R-HSA-71291	C00141	HMDB0000019	RAMP_C_000000012
REACTOME_METABOLISM_OF_AMINO_ACIDS_AND_DERIVATIVES	alpha-AAA	alpha-Aminoadipic acid	-	R-HSA-71291	C00956	HMDB0000510	RAMP_C_000218812
REACTOME_METABOLISM_OF_AMINO_ACIDS_AND_DERIVATIVES	beta-Ala	beta-Alanine	-	R-HSA-71291	C00099	HMDB0000056	RAMP_C_000218729
REACTOME_METABOLISM_OF_AMINO_ACIDS_AND_DERIVATIVES	t4-OH-Pro	trans-4-Hydroxyproline	-	R-HSA-71291	C01157	HMDB0000725	RAMP_C_000000565
REACTOME_METABOLISM_OF_CARBOHYDRATES	Asp	Aspartic acid	-	R-HSA-71387	C00049	HMDB0000191	RAMP_C_000218398
REACTOME_METABOLISM_OF_CARBOHYDRATES	Citric acid	Citric acid	-	R-HSA-71387	C00158	HMDB0000094	RAMP_C_000218121
REACTOME_METABOLISM_OF_CARBOHYDRATES	FA 2:0	Acetic acid	-	R-HSA-71387	C00033	HMDB0000042	RAMP_C_000218400
REACTOME_METABOLISM_OF_CARBOHYDRATES	Fructose	Fructose	-	R-HSA-71387	C02336	HMDB0000660	RAMP_C_000000509
REACTOME_METABOLISM_OF_CARBOHYDRATES	Glu	Glutamic acid	-	R-HSA-71387	C00025	HMDB0000148	RAMP_C_000218397
REACTOME_METABOLISM_OF_CARBOHYDRATES	Glyceric acid	Glyceric acid	-	R-HSA-71387	C00258	HMDB0000139	RAMP_C_000218080
REACTOME_METABOLISM_OF_CARBOHYDRATES	Malic acid	Malic acid	-	R-HSA-71387	C00149	HMDB0000156	RAMP_C_000218036
REACTOME_METABOLISM_OF_CARBOHYDRATES	Mannose	Mannose	-	R-HSA-71387	C00159	HMDB0000169	RAMP_C_000000110
REACTOME_METABOLISM_OF_CARBOHYDRATES	Oxaloacetic acid	Oxaloacetic acid	-	R-HSA-71387	C00036	HMDB0000223	RAMP_C_000262942
REACTOME_METABOLISM_OF_CARBOHYDRATES	Pyruvic acid	Pyruvic acid	-	R-HSA-71387	C00022	HMDB0000243	RAMP_C_000218028
REACTOME_METABOLISM_OF_CARBOHYDRATES	Ribose	Ribose	-	R-HSA-71387	C00121	HMDB0000283	RAMP_C_000000190
REACTOME_METABOLISM_OF_CARBOHYDRATES	a-Ketoglutaric acid	alpha-Ketoglutaric acid	-	R-HSA-71387	C00026	HMDB0000208	RAMP_C_000274401
REACTOME_METABOLISM_OF_CARBOHYDRATES	cAMP	Adenosine monophosphate, cyclic (cAMP)	-	R-HSA-71387	C00575	HMDB0000058	RAMP_C_000218758
REACTOME_METABOLISM_OF_COFACTORS	4-OH-Benzoic acid	4-Hydroxybenzoic acid	-	R-HSA-8978934	C00156	HMDB0000500	RAMP_C_000000376
REACTOME_METABOLISM_OF_COFACTORS	4-OH-Phenylpyruvic acid	4-Hydroxyphenylpyruvic acid	-	R-HSA-8978934	C01179	HMDB0000707	RAMP_C_000000549
REACTOME_METABOLISM_OF_COFACTORS	AHCys	S-Adenosylhomocysteine	-	R-HSA-8978934	C00021	HMDB0000939	RAMP_C_000218715
REACTOME_METABOLISM_OF_COFACTORS	Citric acid	Citric acid	-	R-HSA-8978934	C00158	HMDB0000094	RAMP_C_000218121
REACTOME_METABOLISM_OF_COFACTORS	Isocitric acid	Isocitric acid	-	R-HSA-8978934	C00311	HMDB0000193	RAMP_C_000217206
REACTOME_METABOLISM_OF_COFACTORS	Phe	Phenylalanine	-	R-HSA-8978934	C00079	HMDB0000159	RAMP_C_000218749
REACTOME_METABOLISM_OF_COFACTORS	a-Ketoglutaric acid	alpha-Ketoglutaric acid	-	R-HSA-8978934	C00026	HMDB0000208	RAMP_C_000274401
REACTOME_METABOLISM_OF_FAT_SOLUBLE_VITAMINS	DG 16:0_16:0	DG 16:0_16:0	-	R-HSA-6806667	C00165	HMDB0007098	RAMP_C_000219428
REACTOME_METABOLISM_OF_FAT_SOLUBLE_VITAMINS	FA 16:0	Palmitic acid	-	R-HSA-6806667	C00249	HMDB0000220	RAMP_C_000219234
REACTOME_METABOLISM_OF_FAT_SOLUBLE_VITAMINS	FA 18:1	Oleic acid	-	R-HSA-6806667	C00712	HMDB0000207	RAMP_C_000218407
REACTOME_METABOLISM_OF_FAT_SOLUBLE_VITAMINS	FA 18:2	Linoleic acid	-	R-HSA-6806667	C01595	HMDB0000673	RAMP_C_000263195
REACTOME_METABOLISM_OF_FOLATE_AND_PTERINES	Folic acid (B9)	Folic acid (B9)	-	R-HSA-196757	C00504	HMDB0000121	RAMP_C_000220612
REACTOME_METABOLISM_OF_FOLATE_AND_PTERINES	Glu	Glutamic acid	-	R-HSA-196757	C00025	HMDB0000148	RAMP_C_000218397
REACTOME_METABOLISM_OF_FOLATE_AND_PTERINES	Gly	Glycine	-	R-HSA-196757	C00037	HMDB0000123	RAMP_C_000000078
REACTOME_METABOLISM_OF_FOLATE_AND_PTERINES	Ser	Serine	-	R-HSA-196757	C00065	HMDB0000187	RAMP_C_000218440
REACTOME_METABOLISM_OF_INGESTED_SEMET_SEC_MESEC_INTO_H2SE	AHCys	S-Adenosylhomocysteine	-	R-HSA-2408508	C00021	HMDB0000939	RAMP_C_000218715
REACTOME_METABOLISM_OF_INGESTED_SEMET_SEC_MESEC_INTO_H2SE	Adenosine	Adenosine	-	R-HSA-2408508	C00212	HMDB0000050	RAMP_C_000000034
REACTOME_METABOLISM_OF_INGESTED_SEMET_SEC_MESEC_INTO_H2SE	Ala	Alanine	-	R-HSA-2408508	C00041	HMDB0000161	RAMP_C_000000104
REACTOME_METABOLISM_OF_INGESTED_SEMET_SEC_MESEC_INTO_H2SE	Gly	Glycine	-	R-HSA-2408508	C00037	HMDB0000123	RAMP_C_000000078
REACTOME_METABOLISM_OF_INGESTED_SEMET_SEC_MESEC_INTO_H2SE	Histamine	Histamine	-	R-HSA-2408508	C00388	HMDB0000870	RAMP_C_000000678
REACTOME_METABOLISM_OF_INGESTED_SEMET_SEC_MESEC_INTO_H2SE	Nicotinamide (B3)	Nicotinamide (B3)	-	R-HSA-2408508	C00153	HMDB0001406	RAMP_C_000001067
REACTOME_METABOLISM_OF_INGESTED_SEMET_SEC_MESEC_INTO_H2SE	Pyruvic acid	Pyruvic acid	-	R-HSA-2408508	C00022	HMDB0000243	RAMP_C_000218028
REACTOME_METABOLISM_OF_INGESTED_SEMET_SEC_MESEC_INTO_H2SE	Sarcosine	Sarcosine	-	R-HSA-2408508	C00213	HMDB0000271	RAMP_C_000218658
REACTOME_METABOLISM_OF_INGESTED_SEMET_SEC_MESEC_INTO_H2SE	Ser	Serine	-	R-HSA-2408508	C00065	HMDB0000187	RAMP_C_000218440
REACTOME_METABOLISM_OF_LIPIDS	2-OH-Benzoic acid	2-Hydroxybenzoic acid	-	R-HSA-556833	C00805	HMDB0001895	RAMP_C_000001242
REACTOME_METABOLISM_OF_LIPIDS	3-OH-Butyric acid	3-Hydroxybutyric acid	-	R-HSA-556833	C01089	HMDB0000011	RAMP_C_000218499
REACTOME_METABOLISM_OF_LIPIDS	AHCys	S-Adenosylhomocysteine	-	R-HSA-556833	C00021	HMDB0000939	RAMP_C_000218715
REACTOME_METABOLISM_OF_LIPIDS	C0	Carnitine	-	R-HSA-556833	C00318	HMDB0000062	RAMP_C_000274496
REACTOME_METABOLISM_OF_LIPIDS	C16	Hexadecanoylcarnitine	-	R-HSA-556833	C02990	HMDB0000222	RAMP_C_000000146
REACTOME_METABOLISM_OF_LIPIDS	C2	Acetylcarnitine	-	R-HSA-556833	C02571	HMDB0000201	RAMP_C_000218051
REACTOME_METABOLISM_OF_LIPIDS	C3	Propionylcarnitine	-	R-HSA-556833	C03017	HMDB0000824	RAMP_C_000000645
REACTOME_METABOLISM_OF_LIPIDS	CA	Cholic acid	-	R-HSA-556833	C00695	HMDB0000505	RAMP_C_000218390
REACTOME_METABOLISM_OF_LIPIDS	CDCA	Chenodeoxycholic acid	-	R-HSA-556833	C02528	HMDB0000518	RAMP_C_000000390
REACTOME_METABOLISM_OF_LIPIDS	Choline	Choline	-	R-HSA-556833	C00114	HMDB0000097	RAMP_C_000000065
REACTOME_METABOLISM_OF_LIPIDS	Citric acid	Citric acid	-	R-HSA-556833	C00158	HMDB0000094	RAMP_C_000218121
REACTOME_METABOLISM_OF_LIPIDS	Cortisol	Cortisol	-	R-HSA-556833	C00735	HMDB0000063	RAMP_C_000000045
REACTOME_METABOLISM_OF_LIPIDS	Cortisone	Cortisone	-	R-HSA-556833	C00762	HMDB0002802	RAMP_C_000001680
REACTOME_METABOLISM_OF_LIPIDS	DCA	Deoxycholic acid	-	R-HSA-556833	C04483	HMDB0000626	RAMP_C_000263082
REACTOME_METABOLISM_OF_LIPIDS	FA 10:0	Capric acid	-	R-HSA-556833	C01571	HMDB0000511	RAMP_C_000218305
REACTOME_METABOLISM_OF_LIPIDS	FA 16:0	Palmitic acid	-	R-HSA-556833	C00249	HMDB0000220	RAMP_C_000219234
REACTOME_METABOLISM_OF_LIPIDS	FA 18:2	Linoleic acid	-	R-HSA-556833	C01595	HMDB0000673	RAMP_C_000263195
REACTOME_METABOLISM_OF_LIPIDS	FA 20:4n-6 (AA)	Arachidonic acid (AA; omega6)	-	R-HSA-556833	C00219	HMDB0001043	RAMP_C_000000804
REACTOME_METABOLISM_OF_LIPIDS	FA 20:5n-3 (EPA)	Eicosapentaenoic acid (EPA; omega3)	-	R-HSA-556833	C06428	HMDB0001999	RAMP_C_000001315
REACTOME_METABOLISM_OF_LIPIDS	FA 22:5n-3 (DPA)	Docosapentaenoic acid (DPA, omega3)	-	R-HSA-556833	C16513	HMDB0006528	RAMP_C_000219179
REACTOME_METABOLISM_OF_LIPIDS	FA 22:6n-3 (DHA)	Docosahexaenoic acid (DHA; omega3)	-	R-HSA-556833	C06429	HMDB0002183	RAMP_C_000001447
REACTOME_METABOLISM_OF_LIPIDS	FA 2:0	Acetic acid	-	R-HSA-556833	C00033	HMDB0000042	RAMP_C_000218400
REACTOME_METABOLISM_OF_LIPIDS	FA 4:0	Butyric acid	-	R-HSA-556833	C00246	HMDB0000039	RAMP_C_000000028
REACTOME_METABOLISM_OF_LIPIDS	GCA	Glycocholic acid	-	R-HSA-556833	C01921	HMDB0000138	RAMP_C_000000089
REACTOME_METABOLISM_OF_LIPIDS	GCDCA	Glycochenodeoxycholic acid	-	R-HSA-556833	C05462	HMDB0000637	RAMP_C_000002951
REACTOME_METABOLISM_OF_LIPIDS	Glu	Glutamic acid	-	R-HSA-556833	C00025	HMDB0000148	RAMP_C_000218397
REACTOME_METABOLISM_OF_LIPIDS	Gly	Glycine	-	R-HSA-556833	C00037	HMDB0000123	RAMP_C_000000078
REACTOME_METABOLISM_OF_LIPIDS	LCA	Lithocholic acid	-	R-HSA-556833	C03990	HMDB0000381	RAMP_C_000000277
REACTOME_METABOLISM_OF_LIPIDS	LPA 14:0	LPA 14:0	-	R-HSA-556833		HMDB0062321	RAMP_C_000041671
REACTOME_METABOLISM_OF_LIPIDS	Mevalonic acid	Mevalonic acid	-	R-HSA-556833	C00418	HMDB0000227	RAMP_C_000218492
REACTOME_METABOLISM_OF_LIPIDS	Oxaloacetic acid	Oxaloacetic acid	-	R-HSA-556833	C00036	HMDB0000223	RAMP_C_000262942
REACTOME_METABOLISM_OF_LIPIDS	PE 34:2	PE 34:2	-	R-HSA-556833		HMDB0009056	RAMP_C_000005052
REACTOME_METABOLISM_OF_LIPIDS	PE 36:2	PE 36:2	-	R-HSA-556833		HMDB0005347	RAMP_C_000005055
REACTOME_METABOLISM_OF_LIPIDS	PS 32:0	PS 32:0	-	R-HSA-556833	C02737	HMDB0000614	RAMP_C_000217830
REACTOME_METABOLISM_OF_LIPIDS	Ser	Serine	-	R-HSA-556833	C00065	HMDB0000187	RAMP_C_000218440
REACTOME_METABOLISM_OF_LIPIDS	Suc	Succinic acid	-	R-HSA-556833	C00042	HMDB0000254	RAMP_C_000218399
REACTOME_METABOLISM_OF_LIPIDS	TCDCA	Taurochenodeoxycholic acid	-	R-HSA-556833	C05465	HMDB0000951	RAMP_C_000219362
REACTOME_METABOLISM_OF_LIPIDS	Taurine	Taurine	-	R-HSA-556833	C00245	HMDB0000251	RAMP_C_000218584
REACTOME_METABOLISM_OF_LIPIDS	a-Ketoglutaric acid	alpha-Ketoglutaric acid	-	R-HSA-556833	C00026	HMDB0000208	RAMP_C_000274401
REACTOME_METABOLISM_OF_NUCLEOTIDES	Adenine	Adenine	-	R-HSA-15869	C00147	HMDB0000034	RAMP_C_000000024
REACTOME_METABOLISM_OF_NUCLEOTIDES	Adenosine	Adenosine	-	R-HSA-15869	C00212	HMDB0000050	RAMP_C_000000034
REACTOME_METABOLISM_OF_NUCLEOTIDES	Ala	Alanine	-	R-HSA-15869	C00041	HMDB0000161	RAMP_C_000000104
REACTOME_METABOLISM_OF_NUCLEOTIDES	Asp	Aspartic acid	-	R-HSA-15869	C00049	HMDB0000191	RAMP_C_000218398
REACTOME_METABOLISM_OF_NUCLEOTIDES	Carbamoyl-PO4	Carbamoylphosphate	-	R-HSA-15869	C00169	HMDB0001096	RAMP_C_000218766
REACTOME_METABOLISM_OF_NUCLEOTIDES	Cytidine	Cytidine	-	R-HSA-15869	C00475	HMDB0000089	RAMP_C_000000061
REACTOME_METABOLISM_OF_NUCLEOTIDES	Deoxycytidine	Deoxycytidine	-	R-HSA-15869	C00881	HMDB0000014	RAMP_C_000000008
REACTOME_METABOLISM_OF_NUCLEOTIDES	Deoxyguanosine	Deoxyguanosine	-	R-HSA-15869	C00330	HMDB0000085	RAMP_C_000000058
REACTOME_METABOLISM_OF_NUCLEOTIDES	Fumaric acid	Fumaric acid	-	R-HSA-15869	C00122	HMDB0000134	RAMP_C_000218394
REACTOME_METABOLISM_OF_NUCLEOTIDES	Gln	Glutamine	-	R-HSA-15869	C00064	HMDB0000641	RAMP_C_000218784
REACTOME_METABOLISM_OF_NUCLEOTIDES	Glu	Glutamic acid	-	R-HSA-15869	C00025	HMDB0000148	RAMP_C_000218397
REACTOME_METABOLISM_OF_NUCLEOTIDES	Gly	Glycine	-	R-HSA-15869	C00037	HMDB0000123	RAMP_C_000000078
REACTOME_METABOLISM_OF_NUCLEOTIDES	Guanine	Guanine	-	R-HSA-15869	C00242	HMDB0000132	RAMP_C_000000086
REACTOME_METABOLISM_OF_NUCLEOTIDES	Guanosine	Guanosine	-	R-HSA-15869	C00387	HMDB0000133	RAMP_C_000000087
REACTOME_METABOLISM_OF_NUCLEOTIDES	Hypoxanthine	Hypoxanthine	-	R-HSA-15869	C00262	HMDB0000157	RAMP_C_000000101
REACTOME_METABOLISM_OF_NUCLEOTIDES	Inosine	Inosine	-	R-HSA-15869	C00294	HMDB0000195	RAMP_C_000000126
REACTOME_METABOLISM_OF_NUCLEOTIDES	Orotic acid	Orotic acid	-	R-HSA-15869	C00295	HMDB0000226	RAMP_C_000000150
REACTOME_METABOLISM_OF_NUCLEOTIDES	Pyruvic acid	Pyruvic acid	-	R-HSA-15869	C00022	HMDB0000243	RAMP_C_000218028
REACTOME_METABOLISM_OF_NUCLEOTIDES	Thymidine	Thymidine	-	R-HSA-15869	C00214	HMDB0000273	RAMP_C_000000186
REACTOME_METABOLISM_OF_NUCLEOTIDES	Thymine	Thymine	-	R-HSA-15869	C00178	HMDB0000262	RAMP_C_000000178
REACTOME_METABOLISM_OF_NUCLEOTIDES	Uracil	Uracil	-	R-HSA-15869	C00106	HMDB0000300	RAMP_C_000000203
REACTOME_METABOLISM_OF_NUCLEOTIDES	Uric acid	Uric acid	-	R-HSA-15869	C00366	HMDB0000289	RAMP_C_000000194
REACTOME_METABOLISM_OF_NUCLEOTIDES	Uridine	Uridine	-	R-HSA-15869	C00299	HMDB0000296	RAMP_C_000000201
REACTOME_METABOLISM_OF_NUCLEOTIDES	Xanthine	Xanthine	-	R-HSA-15869	C00385	HMDB0000292	RAMP_C_000000197
REACTOME_METABOLISM_OF_NUCLEOTIDES	beta-Ala	beta-Alanine	-	R-HSA-15869	C00099	HMDB0000056	RAMP_C_000218729
REACTOME_METABOLISM_OF_POLYAMINES	Agmatine	Agmatine	-	R-HSA-351202	C00179	HMDB0001432	RAMP_C_000001088
REACTOME_METABOLISM_OF_POLYAMINES	Arg	Arginine	-	R-HSA-351202	C00062	HMDB0000517	RAMP_C_000042003
REACTOME_METABOLISM_OF_POLYAMINES	N1-Ac-Spermidine	N1-Acetylspermidine	-	R-HSA-351202	C00612	HMDB0001276	RAMP_C_000262968
REACTOME_METABOLISM_OF_POLYAMINES	N1-Ac-Spermine	N1-Acetylspermine	-	R-HSA-351202	C02567	HMDB0001186	RAMP_C_000041921
REACTOME_METABOLISM_OF_POLYAMINES	Orn	Ornithine	-	R-HSA-351202	C00077	HMDB0000214	RAMP_C_000218554
REACTOME_METABOLISM_OF_POLYAMINES	Putrescine	Putrescine	-	R-HSA-351202	C00134	HMDB0001414	RAMP_C_000001073
REACTOME_METABOLISM_OF_POLYAMINES	Spermidine	Spermidine	-	R-HSA-351202	C00315	HMDB0001257	RAMP_C_000000954
REACTOME_METABOLISM_OF_POLYAMINES	Spermine	Spermine	-	R-HSA-351202	C00750	HMDB0001256	RAMP_C_000218544
REACTOME_METABOLISM_OF_POLYAMINES	Urea	Urea	-	R-HSA-351202	C00086	HMDB0000294	RAMP_C_000000199
REACTOME_METABOLISM_OF_PROTEINS	AHCys	S-Adenosylhomocysteine	-	R-HSA-392499	C00021	HMDB0000939	RAMP_C_000218715
REACTOME_METABOLISM_OF_PROTEINS	Adenosine	Adenosine	-	R-HSA-392499	C00212	HMDB0000050	RAMP_C_000000034
REACTOME_METABOLISM_OF_PROTEINS	Ala	Alanine	-	R-HSA-392499	C00041	HMDB0000161	RAMP_C_000000104
REACTOME_METABOLISM_OF_PROTEINS	Arg	Arginine	-	R-HSA-392499	C00062	HMDB0000517	RAMP_C_000042003
REACTOME_METABOLISM_OF_PROTEINS	Asn	Asparagine	-	R-HSA-392499	C00152	HMDB0000168	RAMP_C_000218742
REACTOME_METABOLISM_OF_PROTEINS	Asp	Aspartic acid	-	R-HSA-392499	C00049	HMDB0000191	RAMP_C_000218398
REACTOME_METABOLISM_OF_PROTEINS	CA	Cholic acid	-	R-HSA-392499	C00695	HMDB0000505	RAMP_C_000218390
REACTOME_METABOLISM_OF_PROTEINS	CDCA	Chenodeoxycholic acid	-	R-HSA-392499	C02528	HMDB0000518	RAMP_C_000000390
REACTOME_METABOLISM_OF_PROTEINS	Cortisol	Cortisol	-	R-HSA-392499	C00735	HMDB0000063	RAMP_C_000000045
REACTOME_METABOLISM_OF_PROTEINS	Cys	Cysteine	-	R-HSA-392499	C00097	HMDB0000574	RAMP_C_000218469
REACTOME_METABOLISM_OF_PROTEINS	Epinephrine	Epinephrine	-	R-HSA-392499	C00788	HMDB0000068	RAMP_C_000000048
REACTOME_METABOLISM_OF_PROTEINS	FA 10:0	Capric acid	-	R-HSA-392499	C01571	HMDB0000511	RAMP_C_000218305
REACTOME_METABOLISM_OF_PROTEINS	FA 12:0	Lauric acid	-	R-HSA-392499	C02679	HMDB0000638	RAMP_C_000264780
REACTOME_METABOLISM_OF_PROTEINS	FA 14:0	Myristic acid	-	R-HSA-392499	C06424	HMDB0000806	RAMP_C_000264781
REACTOME_METABOLISM_OF_PROTEINS	FA 15:0	Pentadecanoic acid	-	R-HSA-392499	C16537	HMDB0000826	RAMP_C_000000647
REACTOME_METABOLISM_OF_PROTEINS	FA 16:0	Palmitic acid	-	R-HSA-392499	C00249	HMDB0000220	RAMP_C_000219234
REACTOME_METABOLISM_OF_PROTEINS	FA 16:1	Palmitoleic acid	-	R-HSA-392499	C08362	HMDB0003229	RAMP_C_000001779
REACTOME_METABOLISM_OF_PROTEINS	FA 18:1	Oleic acid	-	R-HSA-392499	C00712	HMDB0000207	RAMP_C_000218407
REACTOME_METABOLISM_OF_PROTEINS	FA 20:3n-6	Dihomo-gamma-linolenic acid (omega6)	-	R-HSA-392499	C03242	HMDB0002925	RAMP_C_000266357
REACTOME_METABOLISM_OF_PROTEINS	FA 20:5n-3 (EPA)	Eicosapentaenoic acid (EPA; omega3)	-	R-HSA-392499	C06428	HMDB0001999	RAMP_C_000001315
REACTOME_METABOLISM_OF_PROTEINS	FA 22:5n-3 (DPA)	Docosapentaenoic acid (DPA, omega3)	-	R-HSA-392499	C16513	HMDB0006528	RAMP_C_000219179
REACTOME_METABOLISM_OF_PROTEINS	FA 22:6n-3 (DHA)	Docosahexaenoic acid (DHA; omega3)	-	R-HSA-392499	C06429	HMDB0002183	RAMP_C_000001447
REACTOME_METABOLISM_OF_PROTEINS	FA 2:0	Acetic acid	-	R-HSA-392499	C00033	HMDB0000042	RAMP_C_000218400
REACTOME_METABOLISM_OF_PROTEINS	FA 8:0	Caprylic acid	-	R-HSA-392499	C06423	HMDB0000482	RAMP_C_000217324
REACTOME_METABOLISM_OF_PROTEINS	Gln	Glutamine	-	R-HSA-392499	C00064	HMDB0000641	RAMP_C_000218784
REACTOME_METABOLISM_OF_PROTEINS	Glu	Glutamic acid	-	R-HSA-392499	C00025	HMDB0000148	RAMP_C_000218397
REACTOME_METABOLISM_OF_PROTEINS	Gly	Glycine	-	R-HSA-392499	C00037	HMDB0000123	RAMP_C_000000078
REACTOME_METABOLISM_OF_PROTEINS	His	Histidine	-	R-HSA-392499	C00135	HMDB0000177	RAMP_C_000218426
REACTOME_METABOLISM_OF_PROTEINS	Ile	Isoleucine	-	R-HSA-392499	C00407	HMDB0000172	RAMP_C_000218741
REACTOME_METABOLISM_OF_PROTEINS	Inosine	Inosine	-	R-HSA-392499	C00294	HMDB0000195	RAMP_C_000000126
REACTOME_METABOLISM_OF_PROTEINS	Leu	Leucine	-	R-HSA-392499	C00123	HMDB0000687	RAMP_C_000000532
REACTOME_METABOLISM_OF_PROTEINS	Lys	Lysine	-	R-HSA-392499	C00047	HMDB0000182	RAMP_C_000000117
REACTOME_METABOLISM_OF_PROTEINS	Mannose	Mannose	-	R-HSA-392499	C00159	HMDB0000169	RAMP_C_000000110
REACTOME_METABOLISM_OF_PROTEINS	Met	Methionine	-	R-HSA-392499	C00073	HMDB0000696	RAMP_C_000218711
REACTOME_METABOLISM_OF_PROTEINS	Met-SO	Methionine sulfoxide	-	R-HSA-392499	C02989	HMDB0002005	RAMP_C_000001320
REACTOME_METABOLISM_OF_PROTEINS	N-Met-Asp	N-Methylaspartic acid	-	R-HSA-392499	C12269	HMDB0002393	RAMP_C_000001590
REACTOME_METABOLISM_OF_PROTEINS	Norepinephrine	Norepinephrine	-	R-HSA-392499	C00547	HMDB0000216	RAMP_C_000219112
REACTOME_METABOLISM_OF_PROTEINS	Phe	Phenylalanine	-	R-HSA-392499	C00079	HMDB0000159	RAMP_C_000218749
REACTOME_METABOLISM_OF_PROTEINS	Pro	Proline	-	R-HSA-392499	C00148	HMDB0000162	RAMP_C_000218861
REACTOME_METABOLISM_OF_PROTEINS	Pyruvic acid	Pyruvic acid	-	R-HSA-392499	C00022	HMDB0000243	RAMP_C_000218028
REACTOME_METABOLISM_OF_PROTEINS	Ser	Serine	-	R-HSA-392499	C00065	HMDB0000187	RAMP_C_000218440
REACTOME_METABOLISM_OF_PROTEINS	Spermidine	Spermidine	-	R-HSA-392499	C00315	HMDB0001257	RAMP_C_000000954
REACTOME_METABOLISM_OF_PROTEINS	Suc	Succinic acid	-	R-HSA-392499	C00042	HMDB0000254	RAMP_C_000218399
REACTOME_METABOLISM_OF_PROTEINS	Thr	Threonine	-	R-HSA-392499	C00188	HMDB0000167	RAMP_C_000218724
REACTOME_METABOLISM_OF_PROTEINS	Trp	Tryptophan	-	R-HSA-392499	C00078	HMDB0000929	RAMP_C_000218721
REACTOME_METABOLISM_OF_PROTEINS	Tyr	Tyrosine	-	R-HSA-392499	C00082	HMDB0000158	RAMP_C_000218778
REACTOME_METABOLISM_OF_PROTEINS	Val	Valine	-	R-HSA-392499	C00183	HMDB0000883	RAMP_C_000218704
REACTOME_METABOLISM_OF_PROTEINS	a-Ketoglutaric acid	alpha-Ketoglutaric acid	-	R-HSA-392499	C00026	HMDB0000208	RAMP_C_000274401
REACTOME_METABOLISM_OF_RNA	AHCys	S-Adenosylhomocysteine	-	R-HSA-8953854	C00021	HMDB0000939	RAMP_C_000218715
REACTOME_METABOLISM_OF_RNA	Cys	Cysteine	-	R-HSA-8953854	C00097	HMDB0000574	RAMP_C_000218469
REACTOME_METABOLISM_OF_RNA	Guanine	Guanine	-	R-HSA-8953854	C00242	HMDB0000132	RAMP_C_000000086
REACTOME_METABOLISM_OF_RNA	Met	Methionine	-	R-HSA-8953854	C00073	HMDB0000696	RAMP_C_000218711
REACTOME_METABOLISM_OF_RNA	Pyruvic acid	Pyruvic acid	-	R-HSA-8953854	C00022	HMDB0000243	RAMP_C_000218028
REACTOME_METABOLISM_OF_RNA	Suc	Succinic acid	-	R-HSA-8953854	C00042	HMDB0000254	RAMP_C_000218399
REACTOME_METABOLISM_OF_RNA	a-Ketoglutaric acid	alpha-Ketoglutaric acid	-	R-HSA-8953854	C00026	HMDB0000208	RAMP_C_000274401
REACTOME_METABOLISM_OF_STEROIDS	CA	Cholic acid	-	R-HSA-8957322	C00695	HMDB0000505	RAMP_C_000218390
REACTOME_METABOLISM_OF_STEROIDS	CDCA	Chenodeoxycholic acid	-	R-HSA-8957322	C02528	HMDB0000518	RAMP_C_000000390
REACTOME_METABOLISM_OF_STEROIDS	Cortisol	Cortisol	-	R-HSA-8957322	C00735	HMDB0000063	RAMP_C_000000045
REACTOME_METABOLISM_OF_STEROIDS	Cortisone	Cortisone	-	R-HSA-8957322	C00762	HMDB0002802	RAMP_C_000001680
REACTOME_METABOLISM_OF_STEROIDS	DCA	Deoxycholic acid	-	R-HSA-8957322	C04483	HMDB0000626	RAMP_C_000263082
REACTOME_METABOLISM_OF_STEROIDS	FA 16:0	Palmitic acid	-	R-HSA-8957322	C00249	HMDB0000220	RAMP_C_000219234
REACTOME_METABOLISM_OF_STEROIDS	FA 18:2	Linoleic acid	-	R-HSA-8957322	C01595	HMDB0000673	RAMP_C_000263195
REACTOME_METABOLISM_OF_STEROIDS	FA 20:4n-6 (AA)	Arachidonic acid (AA; omega6)	-	R-HSA-8957322	C00219	HMDB0001043	RAMP_C_000000804
REACTOME_METABOLISM_OF_STEROIDS	FA 20:5n-3 (EPA)	Eicosapentaenoic acid (EPA; omega3)	-	R-HSA-8957322	C06428	HMDB0001999	RAMP_C_000001315
REACTOME_METABOLISM_OF_STEROIDS	GCA	Glycocholic acid	-	R-HSA-8957322	C01921	HMDB0000138	RAMP_C_000000089
REACTOME_METABOLISM_OF_STEROIDS	GCDCA	Glycochenodeoxycholic acid	-	R-HSA-8957322	C05462	HMDB0000637	RAMP_C_000002951
REACTOME_METABOLISM_OF_STEROIDS	Gly	Glycine	-	R-HSA-8957322	C00037	HMDB0000123	RAMP_C_000000078
REACTOME_METABOLISM_OF_STEROIDS	LCA	Lithocholic acid	-	R-HSA-8957322	C03990	HMDB0000381	RAMP_C_000000277
REACTOME_METABOLISM_OF_STEROIDS	Mevalonic acid	Mevalonic acid	-	R-HSA-8957322	C00418	HMDB0000227	RAMP_C_000218492
REACTOME_METABOLISM_OF_STEROIDS	TCDCA	Taurochenodeoxycholic acid	-	R-HSA-8957322	C05465	HMDB0000951	RAMP_C_000219362
REACTOME_METABOLISM_OF_STEROIDS	Taurine	Taurine	-	R-HSA-8957322	C00245	HMDB0000251	RAMP_C_000218584
REACTOME_METABOLISM_OF_VITAMINS_AND_COFACTORS	4-OH-Benzoic acid	4-Hydroxybenzoic acid	-	R-HSA-196854	C00156	HMDB0000500	RAMP_C_000000376
REACTOME_METABOLISM_OF_VITAMINS_AND_COFACTORS	4-OH-Phenylpyruvic acid	4-Hydroxyphenylpyruvic acid	-	R-HSA-196854	C01179	HMDB0000707	RAMP_C_000000549
REACTOME_METABOLISM_OF_VITAMINS_AND_COFACTORS	AHCys	S-Adenosylhomocysteine	-	R-HSA-196854	C00021	HMDB0000939	RAMP_C_000218715
REACTOME_METABOLISM_OF_VITAMINS_AND_COFACTORS	Ala	Alanine	-	R-HSA-196854	C00041	HMDB0000161	RAMP_C_000000104
REACTOME_METABOLISM_OF_VITAMINS_AND_COFACTORS	Biotin (B7)	Biotin (B7)	-	R-HSA-196854	C00120	HMDB0000030	RAMP_C_000261993
REACTOME_METABOLISM_OF_VITAMINS_AND_COFACTORS	Citric acid	Citric acid	-	R-HSA-196854	C00158	HMDB0000094	RAMP_C_000218121
REACTOME_METABOLISM_OF_VITAMINS_AND_COFACTORS	Cys	Cysteine	-	R-HSA-196854	C00097	HMDB0000574	RAMP_C_000218469
REACTOME_METABOLISM_OF_VITAMINS_AND_COFACTORS	DG 16:0_16:0	DG 16:0_16:0	-	R-HSA-196854	C00165	HMDB0007098	RAMP_C_000219428
REACTOME_METABOLISM_OF_VITAMINS_AND_COFACTORS	FA 16:0	Palmitic acid	-	R-HSA-196854	C00249	HMDB0000220	RAMP_C_000219234
REACTOME_METABOLISM_OF_VITAMINS_AND_COFACTORS	FA 18:1	Oleic acid	-	R-HSA-196854	C00712	HMDB0000207	RAMP_C_000218407
REACTOME_METABOLISM_OF_VITAMINS_AND_COFACTORS	FA 18:2	Linoleic acid	-	R-HSA-196854	C01595	HMDB0000673	RAMP_C_000263195
REACTOME_METABOLISM_OF_VITAMINS_AND_COFACTORS	FA 2:0	Acetic acid	-	R-HSA-196854	C00033	HMDB0000042	RAMP_C_000218400
REACTOME_METABOLISM_OF_VITAMINS_AND_COFACTORS	FA 3:0	Propanoic acid	-	R-HSA-196854	C00163	HMDB0000237	RAMP_C_000220356
REACTOME_METABOLISM_OF_VITAMINS_AND_COFACTORS	FA 4:0	Butyric acid	-	R-HSA-196854	C00246	HMDB0000039	RAMP_C_000000028
REACTOME_METABOLISM_OF_VITAMINS_AND_COFACTORS	Folic acid (B9)	Folic acid (B9)	-	R-HSA-196854	C00504	HMDB0000121	RAMP_C_000220612
REACTOME_METABOLISM_OF_VITAMINS_AND_COFACTORS	Gln	Glutamine	-	R-HSA-196854	C00064	HMDB0000641	RAMP_C_000218784
REACTOME_METABOLISM_OF_VITAMINS_AND_COFACTORS	Glu	Glutamic acid	-	R-HSA-196854	C00025	HMDB0000148	RAMP_C_000218397
REACTOME_METABOLISM_OF_VITAMINS_AND_COFACTORS	Gly	Glycine	-	R-HSA-196854	C00037	HMDB0000123	RAMP_C_000000078
REACTOME_METABOLISM_OF_VITAMINS_AND_COFACTORS	HCys	Homocysteine	-	R-HSA-196854	C00155	HMDB0000165	RAMP_C_000218762
REACTOME_METABOLISM_OF_VITAMINS_AND_COFACTORS	Isocitric acid	Isocitric acid	-	R-HSA-196854	C00311	HMDB0000193	RAMP_C_000217206
REACTOME_METABOLISM_OF_VITAMINS_AND_COFACTORS	Lac	Lactic acid	-	R-HSA-196854	C00186	HMDB0000190	RAMP_C_000218078
REACTOME_METABOLISM_OF_VITAMINS_AND_COFACTORS	Lys	Lysine	-	R-HSA-196854	C00047	HMDB0000182	RAMP_C_000000117
REACTOME_METABOLISM_OF_VITAMINS_AND_COFACTORS	Met	Methionine	-	R-HSA-196854	C00073	HMDB0000696	RAMP_C_000218711
REACTOME_METABOLISM_OF_VITAMINS_AND_COFACTORS	Nicotinamide (B3)	Nicotinamide (B3)	-	R-HSA-196854	C00153	HMDB0001406	RAMP_C_000001067
REACTOME_METABOLISM_OF_VITAMINS_AND_COFACTORS	Nicotinic acid (B3)	Nicotinic acid (B3)	-	R-HSA-196854	C00253	HMDB0001488	RAMP_C_000218427
REACTOME_METABOLISM_OF_VITAMINS_AND_COFACTORS	Oxalic acid	Oxalic acid	-	R-HSA-196854	C00209	HMDB0002329	RAMP_C_000001542
REACTOME_METABOLISM_OF_VITAMINS_AND_COFACTORS	PMP	Pyridoxamine 5'-phosphate	-	R-HSA-196854	C00647	HMDB0001555	RAMP_C_000220901
REACTOME_METABOLISM_OF_VITAMINS_AND_COFACTORS	Pantothenic acid (B5)	Pantothenic acid (B5)	-	R-HSA-196854	C00864	HMDB0000210	RAMP_C_000218339
REACTOME_METABOLISM_OF_VITAMINS_AND_COFACTORS	Phe	Phenylalanine	-	R-HSA-196854	C00079	HMDB0000159	RAMP_C_000218749
REACTOME_METABOLISM_OF_VITAMINS_AND_COFACTORS	Pyridoxine (B6)	Pyridoxine (B6)	-	R-HSA-196854	C00314	HMDB0000239	RAMP_C_000000160
REACTOME_METABOLISM_OF_VITAMINS_AND_COFACTORS	Pyruvic acid	Pyruvic acid	-	R-HSA-196854	C00022	HMDB0000243	RAMP_C_000218028
REACTOME_METABOLISM_OF_VITAMINS_AND_COFACTORS	Quinolinic acid	Quinolinic acid	-	R-HSA-196854	C03722	HMDB0000232	RAMP_C_000000155
REACTOME_METABOLISM_OF_VITAMINS_AND_COFACTORS	Riboflavin (B2)	Riboflavin (B2)	-	R-HSA-196854	C00255	HMDB0000244	RAMP_C_000000164
REACTOME_METABOLISM_OF_VITAMINS_AND_COFACTORS	Ser	Serine	-	R-HSA-196854	C00065	HMDB0000187	RAMP_C_000218440
REACTOME_METABOLISM_OF_VITAMINS_AND_COFACTORS	Threonic acid	Threonic acid	-	R-HSA-196854	C01620	HMDB0000943	RAMP_C_000268373
REACTOME_METABOLISM_OF_VITAMINS_AND_COFACTORS	a-Ketoglutaric acid	alpha-Ketoglutaric acid	-	R-HSA-196854	C00026	HMDB0000208	RAMP_C_000274401
REACTOME_METABOLISM_OF_WATER_SOLUBLE_VITAMINS_AND_COFACTORS	AHCys	S-Adenosylhomocysteine	-	R-HSA-196849	C00021	HMDB0000939	RAMP_C_000218715
REACTOME_METABOLISM_OF_WATER_SOLUBLE_VITAMINS_AND_COFACTORS	Ala	Alanine	-	R-HSA-196849	C00041	HMDB0000161	RAMP_C_000000104
REACTOME_METABOLISM_OF_WATER_SOLUBLE_VITAMINS_AND_COFACTORS	Biotin (B7)	Biotin (B7)	-	R-HSA-196849	C00120	HMDB0000030	RAMP_C_000261993
REACTOME_METABOLISM_OF_WATER_SOLUBLE_VITAMINS_AND_COFACTORS	Cys	Cysteine	-	R-HSA-196849	C00097	HMDB0000574	RAMP_C_000218469
REACTOME_METABOLISM_OF_WATER_SOLUBLE_VITAMINS_AND_COFACTORS	FA 2:0	Acetic acid	-	R-HSA-196849	C00033	HMDB0000042	RAMP_C_000218400
REACTOME_METABOLISM_OF_WATER_SOLUBLE_VITAMINS_AND_COFACTORS	FA 3:0	Propanoic acid	-	R-HSA-196849	C00163	HMDB0000237	RAMP_C_000220356
REACTOME_METABOLISM_OF_WATER_SOLUBLE_VITAMINS_AND_COFACTORS	FA 4:0	Butyric acid	-	R-HSA-196849	C00246	HMDB0000039	RAMP_C_000000028
REACTOME_METABOLISM_OF_WATER_SOLUBLE_VITAMINS_AND_COFACTORS	Folic acid (B9)	Folic acid (B9)	-	R-HSA-196849	C00504	HMDB0000121	RAMP_C_000220612
REACTOME_METABOLISM_OF_WATER_SOLUBLE_VITAMINS_AND_COFACTORS	Gln	Glutamine	-	R-HSA-196849	C00064	HMDB0000641	RAMP_C_000218784
REACTOME_METABOLISM_OF_WATER_SOLUBLE_VITAMINS_AND_COFACTORS	Glu	Glutamic acid	-	R-HSA-196849	C00025	HMDB0000148	RAMP_C_000218397
REACTOME_METABOLISM_OF_WATER_SOLUBLE_VITAMINS_AND_COFACTORS	Gly	Glycine	-	R-HSA-196849	C00037	HMDB0000123	RAMP_C_000000078
REACTOME_METABOLISM_OF_WATER_SOLUBLE_VITAMINS_AND_COFACTORS	HCys	Homocysteine	-	R-HSA-196849	C00155	HMDB0000165	RAMP_C_000218762
REACTOME_METABOLISM_OF_WATER_SOLUBLE_VITAMINS_AND_COFACTORS	Lac	Lactic acid	-	R-HSA-196849	C00186	HMDB0000190	RAMP_C_000218078
REACTOME_METABOLISM_OF_WATER_SOLUBLE_VITAMINS_AND_COFACTORS	Lys	Lysine	-	R-HSA-196849	C00047	HMDB0000182	RAMP_C_000000117
REACTOME_METABOLISM_OF_WATER_SOLUBLE_VITAMINS_AND_COFACTORS	Met	Methionine	-	R-HSA-196849	C00073	HMDB0000696	RAMP_C_000218711
REACTOME_METABOLISM_OF_WATER_SOLUBLE_VITAMINS_AND_COFACTORS	Nicotinamide (B3)	Nicotinamide (B3)	-	R-HSA-196849	C00153	HMDB0001406	RAMP_C_000001067
REACTOME_METABOLISM_OF_WATER_SOLUBLE_VITAMINS_AND_COFACTORS	Nicotinic acid (B3)	Nicotinic acid (B3)	-	R-HSA-196849	C00253	HMDB0001488	RAMP_C_000218427
REACTOME_METABOLISM_OF_WATER_SOLUBLE_VITAMINS_AND_COFACTORS	Oxalic acid	Oxalic acid	-	R-HSA-196849	C00209	HMDB0002329	RAMP_C_000001542
REACTOME_METABOLISM_OF_WATER_SOLUBLE_VITAMINS_AND_COFACTORS	PMP	Pyridoxamine 5'-phosphate	-	R-HSA-196849	C00647	HMDB0001555	RAMP_C_000220901
REACTOME_METABOLISM_OF_WATER_SOLUBLE_VITAMINS_AND_COFACTORS	Pantothenic acid (B5)	Pantothenic acid (B5)	-	R-HSA-196849	C00864	HMDB0000210	RAMP_C_000218339
REACTOME_METABOLISM_OF_WATER_SOLUBLE_VITAMINS_AND_COFACTORS	Pyridoxine (B6)	Pyridoxine (B6)	-	R-HSA-196849	C00314	HMDB0000239	RAMP_C_000000160
REACTOME_METABOLISM_OF_WATER_SOLUBLE_VITAMINS_AND_COFACTORS	Pyruvic acid	Pyruvic acid	-	R-HSA-196849	C00022	HMDB0000243	RAMP_C_000218028
REACTOME_METABOLISM_OF_WATER_SOLUBLE_VITAMINS_AND_COFACTORS	Quinolinic acid	Quinolinic acid	-	R-HSA-196849	C03722	HMDB0000232	RAMP_C_000000155
REACTOME_METABOLISM_OF_WATER_SOLUBLE_VITAMINS_AND_COFACTORS	Riboflavin (B2)	Riboflavin (B2)	-	R-HSA-196849	C00255	HMDB0000244	RAMP_C_000000164
REACTOME_METABOLISM_OF_WATER_SOLUBLE_VITAMINS_AND_COFACTORS	Ser	Serine	-	R-HSA-196849	C00065	HMDB0000187	RAMP_C_000218440
REACTOME_METABOLISM_OF_WATER_SOLUBLE_VITAMINS_AND_COFACTORS	Threonic acid	Threonic acid	-	R-HSA-196849	C01620	HMDB0000943	RAMP_C_000268373
REACTOME_METHYLATION	AHCys	S-Adenosylhomocysteine	-	R-HSA-156581	C00021	HMDB0000939	RAMP_C_000218715
REACTOME_METHYLATION	Adenosine	Adenosine	-	R-HSA-156581	C00212	HMDB0000050	RAMP_C_000000034
REACTOME_METHYLATION	HCys	Homocysteine	-	R-HSA-156581	C00155	HMDB0000165	RAMP_C_000218762
REACTOME_METHYLATION	Met	Methionine	-	R-HSA-156581	C00073	HMDB0000696	RAMP_C_000218711
REACTOME_MISCELLANEOUS_TRANSPORT_AND_BINDING_EVENTS	Arg	Arginine	-	R-HSA-5223345	C00062	HMDB0000517	RAMP_C_000042003
REACTOME_MISCELLANEOUS_TRANSPORT_AND_BINDING_EVENTS	Cystine	Cystine	-	R-HSA-5223345	C00491	HMDB0000192	RAMP_C_000000123
REACTOME_MISCELLANEOUS_TRANSPORT_AND_BINDING_EVENTS	His	Histidine	-	R-HSA-5223345	C00135	HMDB0000177	RAMP_C_000218426
REACTOME_MISCELLANEOUS_TRANSPORT_AND_BINDING_EVENTS	Lys	Lysine	-	R-HSA-5223345	C00047	HMDB0000182	RAMP_C_000000117
REACTOME_MITOCHONDRIAL_BIOGENESIS	FA 16:0	Palmitic acid	-	R-HSA-1592230	C00249	HMDB0000220	RAMP_C_000219234
REACTOME_MITOCHONDRIAL_BIOGENESIS	FA 18:2	Linoleic acid	-	R-HSA-1592230	C01595	HMDB0000673	RAMP_C_000263195
REACTOME_MITOCHONDRIAL_BIOGENESIS	FA 20:4n-6 (AA)	Arachidonic acid (AA; omega6)	-	R-HSA-1592230	C00219	HMDB0001043	RAMP_C_000000804
REACTOME_MITOCHONDRIAL_BIOGENESIS	FA 20:5n-3 (EPA)	Eicosapentaenoic acid (EPA; omega3)	-	R-HSA-1592230	C06428	HMDB0001999	RAMP_C_000001315
REACTOME_MITOCHONDRIAL_BIOGENESIS	Nicotinamide (B3)	Nicotinamide (B3)	-	R-HSA-1592230	C00153	HMDB0001406	RAMP_C_000001067
REACTOME_MOLYBDENUM_COFACTOR_BIOSYNTHESIS	Ala	Alanine	-	R-HSA-947581	C00041	HMDB0000161	RAMP_C_000000104
REACTOME_MOLYBDENUM_COFACTOR_BIOSYNTHESIS	Cys	Cysteine	-	R-HSA-947581	C00097	HMDB0000574	RAMP_C_000218469
REACTOME_MOLYBDENUM_COFACTOR_BIOSYNTHESIS	Met	Methionine	-	R-HSA-947581	C00073	HMDB0000696	RAMP_C_000218711
REACTOME_MULTIFUNCTIONAL_ANION_EXCHANGERS	Lac	Lactic acid	-	R-HSA-427601	C00186	HMDB0000190	RAMP_C_000218078
REACTOME_MULTIFUNCTIONAL_ANION_EXCHANGERS	Nicotinic acid (B3)	Nicotinic acid (B3)	-	R-HSA-427601	C00253	HMDB0001488	RAMP_C_000218427
REACTOME_MULTIFUNCTIONAL_ANION_EXCHANGERS	Pyruvic acid	Pyruvic acid	-	R-HSA-427601	C00022	HMDB0000243	RAMP_C_000218028
REACTOME_NADPH_REGENERATION	Citric acid	Citric acid	-	R-HSA-389542	C00158	HMDB0000094	RAMP_C_000218121
REACTOME_NADPH_REGENERATION	Isocitric acid	Isocitric acid	-	R-HSA-389542	C00311	HMDB0000193	RAMP_C_000217206
REACTOME_NADPH_REGENERATION	a-Ketoglutaric acid	alpha-Ketoglutaric acid	-	R-HSA-389542	C00026	HMDB0000208	RAMP_C_000274401
REACTOME_NA_CL_DEPENDENT_NEUROTRANSMITTER_TRANSPORTERS	Ala	Alanine	-	R-HSA-442660	C00041	HMDB0000161	RAMP_C_000000104
REACTOME_NA_CL_DEPENDENT_NEUROTRANSMITTER_TRANSPORTERS	Arg	Arginine	-	R-HSA-442660	C00062	HMDB0000517	RAMP_C_000042003
REACTOME_NA_CL_DEPENDENT_NEUROTRANSMITTER_TRANSPORTERS	Asn	Asparagine	-	R-HSA-442660	C00152	HMDB0000168	RAMP_C_000218742
REACTOME_NA_CL_DEPENDENT_NEUROTRANSMITTER_TRANSPORTERS	Betaine	Betaine	-	R-HSA-442660	C00719	HMDB0000043	RAMP_C_000000030
REACTOME_NA_CL_DEPENDENT_NEUROTRANSMITTER_TRANSPORTERS	Cys	Cysteine	-	R-HSA-442660	C00097	HMDB0000574	RAMP_C_000218469
REACTOME_NA_CL_DEPENDENT_NEUROTRANSMITTER_TRANSPORTERS	Dopamine	Dopamine	-	R-HSA-442660	C03758	HMDB0000073	RAMP_C_000218860
REACTOME_NA_CL_DEPENDENT_NEUROTRANSMITTER_TRANSPORTERS	Epinephrine	Epinephrine	-	R-HSA-442660	C00788	HMDB0000068	RAMP_C_000000048
REACTOME_NA_CL_DEPENDENT_NEUROTRANSMITTER_TRANSPORTERS	GABA	gamma-Aminobutyric acid	-	R-HSA-442660	C00334	HMDB0000112	RAMP_C_000219510
REACTOME_NA_CL_DEPENDENT_NEUROTRANSMITTER_TRANSPORTERS	Gln	Glutamine	-	R-HSA-442660	C00064	HMDB0000641	RAMP_C_000218784
REACTOME_NA_CL_DEPENDENT_NEUROTRANSMITTER_TRANSPORTERS	Gly	Glycine	-	R-HSA-442660	C00037	HMDB0000123	RAMP_C_000000078
REACTOME_NA_CL_DEPENDENT_NEUROTRANSMITTER_TRANSPORTERS	His	Histidine	-	R-HSA-442660	C00135	HMDB0000177	RAMP_C_000218426
REACTOME_NA_CL_DEPENDENT_NEUROTRANSMITTER_TRANSPORTERS	Histamine	Histamine	-	R-HSA-442660	C00388	HMDB0000870	RAMP_C_000000678
REACTOME_NA_CL_DEPENDENT_NEUROTRANSMITTER_TRANSPORTERS	Ile	Isoleucine	-	R-HSA-442660	C00407	HMDB0000172	RAMP_C_000218741
REACTOME_NA_CL_DEPENDENT_NEUROTRANSMITTER_TRANSPORTERS	Leu	Leucine	-	R-HSA-442660	C00123	HMDB0000687	RAMP_C_000000532
REACTOME_NA_CL_DEPENDENT_NEUROTRANSMITTER_TRANSPORTERS	Lys	Lysine	-	R-HSA-442660	C00047	HMDB0000182	RAMP_C_000000117
REACTOME_NA_CL_DEPENDENT_NEUROTRANSMITTER_TRANSPORTERS	Met	Methionine	-	R-HSA-442660	C00073	HMDB0000696	RAMP_C_000218711
REACTOME_NA_CL_DEPENDENT_NEUROTRANSMITTER_TRANSPORTERS	Norepinephrine	Norepinephrine	-	R-HSA-442660	C00547	HMDB0000216	RAMP_C_000219112
REACTOME_NA_CL_DEPENDENT_NEUROTRANSMITTER_TRANSPORTERS	Phe	Phenylalanine	-	R-HSA-442660	C00079	HMDB0000159	RAMP_C_000218749
REACTOME_NA_CL_DEPENDENT_NEUROTRANSMITTER_TRANSPORTERS	Pro	Proline	-	R-HSA-442660	C00148	HMDB0000162	RAMP_C_000218861
REACTOME_NA_CL_DEPENDENT_NEUROTRANSMITTER_TRANSPORTERS	Ser	Serine	-	R-HSA-442660	C00065	HMDB0000187	RAMP_C_000218440
REACTOME_NA_CL_DEPENDENT_NEUROTRANSMITTER_TRANSPORTERS	Serotonin	Serotonin	-	R-HSA-442660	C00780	HMDB0000259	RAMP_C_000000177
REACTOME_NA_CL_DEPENDENT_NEUROTRANSMITTER_TRANSPORTERS	Taurine	Taurine	-	R-HSA-442660	C00245	HMDB0000251	RAMP_C_000218584
REACTOME_NA_CL_DEPENDENT_NEUROTRANSMITTER_TRANSPORTERS	Thr	Threonine	-	R-HSA-442660	C00188	HMDB0000167	RAMP_C_000218724
REACTOME_NA_CL_DEPENDENT_NEUROTRANSMITTER_TRANSPORTERS	Trp	Tryptophan	-	R-HSA-442660	C00078	HMDB0000929	RAMP_C_000218721
REACTOME_NA_CL_DEPENDENT_NEUROTRANSMITTER_TRANSPORTERS	Tyr	Tyrosine	-	R-HSA-442660	C00082	HMDB0000158	RAMP_C_000218778
REACTOME_NA_CL_DEPENDENT_NEUROTRANSMITTER_TRANSPORTERS	Val	Valine	-	R-HSA-442660	C00183	HMDB0000883	RAMP_C_000218704
REACTOME_NA_CL_DEPENDENT_NEUROTRANSMITTER_TRANSPORTERS	beta-Ala	beta-Alanine	-	R-HSA-442660	C00099	HMDB0000056	RAMP_C_000218729
REACTOME_NA_CL_DEPENDENT_NEUROTRANSMITTER_TRANSPORTERS	t4-OH-Pro	trans-4-Hydroxyproline	-	R-HSA-442660	C01157	HMDB0000725	RAMP_C_000000565
REACTOME_NEGATIVE_EPIGENETIC_REGULATION_OF_RRNA_EXPRESSION	AHCys	S-Adenosylhomocysteine	-	R-HSA-5250941	C00021	HMDB0000939	RAMP_C_000218715
REACTOME_NEGATIVE_EPIGENETIC_REGULATION_OF_RRNA_EXPRESSION	FA 2:0	Acetic acid	-	R-HSA-5250941	C00033	HMDB0000042	RAMP_C_000218400
REACTOME_NEGATIVE_EPIGENETIC_REGULATION_OF_RRNA_EXPRESSION	Nicotinamide (B3)	Nicotinamide (B3)	-	R-HSA-5250941	C00153	HMDB0001406	RAMP_C_000001067
REACTOME_NEURONAL_SYSTEM	5-HIAA	5-Hydroxyindoleacetic acid	-	R-HSA-112316	C05635	HMDB0000763	RAMP_C_000000599
REACTOME_NEURONAL_SYSTEM	AHCys	S-Adenosylhomocysteine	-	R-HSA-112316	C00021	HMDB0000939	RAMP_C_000218715
REACTOME_NEURONAL_SYSTEM	Betaine	Betaine	-	R-HSA-112316	C00719	HMDB0000043	RAMP_C_000000030
REACTOME_NEURONAL_SYSTEM	Choline	Choline	-	R-HSA-112316	C00114	HMDB0000097	RAMP_C_000000065
REACTOME_NEURONAL_SYSTEM	DOPAC	3,4-Dihydroxyphenylacetic acid	-	R-HSA-112316	C01161	HMDB0001336	RAMP_C_000001011
REACTOME_NEURONAL_SYSTEM	Dopamine	Dopamine	-	R-HSA-112316	C03758	HMDB0000073	RAMP_C_000218860
REACTOME_NEURONAL_SYSTEM	FA 12:0	Lauric acid	-	R-HSA-112316	C02679	HMDB0000638	RAMP_C_000264780
REACTOME_NEURONAL_SYSTEM	FA 14:0	Myristic acid	-	R-HSA-112316	C06424	HMDB0000806	RAMP_C_000264781
REACTOME_NEURONAL_SYSTEM	FA 16:0	Palmitic acid	-	R-HSA-112316	C00249	HMDB0000220	RAMP_C_000219234
REACTOME_NEURONAL_SYSTEM	FA 18:1	Oleic acid	-	R-HSA-112316	C00712	HMDB0000207	RAMP_C_000218407
REACTOME_NEURONAL_SYSTEM	FA 20:4n-6 (AA)	Arachidonic acid (AA; omega6)	-	R-HSA-112316	C00219	HMDB0001043	RAMP_C_000000804
REACTOME_NEURONAL_SYSTEM	FA 2:0	Acetic acid	-	R-HSA-112316	C00033	HMDB0000042	RAMP_C_000218400
REACTOME_NEURONAL_SYSTEM	GABA	gamma-Aminobutyric acid	-	R-HSA-112316	C00334	HMDB0000112	RAMP_C_000219510
REACTOME_NEURONAL_SYSTEM	Gln	Glutamine	-	R-HSA-112316	C00064	HMDB0000641	RAMP_C_000218784
REACTOME_NEURONAL_SYSTEM	Glu	Glutamic acid	-	R-HSA-112316	C00025	HMDB0000148	RAMP_C_000218397
REACTOME_NEURONAL_SYSTEM	Gly	Glycine	-	R-HSA-112316	C00037	HMDB0000123	RAMP_C_000000078
REACTOME_NEURONAL_SYSTEM	HCys	Homocysteine	-	R-HSA-112316	C00155	HMDB0000165	RAMP_C_000218762
REACTOME_NEURONAL_SYSTEM	Homovanillic acid	Homovanillic acid	-	R-HSA-112316	C05582	HMDB0000118	RAMP_C_000000074
REACTOME_NEURONAL_SYSTEM	Norepinephrine	Norepinephrine	-	R-HSA-112316	C00547	HMDB0000216	RAMP_C_000219112
REACTOME_NEURONAL_SYSTEM	PS 32:0	PS 32:0	-	R-HSA-112316	C02737	HMDB0000614	RAMP_C_000217830
REACTOME_NEURONAL_SYSTEM	Serotonin	Serotonin	-	R-HSA-112316	C00780	HMDB0000259	RAMP_C_000000177
REACTOME_NEURONAL_SYSTEM	Suc	Succinic acid	-	R-HSA-112316	C00042	HMDB0000254	RAMP_C_000218399
REACTOME_NEURONAL_SYSTEM	a-Ketoglutaric acid	alpha-Ketoglutaric acid	-	R-HSA-112316	C00026	HMDB0000208	RAMP_C_000274401
REACTOME_NEURONAL_SYSTEM	beta-Ala	beta-Alanine	-	R-HSA-112316	C00099	HMDB0000056	RAMP_C_000218729
REACTOME_NEURONAL_SYSTEM	cAMP	Adenosine monophosphate, cyclic (cAMP)	-	R-HSA-112316	C00575	HMDB0000058	RAMP_C_000218758
REACTOME_NEUROTRANSMITTER_CLEARANCE	5-HIAA	5-Hydroxyindoleacetic acid	-	R-HSA-112311	C05635	HMDB0000763	RAMP_C_000000599
REACTOME_NEUROTRANSMITTER_CLEARANCE	AHCys	S-Adenosylhomocysteine	-	R-HSA-112311	C00021	HMDB0000939	RAMP_C_000218715
REACTOME_NEUROTRANSMITTER_CLEARANCE	Choline	Choline	-	R-HSA-112311	C00114	HMDB0000097	RAMP_C_000000065
REACTOME_NEUROTRANSMITTER_CLEARANCE	DOPAC	3,4-Dihydroxyphenylacetic acid	-	R-HSA-112311	C01161	HMDB0001336	RAMP_C_000001011
REACTOME_NEUROTRANSMITTER_CLEARANCE	Dopamine	Dopamine	-	R-HSA-112311	C03758	HMDB0000073	RAMP_C_000218860
REACTOME_NEUROTRANSMITTER_CLEARANCE	FA 2:0	Acetic acid	-	R-HSA-112311	C00033	HMDB0000042	RAMP_C_000218400
REACTOME_NEUROTRANSMITTER_CLEARANCE	HCys	Homocysteine	-	R-HSA-112311	C00155	HMDB0000165	RAMP_C_000218762
REACTOME_NEUROTRANSMITTER_CLEARANCE	Homovanillic acid	Homovanillic acid	-	R-HSA-112311	C05582	HMDB0000118	RAMP_C_000000074
REACTOME_NEUROTRANSMITTER_CLEARANCE	Norepinephrine	Norepinephrine	-	R-HSA-112311	C00547	HMDB0000216	RAMP_C_000219112
REACTOME_NEUROTRANSMITTER_CLEARANCE	Serotonin	Serotonin	-	R-HSA-112311	C00780	HMDB0000259	RAMP_C_000000177
REACTOME_NEUROTRANSMITTER_RECEPTORS_AND_POSTSYNAPTIC_SIGNAL_TRANSMISSION	GABA	gamma-Aminobutyric acid	-	R-HSA-112314	C00334	HMDB0000112	RAMP_C_000219510
REACTOME_NEUROTRANSMITTER_RECEPTORS_AND_POSTSYNAPTIC_SIGNAL_TRANSMISSION	Glu	Glutamic acid	-	R-HSA-112314	C00025	HMDB0000148	RAMP_C_000218397
REACTOME_NEUROTRANSMITTER_RECEPTORS_AND_POSTSYNAPTIC_SIGNAL_TRANSMISSION	Gly	Glycine	-	R-HSA-112314	C00037	HMDB0000123	RAMP_C_000000078
REACTOME_NEUROTRANSMITTER_RECEPTORS_AND_POSTSYNAPTIC_SIGNAL_TRANSMISSION	PS 32:0	PS 32:0	-	R-HSA-112314	C02737	HMDB0000614	RAMP_C_000217830
REACTOME_NEUROTRANSMITTER_RECEPTORS_AND_POSTSYNAPTIC_SIGNAL_TRANSMISSION	Serotonin	Serotonin	-	R-HSA-112314	C00780	HMDB0000259	RAMP_C_000000177
REACTOME_NEUROTRANSMITTER_RECEPTORS_AND_POSTSYNAPTIC_SIGNAL_TRANSMISSION	cAMP	Adenosine monophosphate, cyclic (cAMP)	-	R-HSA-112314	C00575	HMDB0000058	RAMP_C_000218758
REACTOME_NEUROTRANSMITTER_RELEASE_CYCLE	Betaine	Betaine	-	R-HSA-112310	C00719	HMDB0000043	RAMP_C_000000030
REACTOME_NEUROTRANSMITTER_RELEASE_CYCLE	Choline	Choline	-	R-HSA-112310	C00114	HMDB0000097	RAMP_C_000000065
REACTOME_NEUROTRANSMITTER_RELEASE_CYCLE	Dopamine	Dopamine	-	R-HSA-112310	C03758	HMDB0000073	RAMP_C_000218860
REACTOME_NEUROTRANSMITTER_RELEASE_CYCLE	FA 12:0	Lauric acid	-	R-HSA-112310	C02679	HMDB0000638	RAMP_C_000264780
REACTOME_NEUROTRANSMITTER_RELEASE_CYCLE	FA 14:0	Myristic acid	-	R-HSA-112310	C06424	HMDB0000806	RAMP_C_000264781
REACTOME_NEUROTRANSMITTER_RELEASE_CYCLE	FA 16:0	Palmitic acid	-	R-HSA-112310	C00249	HMDB0000220	RAMP_C_000219234
REACTOME_NEUROTRANSMITTER_RELEASE_CYCLE	FA 18:1	Oleic acid	-	R-HSA-112310	C00712	HMDB0000207	RAMP_C_000218407
REACTOME_NEUROTRANSMITTER_RELEASE_CYCLE	FA 20:4n-6 (AA)	Arachidonic acid (AA; omega6)	-	R-HSA-112310	C00219	HMDB0001043	RAMP_C_000000804
REACTOME_NEUROTRANSMITTER_RELEASE_CYCLE	GABA	gamma-Aminobutyric acid	-	R-HSA-112310	C00334	HMDB0000112	RAMP_C_000219510
REACTOME_NEUROTRANSMITTER_RELEASE_CYCLE	Gln	Glutamine	-	R-HSA-112310	C00064	HMDB0000641	RAMP_C_000218784
REACTOME_NEUROTRANSMITTER_RELEASE_CYCLE	Glu	Glutamic acid	-	R-HSA-112310	C00025	HMDB0000148	RAMP_C_000218397
REACTOME_NEUROTRANSMITTER_RELEASE_CYCLE	Norepinephrine	Norepinephrine	-	R-HSA-112310	C00547	HMDB0000216	RAMP_C_000219112
REACTOME_NEUROTRANSMITTER_RELEASE_CYCLE	Serotonin	Serotonin	-	R-HSA-112310	C00780	HMDB0000259	RAMP_C_000000177
REACTOME_NEUROTRANSMITTER_RELEASE_CYCLE	Suc	Succinic acid	-	R-HSA-112310	C00042	HMDB0000254	RAMP_C_000218399
REACTOME_NEUROTRANSMITTER_RELEASE_CYCLE	a-Ketoglutaric acid	alpha-Ketoglutaric acid	-	R-HSA-112310	C00026	HMDB0000208	RAMP_C_000274401
REACTOME_NEUROTRANSMITTER_RELEASE_CYCLE	beta-Ala	beta-Alanine	-	R-HSA-112310	C00099	HMDB0000056	RAMP_C_000218729
REACTOME_NICOTINAMIDE_SALVAGING	AHCys	S-Adenosylhomocysteine	-	R-HSA-197264	C00021	HMDB0000939	RAMP_C_000218715
REACTOME_NICOTINAMIDE_SALVAGING	FA 2:0	Acetic acid	-	R-HSA-197264	C00033	HMDB0000042	RAMP_C_000218400
REACTOME_NICOTINAMIDE_SALVAGING	FA 3:0	Propanoic acid	-	R-HSA-197264	C00163	HMDB0000237	RAMP_C_000220356
REACTOME_NICOTINAMIDE_SALVAGING	FA 4:0	Butyric acid	-	R-HSA-197264	C00246	HMDB0000039	RAMP_C_000000028
REACTOME_NICOTINAMIDE_SALVAGING	Lac	Lactic acid	-	R-HSA-197264	C00186	HMDB0000190	RAMP_C_000218078
REACTOME_NICOTINAMIDE_SALVAGING	Nicotinamide (B3)	Nicotinamide (B3)	-	R-HSA-197264	C00153	HMDB0001406	RAMP_C_000001067
REACTOME_NICOTINAMIDE_SALVAGING	Nicotinic acid (B3)	Nicotinic acid (B3)	-	R-HSA-197264	C00253	HMDB0001488	RAMP_C_000218427
REACTOME_NICOTINAMIDE_SALVAGING	Pyruvic acid	Pyruvic acid	-	R-HSA-197264	C00022	HMDB0000243	RAMP_C_000218028
REACTOME_NICOTINATE_METABOLISM	AHCys	S-Adenosylhomocysteine	-	R-HSA-196807	C00021	HMDB0000939	RAMP_C_000218715
REACTOME_NICOTINATE_METABOLISM	FA 2:0	Acetic acid	-	R-HSA-196807	C00033	HMDB0000042	RAMP_C_000218400
REACTOME_NICOTINATE_METABOLISM	FA 3:0	Propanoic acid	-	R-HSA-196807	C00163	HMDB0000237	RAMP_C_000220356
REACTOME_NICOTINATE_METABOLISM	FA 4:0	Butyric acid	-	R-HSA-196807	C00246	HMDB0000039	RAMP_C_000000028
REACTOME_NICOTINATE_METABOLISM	Gln	Glutamine	-	R-HSA-196807	C00064	HMDB0000641	RAMP_C_000218784
REACTOME_NICOTINATE_METABOLISM	Glu	Glutamic acid	-	R-HSA-196807	C00025	HMDB0000148	RAMP_C_000218397
REACTOME_NICOTINATE_METABOLISM	Lac	Lactic acid	-	R-HSA-196807	C00186	HMDB0000190	RAMP_C_000218078
REACTOME_NICOTINATE_METABOLISM	Nicotinamide (B3)	Nicotinamide (B3)	-	R-HSA-196807	C00153	HMDB0001406	RAMP_C_000001067
REACTOME_NICOTINATE_METABOLISM	Nicotinic acid (B3)	Nicotinic acid (B3)	-	R-HSA-196807	C00253	HMDB0001488	RAMP_C_000218427
REACTOME_NICOTINATE_METABOLISM	Pyruvic acid	Pyruvic acid	-	R-HSA-196807	C00022	HMDB0000243	RAMP_C_000218028
REACTOME_NICOTINATE_METABOLISM	Quinolinic acid	Quinolinic acid	-	R-HSA-196807	C03722	HMDB0000232	RAMP_C_000000155
REACTOME_NITRIC_OXIDE_STIMULATES_GUANYLATE_CYCLASE	Arg	Arginine	-	R-HSA-392154	C00062	HMDB0000517	RAMP_C_000042003
REACTOME_NITRIC_OXIDE_STIMULATES_GUANYLATE_CYCLASE	Cit	Citrulline	-	R-HSA-392154	C00327	HMDB0000904	RAMP_C_000218703
REACTOME_NITRIC_OXIDE_STIMULATES_GUANYLATE_CYCLASE	cGMP	Guanosine monophosphate, cyclic (cGMP)	-	R-HSA-392154	C00942	HMDB0001314	RAMP_C_000000995
REACTOME_NUCLEOTIDE_BIOSYNTHESIS	Asp	Aspartic acid	-	R-HSA-8956320	C00049	HMDB0000191	RAMP_C_000218398
REACTOME_NUCLEOTIDE_BIOSYNTHESIS	Carbamoyl-PO4	Carbamoylphosphate	-	R-HSA-8956320	C00169	HMDB0001096	RAMP_C_000218766
REACTOME_NUCLEOTIDE_BIOSYNTHESIS	Fumaric acid	Fumaric acid	-	R-HSA-8956320	C00122	HMDB0000134	RAMP_C_000218394
REACTOME_NUCLEOTIDE_BIOSYNTHESIS	Gln	Glutamine	-	R-HSA-8956320	C00064	HMDB0000641	RAMP_C_000218784
REACTOME_NUCLEOTIDE_BIOSYNTHESIS	Glu	Glutamic acid	-	R-HSA-8956320	C00025	HMDB0000148	RAMP_C_000218397
REACTOME_NUCLEOTIDE_BIOSYNTHESIS	Gly	Glycine	-	R-HSA-8956320	C00037	HMDB0000123	RAMP_C_000000078
REACTOME_NUCLEOTIDE_BIOSYNTHESIS	Orotic acid	Orotic acid	-	R-HSA-8956320	C00295	HMDB0000226	RAMP_C_000000150
REACTOME_NUCLEOTIDE_CATABOLISM	Adenosine	Adenosine	-	R-HSA-8956319	C00212	HMDB0000050	RAMP_C_000000034
REACTOME_NUCLEOTIDE_CATABOLISM	Ala	Alanine	-	R-HSA-8956319	C00041	HMDB0000161	RAMP_C_000000104
REACTOME_NUCLEOTIDE_CATABOLISM	Cytidine	Cytidine	-	R-HSA-8956319	C00475	HMDB0000089	RAMP_C_000000061
REACTOME_NUCLEOTIDE_CATABOLISM	Deoxycytidine	Deoxycytidine	-	R-HSA-8956319	C00881	HMDB0000014	RAMP_C_000000008
REACTOME_NUCLEOTIDE_CATABOLISM	Deoxyguanosine	Deoxyguanosine	-	R-HSA-8956319	C00330	HMDB0000085	RAMP_C_000000058
REACTOME_NUCLEOTIDE_CATABOLISM	Guanine	Guanine	-	R-HSA-8956319	C00242	HMDB0000132	RAMP_C_000000086
REACTOME_NUCLEOTIDE_CATABOLISM	Guanosine	Guanosine	-	R-HSA-8956319	C00387	HMDB0000133	RAMP_C_000000087
REACTOME_NUCLEOTIDE_CATABOLISM	Hypoxanthine	Hypoxanthine	-	R-HSA-8956319	C00262	HMDB0000157	RAMP_C_000000101
REACTOME_NUCLEOTIDE_CATABOLISM	Inosine	Inosine	-	R-HSA-8956319	C00294	HMDB0000195	RAMP_C_000000126
REACTOME_NUCLEOTIDE_CATABOLISM	Pyruvic acid	Pyruvic acid	-	R-HSA-8956319	C00022	HMDB0000243	RAMP_C_000218028
REACTOME_NUCLEOTIDE_CATABOLISM	Thymidine	Thymidine	-	R-HSA-8956319	C00214	HMDB0000273	RAMP_C_000000186
REACTOME_NUCLEOTIDE_CATABOLISM	Thymine	Thymine	-	R-HSA-8956319	C00178	HMDB0000262	RAMP_C_000000178
REACTOME_NUCLEOTIDE_CATABOLISM	Uracil	Uracil	-	R-HSA-8956319	C00106	HMDB0000300	RAMP_C_000000203
REACTOME_NUCLEOTIDE_CATABOLISM	Uric acid	Uric acid	-	R-HSA-8956319	C00366	HMDB0000289	RAMP_C_000000194
REACTOME_NUCLEOTIDE_CATABOLISM	Uridine	Uridine	-	R-HSA-8956319	C00299	HMDB0000296	RAMP_C_000000201
REACTOME_NUCLEOTIDE_CATABOLISM	Xanthine	Xanthine	-	R-HSA-8956319	C00385	HMDB0000292	RAMP_C_000000197
REACTOME_NUCLEOTIDE_CATABOLISM	beta-Ala	beta-Alanine	-	R-HSA-8956319	C00099	HMDB0000056	RAMP_C_000218729
REACTOME_NUCLEOTIDE_SALVAGE	Adenine	Adenine	-	R-HSA-8956321	C00147	HMDB0000034	RAMP_C_000000024
REACTOME_NUCLEOTIDE_SALVAGE	Adenosine	Adenosine	-	R-HSA-8956321	C00212	HMDB0000050	RAMP_C_000000034
REACTOME_NUCLEOTIDE_SALVAGE	Cytidine	Cytidine	-	R-HSA-8956321	C00475	HMDB0000089	RAMP_C_000000061
REACTOME_NUCLEOTIDE_SALVAGE	Deoxycytidine	Deoxycytidine	-	R-HSA-8956321	C00881	HMDB0000014	RAMP_C_000000008
REACTOME_NUCLEOTIDE_SALVAGE	Deoxyguanosine	Deoxyguanosine	-	R-HSA-8956321	C00330	HMDB0000085	RAMP_C_000000058
REACTOME_NUCLEOTIDE_SALVAGE	Guanine	Guanine	-	R-HSA-8956321	C00242	HMDB0000132	RAMP_C_000000086
REACTOME_NUCLEOTIDE_SALVAGE	Guanosine	Guanosine	-	R-HSA-8956321	C00387	HMDB0000133	RAMP_C_000000087
REACTOME_NUCLEOTIDE_SALVAGE	Hypoxanthine	Hypoxanthine	-	R-HSA-8956321	C00262	HMDB0000157	RAMP_C_000000101
REACTOME_NUCLEOTIDE_SALVAGE	Inosine	Inosine	-	R-HSA-8956321	C00294	HMDB0000195	RAMP_C_000000126
REACTOME_NUCLEOTIDE_SALVAGE	Thymidine	Thymidine	-	R-HSA-8956321	C00214	HMDB0000273	RAMP_C_000000186
REACTOME_NUCLEOTIDE_SALVAGE	Thymine	Thymine	-	R-HSA-8956321	C00178	HMDB0000262	RAMP_C_000000178
REACTOME_NUCLEOTIDE_SALVAGE	Uracil	Uracil	-	R-HSA-8956321	C00106	HMDB0000300	RAMP_C_000000203
REACTOME_NUCLEOTIDE_SALVAGE	Uridine	Uridine	-	R-HSA-8956321	C00299	HMDB0000296	RAMP_C_000000201
REACTOME_NUCLEOTIDE_SALVAGE_DEFECTS	Adenine	Adenine	-	R-HSA-9734207	C00147	HMDB0000034	RAMP_C_000000024
REACTOME_NUCLEOTIDE_SALVAGE_DEFECTS	Adenosine	Adenosine	-	R-HSA-9734207	C00212	HMDB0000050	RAMP_C_000000034
REACTOME_NUCLEOTIDE_SALVAGE_DEFECTS	Guanine	Guanine	-	R-HSA-9734207	C00242	HMDB0000132	RAMP_C_000000086
REACTOME_NUCLEOTIDE_SALVAGE_DEFECTS	Hypoxanthine	Hypoxanthine	-	R-HSA-9734207	C00262	HMDB0000157	RAMP_C_000000101
REACTOME_OLFACTORY_SIGNALING_PATHWAY	FA 12:0	Lauric acid	-	R-HSA-381753	C02679	HMDB0000638	RAMP_C_000264780
REACTOME_OLFACTORY_SIGNALING_PATHWAY	FA 2:0	Acetic acid	-	R-HSA-381753	C00033	HMDB0000042	RAMP_C_000218400
REACTOME_OLFACTORY_SIGNALING_PATHWAY	FA 3:0	Propanoic acid	-	R-HSA-381753	C00163	HMDB0000237	RAMP_C_000220356
REACTOME_OLFACTORY_SIGNALING_PATHWAY	FA 4:0	Butyric acid	-	R-HSA-381753	C00246	HMDB0000039	RAMP_C_000000028
REACTOME_OLFACTORY_SIGNALING_PATHWAY	FA 4:0-3M	Isovaleric acid	-	R-HSA-381753	C08262	HMDB0000718	RAMP_C_000267279
REACTOME_OLFACTORY_SIGNALING_PATHWAY	FA 6:0	Caproic acid	-	R-HSA-381753	C01585	HMDB0000535	RAMP_C_000000405
REACTOME_OLFACTORY_SIGNALING_PATHWAY	FA 7:0	Heptanoic acid	-	R-HSA-381753	C17714	HMDB0000666	RAMP_C_000217257
REACTOME_OLFACTORY_SIGNALING_PATHWAY	FA 8:0	Caprylic acid	-	R-HSA-381753	C06423	HMDB0000482	RAMP_C_000217324
REACTOME_OLFACTORY_SIGNALING_PATHWAY	Lac	Lactic acid	-	R-HSA-381753	C00186	HMDB0000190	RAMP_C_000218078
REACTOME_OLFACTORY_SIGNALING_PATHWAY	cAMP	Adenosine monophosphate, cyclic (cAMP)	-	R-HSA-381753	C00575	HMDB0000058	RAMP_C_000218758
REACTOME_ORGANIC_ANION_TRANSPORT	DHEAS	Dehydroepiandrosterone sulfate	-	R-HSA-561048	C04555	HMDB0001032	RAMP_C_000269812
REACTOME_ORGANIC_ANION_TRANSPORT	Lac	Lactic acid	-	R-HSA-561048	C00186	HMDB0000190	RAMP_C_000218078
REACTOME_ORGANIC_ANION_TRANSPORT	Uric acid	Uric acid	-	R-HSA-561048	C00366	HMDB0000289	RAMP_C_000000194
REACTOME_ORGANIC_ANION_TRANSPORT	a-Ketoglutaric acid	alpha-Ketoglutaric acid	-	R-HSA-561048	C00026	HMDB0000208	RAMP_C_000274401
REACTOME_ORGANIC_ANION_TRANSPORTERS	Citric acid	Citric acid	-	R-HSA-428643	C00158	HMDB0000094	RAMP_C_000218121
REACTOME_ORGANIC_ANION_TRANSPORTERS	FA 2:0	Acetic acid	-	R-HSA-428643	C00033	HMDB0000042	RAMP_C_000218400
REACTOME_ORGANIC_ANION_TRANSPORTERS	FA 3:0	Propanoic acid	-	R-HSA-428643	C00163	HMDB0000237	RAMP_C_000220356
REACTOME_ORGANIC_ANION_TRANSPORTERS	FA 4:0	Butyric acid	-	R-HSA-428643	C00246	HMDB0000039	RAMP_C_000000028
REACTOME_ORGANIC_ANION_TRANSPORTERS	Glu	Glutamic acid	-	R-HSA-428643	C00025	HMDB0000148	RAMP_C_000218397
REACTOME_ORGANIC_ANION_TRANSPORTERS	Lac	Lactic acid	-	R-HSA-428643	C00186	HMDB0000190	RAMP_C_000218078
REACTOME_ORGANIC_ANION_TRANSPORTERS	Malic acid	Malic acid	-	R-HSA-428643	C00149	HMDB0000156	RAMP_C_000218036
REACTOME_ORGANIC_ANION_TRANSPORTERS	Nicotinic acid (B3)	Nicotinic acid (B3)	-	R-HSA-428643	C00253	HMDB0001488	RAMP_C_000218427
REACTOME_ORGANIC_ANION_TRANSPORTERS	Pyruvic acid	Pyruvic acid	-	R-HSA-428643	C00022	HMDB0000243	RAMP_C_000218028
REACTOME_ORGANIC_ANION_TRANSPORTERS	a-Ketoglutaric acid	alpha-Ketoglutaric acid	-	R-HSA-428643	C00026	HMDB0000208	RAMP_C_000274401
REACTOME_ORGANIC_CATION_ANION_ZWITTERION_TRANSPORT	Agmatine	Agmatine	-	R-HSA-549132	C00179	HMDB0001432	RAMP_C_000001088
REACTOME_ORGANIC_CATION_ANION_ZWITTERION_TRANSPORT	C0	Carnitine	-	R-HSA-549132	C00318	HMDB0000062	RAMP_C_000274496
REACTOME_ORGANIC_CATION_ANION_ZWITTERION_TRANSPORT	Choline	Choline	-	R-HSA-549132	C00114	HMDB0000097	RAMP_C_000000065
REACTOME_ORGANIC_CATION_ANION_ZWITTERION_TRANSPORT	Creatinine	Creatinine	-	R-HSA-549132	C00791	HMDB0000562	RAMP_C_000000431
REACTOME_ORGANIC_CATION_ANION_ZWITTERION_TRANSPORT	DHEAS	Dehydroepiandrosterone sulfate	-	R-HSA-549132	C04555	HMDB0001032	RAMP_C_000269812
REACTOME_ORGANIC_CATION_ANION_ZWITTERION_TRANSPORT	Dopamine	Dopamine	-	R-HSA-549132	C03758	HMDB0000073	RAMP_C_000218860
REACTOME_ORGANIC_CATION_ANION_ZWITTERION_TRANSPORT	Epinephrine	Epinephrine	-	R-HSA-549132	C00788	HMDB0000068	RAMP_C_000000048
REACTOME_ORGANIC_CATION_ANION_ZWITTERION_TRANSPORT	Histamine	Histamine	-	R-HSA-549132	C00388	HMDB0000870	RAMP_C_000000678
REACTOME_ORGANIC_CATION_ANION_ZWITTERION_TRANSPORT	Lac	Lactic acid	-	R-HSA-549132	C00186	HMDB0000190	RAMP_C_000218078
REACTOME_ORGANIC_CATION_ANION_ZWITTERION_TRANSPORT	Norepinephrine	Norepinephrine	-	R-HSA-549132	C00547	HMDB0000216	RAMP_C_000219112
REACTOME_ORGANIC_CATION_ANION_ZWITTERION_TRANSPORT	Serotonin	Serotonin	-	R-HSA-549132	C00780	HMDB0000259	RAMP_C_000000177
REACTOME_ORGANIC_CATION_ANION_ZWITTERION_TRANSPORT	Spermidine	Spermidine	-	R-HSA-549132	C00315	HMDB0001257	RAMP_C_000000954
REACTOME_ORGANIC_CATION_ANION_ZWITTERION_TRANSPORT	Spermine	Spermine	-	R-HSA-549132	C00750	HMDB0001256	RAMP_C_000218544
REACTOME_ORGANIC_CATION_ANION_ZWITTERION_TRANSPORT	Uric acid	Uric acid	-	R-HSA-549132	C00366	HMDB0000289	RAMP_C_000000194
REACTOME_ORGANIC_CATION_ANION_ZWITTERION_TRANSPORT	a-Ketoglutaric acid	alpha-Ketoglutaric acid	-	R-HSA-549132	C00026	HMDB0000208	RAMP_C_000274401
REACTOME_ORGANIC_CATION_TRANSPORT	Agmatine	Agmatine	-	R-HSA-549127	C00179	HMDB0001432	RAMP_C_000001088
REACTOME_ORGANIC_CATION_TRANSPORT	C0	Carnitine	-	R-HSA-549127	C00318	HMDB0000062	RAMP_C_000274496
REACTOME_ORGANIC_CATION_TRANSPORT	Choline	Choline	-	R-HSA-549127	C00114	HMDB0000097	RAMP_C_000000065
REACTOME_ORGANIC_CATION_TRANSPORT	Creatinine	Creatinine	-	R-HSA-549127	C00791	HMDB0000562	RAMP_C_000000431
REACTOME_ORGANIC_CATION_TRANSPORT	Dopamine	Dopamine	-	R-HSA-549127	C03758	HMDB0000073	RAMP_C_000218860
REACTOME_ORGANIC_CATION_TRANSPORT	Epinephrine	Epinephrine	-	R-HSA-549127	C00788	HMDB0000068	RAMP_C_000000048
REACTOME_ORGANIC_CATION_TRANSPORT	Histamine	Histamine	-	R-HSA-549127	C00388	HMDB0000870	RAMP_C_000000678
REACTOME_ORGANIC_CATION_TRANSPORT	Norepinephrine	Norepinephrine	-	R-HSA-549127	C00547	HMDB0000216	RAMP_C_000219112
REACTOME_ORGANIC_CATION_TRANSPORT	Serotonin	Serotonin	-	R-HSA-549127	C00780	HMDB0000259	RAMP_C_000000177
REACTOME_ORGANIC_CATION_TRANSPORT	Spermidine	Spermidine	-	R-HSA-549127	C00315	HMDB0001257	RAMP_C_000000954
REACTOME_ORGANIC_CATION_TRANSPORT	Spermine	Spermine	-	R-HSA-549127	C00750	HMDB0001256	RAMP_C_000218544
REACTOME_PARACETAMOL_ADME	Cys	Cysteine	-	R-HSA-9753281	C00097	HMDB0000574	RAMP_C_000218469
REACTOME_PARACETAMOL_ADME	FA 2:0	Acetic acid	-	R-HSA-9753281	C00033	HMDB0000042	RAMP_C_000218400
REACTOME_PARACETAMOL_ADME	Glu	Glutamic acid	-	R-HSA-9753281	C00025	HMDB0000148	RAMP_C_000218397
REACTOME_PARACETAMOL_ADME	Gly	Glycine	-	R-HSA-9753281	C00037	HMDB0000123	RAMP_C_000000078
REACTOME_PEPTIDE_HORMONE_METABOLISM	Arg	Arginine	-	R-HSA-2980736	C00062	HMDB0000517	RAMP_C_000042003
REACTOME_PEPTIDE_HORMONE_METABOLISM	FA 10:0	Capric acid	-	R-HSA-2980736	C01571	HMDB0000511	RAMP_C_000218305
REACTOME_PEPTIDE_HORMONE_METABOLISM	FA 12:0	Lauric acid	-	R-HSA-2980736	C02679	HMDB0000638	RAMP_C_000264780
REACTOME_PEPTIDE_HORMONE_METABOLISM	FA 14:0	Myristic acid	-	R-HSA-2980736	C06424	HMDB0000806	RAMP_C_000264781
REACTOME_PEPTIDE_HORMONE_METABOLISM	FA 15:0	Pentadecanoic acid	-	R-HSA-2980736	C16537	HMDB0000826	RAMP_C_000000647
REACTOME_PEPTIDE_HORMONE_METABOLISM	FA 16:0	Palmitic acid	-	R-HSA-2980736	C00249	HMDB0000220	RAMP_C_000219234
REACTOME_PEPTIDE_HORMONE_METABOLISM	FA 16:1	Palmitoleic acid	-	R-HSA-2980736	C08362	HMDB0003229	RAMP_C_000001779
REACTOME_PEPTIDE_HORMONE_METABOLISM	FA 18:1	Oleic acid	-	R-HSA-2980736	C00712	HMDB0000207	RAMP_C_000218407
REACTOME_PEPTIDE_HORMONE_METABOLISM	FA 20:3n-6	Dihomo-gamma-linolenic acid (omega6)	-	R-HSA-2980736	C03242	HMDB0002925	RAMP_C_000266357
REACTOME_PEPTIDE_HORMONE_METABOLISM	FA 20:5n-3 (EPA)	Eicosapentaenoic acid (EPA; omega3)	-	R-HSA-2980736	C06428	HMDB0001999	RAMP_C_000001315
REACTOME_PEPTIDE_HORMONE_METABOLISM	FA 22:5n-3 (DPA)	Docosapentaenoic acid (DPA, omega3)	-	R-HSA-2980736	C16513	HMDB0006528	RAMP_C_000219179
REACTOME_PEPTIDE_HORMONE_METABOLISM	FA 22:6n-3 (DHA)	Docosahexaenoic acid (DHA; omega3)	-	R-HSA-2980736	C06429	HMDB0002183	RAMP_C_000001447
REACTOME_PEPTIDE_HORMONE_METABOLISM	FA 8:0	Caprylic acid	-	R-HSA-2980736	C06423	HMDB0000482	RAMP_C_000217324
REACTOME_PEPTIDE_HORMONE_METABOLISM	Lys	Lysine	-	R-HSA-2980736	C00047	HMDB0000182	RAMP_C_000000117
REACTOME_PEROXISOMAL_LIPID_METABOLISM	C0	Carnitine	-	R-HSA-390918	C00318	HMDB0000062	RAMP_C_000274496
REACTOME_PEROXISOMAL_LIPID_METABOLISM	C2	Acetylcarnitine	-	R-HSA-390918	C02571	HMDB0000201	RAMP_C_000218051
REACTOME_PEROXISOMAL_LIPID_METABOLISM	C3	Propionylcarnitine	-	R-HSA-390918	C03017	HMDB0000824	RAMP_C_000000645
REACTOME_PEROXISOMAL_LIPID_METABOLISM	FA 2:0	Acetic acid	-	R-HSA-390918	C00033	HMDB0000042	RAMP_C_000218400
REACTOME_PEROXISOMAL_LIPID_METABOLISM	Suc	Succinic acid	-	R-HSA-390918	C00042	HMDB0000254	RAMP_C_000218399
REACTOME_PEROXISOMAL_LIPID_METABOLISM	a-Ketoglutaric acid	alpha-Ketoglutaric acid	-	R-HSA-390918	C00026	HMDB0000208	RAMP_C_000274401
REACTOME_PHASE_II_CONJUGATION_OF_COMPOUNDS	2-Met-HipAcid	2-Methylhippuric acid	-	R-HSA-156580	C01586	HMDB0000714	RAMP_C_000000556
REACTOME_PHASE_II_CONJUGATION_OF_COMPOUNDS	2-OH-Benzoic acid	2-Hydroxybenzoic acid	-	R-HSA-156580	C00805	HMDB0001895	RAMP_C_000001242
REACTOME_PHASE_II_CONJUGATION_OF_COMPOUNDS	5-Oxo-Pro	5-Oxoproline	-	R-HSA-156580	C01879	HMDB0000267	RAMP_C_000263954
REACTOME_PHASE_II_CONJUGATION_OF_COMPOUNDS	AHCys	S-Adenosylhomocysteine	-	R-HSA-156580	C00021	HMDB0000939	RAMP_C_000218715
REACTOME_PHASE_II_CONJUGATION_OF_COMPOUNDS	Adenosine	Adenosine	-	R-HSA-156580	C00212	HMDB0000050	RAMP_C_000000034
REACTOME_PHASE_II_CONJUGATION_OF_COMPOUNDS	Benzoic acid	Benzoic acid	-	R-HSA-156580	C00180	HMDB0001870	RAMP_C_000001222
REACTOME_PHASE_II_CONJUGATION_OF_COMPOUNDS	Cys	Cysteine	-	R-HSA-156580	C00097	HMDB0000574	RAMP_C_000218469
REACTOME_PHASE_II_CONJUGATION_OF_COMPOUNDS	DHEAS	Dehydroepiandrosterone sulfate	-	R-HSA-156580	C04555	HMDB0001032	RAMP_C_000269812
REACTOME_PHASE_II_CONJUGATION_OF_COMPOUNDS	Dopamine	Dopamine	-	R-HSA-156580	C03758	HMDB0000073	RAMP_C_000218860
REACTOME_PHASE_II_CONJUGATION_OF_COMPOUNDS	FA 4:0	Butyric acid	-	R-HSA-156580	C00246	HMDB0000039	RAMP_C_000000028
REACTOME_PHASE_II_CONJUGATION_OF_COMPOUNDS	Gln	Glutamine	-	R-HSA-156580	C00064	HMDB0000641	RAMP_C_000218784
REACTOME_PHASE_II_CONJUGATION_OF_COMPOUNDS	Glu	Glutamic acid	-	R-HSA-156580	C00025	HMDB0000148	RAMP_C_000218397
REACTOME_PHASE_II_CONJUGATION_OF_COMPOUNDS	Gly	Glycine	-	R-HSA-156580	C00037	HMDB0000123	RAMP_C_000000078
REACTOME_PHASE_II_CONJUGATION_OF_COMPOUNDS	HCys	Homocysteine	-	R-HSA-156580	C00155	HMDB0000165	RAMP_C_000218762
REACTOME_PHASE_II_CONJUGATION_OF_COMPOUNDS	HipAcid	Hippuric acid	-	R-HSA-156580	C01586	HMDB0000714	RAMP_C_000000556
REACTOME_PHASE_II_CONJUGATION_OF_COMPOUNDS	LCA	Lithocholic acid	-	R-HSA-156580	C03990	HMDB0000381	RAMP_C_000000277
REACTOME_PHASE_II_CONJUGATION_OF_COMPOUNDS	Met	Methionine	-	R-HSA-156580	C00073	HMDB0000696	RAMP_C_000218711
REACTOME_PHASE_II_CONJUGATION_OF_COMPOUNDS	Nicotine	Nicotine	-	R-HSA-156580	C00745	HMDB0001001	RAMP_C_000158862
REACTOME_PHASE_II_CONJUGATION_OF_COMPOUNDS	Phenylacetylglutamine	Phenylacetylglutamine	-	R-HSA-156580	C04148	HMDB0006344	RAMP_C_000218777
REACTOME_PHASE_II_CONJUGATION_OF_COMPOUNDS	TLCA	Taurolithocholic acid	-	R-HSA-156580	C02592	HMDB0000722	RAMP_C_000218140
REACTOME_PHASE_I_FUNCTIONALIZATION_OF_COMPOUNDS	Arg	Arginine	-	R-HSA-211945	C00062	HMDB0000517	RAMP_C_000042003
REACTOME_PHASE_I_FUNCTIONALIZATION_OF_COMPOUNDS	CDCA	Chenodeoxycholic acid	-	R-HSA-211945	C02528	HMDB0000518	RAMP_C_000000390
REACTOME_PHASE_I_FUNCTIONALIZATION_OF_COMPOUNDS	Cortisol	Cortisol	-	R-HSA-211945	C00735	HMDB0000063	RAMP_C_000000045
REACTOME_PHASE_I_FUNCTIONALIZATION_OF_COMPOUNDS	DCA	Deoxycholic acid	-	R-HSA-211945	C04483	HMDB0000626	RAMP_C_000263082
REACTOME_PHASE_I_FUNCTIONALIZATION_OF_COMPOUNDS	FA 12:0	Lauric acid	-	R-HSA-211945	C02679	HMDB0000638	RAMP_C_000264780
REACTOME_PHASE_I_FUNCTIONALIZATION_OF_COMPOUNDS	FA 20:4n-6 (AA)	Arachidonic acid (AA; omega6)	-	R-HSA-211945	C00219	HMDB0001043	RAMP_C_000000804
REACTOME_PHASE_I_FUNCTIONALIZATION_OF_COMPOUNDS	FA 22:6n-3 (DHA)	Docosahexaenoic acid (DHA; omega3)	-	R-HSA-211945	C06429	HMDB0002183	RAMP_C_000001447
REACTOME_PHASE_I_FUNCTIONALIZATION_OF_COMPOUNDS	FA 2:0	Acetic acid	-	R-HSA-211945	C00033	HMDB0000042	RAMP_C_000218400
REACTOME_PHASE_I_FUNCTIONALIZATION_OF_COMPOUNDS	Histamine	Histamine	-	R-HSA-211945	C00388	HMDB0000870	RAMP_C_000000678
REACTOME_PHASE_I_FUNCTIONALIZATION_OF_COMPOUNDS	LCA	Lithocholic acid	-	R-HSA-211945	C03990	HMDB0000381	RAMP_C_000000277
REACTOME_PHASE_I_FUNCTIONALIZATION_OF_COMPOUNDS	Melatonin	Melatonin	-	R-HSA-211945	C01598	HMDB0001389	RAMP_C_000001056
REACTOME_PHASE_I_FUNCTIONALIZATION_OF_COMPOUNDS	N1-Ac-Spermidine	N1-Acetylspermidine	-	R-HSA-211945	C00612	HMDB0001276	RAMP_C_000262968
REACTOME_PHASE_I_FUNCTIONALIZATION_OF_COMPOUNDS	N1-Ac-Spermine	N1-Acetylspermine	-	R-HSA-211945	C02567	HMDB0001186	RAMP_C_000041921
REACTOME_PHASE_I_FUNCTIONALIZATION_OF_COMPOUNDS	PEA	Phenylethylamine	-	R-HSA-211945	C05332	HMDB0012275	RAMP_C_000007754
REACTOME_PHASE_I_FUNCTIONALIZATION_OF_COMPOUNDS	Putrescine	Putrescine	-	R-HSA-211945	C00134	HMDB0001414	RAMP_C_000001073
REACTOME_PHASE_I_FUNCTIONALIZATION_OF_COMPOUNDS	Serotonin	Serotonin	-	R-HSA-211945	C00780	HMDB0000259	RAMP_C_000000177
REACTOME_PHASE_I_FUNCTIONALIZATION_OF_COMPOUNDS	Spermidine	Spermidine	-	R-HSA-211945	C00315	HMDB0001257	RAMP_C_000000954
REACTOME_PHASE_I_FUNCTIONALIZATION_OF_COMPOUNDS	Spermine	Spermine	-	R-HSA-211945	C00750	HMDB0001256	RAMP_C_000218544
REACTOME_PHASE_I_FUNCTIONALIZATION_OF_COMPOUNDS	TMAO	Trimethylamine N-oxide	-	R-HSA-211945	C01104	HMDB0000925	RAMP_C_000000723
REACTOME_PHASE_I_FUNCTIONALIZATION_OF_COMPOUNDS	Tyramine	Tyramine	-	R-HSA-211945	C00483	HMDB0000306	RAMP_C_000000209
REACTOME_PHASE_I_FUNCTIONALIZATION_OF_COMPOUNDS	Val	Valine	-	R-HSA-211945	C00183	HMDB0000883	RAMP_C_000218704
REACTOME_PHENYLALANINE_AND_TYROSINE_METABOLISM	4-OH-Phenylpyruvic acid	4-Hydroxyphenylpyruvic acid	-	R-HSA-8963691	C01179	HMDB0000707	RAMP_C_000000549
REACTOME_PHENYLALANINE_AND_TYROSINE_METABOLISM	Ala	Alanine	-	R-HSA-8963691	C00041	HMDB0000161	RAMP_C_000000104
REACTOME_PHENYLALANINE_AND_TYROSINE_METABOLISM	Asp	Aspartic acid	-	R-HSA-8963691	C00049	HMDB0000191	RAMP_C_000218398
REACTOME_PHENYLALANINE_AND_TYROSINE_METABOLISM	Fumaric acid	Fumaric acid	-	R-HSA-8963691	C00122	HMDB0000134	RAMP_C_000218394
REACTOME_PHENYLALANINE_AND_TYROSINE_METABOLISM	Glu	Glutamic acid	-	R-HSA-8963691	C00025	HMDB0000148	RAMP_C_000218397
REACTOME_PHENYLALANINE_AND_TYROSINE_METABOLISM	Indolepyruvic acid	Indolepyruvic acid	-	R-HSA-8963691	C00331	HMDB0060484	RAMP_C_000262180
REACTOME_PHENYLALANINE_AND_TYROSINE_METABOLISM	Phe	Phenylalanine	-	R-HSA-8963691	C00079	HMDB0000159	RAMP_C_000218749
REACTOME_PHENYLALANINE_AND_TYROSINE_METABOLISM	Phenylpyruvic acid	Phenylpyruvic acid	-	R-HSA-8963691	C00166	HMDB0000205	RAMP_C_000216964
REACTOME_PHENYLALANINE_AND_TYROSINE_METABOLISM	Pyruvic acid	Pyruvic acid	-	R-HSA-8963691	C00022	HMDB0000243	RAMP_C_000218028
REACTOME_PHENYLALANINE_AND_TYROSINE_METABOLISM	Tyr	Tyrosine	-	R-HSA-8963691	C00082	HMDB0000158	RAMP_C_000218778
REACTOME_PHENYLALANINE_AND_TYROSINE_METABOLISM	a-Ketoglutaric acid	alpha-Ketoglutaric acid	-	R-HSA-8963691	C00026	HMDB0000208	RAMP_C_000274401
REACTOME_PHENYLALANINE_METABOLISM	Ala	Alanine	-	R-HSA-8964208	C00041	HMDB0000161	RAMP_C_000000104
REACTOME_PHENYLALANINE_METABOLISM	Asp	Aspartic acid	-	R-HSA-8964208	C00049	HMDB0000191	RAMP_C_000218398
REACTOME_PHENYLALANINE_METABOLISM	Indolepyruvic acid	Indolepyruvic acid	-	R-HSA-8964208	C00331	HMDB0060484	RAMP_C_000262180
REACTOME_PHENYLALANINE_METABOLISM	Phe	Phenylalanine	-	R-HSA-8964208	C00079	HMDB0000159	RAMP_C_000218749
REACTOME_PHENYLALANINE_METABOLISM	Phenylpyruvic acid	Phenylpyruvic acid	-	R-HSA-8964208	C00166	HMDB0000205	RAMP_C_000216964
REACTOME_PHENYLALANINE_METABOLISM	Pyruvic acid	Pyruvic acid	-	R-HSA-8964208	C00022	HMDB0000243	RAMP_C_000218028
REACTOME_PHENYLALANINE_METABOLISM	Tyr	Tyrosine	-	R-HSA-8964208	C00082	HMDB0000158	RAMP_C_000218778
REACTOME_PLATELET_ACTIVATION_SIGNALING_AND_AGGREGATION	Epinephrine	Epinephrine	-	R-HSA-76002	C00788	HMDB0000068	RAMP_C_000000048
REACTOME_PLATELET_ACTIVATION_SIGNALING_AND_AGGREGATION	FA 20:4n-6 (AA)	Arachidonic acid (AA; omega6)	-	R-HSA-76002	C00219	HMDB0001043	RAMP_C_000000804
REACTOME_PLATELET_ACTIVATION_SIGNALING_AND_AGGREGATION	MG 20:4	MG 20:4	-	R-HSA-76002	C13856	HMDB0004666	RAMP_C_000002127
REACTOME_PLATELET_ACTIVATION_SIGNALING_AND_AGGREGATION	Norepinephrine	Norepinephrine	-	R-HSA-76002	C00547	HMDB0000216	RAMP_C_000219112
REACTOME_PLATELET_ACTIVATION_SIGNALING_AND_AGGREGATION	PS 32:0	PS 32:0	-	R-HSA-76002	C02737	HMDB0000614	RAMP_C_000217830
REACTOME_PLATELET_ACTIVATION_SIGNALING_AND_AGGREGATION	Serotonin	Serotonin	-	R-HSA-76002	C00780	HMDB0000259	RAMP_C_000000177
REACTOME_PLATELET_HOMEOSTASIS	Arg	Arginine	-	R-HSA-418346	C00062	HMDB0000517	RAMP_C_000042003
REACTOME_PLATELET_HOMEOSTASIS	Cit	Citrulline	-	R-HSA-418346	C00327	HMDB0000904	RAMP_C_000218703
REACTOME_PLATELET_HOMEOSTASIS	FA 2:0	Acetic acid	-	R-HSA-418346	C00033	HMDB0000042	RAMP_C_000218400
REACTOME_PLATELET_HOMEOSTASIS	cGMP	Guanosine monophosphate, cyclic (cGMP)	-	R-HSA-418346	C00942	HMDB0001314	RAMP_C_000000995
REACTOME_POST_TRANSLATIONAL_PROTEIN_MODIFICATION	AHCys	S-Adenosylhomocysteine	-	R-HSA-597592	C00021	HMDB0000939	RAMP_C_000218715
REACTOME_POST_TRANSLATIONAL_PROTEIN_MODIFICATION	CA	Cholic acid	-	R-HSA-597592	C00695	HMDB0000505	RAMP_C_000218390
REACTOME_POST_TRANSLATIONAL_PROTEIN_MODIFICATION	CDCA	Chenodeoxycholic acid	-	R-HSA-597592	C02528	HMDB0000518	RAMP_C_000000390
REACTOME_POST_TRANSLATIONAL_PROTEIN_MODIFICATION	Cortisol	Cortisol	-	R-HSA-597592	C00735	HMDB0000063	RAMP_C_000000045
REACTOME_POST_TRANSLATIONAL_PROTEIN_MODIFICATION	FA 2:0	Acetic acid	-	R-HSA-597592	C00033	HMDB0000042	RAMP_C_000218400
REACTOME_POST_TRANSLATIONAL_PROTEIN_MODIFICATION	Gln	Glutamine	-	R-HSA-597592	C00064	HMDB0000641	RAMP_C_000218784
REACTOME_POST_TRANSLATIONAL_PROTEIN_MODIFICATION	Glu	Glutamic acid	-	R-HSA-597592	C00025	HMDB0000148	RAMP_C_000218397
REACTOME_POST_TRANSLATIONAL_PROTEIN_MODIFICATION	Gly	Glycine	-	R-HSA-597592	C00037	HMDB0000123	RAMP_C_000000078
REACTOME_POST_TRANSLATIONAL_PROTEIN_MODIFICATION	Lys	Lysine	-	R-HSA-597592	C00047	HMDB0000182	RAMP_C_000000117
REACTOME_POST_TRANSLATIONAL_PROTEIN_MODIFICATION	Mannose	Mannose	-	R-HSA-597592	C00159	HMDB0000169	RAMP_C_000000110
REACTOME_POST_TRANSLATIONAL_PROTEIN_MODIFICATION	Met	Methionine	-	R-HSA-597592	C00073	HMDB0000696	RAMP_C_000218711
REACTOME_POST_TRANSLATIONAL_PROTEIN_MODIFICATION	Pyruvic acid	Pyruvic acid	-	R-HSA-597592	C00022	HMDB0000243	RAMP_C_000218028
REACTOME_POST_TRANSLATIONAL_PROTEIN_MODIFICATION	Spermidine	Spermidine	-	R-HSA-597592	C00315	HMDB0001257	RAMP_C_000000954
REACTOME_POST_TRANSLATIONAL_PROTEIN_MODIFICATION	Suc	Succinic acid	-	R-HSA-597592	C00042	HMDB0000254	RAMP_C_000218399
REACTOME_POST_TRANSLATIONAL_PROTEIN_MODIFICATION	Tyr	Tyrosine	-	R-HSA-597592	C00082	HMDB0000158	RAMP_C_000218778
REACTOME_POST_TRANSLATIONAL_PROTEIN_MODIFICATION	a-Ketoglutaric acid	alpha-Ketoglutaric acid	-	R-HSA-597592	C00026	HMDB0000208	RAMP_C_000274401
REACTOME_PPARA_ACTIVATES_GENE_EXPRESSION	CDCA	Chenodeoxycholic acid	-	R-HSA-1989781	C02528	HMDB0000518	RAMP_C_000000390
REACTOME_PPARA_ACTIVATES_GENE_EXPRESSION	DCA	Deoxycholic acid	-	R-HSA-1989781	C04483	HMDB0000626	RAMP_C_000263082
REACTOME_PPARA_ACTIVATES_GENE_EXPRESSION	FA 16:0	Palmitic acid	-	R-HSA-1989781	C00249	HMDB0000220	RAMP_C_000219234
REACTOME_PPARA_ACTIVATES_GENE_EXPRESSION	FA 18:2	Linoleic acid	-	R-HSA-1989781	C01595	HMDB0000673	RAMP_C_000263195
REACTOME_PPARA_ACTIVATES_GENE_EXPRESSION	FA 20:4n-6 (AA)	Arachidonic acid (AA; omega6)	-	R-HSA-1989781	C00219	HMDB0001043	RAMP_C_000000804
REACTOME_PPARA_ACTIVATES_GENE_EXPRESSION	FA 20:5n-3 (EPA)	Eicosapentaenoic acid (EPA; omega3)	-	R-HSA-1989781	C06428	HMDB0001999	RAMP_C_000001315
REACTOME_PPARA_ACTIVATES_GENE_EXPRESSION	LCA	Lithocholic acid	-	R-HSA-1989781	C03990	HMDB0000381	RAMP_C_000000277
REACTOME_PROLINE_CATABOLISM	Glu	Glutamic acid	-	R-HSA-70688	C00025	HMDB0000148	RAMP_C_000218397
REACTOME_PROLINE_CATABOLISM	Pro	Proline	-	R-HSA-70688	C00148	HMDB0000162	RAMP_C_000218861
REACTOME_PROLINE_CATABOLISM	t4-OH-Pro	trans-4-Hydroxyproline	-	R-HSA-70688	C01157	HMDB0000725	RAMP_C_000000565
REACTOME_PROTEIN_REPAIR	AHCys	S-Adenosylhomocysteine	-	R-HSA-5676934	C00021	HMDB0000939	RAMP_C_000218715
REACTOME_PROTEIN_REPAIR	Arg	Arginine	-	R-HSA-5676934	C00062	HMDB0000517	RAMP_C_000042003
REACTOME_PROTEIN_REPAIR	Asn	Asparagine	-	R-HSA-5676934	C00152	HMDB0000168	RAMP_C_000218742
REACTOME_PROTEIN_REPAIR	Asp	Aspartic acid	-	R-HSA-5676934	C00049	HMDB0000191	RAMP_C_000218398
REACTOME_PROTEIN_REPAIR	Met	Methionine	-	R-HSA-5676934	C00073	HMDB0000696	RAMP_C_000218711
REACTOME_PROTEIN_REPAIR	Met-SO	Methionine sulfoxide	-	R-HSA-5676934	C02989	HMDB0002005	RAMP_C_000001320
REACTOME_PROTEIN_REPAIR	N-Met-Asp	N-Methylaspartic acid	-	R-HSA-5676934	C12269	HMDB0002393	RAMP_C_000001590
REACTOME_PROTON_COUPLED_NEUTRAL_AMINO_ACID_TRANSPORTERS	Ala	Alanine	-	R-HSA-428559	C00041	HMDB0000161	RAMP_C_000000104
REACTOME_PROTON_COUPLED_NEUTRAL_AMINO_ACID_TRANSPORTERS	Gly	Glycine	-	R-HSA-428559	C00037	HMDB0000123	RAMP_C_000000078
REACTOME_PROTON_COUPLED_NEUTRAL_AMINO_ACID_TRANSPORTERS	Pro	Proline	-	R-HSA-428559	C00148	HMDB0000162	RAMP_C_000218861
REACTOME_PURINE_CATABOLISM	Adenosine	Adenosine	-	R-HSA-74259	C00212	HMDB0000050	RAMP_C_000000034
REACTOME_PURINE_CATABOLISM	Deoxyguanosine	Deoxyguanosine	-	R-HSA-74259	C00330	HMDB0000085	RAMP_C_000000058
REACTOME_PURINE_CATABOLISM	Guanine	Guanine	-	R-HSA-74259	C00242	HMDB0000132	RAMP_C_000000086
REACTOME_PURINE_CATABOLISM	Guanosine	Guanosine	-	R-HSA-74259	C00387	HMDB0000133	RAMP_C_000000087
REACTOME_PURINE_CATABOLISM	Hypoxanthine	Hypoxanthine	-	R-HSA-74259	C00262	HMDB0000157	RAMP_C_000000101
REACTOME_PURINE_CATABOLISM	Inosine	Inosine	-	R-HSA-74259	C00294	HMDB0000195	RAMP_C_000000126
REACTOME_PURINE_CATABOLISM	Uric acid	Uric acid	-	R-HSA-74259	C00366	HMDB0000289	RAMP_C_000000194
REACTOME_PURINE_CATABOLISM	Xanthine	Xanthine	-	R-HSA-74259	C00385	HMDB0000292	RAMP_C_000000197
REACTOME_PURINE_RIBONUCLEOSIDE_MONOPHOSPHATE_BIOSYNTHESIS	Asp	Aspartic acid	-	R-HSA-73817	C00049	HMDB0000191	RAMP_C_000218398
REACTOME_PURINE_RIBONUCLEOSIDE_MONOPHOSPHATE_BIOSYNTHESIS	Fumaric acid	Fumaric acid	-	R-HSA-73817	C00122	HMDB0000134	RAMP_C_000218394
REACTOME_PURINE_RIBONUCLEOSIDE_MONOPHOSPHATE_BIOSYNTHESIS	Gln	Glutamine	-	R-HSA-73817	C00064	HMDB0000641	RAMP_C_000218784
REACTOME_PURINE_RIBONUCLEOSIDE_MONOPHOSPHATE_BIOSYNTHESIS	Glu	Glutamic acid	-	R-HSA-73817	C00025	HMDB0000148	RAMP_C_000218397
REACTOME_PURINE_RIBONUCLEOSIDE_MONOPHOSPHATE_BIOSYNTHESIS	Gly	Glycine	-	R-HSA-73817	C00037	HMDB0000123	RAMP_C_000000078
REACTOME_PYRIMIDINE_BIOSYNTHESIS	Asp	Aspartic acid	-	R-HSA-500753	C00049	HMDB0000191	RAMP_C_000218398
REACTOME_PYRIMIDINE_BIOSYNTHESIS	Carbamoyl-PO4	Carbamoylphosphate	-	R-HSA-500753	C00169	HMDB0001096	RAMP_C_000218766
REACTOME_PYRIMIDINE_BIOSYNTHESIS	Gln	Glutamine	-	R-HSA-500753	C00064	HMDB0000641	RAMP_C_000218784
REACTOME_PYRIMIDINE_BIOSYNTHESIS	Glu	Glutamic acid	-	R-HSA-500753	C00025	HMDB0000148	RAMP_C_000218397
REACTOME_PYRIMIDINE_BIOSYNTHESIS	Orotic acid	Orotic acid	-	R-HSA-500753	C00295	HMDB0000226	RAMP_C_000000150
REACTOME_PYRIMIDINE_CATABOLISM	Ala	Alanine	-	R-HSA-73621	C00041	HMDB0000161	RAMP_C_000000104
REACTOME_PYRIMIDINE_CATABOLISM	Cytidine	Cytidine	-	R-HSA-73621	C00475	HMDB0000089	RAMP_C_000000061
REACTOME_PYRIMIDINE_CATABOLISM	Deoxycytidine	Deoxycytidine	-	R-HSA-73621	C00881	HMDB0000014	RAMP_C_000000008
REACTOME_PYRIMIDINE_CATABOLISM	Pyruvic acid	Pyruvic acid	-	R-HSA-73621	C00022	HMDB0000243	RAMP_C_000218028
REACTOME_PYRIMIDINE_CATABOLISM	Thymidine	Thymidine	-	R-HSA-73621	C00214	HMDB0000273	RAMP_C_000000186
REACTOME_PYRIMIDINE_CATABOLISM	Thymine	Thymine	-	R-HSA-73621	C00178	HMDB0000262	RAMP_C_000000178
REACTOME_PYRIMIDINE_CATABOLISM	Uracil	Uracil	-	R-HSA-73621	C00106	HMDB0000300	RAMP_C_000000203
REACTOME_PYRIMIDINE_CATABOLISM	Uridine	Uridine	-	R-HSA-73621	C00299	HMDB0000296	RAMP_C_000000201
REACTOME_PYRIMIDINE_CATABOLISM	beta-Ala	beta-Alanine	-	R-HSA-73621	C00099	HMDB0000056	RAMP_C_000218729
REACTOME_PYRIMIDINE_SALVAGE	Cytidine	Cytidine	-	R-HSA-73614	C00475	HMDB0000089	RAMP_C_000000061
REACTOME_PYRIMIDINE_SALVAGE	Deoxycytidine	Deoxycytidine	-	R-HSA-73614	C00881	HMDB0000014	RAMP_C_000000008
REACTOME_PYRIMIDINE_SALVAGE	Thymidine	Thymidine	-	R-HSA-73614	C00214	HMDB0000273	RAMP_C_000000186
REACTOME_PYRIMIDINE_SALVAGE	Thymine	Thymine	-	R-HSA-73614	C00178	HMDB0000262	RAMP_C_000000178
REACTOME_PYRIMIDINE_SALVAGE	Uracil	Uracil	-	R-HSA-73614	C00106	HMDB0000300	RAMP_C_000000203
REACTOME_PYRIMIDINE_SALVAGE	Uridine	Uridine	-	R-HSA-73614	C00299	HMDB0000296	RAMP_C_000000201
REACTOME_PYRUVATE_METABOLISM	Ala	Alanine	-	R-HSA-70268	C00041	HMDB0000161	RAMP_C_000000104
REACTOME_PYRUVATE_METABOLISM	FA 2:0	Acetic acid	-	R-HSA-70268	C00033	HMDB0000042	RAMP_C_000218400
REACTOME_PYRUVATE_METABOLISM	Fumaric acid	Fumaric acid	-	R-HSA-70268	C00122	HMDB0000134	RAMP_C_000218394
REACTOME_PYRUVATE_METABOLISM	Glu	Glutamic acid	-	R-HSA-70268	C00025	HMDB0000148	RAMP_C_000218397
REACTOME_PYRUVATE_METABOLISM	Glyoxylic acid	Glyoxylic acid	-	R-HSA-70268	C00048	HMDB0000119	RAMP_C_000218495
REACTOME_PYRUVATE_METABOLISM	Lac	Lactic acid	-	R-HSA-70268	C00186	HMDB0000190	RAMP_C_000218078
REACTOME_PYRUVATE_METABOLISM	Malic acid	Malic acid	-	R-HSA-70268	C00149	HMDB0000156	RAMP_C_000218036
REACTOME_PYRUVATE_METABOLISM	Nicotinamide (B3)	Nicotinamide (B3)	-	R-HSA-70268	C00153	HMDB0001406	RAMP_C_000001067
REACTOME_PYRUVATE_METABOLISM	Oxaloacetic acid	Oxaloacetic acid	-	R-HSA-70268	C00036	HMDB0000223	RAMP_C_000262942
REACTOME_PYRUVATE_METABOLISM	Pyruvic acid	Pyruvic acid	-	R-HSA-70268	C00022	HMDB0000243	RAMP_C_000218028
REACTOME_PYRUVATE_METABOLISM	a-Ketoglutaric acid	alpha-Ketoglutaric acid	-	R-HSA-70268	C00026	HMDB0000208	RAMP_C_000274401
REACTOME_PYRUVATE_METABOLISM	cAMP	Adenosine monophosphate, cyclic (cAMP)	-	R-HSA-70268	C00575	HMDB0000058	RAMP_C_000218758
REACTOME_RAS_PROCESSING	AHCys	S-Adenosylhomocysteine	-	R-HSA-9648002	C00021	HMDB0000939	RAMP_C_000218715
REACTOME_RAS_PROCESSING	DG 16:0_16:0	DG 16:0_16:0	-	R-HSA-9648002	C00165	HMDB0007098	RAMP_C_000219428
REACTOME_RAS_PROCESSING	FA 16:0	Palmitic acid	-	R-HSA-9648002	C00249	HMDB0000220	RAMP_C_000219234
REACTOME_RAS_PROCESSING	cGMP	Guanosine monophosphate, cyclic (cGMP)	-	R-HSA-9648002	C00942	HMDB0001314	RAMP_C_000000995
REACTOME_REGULATION_OF_PYRUVATE_DEHYDROGENASE_PDH_COMPLEX	Glyoxylic acid	Glyoxylic acid	-	R-HSA-204174	C00048	HMDB0000119	RAMP_C_000218495
REACTOME_REGULATION_OF_PYRUVATE_DEHYDROGENASE_PDH_COMPLEX	Nicotinamide (B3)	Nicotinamide (B3)	-	R-HSA-204174	C00153	HMDB0001406	RAMP_C_000001067
REACTOME_REGULATION_OF_PYRUVATE_DEHYDROGENASE_PDH_COMPLEX	Pyruvic acid	Pyruvic acid	-	R-HSA-204174	C00022	HMDB0000243	RAMP_C_000218028
REACTOME_RESPIRATORY_ELECTRON_TRANSPORT	Asp	Aspartic acid	-	R-HSA-611105	C00049	HMDB0000191	RAMP_C_000218398
REACTOME_RESPIRATORY_ELECTRON_TRANSPORT	Fumaric acid	Fumaric acid	-	R-HSA-611105	C00122	HMDB0000134	RAMP_C_000218394
REACTOME_RESPIRATORY_ELECTRON_TRANSPORT	Glu	Glutamic acid	-	R-HSA-611105	C00025	HMDB0000148	RAMP_C_000218397
REACTOME_RESPIRATORY_ELECTRON_TRANSPORT	Itaconic acid	Itaconic acid	-	R-HSA-611105	C00490	HMDB0002092	RAMP_C_000218143
REACTOME_RESPIRATORY_ELECTRON_TRANSPORT	Malic acid	Malic acid	-	R-HSA-611105	C00149	HMDB0000156	RAMP_C_000218036
REACTOME_RESPIRATORY_ELECTRON_TRANSPORT	Oxaloacetic acid	Oxaloacetic acid	-	R-HSA-611105	C00036	HMDB0000223	RAMP_C_000262942
REACTOME_RESPIRATORY_ELECTRON_TRANSPORT	Suc	Succinic acid	-	R-HSA-611105	C00042	HMDB0000254	RAMP_C_000218399
REACTOME_RESPIRATORY_ELECTRON_TRANSPORT	a-Ketoglutaric acid	alpha-Ketoglutaric acid	-	R-HSA-611105	C00026	HMDB0000208	RAMP_C_000274401
REACTOME_REUPTAKE_OF_GABA	Betaine	Betaine	-	R-HSA-888593	C00719	HMDB0000043	RAMP_C_000000030
REACTOME_REUPTAKE_OF_GABA	GABA	gamma-Aminobutyric acid	-	R-HSA-888593	C00334	HMDB0000112	RAMP_C_000219510
REACTOME_REUPTAKE_OF_GABA	beta-Ala	beta-Alanine	-	R-HSA-888593	C00099	HMDB0000056	RAMP_C_000218729
REACTOME_RHO_GTPASE_EFFECTORS	FA 20:4n-6 (AA)	Arachidonic acid (AA; omega6)	-	R-HSA-195258	C00219	HMDB0001043	RAMP_C_000000804
REACTOME_RHO_GTPASE_EFFECTORS	Suc	Succinic acid	-	R-HSA-195258	C00042	HMDB0000254	RAMP_C_000218399
REACTOME_RHO_GTPASE_EFFECTORS	a-Ketoglutaric acid	alpha-Ketoglutaric acid	-	R-HSA-195258	C00026	HMDB0000208	RAMP_C_000274401
REACTOME_ROS_AND_RNS_PRODUCTION_IN_PHAGOCYTES	Arg	Arginine	-	R-HSA-1222556	C00062	HMDB0000517	RAMP_C_000042003
REACTOME_ROS_AND_RNS_PRODUCTION_IN_PHAGOCYTES	Cit	Citrulline	-	R-HSA-1222556	C00327	HMDB0000904	RAMP_C_000218703
REACTOME_ROS_AND_RNS_PRODUCTION_IN_PHAGOCYTES	Deoxyguanosine	Deoxyguanosine	-	R-HSA-1222556	C00330	HMDB0000085	RAMP_C_000000058
REACTOME_SENSORY_PERCEPTION	AHCys	S-Adenosylhomocysteine	-	R-HSA-9709957	C00021	HMDB0000939	RAMP_C_000218715
REACTOME_SENSORY_PERCEPTION	Asp	Aspartic acid	-	R-HSA-9709957	C00049	HMDB0000191	RAMP_C_000218398
REACTOME_SENSORY_PERCEPTION	Benzoic acid	Benzoic acid	-	R-HSA-9709957	C00180	HMDB0001870	RAMP_C_000001222
REACTOME_SENSORY_PERCEPTION	Citric acid	Citric acid	-	R-HSA-9709957	C00158	HMDB0000094	RAMP_C_000218121
REACTOME_SENSORY_PERCEPTION	Cortisone	Cortisone	-	R-HSA-9709957	C00762	HMDB0002802	RAMP_C_000001680
REACTOME_SENSORY_PERCEPTION	DG 16:0_16:0	DG 16:0_16:0	-	R-HSA-9709957	C00165	HMDB0007098	RAMP_C_000219428
REACTOME_SENSORY_PERCEPTION	FA 12:0	Lauric acid	-	R-HSA-9709957	C02679	HMDB0000638	RAMP_C_000264780
REACTOME_SENSORY_PERCEPTION	FA 16:0	Palmitic acid	-	R-HSA-9709957	C00249	HMDB0000220	RAMP_C_000219234
REACTOME_SENSORY_PERCEPTION	FA 18:1	Oleic acid	-	R-HSA-9709957	C00712	HMDB0000207	RAMP_C_000218407
REACTOME_SENSORY_PERCEPTION	FA 18:2	Linoleic acid	-	R-HSA-9709957	C01595	HMDB0000673	RAMP_C_000263195
REACTOME_SENSORY_PERCEPTION	FA 22:6n-3 (DHA)	Docosahexaenoic acid (DHA; omega3)	-	R-HSA-9709957	C06429	HMDB0002183	RAMP_C_000001447
REACTOME_SENSORY_PERCEPTION	FA 2:0	Acetic acid	-	R-HSA-9709957	C00033	HMDB0000042	RAMP_C_000218400
REACTOME_SENSORY_PERCEPTION	FA 3:0	Propanoic acid	-	R-HSA-9709957	C00163	HMDB0000237	RAMP_C_000220356
REACTOME_SENSORY_PERCEPTION	FA 4:0	Butyric acid	-	R-HSA-9709957	C00246	HMDB0000039	RAMP_C_000000028
REACTOME_SENSORY_PERCEPTION	FA 4:0-3M	Isovaleric acid	-	R-HSA-9709957	C08262	HMDB0000718	RAMP_C_000267279
REACTOME_SENSORY_PERCEPTION	FA 6:0	Caproic acid	-	R-HSA-9709957	C01585	HMDB0000535	RAMP_C_000000405
REACTOME_SENSORY_PERCEPTION	FA 7:0	Heptanoic acid	-	R-HSA-9709957	C17714	HMDB0000666	RAMP_C_000217257
REACTOME_SENSORY_PERCEPTION	FA 8:0	Caprylic acid	-	R-HSA-9709957	C06423	HMDB0000482	RAMP_C_000217324
REACTOME_SENSORY_PERCEPTION	Glu	Glutamic acid	-	R-HSA-9709957	C00025	HMDB0000148	RAMP_C_000218397
REACTOME_SENSORY_PERCEPTION	Lac	Lactic acid	-	R-HSA-9709957	C00186	HMDB0000190	RAMP_C_000218078
REACTOME_SENSORY_PERCEPTION	Met	Methionine	-	R-HSA-9709957	C00073	HMDB0000696	RAMP_C_000218711
REACTOME_SENSORY_PERCEPTION	cAMP	Adenosine monophosphate, cyclic (cAMP)	-	R-HSA-9709957	C00575	HMDB0000058	RAMP_C_000218758
REACTOME_SENSORY_PERCEPTION	cGMP	Guanosine monophosphate, cyclic (cGMP)	-	R-HSA-9709957	C00942	HMDB0001314	RAMP_C_000000995
REACTOME_SENSORY_PERCEPTION_OF_SWEET_BITTER_AND_UMAMI_GLUTAMATE_TASTE	Asp	Aspartic acid	-	R-HSA-9717207	C00049	HMDB0000191	RAMP_C_000218398
REACTOME_SENSORY_PERCEPTION_OF_SWEET_BITTER_AND_UMAMI_GLUTAMATE_TASTE	Benzoic acid	Benzoic acid	-	R-HSA-9717207	C00180	HMDB0001870	RAMP_C_000001222
REACTOME_SENSORY_PERCEPTION_OF_SWEET_BITTER_AND_UMAMI_GLUTAMATE_TASTE	Cortisone	Cortisone	-	R-HSA-9717207	C00762	HMDB0002802	RAMP_C_000001680
REACTOME_SENSORY_PERCEPTION_OF_SWEET_BITTER_AND_UMAMI_GLUTAMATE_TASTE	Glu	Glutamic acid	-	R-HSA-9717207	C00025	HMDB0000148	RAMP_C_000218397
REACTOME_SENSORY_PERCEPTION_OF_TASTE	Asp	Aspartic acid	-	R-HSA-9717189	C00049	HMDB0000191	RAMP_C_000218398
REACTOME_SENSORY_PERCEPTION_OF_TASTE	Benzoic acid	Benzoic acid	-	R-HSA-9717189	C00180	HMDB0001870	RAMP_C_000001222
REACTOME_SENSORY_PERCEPTION_OF_TASTE	Citric acid	Citric acid	-	R-HSA-9717189	C00158	HMDB0000094	RAMP_C_000218121
REACTOME_SENSORY_PERCEPTION_OF_TASTE	Cortisone	Cortisone	-	R-HSA-9717189	C00762	HMDB0002802	RAMP_C_000001680
REACTOME_SENSORY_PERCEPTION_OF_TASTE	FA 2:0	Acetic acid	-	R-HSA-9717189	C00033	HMDB0000042	RAMP_C_000218400
REACTOME_SENSORY_PERCEPTION_OF_TASTE	Glu	Glutamic acid	-	R-HSA-9717189	C00025	HMDB0000148	RAMP_C_000218397
REACTOME_SERINE_BIOSYNTHESIS	Glu	Glutamic acid	-	R-HSA-977347	C00025	HMDB0000148	RAMP_C_000218397
REACTOME_SERINE_BIOSYNTHESIS	Pyruvic acid	Pyruvic acid	-	R-HSA-977347	C00022	HMDB0000243	RAMP_C_000218028
REACTOME_SERINE_BIOSYNTHESIS	Ser	Serine	-	R-HSA-977347	C00065	HMDB0000187	RAMP_C_000218440
REACTOME_SERINE_BIOSYNTHESIS	a-Ketoglutaric acid	alpha-Ketoglutaric acid	-	R-HSA-977347	C00026	HMDB0000208	RAMP_C_000274401
REACTOME_SEROTONIN_AND_MELATONIN_BIOSYNTHESIS	5-OH-Trp	5-Hydroxytryptophan	-	R-HSA-209931	C00643	HMDB0000472	RAMP_C_000218770
REACTOME_SEROTONIN_AND_MELATONIN_BIOSYNTHESIS	AHCys	S-Adenosylhomocysteine	-	R-HSA-209931	C00021	HMDB0000939	RAMP_C_000218715
REACTOME_SEROTONIN_AND_MELATONIN_BIOSYNTHESIS	Melatonin	Melatonin	-	R-HSA-209931	C01598	HMDB0001389	RAMP_C_000001056
REACTOME_SEROTONIN_AND_MELATONIN_BIOSYNTHESIS	Serotonin	Serotonin	-	R-HSA-209931	C00780	HMDB0000259	RAMP_C_000000177
REACTOME_SEROTONIN_AND_MELATONIN_BIOSYNTHESIS	Trp	Tryptophan	-	R-HSA-209931	C00078	HMDB0000929	RAMP_C_000218721
REACTOME_SIGNALING_BY_GPCR	3-OH-Butyric acid	3-Hydroxybutyric acid	-	R-HSA-372790	C01089	HMDB0000011	RAMP_C_000218499
REACTOME_SIGNALING_BY_GPCR	Adenosine	Adenosine	-	R-HSA-372790	C00212	HMDB0000050	RAMP_C_000000034
REACTOME_SIGNALING_BY_GPCR	Arg	Arginine	-	R-HSA-372790	C00062	HMDB0000517	RAMP_C_000042003
REACTOME_SIGNALING_BY_GPCR	CA	Cholic acid	-	R-HSA-372790	C00695	HMDB0000505	RAMP_C_000218390
REACTOME_SIGNALING_BY_GPCR	CDCA	Chenodeoxycholic acid	-	R-HSA-372790	C02528	HMDB0000518	RAMP_C_000000390
REACTOME_SIGNALING_BY_GPCR	DCA	Deoxycholic acid	-	R-HSA-372790	C04483	HMDB0000626	RAMP_C_000263082
REACTOME_SIGNALING_BY_GPCR	DG 16:0_16:0	DG 16:0_16:0	-	R-HSA-372790	C00165	HMDB0007098	RAMP_C_000219428
REACTOME_SIGNALING_BY_GPCR	DOPA	Dihydroxyphenylalanine	-	R-HSA-372790	C00355	HMDB0000181	RAMP_C_000218668
REACTOME_SIGNALING_BY_GPCR	Dopamine	Dopamine	-	R-HSA-372790	C03758	HMDB0000073	RAMP_C_000218860
REACTOME_SIGNALING_BY_GPCR	Epinephrine	Epinephrine	-	R-HSA-372790	C00788	HMDB0000068	RAMP_C_000000048
REACTOME_SIGNALING_BY_GPCR	FA 12:0	Lauric acid	-	R-HSA-372790	C02679	HMDB0000638	RAMP_C_000264780
REACTOME_SIGNALING_BY_GPCR	FA 14:0	Myristic acid	-	R-HSA-372790	C06424	HMDB0000806	RAMP_C_000264781
REACTOME_SIGNALING_BY_GPCR	FA 15:0	Pentadecanoic acid	-	R-HSA-372790	C16537	HMDB0000826	RAMP_C_000000647
REACTOME_SIGNALING_BY_GPCR	FA 16:0	Palmitic acid	-	R-HSA-372790	C00249	HMDB0000220	RAMP_C_000219234
REACTOME_SIGNALING_BY_GPCR	FA 16:1	Palmitoleic acid	-	R-HSA-372790	C08362	HMDB0003229	RAMP_C_000001779
REACTOME_SIGNALING_BY_GPCR	FA 18:1	Oleic acid	-	R-HSA-372790	C00712	HMDB0000207	RAMP_C_000218407
REACTOME_SIGNALING_BY_GPCR	FA 20:3n-6	Dihomo-gamma-linolenic acid (omega6)	-	R-HSA-372790	C03242	HMDB0002925	RAMP_C_000266357
REACTOME_SIGNALING_BY_GPCR	FA 20:4n-6 (AA)	Arachidonic acid (AA; omega6)	-	R-HSA-372790	C00219	HMDB0001043	RAMP_C_000000804
REACTOME_SIGNALING_BY_GPCR	FA 20:5n-3 (EPA)	Eicosapentaenoic acid (EPA; omega3)	-	R-HSA-372790	C06428	HMDB0001999	RAMP_C_000001315
REACTOME_SIGNALING_BY_GPCR	FA 22:5n-3 (DPA)	Docosapentaenoic acid (DPA, omega3)	-	R-HSA-372790	C16513	HMDB0006528	RAMP_C_000219179
REACTOME_SIGNALING_BY_GPCR	FA 22:6n-3 (DHA)	Docosahexaenoic acid (DHA; omega3)	-	R-HSA-372790	C06429	HMDB0002183	RAMP_C_000001447
REACTOME_SIGNALING_BY_GPCR	FA 2:0	Acetic acid	-	R-HSA-372790	C00033	HMDB0000042	RAMP_C_000218400
REACTOME_SIGNALING_BY_GPCR	FA 3:0	Propanoic acid	-	R-HSA-372790	C00163	HMDB0000237	RAMP_C_000220356
REACTOME_SIGNALING_BY_GPCR	FA 4:0	Butyric acid	-	R-HSA-372790	C00246	HMDB0000039	RAMP_C_000000028
REACTOME_SIGNALING_BY_GPCR	FA 5:0	Valeric acid	-	R-HSA-372790	C00803	HMDB0000892	RAMP_C_000218411
REACTOME_SIGNALING_BY_GPCR	FA 6:0	Caproic acid	-	R-HSA-372790	C01585	HMDB0000535	RAMP_C_000000405
REACTOME_SIGNALING_BY_GPCR	GABA	gamma-Aminobutyric acid	-	R-HSA-372790	C00334	HMDB0000112	RAMP_C_000219510
REACTOME_SIGNALING_BY_GPCR	Glu	Glutamic acid	-	R-HSA-372790	C00025	HMDB0000148	RAMP_C_000218397
REACTOME_SIGNALING_BY_GPCR	Histamine	Histamine	-	R-HSA-372790	C00388	HMDB0000870	RAMP_C_000000678
REACTOME_SIGNALING_BY_GPCR	Kynurenic acid	Kynurenic acid	-	R-HSA-372790	C01717	HMDB0000715	RAMP_C_000219506
REACTOME_SIGNALING_BY_GPCR	LCA	Lithocholic acid	-	R-HSA-372790	C03990	HMDB0000381	RAMP_C_000000277
REACTOME_SIGNALING_BY_GPCR	Lac	Lactic acid	-	R-HSA-372790	C00186	HMDB0000190	RAMP_C_000218078
REACTOME_SIGNALING_BY_GPCR	Lys	Lysine	-	R-HSA-372790	C00047	HMDB0000182	RAMP_C_000000117
REACTOME_SIGNALING_BY_GPCR	MG 20:4	MG 20:4	-	R-HSA-372790	C13856	HMDB0004666	RAMP_C_000002127
REACTOME_SIGNALING_BY_GPCR	Melatonin	Melatonin	-	R-HSA-372790	C01598	HMDB0001389	RAMP_C_000001056
REACTOME_SIGNALING_BY_GPCR	Nicotinic acid (B3)	Nicotinic acid (B3)	-	R-HSA-372790	C00253	HMDB0001488	RAMP_C_000218427
REACTOME_SIGNALING_BY_GPCR	Norepinephrine	Norepinephrine	-	R-HSA-372790	C00547	HMDB0000216	RAMP_C_000219112
REACTOME_SIGNALING_BY_GPCR	Orn	Ornithine	-	R-HSA-372790	C00077	HMDB0000214	RAMP_C_000218554
REACTOME_SIGNALING_BY_GPCR	PEA	Phenylethylamine	-	R-HSA-372790	C05332	HMDB0012275	RAMP_C_000007754
REACTOME_SIGNALING_BY_GPCR	PS 32:0	PS 32:0	-	R-HSA-372790	C02737	HMDB0000614	RAMP_C_000217830
REACTOME_SIGNALING_BY_GPCR	Serotonin	Serotonin	-	R-HSA-372790	C00780	HMDB0000259	RAMP_C_000000177
REACTOME_SIGNALING_BY_GPCR	Suc	Succinic acid	-	R-HSA-372790	C00042	HMDB0000254	RAMP_C_000218399
REACTOME_SIGNALING_BY_GPCR	a-Ketoglutaric acid	alpha-Ketoglutaric acid	-	R-HSA-372790	C00026	HMDB0000208	RAMP_C_000274401
REACTOME_SIGNALING_BY_GPCR	cAMP	Adenosine monophosphate, cyclic (cAMP)	-	R-HSA-372790	C00575	HMDB0000058	RAMP_C_000218758
REACTOME_SIGNALING_BY_NUCLEAR_RECEPTORS	ADMA	Asymmetric dimethylarginine	-	R-HSA-9006931	C03626	HMDB0001539	RAMP_C_000218780
REACTOME_SIGNALING_BY_NUCLEAR_RECEPTORS	AHCys	S-Adenosylhomocysteine	-	R-HSA-9006931	C00021	HMDB0000939	RAMP_C_000218715
REACTOME_SIGNALING_BY_NUCLEAR_RECEPTORS	Arg	Arginine	-	R-HSA-9006931	C00062	HMDB0000517	RAMP_C_000042003
REACTOME_SIGNALING_BY_NUCLEAR_RECEPTORS	C0	Carnitine	-	R-HSA-9006931	C00318	HMDB0000062	RAMP_C_000274496
REACTOME_SIGNALING_BY_NUCLEAR_RECEPTORS	C16	Hexadecanoylcarnitine	-	R-HSA-9006931	C02990	HMDB0000222	RAMP_C_000000146
REACTOME_SIGNALING_BY_NUCLEAR_RECEPTORS	Cit	Citrulline	-	R-HSA-9006931	C00327	HMDB0000904	RAMP_C_000218703
REACTOME_SIGNALING_BY_NUCLEAR_RECEPTORS	FA 16:0	Palmitic acid	-	R-HSA-9006931	C00249	HMDB0000220	RAMP_C_000219234
REACTOME_SIGNALING_BY_NUCLEAR_RECEPTORS	Pyruvic acid	Pyruvic acid	-	R-HSA-9006931	C00022	HMDB0000243	RAMP_C_000218028
REACTOME_SIGNALING_BY_RECEPTOR_TYROSINE_KINASES	ADMA	Asymmetric dimethylarginine	-	R-HSA-9006934	C03626	HMDB0001539	RAMP_C_000218780
REACTOME_SIGNALING_BY_RECEPTOR_TYROSINE_KINASES	Adenosine	Adenosine	-	R-HSA-9006934	C00212	HMDB0000050	RAMP_C_000000034
REACTOME_SIGNALING_BY_RECEPTOR_TYROSINE_KINASES	Arg	Arginine	-	R-HSA-9006934	C00062	HMDB0000517	RAMP_C_000042003
REACTOME_SIGNALING_BY_RECEPTOR_TYROSINE_KINASES	Cit	Citrulline	-	R-HSA-9006934	C00327	HMDB0000904	RAMP_C_000218703
REACTOME_SIGNALING_BY_RECEPTOR_TYROSINE_KINASES	DG 16:0_16:0	DG 16:0_16:0	-	R-HSA-9006934	C00165	HMDB0007098	RAMP_C_000219428
REACTOME_SIGNALING_BY_RECEPTOR_TYROSINE_KINASES	FA 2:0	Acetic acid	-	R-HSA-9006934	C00033	HMDB0000042	RAMP_C_000218400
REACTOME_SIGNALING_BY_RECEPTOR_TYROSINE_KINASES	GABA	gamma-Aminobutyric acid	-	R-HSA-9006934	C00334	HMDB0000112	RAMP_C_000219510
REACTOME_SIGNALING_BY_RECEPTOR_TYROSINE_KINASES	PS 32:0	PS 32:0	-	R-HSA-9006934	C02737	HMDB0000614	RAMP_C_000217830
REACTOME_SIGNALING_BY_RECEPTOR_TYROSINE_KINASES	cAMP	Adenosine monophosphate, cyclic (cAMP)	-	R-HSA-9006934	C00575	HMDB0000058	RAMP_C_000218758
REACTOME_SIGNALING_BY_RETINOIC_ACID	C0	Carnitine	-	R-HSA-5362517	C00318	HMDB0000062	RAMP_C_000274496
REACTOME_SIGNALING_BY_RETINOIC_ACID	C16	Hexadecanoylcarnitine	-	R-HSA-5362517	C02990	HMDB0000222	RAMP_C_000000146
REACTOME_SIGNALING_BY_RETINOIC_ACID	Pyruvic acid	Pyruvic acid	-	R-HSA-5362517	C00022	HMDB0000243	RAMP_C_000218028
REACTOME_SIGNALING_BY_VEGF	ADMA	Asymmetric dimethylarginine	-	R-HSA-194138	C03626	HMDB0001539	RAMP_C_000218780
REACTOME_SIGNALING_BY_VEGF	Arg	Arginine	-	R-HSA-194138	C00062	HMDB0000517	RAMP_C_000042003
REACTOME_SIGNALING_BY_VEGF	Cit	Citrulline	-	R-HSA-194138	C00327	HMDB0000904	RAMP_C_000218703
REACTOME_SIGNALING_BY_VEGF	DG 16:0_16:0	DG 16:0_16:0	-	R-HSA-194138	C00165	HMDB0007098	RAMP_C_000219428
REACTOME_SIGNALING_BY_WNT	AHCys	S-Adenosylhomocysteine	-	R-HSA-195721	C00021	HMDB0000939	RAMP_C_000218715
REACTOME_SIGNALING_BY_WNT	Nicotinamide (B3)	Nicotinamide (B3)	-	R-HSA-195721	C00153	HMDB0001406	RAMP_C_000001067
REACTOME_SIGNALING_BY_WNT	PS 32:0	PS 32:0	-	R-HSA-195721	C02737	HMDB0000614	RAMP_C_000217830
REACTOME_SIGNALING_BY_WNT	cGMP	Guanosine monophosphate, cyclic (cGMP)	-	R-HSA-195721	C00942	HMDB0001314	RAMP_C_000000995
REACTOME_SIGNAL_TRANSDUCTION	3-OH-Butyric acid	3-Hydroxybutyric acid	-	R-HSA-162582	C01089	HMDB0000011	RAMP_C_000218499
REACTOME_SIGNAL_TRANSDUCTION	ADMA	Asymmetric dimethylarginine	-	R-HSA-162582	C03626	HMDB0001539	RAMP_C_000218780
REACTOME_SIGNAL_TRANSDUCTION	AHCys	S-Adenosylhomocysteine	-	R-HSA-162582	C00021	HMDB0000939	RAMP_C_000218715
REACTOME_SIGNAL_TRANSDUCTION	Adenosine	Adenosine	-	R-HSA-162582	C00212	HMDB0000050	RAMP_C_000000034
REACTOME_SIGNAL_TRANSDUCTION	Arg	Arginine	-	R-HSA-162582	C00062	HMDB0000517	RAMP_C_000042003
REACTOME_SIGNAL_TRANSDUCTION	C0	Carnitine	-	R-HSA-162582	C00318	HMDB0000062	RAMP_C_000274496
REACTOME_SIGNAL_TRANSDUCTION	C16	Hexadecanoylcarnitine	-	R-HSA-162582	C02990	HMDB0000222	RAMP_C_000000146
REACTOME_SIGNAL_TRANSDUCTION	CA	Cholic acid	-	R-HSA-162582	C00695	HMDB0000505	RAMP_C_000218390
REACTOME_SIGNAL_TRANSDUCTION	CDCA	Chenodeoxycholic acid	-	R-HSA-162582	C02528	HMDB0000518	RAMP_C_000000390
REACTOME_SIGNAL_TRANSDUCTION	Cit	Citrulline	-	R-HSA-162582	C00327	HMDB0000904	RAMP_C_000218703
REACTOME_SIGNAL_TRANSDUCTION	Cortisol	Cortisol	-	R-HSA-162582	C00735	HMDB0000063	RAMP_C_000000045
REACTOME_SIGNAL_TRANSDUCTION	DCA	Deoxycholic acid	-	R-HSA-162582	C04483	HMDB0000626	RAMP_C_000263082
REACTOME_SIGNAL_TRANSDUCTION	DG 16:0_16:0	DG 16:0_16:0	-	R-HSA-162582	C00165	HMDB0007098	RAMP_C_000219428
REACTOME_SIGNAL_TRANSDUCTION	DOPA	Dihydroxyphenylalanine	-	R-HSA-162582	C00355	HMDB0000181	RAMP_C_000218668
REACTOME_SIGNAL_TRANSDUCTION	Dopamine	Dopamine	-	R-HSA-162582	C03758	HMDB0000073	RAMP_C_000218860
REACTOME_SIGNAL_TRANSDUCTION	Epinephrine	Epinephrine	-	R-HSA-162582	C00788	HMDB0000068	RAMP_C_000000048
REACTOME_SIGNAL_TRANSDUCTION	FA 12:0	Lauric acid	-	R-HSA-162582	C02679	HMDB0000638	RAMP_C_000264780
REACTOME_SIGNAL_TRANSDUCTION	FA 14:0	Myristic acid	-	R-HSA-162582	C06424	HMDB0000806	RAMP_C_000264781
REACTOME_SIGNAL_TRANSDUCTION	FA 15:0	Pentadecanoic acid	-	R-HSA-162582	C16537	HMDB0000826	RAMP_C_000000647
REACTOME_SIGNAL_TRANSDUCTION	FA 16:0	Palmitic acid	-	R-HSA-162582	C00249	HMDB0000220	RAMP_C_000219234
REACTOME_SIGNAL_TRANSDUCTION	FA 16:1	Palmitoleic acid	-	R-HSA-162582	C08362	HMDB0003229	RAMP_C_000001779
REACTOME_SIGNAL_TRANSDUCTION	FA 18:1	Oleic acid	-	R-HSA-162582	C00712	HMDB0000207	RAMP_C_000218407
REACTOME_SIGNAL_TRANSDUCTION	FA 20:3n-6	Dihomo-gamma-linolenic acid (omega6)	-	R-HSA-162582	C03242	HMDB0002925	RAMP_C_000266357
REACTOME_SIGNAL_TRANSDUCTION	FA 20:4n-6 (AA)	Arachidonic acid (AA; omega6)	-	R-HSA-162582	C00219	HMDB0001043	RAMP_C_000000804
REACTOME_SIGNAL_TRANSDUCTION	FA 20:5n-3 (EPA)	Eicosapentaenoic acid (EPA; omega3)	-	R-HSA-162582	C06428	HMDB0001999	RAMP_C_000001315
REACTOME_SIGNAL_TRANSDUCTION	FA 22:5n-3 (DPA)	Docosapentaenoic acid (DPA, omega3)	-	R-HSA-162582	C16513	HMDB0006528	RAMP_C_000219179
REACTOME_SIGNAL_TRANSDUCTION	FA 22:6n-3 (DHA)	Docosahexaenoic acid (DHA; omega3)	-	R-HSA-162582	C06429	HMDB0002183	RAMP_C_000001447
REACTOME_SIGNAL_TRANSDUCTION	FA 2:0	Acetic acid	-	R-HSA-162582	C00033	HMDB0000042	RAMP_C_000218400
REACTOME_SIGNAL_TRANSDUCTION	FA 3:0	Propanoic acid	-	R-HSA-162582	C00163	HMDB0000237	RAMP_C_000220356
REACTOME_SIGNAL_TRANSDUCTION	FA 4:0	Butyric acid	-	R-HSA-162582	C00246	HMDB0000039	RAMP_C_000000028
REACTOME_SIGNAL_TRANSDUCTION	FA 5:0	Valeric acid	-	R-HSA-162582	C00803	HMDB0000892	RAMP_C_000218411
REACTOME_SIGNAL_TRANSDUCTION	FA 6:0	Caproic acid	-	R-HSA-162582	C01585	HMDB0000535	RAMP_C_000000405
REACTOME_SIGNAL_TRANSDUCTION	GABA	gamma-Aminobutyric acid	-	R-HSA-162582	C00334	HMDB0000112	RAMP_C_000219510
REACTOME_SIGNAL_TRANSDUCTION	Glu	Glutamic acid	-	R-HSA-162582	C00025	HMDB0000148	RAMP_C_000218397
REACTOME_SIGNAL_TRANSDUCTION	Gly	Glycine	-	R-HSA-162582	C00037	HMDB0000123	RAMP_C_000000078
REACTOME_SIGNAL_TRANSDUCTION	Histamine	Histamine	-	R-HSA-162582	C00388	HMDB0000870	RAMP_C_000000678
REACTOME_SIGNAL_TRANSDUCTION	Kynurenic acid	Kynurenic acid	-	R-HSA-162582	C01717	HMDB0000715	RAMP_C_000219506
REACTOME_SIGNAL_TRANSDUCTION	LCA	Lithocholic acid	-	R-HSA-162582	C03990	HMDB0000381	RAMP_C_000000277
REACTOME_SIGNAL_TRANSDUCTION	Lac	Lactic acid	-	R-HSA-162582	C00186	HMDB0000190	RAMP_C_000218078
REACTOME_SIGNAL_TRANSDUCTION	Lys	Lysine	-	R-HSA-162582	C00047	HMDB0000182	RAMP_C_000000117
REACTOME_SIGNAL_TRANSDUCTION	MG 20:4	MG 20:4	-	R-HSA-162582	C13856	HMDB0004666	RAMP_C_000002127
REACTOME_SIGNAL_TRANSDUCTION	Melatonin	Melatonin	-	R-HSA-162582	C01598	HMDB0001389	RAMP_C_000001056
REACTOME_SIGNAL_TRANSDUCTION	Nicotinamide (B3)	Nicotinamide (B3)	-	R-HSA-162582	C00153	HMDB0001406	RAMP_C_000001067
REACTOME_SIGNAL_TRANSDUCTION	Nicotinic acid (B3)	Nicotinic acid (B3)	-	R-HSA-162582	C00253	HMDB0001488	RAMP_C_000218427
REACTOME_SIGNAL_TRANSDUCTION	Norepinephrine	Norepinephrine	-	R-HSA-162582	C00547	HMDB0000216	RAMP_C_000219112
REACTOME_SIGNAL_TRANSDUCTION	Orn	Ornithine	-	R-HSA-162582	C00077	HMDB0000214	RAMP_C_000218554
REACTOME_SIGNAL_TRANSDUCTION	PEA	Phenylethylamine	-	R-HSA-162582	C05332	HMDB0012275	RAMP_C_000007754
REACTOME_SIGNAL_TRANSDUCTION	PS 32:0	PS 32:0	-	R-HSA-162582	C02737	HMDB0000614	RAMP_C_000217830
REACTOME_SIGNAL_TRANSDUCTION	Pyruvic acid	Pyruvic acid	-	R-HSA-162582	C00022	HMDB0000243	RAMP_C_000218028
REACTOME_SIGNAL_TRANSDUCTION	Serotonin	Serotonin	-	R-HSA-162582	C00780	HMDB0000259	RAMP_C_000000177
REACTOME_SIGNAL_TRANSDUCTION	Suc	Succinic acid	-	R-HSA-162582	C00042	HMDB0000254	RAMP_C_000218399
REACTOME_SIGNAL_TRANSDUCTION	a-Ketoglutaric acid	alpha-Ketoglutaric acid	-	R-HSA-162582	C00026	HMDB0000208	RAMP_C_000274401
REACTOME_SIGNAL_TRANSDUCTION	cAMP	Adenosine monophosphate, cyclic (cAMP)	-	R-HSA-162582	C00575	HMDB0000058	RAMP_C_000218758
REACTOME_SIGNAL_TRANSDUCTION	cGMP	Guanosine monophosphate, cyclic (cGMP)	-	R-HSA-162582	C00942	HMDB0001314	RAMP_C_000000995
REACTOME_SLC_MEDIATED_TRANSMEMBRANE_TRANSPORT	2-OH-Benzoic acid	2-Hydroxybenzoic acid	-	R-HSA-425407	C00805	HMDB0001895	RAMP_C_000001242
REACTOME_SLC_MEDIATED_TRANSMEMBRANE_TRANSPORT	3-OH-Butyric acid	3-Hydroxybutyric acid	-	R-HSA-425407	C01089	HMDB0000011	RAMP_C_000218499
REACTOME_SLC_MEDIATED_TRANSMEMBRANE_TRANSPORT	AHCys	S-Adenosylhomocysteine	-	R-HSA-425407	C00021	HMDB0000939	RAMP_C_000218715
REACTOME_SLC_MEDIATED_TRANSMEMBRANE_TRANSPORT	Adenine	Adenine	-	R-HSA-425407	C00147	HMDB0000034	RAMP_C_000000024
REACTOME_SLC_MEDIATED_TRANSMEMBRANE_TRANSPORT	Adenosine	Adenosine	-	R-HSA-425407	C00212	HMDB0000050	RAMP_C_000000034
REACTOME_SLC_MEDIATED_TRANSMEMBRANE_TRANSPORT	Agmatine	Agmatine	-	R-HSA-425407	C00179	HMDB0001432	RAMP_C_000001088
REACTOME_SLC_MEDIATED_TRANSMEMBRANE_TRANSPORT	Ala	Alanine	-	R-HSA-425407	C00041	HMDB0000161	RAMP_C_000000104
REACTOME_SLC_MEDIATED_TRANSMEMBRANE_TRANSPORT	Arg	Arginine	-	R-HSA-425407	C00062	HMDB0000517	RAMP_C_000042003
REACTOME_SLC_MEDIATED_TRANSMEMBRANE_TRANSPORT	Asn	Asparagine	-	R-HSA-425407	C00152	HMDB0000168	RAMP_C_000218742
REACTOME_SLC_MEDIATED_TRANSMEMBRANE_TRANSPORT	Asp	Aspartic acid	-	R-HSA-425407	C00049	HMDB0000191	RAMP_C_000218398
REACTOME_SLC_MEDIATED_TRANSMEMBRANE_TRANSPORT	Betaine	Betaine	-	R-HSA-425407	C00719	HMDB0000043	RAMP_C_000000030
REACTOME_SLC_MEDIATED_TRANSMEMBRANE_TRANSPORT	Biotin (B7)	Biotin (B7)	-	R-HSA-425407	C00120	HMDB0000030	RAMP_C_000261993
REACTOME_SLC_MEDIATED_TRANSMEMBRANE_TRANSPORT	C0	Carnitine	-	R-HSA-425407	C00318	HMDB0000062	RAMP_C_000274496
REACTOME_SLC_MEDIATED_TRANSMEMBRANE_TRANSPORT	CA	Cholic acid	-	R-HSA-425407	C00695	HMDB0000505	RAMP_C_000218390
REACTOME_SLC_MEDIATED_TRANSMEMBRANE_TRANSPORT	CDCA	Chenodeoxycholic acid	-	R-HSA-425407	C02528	HMDB0000518	RAMP_C_000000390
REACTOME_SLC_MEDIATED_TRANSMEMBRANE_TRANSPORT	Choline	Choline	-	R-HSA-425407	C00114	HMDB0000097	RAMP_C_000000065
REACTOME_SLC_MEDIATED_TRANSMEMBRANE_TRANSPORT	Citric acid	Citric acid	-	R-HSA-425407	C00158	HMDB0000094	RAMP_C_000218121
REACTOME_SLC_MEDIATED_TRANSMEMBRANE_TRANSPORT	Creatinine	Creatinine	-	R-HSA-425407	C00791	HMDB0000562	RAMP_C_000000431
REACTOME_SLC_MEDIATED_TRANSMEMBRANE_TRANSPORT	Cys	Cysteine	-	R-HSA-425407	C00097	HMDB0000574	RAMP_C_000218469
REACTOME_SLC_MEDIATED_TRANSMEMBRANE_TRANSPORT	Cystine	Cystine	-	R-HSA-425407	C00491	HMDB0000192	RAMP_C_000000123
REACTOME_SLC_MEDIATED_TRANSMEMBRANE_TRANSPORT	Cytidine	Cytidine	-	R-HSA-425407	C00475	HMDB0000089	RAMP_C_000000061
REACTOME_SLC_MEDIATED_TRANSMEMBRANE_TRANSPORT	Cytosine	Cytosine	-	R-HSA-425407	C00380	HMDB0000630	RAMP_C_000000483
REACTOME_SLC_MEDIATED_TRANSMEMBRANE_TRANSPORT	DHEAS	Dehydroepiandrosterone sulfate	-	R-HSA-425407	C04555	HMDB0001032	RAMP_C_000269812
REACTOME_SLC_MEDIATED_TRANSMEMBRANE_TRANSPORT	Dopamine	Dopamine	-	R-HSA-425407	C03758	HMDB0000073	RAMP_C_000218860
REACTOME_SLC_MEDIATED_TRANSMEMBRANE_TRANSPORT	Epinephrine	Epinephrine	-	R-HSA-425407	C00788	HMDB0000068	RAMP_C_000000048
REACTOME_SLC_MEDIATED_TRANSMEMBRANE_TRANSPORT	FA 10:0	Capric acid	-	R-HSA-425407	C01571	HMDB0000511	RAMP_C_000218305
REACTOME_SLC_MEDIATED_TRANSMEMBRANE_TRANSPORT	FA 12:0	Lauric acid	-	R-HSA-425407	C02679	HMDB0000638	RAMP_C_000264780
REACTOME_SLC_MEDIATED_TRANSMEMBRANE_TRANSPORT	FA 14:0	Myristic acid	-	R-HSA-425407	C06424	HMDB0000806	RAMP_C_000264781
REACTOME_SLC_MEDIATED_TRANSMEMBRANE_TRANSPORT	FA 16:0	Palmitic acid	-	R-HSA-425407	C00249	HMDB0000220	RAMP_C_000219234
REACTOME_SLC_MEDIATED_TRANSMEMBRANE_TRANSPORT	FA 18:1	Oleic acid	-	R-HSA-425407	C00712	HMDB0000207	RAMP_C_000218407
REACTOME_SLC_MEDIATED_TRANSMEMBRANE_TRANSPORT	FA 18:2	Linoleic acid	-	R-HSA-425407	C01595	HMDB0000673	RAMP_C_000263195
REACTOME_SLC_MEDIATED_TRANSMEMBRANE_TRANSPORT	FA 20:0	Arachidic acid	-	R-HSA-425407	C06425	HMDB0002212	RAMP_C_000001471
REACTOME_SLC_MEDIATED_TRANSMEMBRANE_TRANSPORT	FA 24:0	Lignoceric acid	-	R-HSA-425407	C08320	HMDB0002003	RAMP_C_000001318
REACTOME_SLC_MEDIATED_TRANSMEMBRANE_TRANSPORT	FA 2:0	Acetic acid	-	R-HSA-425407	C00033	HMDB0000042	RAMP_C_000218400
REACTOME_SLC_MEDIATED_TRANSMEMBRANE_TRANSPORT	FA 3:0	Propanoic acid	-	R-HSA-425407	C00163	HMDB0000237	RAMP_C_000220356
REACTOME_SLC_MEDIATED_TRANSMEMBRANE_TRANSPORT	FA 4:0	Butyric acid	-	R-HSA-425407	C00246	HMDB0000039	RAMP_C_000000028
REACTOME_SLC_MEDIATED_TRANSMEMBRANE_TRANSPORT	GABA	gamma-Aminobutyric acid	-	R-HSA-425407	C00334	HMDB0000112	RAMP_C_000219510
REACTOME_SLC_MEDIATED_TRANSMEMBRANE_TRANSPORT	GCA	Glycocholic acid	-	R-HSA-425407	C01921	HMDB0000138	RAMP_C_000000089
REACTOME_SLC_MEDIATED_TRANSMEMBRANE_TRANSPORT	GCDCA	Glycochenodeoxycholic acid	-	R-HSA-425407	C05462	HMDB0000637	RAMP_C_000002951
REACTOME_SLC_MEDIATED_TRANSMEMBRANE_TRANSPORT	Gln	Glutamine	-	R-HSA-425407	C00064	HMDB0000641	RAMP_C_000218784
REACTOME_SLC_MEDIATED_TRANSMEMBRANE_TRANSPORT	Glu	Glutamic acid	-	R-HSA-425407	C00025	HMDB0000148	RAMP_C_000218397
REACTOME_SLC_MEDIATED_TRANSMEMBRANE_TRANSPORT	Gly	Glycine	-	R-HSA-425407	C00037	HMDB0000123	RAMP_C_000000078
REACTOME_SLC_MEDIATED_TRANSMEMBRANE_TRANSPORT	Guanine	Guanine	-	R-HSA-425407	C00242	HMDB0000132	RAMP_C_000000086
REACTOME_SLC_MEDIATED_TRANSMEMBRANE_TRANSPORT	Guanosine	Guanosine	-	R-HSA-425407	C00387	HMDB0000133	RAMP_C_000000087
REACTOME_SLC_MEDIATED_TRANSMEMBRANE_TRANSPORT	HArg	Homoarginine	-	R-HSA-425407	C01924	HMDB0000670	RAMP_C_000000519
REACTOME_SLC_MEDIATED_TRANSMEMBRANE_TRANSPORT	His	Histidine	-	R-HSA-425407	C00135	HMDB0000177	RAMP_C_000218426
REACTOME_SLC_MEDIATED_TRANSMEMBRANE_TRANSPORT	Histamine	Histamine	-	R-HSA-425407	C00388	HMDB0000870	RAMP_C_000000678
REACTOME_SLC_MEDIATED_TRANSMEMBRANE_TRANSPORT	Hypoxanthine	Hypoxanthine	-	R-HSA-425407	C00262	HMDB0000157	RAMP_C_000000101
REACTOME_SLC_MEDIATED_TRANSMEMBRANE_TRANSPORT	Ile	Isoleucine	-	R-HSA-425407	C00407	HMDB0000172	RAMP_C_000218741
REACTOME_SLC_MEDIATED_TRANSMEMBRANE_TRANSPORT	Inosine	Inosine	-	R-HSA-425407	C00294	HMDB0000195	RAMP_C_000000126
REACTOME_SLC_MEDIATED_TRANSMEMBRANE_TRANSPORT	Lac	Lactic acid	-	R-HSA-425407	C00186	HMDB0000190	RAMP_C_000218078
REACTOME_SLC_MEDIATED_TRANSMEMBRANE_TRANSPORT	Leu	Leucine	-	R-HSA-425407	C00123	HMDB0000687	RAMP_C_000000532
REACTOME_SLC_MEDIATED_TRANSMEMBRANE_TRANSPORT	Lys	Lysine	-	R-HSA-425407	C00047	HMDB0000182	RAMP_C_000000117
REACTOME_SLC_MEDIATED_TRANSMEMBRANE_TRANSPORT	Malic acid	Malic acid	-	R-HSA-425407	C00149	HMDB0000156	RAMP_C_000218036
REACTOME_SLC_MEDIATED_TRANSMEMBRANE_TRANSPORT	Mannose	Mannose	-	R-HSA-425407	C00159	HMDB0000169	RAMP_C_000000110
REACTOME_SLC_MEDIATED_TRANSMEMBRANE_TRANSPORT	Met	Methionine	-	R-HSA-425407	C00073	HMDB0000696	RAMP_C_000218711
REACTOME_SLC_MEDIATED_TRANSMEMBRANE_TRANSPORT	Nicotinic acid (B3)	Nicotinic acid (B3)	-	R-HSA-425407	C00253	HMDB0001488	RAMP_C_000218427
REACTOME_SLC_MEDIATED_TRANSMEMBRANE_TRANSPORT	Norepinephrine	Norepinephrine	-	R-HSA-425407	C00547	HMDB0000216	RAMP_C_000219112
REACTOME_SLC_MEDIATED_TRANSMEMBRANE_TRANSPORT	Orn	Ornithine	-	R-HSA-425407	C00077	HMDB0000214	RAMP_C_000218554
REACTOME_SLC_MEDIATED_TRANSMEMBRANE_TRANSPORT	Pantothenic acid (B5)	Pantothenic acid (B5)	-	R-HSA-425407	C00864	HMDB0000210	RAMP_C_000218339
REACTOME_SLC_MEDIATED_TRANSMEMBRANE_TRANSPORT	Phe	Phenylalanine	-	R-HSA-425407	C00079	HMDB0000159	RAMP_C_000218749
REACTOME_SLC_MEDIATED_TRANSMEMBRANE_TRANSPORT	Pro	Proline	-	R-HSA-425407	C00148	HMDB0000162	RAMP_C_000218861
REACTOME_SLC_MEDIATED_TRANSMEMBRANE_TRANSPORT	Pyruvic acid	Pyruvic acid	-	R-HSA-425407	C00022	HMDB0000243	RAMP_C_000218028
REACTOME_SLC_MEDIATED_TRANSMEMBRANE_TRANSPORT	Ser	Serine	-	R-HSA-425407	C00065	HMDB0000187	RAMP_C_000218440
REACTOME_SLC_MEDIATED_TRANSMEMBRANE_TRANSPORT	Serotonin	Serotonin	-	R-HSA-425407	C00780	HMDB0000259	RAMP_C_000000177
REACTOME_SLC_MEDIATED_TRANSMEMBRANE_TRANSPORT	Spermidine	Spermidine	-	R-HSA-425407	C00315	HMDB0001257	RAMP_C_000000954
REACTOME_SLC_MEDIATED_TRANSMEMBRANE_TRANSPORT	Spermine	Spermine	-	R-HSA-425407	C00750	HMDB0001256	RAMP_C_000218544
REACTOME_SLC_MEDIATED_TRANSMEMBRANE_TRANSPORT	Suc	Succinic acid	-	R-HSA-425407	C00042	HMDB0000254	RAMP_C_000218399
REACTOME_SLC_MEDIATED_TRANSMEMBRANE_TRANSPORT	TCDCA	Taurochenodeoxycholic acid	-	R-HSA-425407	C05465	HMDB0000951	RAMP_C_000219362
REACTOME_SLC_MEDIATED_TRANSMEMBRANE_TRANSPORT	Taurine	Taurine	-	R-HSA-425407	C00245	HMDB0000251	RAMP_C_000218584
REACTOME_SLC_MEDIATED_TRANSMEMBRANE_TRANSPORT	Thr	Threonine	-	R-HSA-425407	C00188	HMDB0000167	RAMP_C_000218724
REACTOME_SLC_MEDIATED_TRANSMEMBRANE_TRANSPORT	Thymidine	Thymidine	-	R-HSA-425407	C00214	HMDB0000273	RAMP_C_000000186
REACTOME_SLC_MEDIATED_TRANSMEMBRANE_TRANSPORT	Thymine	Thymine	-	R-HSA-425407	C00178	HMDB0000262	RAMP_C_000000178
REACTOME_SLC_MEDIATED_TRANSMEMBRANE_TRANSPORT	Trp	Tryptophan	-	R-HSA-425407	C00078	HMDB0000929	RAMP_C_000218721
REACTOME_SLC_MEDIATED_TRANSMEMBRANE_TRANSPORT	Tyr	Tyrosine	-	R-HSA-425407	C00082	HMDB0000158	RAMP_C_000218778
REACTOME_SLC_MEDIATED_TRANSMEMBRANE_TRANSPORT	Uracil	Uracil	-	R-HSA-425407	C00106	HMDB0000300	RAMP_C_000000203
REACTOME_SLC_MEDIATED_TRANSMEMBRANE_TRANSPORT	Urea	Urea	-	R-HSA-425407	C00086	HMDB0000294	RAMP_C_000000199
REACTOME_SLC_MEDIATED_TRANSMEMBRANE_TRANSPORT	Uric acid	Uric acid	-	R-HSA-425407	C00366	HMDB0000289	RAMP_C_000000194
REACTOME_SLC_MEDIATED_TRANSMEMBRANE_TRANSPORT	Uridine	Uridine	-	R-HSA-425407	C00299	HMDB0000296	RAMP_C_000000201
REACTOME_SLC_MEDIATED_TRANSMEMBRANE_TRANSPORT	Val	Valine	-	R-HSA-425407	C00183	HMDB0000883	RAMP_C_000218704
REACTOME_SLC_MEDIATED_TRANSMEMBRANE_TRANSPORT	a-Ketoglutaric acid	alpha-Ketoglutaric acid	-	R-HSA-425407	C00026	HMDB0000208	RAMP_C_000274401
REACTOME_SLC_MEDIATED_TRANSMEMBRANE_TRANSPORT	beta-Ala	beta-Alanine	-	R-HSA-425407	C00099	HMDB0000056	RAMP_C_000218729
REACTOME_SLC_MEDIATED_TRANSMEMBRANE_TRANSPORT	t4-OH-Pro	trans-4-Hydroxyproline	-	R-HSA-425407	C01157	HMDB0000725	RAMP_C_000000565
REACTOME_SLC_TRANSPORTER_DISORDERS	2-OH-Benzoic acid	2-Hydroxybenzoic acid	-	R-HSA-5619102	C00805	HMDB0001895	RAMP_C_000001242
REACTOME_SLC_TRANSPORTER_DISORDERS	3-OH-Butyric acid	3-Hydroxybutyric acid	-	R-HSA-5619102	C01089	HMDB0000011	RAMP_C_000218499
REACTOME_SLC_TRANSPORTER_DISORDERS	Adenine	Adenine	-	R-HSA-5619102	C00147	HMDB0000034	RAMP_C_000000024
REACTOME_SLC_TRANSPORTER_DISORDERS	Adenosine	Adenosine	-	R-HSA-5619102	C00212	HMDB0000050	RAMP_C_000000034
REACTOME_SLC_TRANSPORTER_DISORDERS	Ala	Alanine	-	R-HSA-5619102	C00041	HMDB0000161	RAMP_C_000000104
REACTOME_SLC_TRANSPORTER_DISORDERS	Arg	Arginine	-	R-HSA-5619102	C00062	HMDB0000517	RAMP_C_000042003
REACTOME_SLC_TRANSPORTER_DISORDERS	Asp	Aspartic acid	-	R-HSA-5619102	C00049	HMDB0000191	RAMP_C_000218398
REACTOME_SLC_TRANSPORTER_DISORDERS	C0	Carnitine	-	R-HSA-5619102	C00318	HMDB0000062	RAMP_C_000274496
REACTOME_SLC_TRANSPORTER_DISORDERS	Choline	Choline	-	R-HSA-5619102	C00114	HMDB0000097	RAMP_C_000000065
REACTOME_SLC_TRANSPORTER_DISORDERS	Cys	Cysteine	-	R-HSA-5619102	C00097	HMDB0000574	RAMP_C_000218469
REACTOME_SLC_TRANSPORTER_DISORDERS	Cystine	Cystine	-	R-HSA-5619102	C00491	HMDB0000192	RAMP_C_000000123
REACTOME_SLC_TRANSPORTER_DISORDERS	Cytidine	Cytidine	-	R-HSA-5619102	C00475	HMDB0000089	RAMP_C_000000061
REACTOME_SLC_TRANSPORTER_DISORDERS	Dopamine	Dopamine	-	R-HSA-5619102	C03758	HMDB0000073	RAMP_C_000218860
REACTOME_SLC_TRANSPORTER_DISORDERS	FA 10:0	Capric acid	-	R-HSA-5619102	C01571	HMDB0000511	RAMP_C_000218305
REACTOME_SLC_TRANSPORTER_DISORDERS	FA 12:0	Lauric acid	-	R-HSA-5619102	C02679	HMDB0000638	RAMP_C_000264780
REACTOME_SLC_TRANSPORTER_DISORDERS	FA 14:0	Myristic acid	-	R-HSA-5619102	C06424	HMDB0000806	RAMP_C_000264781
REACTOME_SLC_TRANSPORTER_DISORDERS	FA 16:0	Palmitic acid	-	R-HSA-5619102	C00249	HMDB0000220	RAMP_C_000219234
REACTOME_SLC_TRANSPORTER_DISORDERS	FA 18:1	Oleic acid	-	R-HSA-5619102	C00712	HMDB0000207	RAMP_C_000218407
REACTOME_SLC_TRANSPORTER_DISORDERS	FA 18:2	Linoleic acid	-	R-HSA-5619102	C01595	HMDB0000673	RAMP_C_000263195
REACTOME_SLC_TRANSPORTER_DISORDERS	FA 20:0	Arachidic acid	-	R-HSA-5619102	C06425	HMDB0002212	RAMP_C_000001471
REACTOME_SLC_TRANSPORTER_DISORDERS	FA 24:0	Lignoceric acid	-	R-HSA-5619102	C08320	HMDB0002003	RAMP_C_000001318
REACTOME_SLC_TRANSPORTER_DISORDERS	Gln	Glutamine	-	R-HSA-5619102	C00064	HMDB0000641	RAMP_C_000218784
REACTOME_SLC_TRANSPORTER_DISORDERS	Glu	Glutamic acid	-	R-HSA-5619102	C00025	HMDB0000148	RAMP_C_000218397
REACTOME_SLC_TRANSPORTER_DISORDERS	Gly	Glycine	-	R-HSA-5619102	C00037	HMDB0000123	RAMP_C_000000078
REACTOME_SLC_TRANSPORTER_DISORDERS	Guanosine	Guanosine	-	R-HSA-5619102	C00387	HMDB0000133	RAMP_C_000000087
REACTOME_SLC_TRANSPORTER_DISORDERS	His	Histidine	-	R-HSA-5619102	C00135	HMDB0000177	RAMP_C_000218426
REACTOME_SLC_TRANSPORTER_DISORDERS	Ile	Isoleucine	-	R-HSA-5619102	C00407	HMDB0000172	RAMP_C_000218741
REACTOME_SLC_TRANSPORTER_DISORDERS	Inosine	Inosine	-	R-HSA-5619102	C00294	HMDB0000195	RAMP_C_000000126
REACTOME_SLC_TRANSPORTER_DISORDERS	Lac	Lactic acid	-	R-HSA-5619102	C00186	HMDB0000190	RAMP_C_000218078
REACTOME_SLC_TRANSPORTER_DISORDERS	Leu	Leucine	-	R-HSA-5619102	C00123	HMDB0000687	RAMP_C_000000532
REACTOME_SLC_TRANSPORTER_DISORDERS	Lys	Lysine	-	R-HSA-5619102	C00047	HMDB0000182	RAMP_C_000000117
REACTOME_SLC_TRANSPORTER_DISORDERS	Met	Methionine	-	R-HSA-5619102	C00073	HMDB0000696	RAMP_C_000218711
REACTOME_SLC_TRANSPORTER_DISORDERS	Norepinephrine	Norepinephrine	-	R-HSA-5619102	C00547	HMDB0000216	RAMP_C_000219112
REACTOME_SLC_TRANSPORTER_DISORDERS	Phe	Phenylalanine	-	R-HSA-5619102	C00079	HMDB0000159	RAMP_C_000218749
REACTOME_SLC_TRANSPORTER_DISORDERS	Pro	Proline	-	R-HSA-5619102	C00148	HMDB0000162	RAMP_C_000218861
REACTOME_SLC_TRANSPORTER_DISORDERS	Pyruvic acid	Pyruvic acid	-	R-HSA-5619102	C00022	HMDB0000243	RAMP_C_000218028
REACTOME_SLC_TRANSPORTER_DISORDERS	Ser	Serine	-	R-HSA-5619102	C00065	HMDB0000187	RAMP_C_000218440
REACTOME_SLC_TRANSPORTER_DISORDERS	Thymidine	Thymidine	-	R-HSA-5619102	C00214	HMDB0000273	RAMP_C_000000186
REACTOME_SLC_TRANSPORTER_DISORDERS	Trp	Tryptophan	-	R-HSA-5619102	C00078	HMDB0000929	RAMP_C_000218721
REACTOME_SLC_TRANSPORTER_DISORDERS	Tyr	Tyrosine	-	R-HSA-5619102	C00082	HMDB0000158	RAMP_C_000218778
REACTOME_SLC_TRANSPORTER_DISORDERS	Uric acid	Uric acid	-	R-HSA-5619102	C00366	HMDB0000289	RAMP_C_000000194
REACTOME_SLC_TRANSPORTER_DISORDERS	Uridine	Uridine	-	R-HSA-5619102	C00299	HMDB0000296	RAMP_C_000000201
REACTOME_SLC_TRANSPORTER_DISORDERS	Val	Valine	-	R-HSA-5619102	C00183	HMDB0000883	RAMP_C_000218704
REACTOME_SLC_TRANSPORTER_DISORDERS	beta-Ala	beta-Alanine	-	R-HSA-5619102	C00099	HMDB0000056	RAMP_C_000218729
REACTOME_SPHINGOLIPID_METABOLISM	FA 16:0	Palmitic acid	-	R-HSA-428157	C00249	HMDB0000220	RAMP_C_000219234
REACTOME_SPHINGOLIPID_METABOLISM	PE 34:2	PE 34:2	-	R-HSA-428157		HMDB0009056	RAMP_C_000005052
REACTOME_SPHINGOLIPID_METABOLISM	PE 36:2	PE 36:2	-	R-HSA-428157		HMDB0005347	RAMP_C_000005055
REACTOME_SPHINGOLIPID_METABOLISM	Ser	Serine	-	R-HSA-428157	C00065	HMDB0000187	RAMP_C_000218440
REACTOME_SULFUR_AMINO_ACID_METABOLISM	AHCys	S-Adenosylhomocysteine	-	R-HSA-1614635	C00021	HMDB0000939	RAMP_C_000218715
REACTOME_SULFUR_AMINO_ACID_METABOLISM	Adenine	Adenine	-	R-HSA-1614635	C00147	HMDB0000034	RAMP_C_000000024
REACTOME_SULFUR_AMINO_ACID_METABOLISM	Adenosine	Adenosine	-	R-HSA-1614635	C00212	HMDB0000050	RAMP_C_000000034
REACTOME_SULFUR_AMINO_ACID_METABOLISM	Betaine	Betaine	-	R-HSA-1614635	C00719	HMDB0000043	RAMP_C_000000030
REACTOME_SULFUR_AMINO_ACID_METABOLISM	Cys	Cysteine	-	R-HSA-1614635	C00097	HMDB0000574	RAMP_C_000218469
REACTOME_SULFUR_AMINO_ACID_METABOLISM	DMG	Dimethylglycine	-	R-HSA-1614635	C01026	HMDB0000092	RAMP_C_000000062
REACTOME_SULFUR_AMINO_ACID_METABOLISM	Glu	Glutamic acid	-	R-HSA-1614635	C00025	HMDB0000148	RAMP_C_000218397
REACTOME_SULFUR_AMINO_ACID_METABOLISM	HCys	Homocysteine	-	R-HSA-1614635	C00155	HMDB0000165	RAMP_C_000218762
REACTOME_SULFUR_AMINO_ACID_METABOLISM	Hypotaurine	Hypotaurine	-	R-HSA-1614635	C00519	HMDB0000965	RAMP_C_000000756
REACTOME_SULFUR_AMINO_ACID_METABOLISM	Malic acid	Malic acid	-	R-HSA-1614635	C00149	HMDB0000156	RAMP_C_000218036
REACTOME_SULFUR_AMINO_ACID_METABOLISM	Met	Methionine	-	R-HSA-1614635	C00073	HMDB0000696	RAMP_C_000218711
REACTOME_SULFUR_AMINO_ACID_METABOLISM	Pyruvic acid	Pyruvic acid	-	R-HSA-1614635	C00022	HMDB0000243	RAMP_C_000218028
REACTOME_SULFUR_AMINO_ACID_METABOLISM	Ser	Serine	-	R-HSA-1614635	C00065	HMDB0000187	RAMP_C_000218440
REACTOME_SULFUR_AMINO_ACID_METABOLISM	Taurine	Taurine	-	R-HSA-1614635	C00245	HMDB0000251	RAMP_C_000218584
REACTOME_SULFUR_AMINO_ACID_METABOLISM	a-Ketoglutaric acid	alpha-Ketoglutaric acid	-	R-HSA-1614635	C00026	HMDB0000208	RAMP_C_000274401
REACTOME_SURFACTANT_METABOLISM	Adenosine	Adenosine	-	R-HSA-5683826	C00212	HMDB0000050	RAMP_C_000000034
REACTOME_SURFACTANT_METABOLISM	Epinephrine	Epinephrine	-	R-HSA-5683826	C00788	HMDB0000068	RAMP_C_000000048
REACTOME_SURFACTANT_METABOLISM	Inosine	Inosine	-	R-HSA-5683826	C00294	HMDB0000195	RAMP_C_000000126
REACTOME_SURFACTANT_METABOLISM	Norepinephrine	Norepinephrine	-	R-HSA-5683826	C00547	HMDB0000216	RAMP_C_000219112
REACTOME_SYNTHESIS_OF_BILE_ACIDS_AND_BILE_SALTS_VIA_27_HYDROXYCHOLESTEROL	CDCA	Chenodeoxycholic acid	-	R-HSA-193807	C02528	HMDB0000518	RAMP_C_000000390
REACTOME_SYNTHESIS_OF_BILE_ACIDS_AND_BILE_SALTS_VIA_27_HYDROXYCHOLESTEROL	DCA	Deoxycholic acid	-	R-HSA-193807	C04483	HMDB0000626	RAMP_C_000263082
REACTOME_SYNTHESIS_OF_BILE_ACIDS_AND_BILE_SALTS_VIA_27_HYDROXYCHOLESTEROL	LCA	Lithocholic acid	-	R-HSA-193807	C03990	HMDB0000381	RAMP_C_000000277
REACTOME_SYNTHESIS_OF_LEUKOTRIENES_LT_AND_EOXINS_EX	FA 20:4n-6 (AA)	Arachidonic acid (AA; omega6)	-	R-HSA-2142691	C00219	HMDB0001043	RAMP_C_000000804
REACTOME_SYNTHESIS_OF_LEUKOTRIENES_LT_AND_EOXINS_EX	Glu	Glutamic acid	-	R-HSA-2142691	C00025	HMDB0000148	RAMP_C_000218397
REACTOME_SYNTHESIS_OF_LEUKOTRIENES_LT_AND_EOXINS_EX	Gly	Glycine	-	R-HSA-2142691	C00037	HMDB0000123	RAMP_C_000000078
REACTOME_SYNTHESIS_OF_PC	AHCys	S-Adenosylhomocysteine	-	R-HSA-1483191	C00021	HMDB0000939	RAMP_C_000218715
REACTOME_SYNTHESIS_OF_PC	Choline	Choline	-	R-HSA-1483191	C00114	HMDB0000097	RAMP_C_000000065
REACTOME_SYNTHESIS_OF_PC	FA 2:0	Acetic acid	-	R-HSA-1483191	C00033	HMDB0000042	RAMP_C_000218400
REACTOME_SYNTHESIS_OF_PS	Choline	Choline	-	R-HSA-1483101	C00114	HMDB0000097	RAMP_C_000000065
REACTOME_SYNTHESIS_OF_PS	PS 32:0	PS 32:0	-	R-HSA-1483101	C02737	HMDB0000614	RAMP_C_000217830
REACTOME_SYNTHESIS_OF_PS	Ser	Serine	-	R-HSA-1483101	C00065	HMDB0000187	RAMP_C_000218440
REACTOME_SYNTHESIS_OF_UDP_N_ACETYL_GLUCOSAMINE	CA	Cholic acid	-	R-HSA-446210	C00695	HMDB0000505	RAMP_C_000218390
REACTOME_SYNTHESIS_OF_UDP_N_ACETYL_GLUCOSAMINE	Gln	Glutamine	-	R-HSA-446210	C00064	HMDB0000641	RAMP_C_000218784
REACTOME_SYNTHESIS_OF_UDP_N_ACETYL_GLUCOSAMINE	Glu	Glutamic acid	-	R-HSA-446210	C00025	HMDB0000148	RAMP_C_000218397
REACTOME_SYNTHESIS_OF_WYBUTOSINE_AT_G37_OF_TRNA_PHE	AHCys	S-Adenosylhomocysteine	-	R-HSA-6782861	C00021	HMDB0000939	RAMP_C_000218715
REACTOME_SYNTHESIS_OF_WYBUTOSINE_AT_G37_OF_TRNA_PHE	Met	Methionine	-	R-HSA-6782861	C00073	HMDB0000696	RAMP_C_000218711
REACTOME_SYNTHESIS_OF_WYBUTOSINE_AT_G37_OF_TRNA_PHE	Pyruvic acid	Pyruvic acid	-	R-HSA-6782861	C00022	HMDB0000243	RAMP_C_000218028
REACTOME_SYNTHESIS_OF_WYBUTOSINE_AT_G37_OF_TRNA_PHE	Suc	Succinic acid	-	R-HSA-6782861	C00042	HMDB0000254	RAMP_C_000218399
REACTOME_SYNTHESIS_OF_WYBUTOSINE_AT_G37_OF_TRNA_PHE	a-Ketoglutaric acid	alpha-Ketoglutaric acid	-	R-HSA-6782861	C00026	HMDB0000208	RAMP_C_000274401
REACTOME_THE_CANONICAL_RETINOID_CYCLE_IN_RODS_TWILIGHT_VISION	FA 16:0	Palmitic acid	-	R-HSA-2453902	C00249	HMDB0000220	RAMP_C_000219234
REACTOME_THE_CANONICAL_RETINOID_CYCLE_IN_RODS_TWILIGHT_VISION	FA 18:1	Oleic acid	-	R-HSA-2453902	C00712	HMDB0000207	RAMP_C_000218407
REACTOME_THE_CANONICAL_RETINOID_CYCLE_IN_RODS_TWILIGHT_VISION	FA 18:2	Linoleic acid	-	R-HSA-2453902	C01595	HMDB0000673	RAMP_C_000263195
REACTOME_THE_CANONICAL_RETINOID_CYCLE_IN_RODS_TWILIGHT_VISION	FA 22:6n-3 (DHA)	Docosahexaenoic acid (DHA; omega3)	-	R-HSA-2453902	C06429	HMDB0002183	RAMP_C_000001447
REACTOME_TRANSCRIPTIONAL_REGULATION_BY_TP53	AHCys	S-Adenosylhomocysteine	-	R-HSA-3700989	C00021	HMDB0000939	RAMP_C_000218715
REACTOME_TRANSCRIPTIONAL_REGULATION_BY_TP53	FA 2:0	Acetic acid	-	R-HSA-3700989	C00033	HMDB0000042	RAMP_C_000218400
REACTOME_TRANSCRIPTIONAL_REGULATION_BY_TP53	Gln	Glutamine	-	R-HSA-3700989	C00064	HMDB0000641	RAMP_C_000218784
REACTOME_TRANSCRIPTIONAL_REGULATION_BY_TP53	Glu	Glutamic acid	-	R-HSA-3700989	C00025	HMDB0000148	RAMP_C_000218397
REACTOME_TRANSLATION	AHCys	S-Adenosylhomocysteine	-	R-HSA-72766	C00021	HMDB0000939	RAMP_C_000218715
REACTOME_TRANSLATION	Ala	Alanine	-	R-HSA-72766	C00041	HMDB0000161	RAMP_C_000000104
REACTOME_TRANSLATION	Arg	Arginine	-	R-HSA-72766	C00062	HMDB0000517	RAMP_C_000042003
REACTOME_TRANSLATION	Asn	Asparagine	-	R-HSA-72766	C00152	HMDB0000168	RAMP_C_000218742
REACTOME_TRANSLATION	Asp	Aspartic acid	-	R-HSA-72766	C00049	HMDB0000191	RAMP_C_000218398
REACTOME_TRANSLATION	Cys	Cysteine	-	R-HSA-72766	C00097	HMDB0000574	RAMP_C_000218469
REACTOME_TRANSLATION	Gln	Glutamine	-	R-HSA-72766	C00064	HMDB0000641	RAMP_C_000218784
REACTOME_TRANSLATION	Glu	Glutamic acid	-	R-HSA-72766	C00025	HMDB0000148	RAMP_C_000218397
REACTOME_TRANSLATION	Gly	Glycine	-	R-HSA-72766	C00037	HMDB0000123	RAMP_C_000000078
REACTOME_TRANSLATION	His	Histidine	-	R-HSA-72766	C00135	HMDB0000177	RAMP_C_000218426
REACTOME_TRANSLATION	Ile	Isoleucine	-	R-HSA-72766	C00407	HMDB0000172	RAMP_C_000218741
REACTOME_TRANSLATION	Leu	Leucine	-	R-HSA-72766	C00123	HMDB0000687	RAMP_C_000000532
REACTOME_TRANSLATION	Lys	Lysine	-	R-HSA-72766	C00047	HMDB0000182	RAMP_C_000000117
REACTOME_TRANSLATION	Met	Methionine	-	R-HSA-72766	C00073	HMDB0000696	RAMP_C_000218711
REACTOME_TRANSLATION	Phe	Phenylalanine	-	R-HSA-72766	C00079	HMDB0000159	RAMP_C_000218749
REACTOME_TRANSLATION	Pro	Proline	-	R-HSA-72766	C00148	HMDB0000162	RAMP_C_000218861
REACTOME_TRANSLATION	Ser	Serine	-	R-HSA-72766	C00065	HMDB0000187	RAMP_C_000218440
REACTOME_TRANSLATION	Thr	Threonine	-	R-HSA-72766	C00188	HMDB0000167	RAMP_C_000218724
REACTOME_TRANSLATION	Trp	Tryptophan	-	R-HSA-72766	C00078	HMDB0000929	RAMP_C_000218721
REACTOME_TRANSLATION	Tyr	Tyrosine	-	R-HSA-72766	C00082	HMDB0000158	RAMP_C_000218778
REACTOME_TRANSLATION	Val	Valine	-	R-HSA-72766	C00183	HMDB0000883	RAMP_C_000218704
REACTOME_TRANSPORT_OF_BILE_SALTS_AND_ORGANIC_ACIDS_METAL_IONS_AND_AMINE_COMPOUNDS	2-OH-Benzoic acid	2-Hydroxybenzoic acid	-	R-HSA-425366	C00805	HMDB0001895	RAMP_C_000001242
REACTOME_TRANSPORT_OF_BILE_SALTS_AND_ORGANIC_ACIDS_METAL_IONS_AND_AMINE_COMPOUNDS	3-OH-Butyric acid	3-Hydroxybutyric acid	-	R-HSA-425366	C01089	HMDB0000011	RAMP_C_000218499
REACTOME_TRANSPORT_OF_BILE_SALTS_AND_ORGANIC_ACIDS_METAL_IONS_AND_AMINE_COMPOUNDS	Agmatine	Agmatine	-	R-HSA-425366	C00179	HMDB0001432	RAMP_C_000001088
REACTOME_TRANSPORT_OF_BILE_SALTS_AND_ORGANIC_ACIDS_METAL_IONS_AND_AMINE_COMPOUNDS	Ala	Alanine	-	R-HSA-425366	C00041	HMDB0000161	RAMP_C_000000104
REACTOME_TRANSPORT_OF_BILE_SALTS_AND_ORGANIC_ACIDS_METAL_IONS_AND_AMINE_COMPOUNDS	Arg	Arginine	-	R-HSA-425366	C00062	HMDB0000517	RAMP_C_000042003
REACTOME_TRANSPORT_OF_BILE_SALTS_AND_ORGANIC_ACIDS_METAL_IONS_AND_AMINE_COMPOUNDS	Asn	Asparagine	-	R-HSA-425366	C00152	HMDB0000168	RAMP_C_000218742
REACTOME_TRANSPORT_OF_BILE_SALTS_AND_ORGANIC_ACIDS_METAL_IONS_AND_AMINE_COMPOUNDS	Betaine	Betaine	-	R-HSA-425366	C00719	HMDB0000043	RAMP_C_000000030
REACTOME_TRANSPORT_OF_BILE_SALTS_AND_ORGANIC_ACIDS_METAL_IONS_AND_AMINE_COMPOUNDS	C0	Carnitine	-	R-HSA-425366	C00318	HMDB0000062	RAMP_C_000274496
REACTOME_TRANSPORT_OF_BILE_SALTS_AND_ORGANIC_ACIDS_METAL_IONS_AND_AMINE_COMPOUNDS	Choline	Choline	-	R-HSA-425366	C00114	HMDB0000097	RAMP_C_000000065
REACTOME_TRANSPORT_OF_BILE_SALTS_AND_ORGANIC_ACIDS_METAL_IONS_AND_AMINE_COMPOUNDS	Citric acid	Citric acid	-	R-HSA-425366	C00158	HMDB0000094	RAMP_C_000218121
REACTOME_TRANSPORT_OF_BILE_SALTS_AND_ORGANIC_ACIDS_METAL_IONS_AND_AMINE_COMPOUNDS	Creatinine	Creatinine	-	R-HSA-425366	C00791	HMDB0000562	RAMP_C_000000431
REACTOME_TRANSPORT_OF_BILE_SALTS_AND_ORGANIC_ACIDS_METAL_IONS_AND_AMINE_COMPOUNDS	Cys	Cysteine	-	R-HSA-425366	C00097	HMDB0000574	RAMP_C_000218469
REACTOME_TRANSPORT_OF_BILE_SALTS_AND_ORGANIC_ACIDS_METAL_IONS_AND_AMINE_COMPOUNDS	DHEAS	Dehydroepiandrosterone sulfate	-	R-HSA-425366	C04555	HMDB0001032	RAMP_C_000269812
REACTOME_TRANSPORT_OF_BILE_SALTS_AND_ORGANIC_ACIDS_METAL_IONS_AND_AMINE_COMPOUNDS	Dopamine	Dopamine	-	R-HSA-425366	C03758	HMDB0000073	RAMP_C_000218860
REACTOME_TRANSPORT_OF_BILE_SALTS_AND_ORGANIC_ACIDS_METAL_IONS_AND_AMINE_COMPOUNDS	Epinephrine	Epinephrine	-	R-HSA-425366	C00788	HMDB0000068	RAMP_C_000000048
REACTOME_TRANSPORT_OF_BILE_SALTS_AND_ORGANIC_ACIDS_METAL_IONS_AND_AMINE_COMPOUNDS	GABA	gamma-Aminobutyric acid	-	R-HSA-425366	C00334	HMDB0000112	RAMP_C_000219510
REACTOME_TRANSPORT_OF_BILE_SALTS_AND_ORGANIC_ACIDS_METAL_IONS_AND_AMINE_COMPOUNDS	Gln	Glutamine	-	R-HSA-425366	C00064	HMDB0000641	RAMP_C_000218784
REACTOME_TRANSPORT_OF_BILE_SALTS_AND_ORGANIC_ACIDS_METAL_IONS_AND_AMINE_COMPOUNDS	Gly	Glycine	-	R-HSA-425366	C00037	HMDB0000123	RAMP_C_000000078
REACTOME_TRANSPORT_OF_BILE_SALTS_AND_ORGANIC_ACIDS_METAL_IONS_AND_AMINE_COMPOUNDS	His	Histidine	-	R-HSA-425366	C00135	HMDB0000177	RAMP_C_000218426
REACTOME_TRANSPORT_OF_BILE_SALTS_AND_ORGANIC_ACIDS_METAL_IONS_AND_AMINE_COMPOUNDS	Histamine	Histamine	-	R-HSA-425366	C00388	HMDB0000870	RAMP_C_000000678
REACTOME_TRANSPORT_OF_BILE_SALTS_AND_ORGANIC_ACIDS_METAL_IONS_AND_AMINE_COMPOUNDS	Ile	Isoleucine	-	R-HSA-425366	C00407	HMDB0000172	RAMP_C_000218741
REACTOME_TRANSPORT_OF_BILE_SALTS_AND_ORGANIC_ACIDS_METAL_IONS_AND_AMINE_COMPOUNDS	Lac	Lactic acid	-	R-HSA-425366	C00186	HMDB0000190	RAMP_C_000218078
REACTOME_TRANSPORT_OF_BILE_SALTS_AND_ORGANIC_ACIDS_METAL_IONS_AND_AMINE_COMPOUNDS	Leu	Leucine	-	R-HSA-425366	C00123	HMDB0000687	RAMP_C_000000532
REACTOME_TRANSPORT_OF_BILE_SALTS_AND_ORGANIC_ACIDS_METAL_IONS_AND_AMINE_COMPOUNDS	Lys	Lysine	-	R-HSA-425366	C00047	HMDB0000182	RAMP_C_000000117
REACTOME_TRANSPORT_OF_BILE_SALTS_AND_ORGANIC_ACIDS_METAL_IONS_AND_AMINE_COMPOUNDS	Met	Methionine	-	R-HSA-425366	C00073	HMDB0000696	RAMP_C_000218711
REACTOME_TRANSPORT_OF_BILE_SALTS_AND_ORGANIC_ACIDS_METAL_IONS_AND_AMINE_COMPOUNDS	Norepinephrine	Norepinephrine	-	R-HSA-425366	C00547	HMDB0000216	RAMP_C_000219112
REACTOME_TRANSPORT_OF_BILE_SALTS_AND_ORGANIC_ACIDS_METAL_IONS_AND_AMINE_COMPOUNDS	Phe	Phenylalanine	-	R-HSA-425366	C00079	HMDB0000159	RAMP_C_000218749
REACTOME_TRANSPORT_OF_BILE_SALTS_AND_ORGANIC_ACIDS_METAL_IONS_AND_AMINE_COMPOUNDS	Pro	Proline	-	R-HSA-425366	C00148	HMDB0000162	RAMP_C_000218861
REACTOME_TRANSPORT_OF_BILE_SALTS_AND_ORGANIC_ACIDS_METAL_IONS_AND_AMINE_COMPOUNDS	Pyruvic acid	Pyruvic acid	-	R-HSA-425366	C00022	HMDB0000243	RAMP_C_000218028
REACTOME_TRANSPORT_OF_BILE_SALTS_AND_ORGANIC_ACIDS_METAL_IONS_AND_AMINE_COMPOUNDS	Ser	Serine	-	R-HSA-425366	C00065	HMDB0000187	RAMP_C_000218440
REACTOME_TRANSPORT_OF_BILE_SALTS_AND_ORGANIC_ACIDS_METAL_IONS_AND_AMINE_COMPOUNDS	Serotonin	Serotonin	-	R-HSA-425366	C00780	HMDB0000259	RAMP_C_000000177
REACTOME_TRANSPORT_OF_BILE_SALTS_AND_ORGANIC_ACIDS_METAL_IONS_AND_AMINE_COMPOUNDS	Spermidine	Spermidine	-	R-HSA-425366	C00315	HMDB0001257	RAMP_C_000000954
REACTOME_TRANSPORT_OF_BILE_SALTS_AND_ORGANIC_ACIDS_METAL_IONS_AND_AMINE_COMPOUNDS	Spermine	Spermine	-	R-HSA-425366	C00750	HMDB0001256	RAMP_C_000218544
REACTOME_TRANSPORT_OF_BILE_SALTS_AND_ORGANIC_ACIDS_METAL_IONS_AND_AMINE_COMPOUNDS	Suc	Succinic acid	-	R-HSA-425366	C00042	HMDB0000254	RAMP_C_000218399
REACTOME_TRANSPORT_OF_BILE_SALTS_AND_ORGANIC_ACIDS_METAL_IONS_AND_AMINE_COMPOUNDS	Taurine	Taurine	-	R-HSA-425366	C00245	HMDB0000251	RAMP_C_000218584
REACTOME_TRANSPORT_OF_BILE_SALTS_AND_ORGANIC_ACIDS_METAL_IONS_AND_AMINE_COMPOUNDS	Thr	Threonine	-	R-HSA-425366	C00188	HMDB0000167	RAMP_C_000218724
REACTOME_TRANSPORT_OF_BILE_SALTS_AND_ORGANIC_ACIDS_METAL_IONS_AND_AMINE_COMPOUNDS	Trp	Tryptophan	-	R-HSA-425366	C00078	HMDB0000929	RAMP_C_000218721
REACTOME_TRANSPORT_OF_BILE_SALTS_AND_ORGANIC_ACIDS_METAL_IONS_AND_AMINE_COMPOUNDS	Tyr	Tyrosine	-	R-HSA-425366	C00082	HMDB0000158	RAMP_C_000218778
REACTOME_TRANSPORT_OF_BILE_SALTS_AND_ORGANIC_ACIDS_METAL_IONS_AND_AMINE_COMPOUNDS	Urea	Urea	-	R-HSA-425366	C00086	HMDB0000294	RAMP_C_000000199
REACTOME_TRANSPORT_OF_BILE_SALTS_AND_ORGANIC_ACIDS_METAL_IONS_AND_AMINE_COMPOUNDS	Uric acid	Uric acid	-	R-HSA-425366	C00366	HMDB0000289	RAMP_C_000000194
REACTOME_TRANSPORT_OF_BILE_SALTS_AND_ORGANIC_ACIDS_METAL_IONS_AND_AMINE_COMPOUNDS	Val	Valine	-	R-HSA-425366	C00183	HMDB0000883	RAMP_C_000218704
REACTOME_TRANSPORT_OF_BILE_SALTS_AND_ORGANIC_ACIDS_METAL_IONS_AND_AMINE_COMPOUNDS	a-Ketoglutaric acid	alpha-Ketoglutaric acid	-	R-HSA-425366	C00026	HMDB0000208	RAMP_C_000274401
REACTOME_TRANSPORT_OF_BILE_SALTS_AND_ORGANIC_ACIDS_METAL_IONS_AND_AMINE_COMPOUNDS	beta-Ala	beta-Alanine	-	R-HSA-425366	C00099	HMDB0000056	RAMP_C_000218729
REACTOME_TRANSPORT_OF_BILE_SALTS_AND_ORGANIC_ACIDS_METAL_IONS_AND_AMINE_COMPOUNDS	t4-OH-Pro	trans-4-Hydroxyproline	-	R-HSA-425366	C01157	HMDB0000725	RAMP_C_000000565
REACTOME_TRANSPORT_OF_INORGANIC_CATIONS_ANIONS_AND_AMINO_ACIDS_OLIGOPEPTIDES	AHCys	S-Adenosylhomocysteine	-	R-HSA-425393	C00021	HMDB0000939	RAMP_C_000218715
REACTOME_TRANSPORT_OF_INORGANIC_CATIONS_ANIONS_AND_AMINO_ACIDS_OLIGOPEPTIDES	Ala	Alanine	-	R-HSA-425393	C00041	HMDB0000161	RAMP_C_000000104
REACTOME_TRANSPORT_OF_INORGANIC_CATIONS_ANIONS_AND_AMINO_ACIDS_OLIGOPEPTIDES	Arg	Arginine	-	R-HSA-425393	C00062	HMDB0000517	RAMP_C_000042003
REACTOME_TRANSPORT_OF_INORGANIC_CATIONS_ANIONS_AND_AMINO_ACIDS_OLIGOPEPTIDES	Asn	Asparagine	-	R-HSA-425393	C00152	HMDB0000168	RAMP_C_000218742
REACTOME_TRANSPORT_OF_INORGANIC_CATIONS_ANIONS_AND_AMINO_ACIDS_OLIGOPEPTIDES	Asp	Aspartic acid	-	R-HSA-425393	C00049	HMDB0000191	RAMP_C_000218398
REACTOME_TRANSPORT_OF_INORGANIC_CATIONS_ANIONS_AND_AMINO_ACIDS_OLIGOPEPTIDES	Betaine	Betaine	-	R-HSA-425393	C00719	HMDB0000043	RAMP_C_000000030
REACTOME_TRANSPORT_OF_INORGANIC_CATIONS_ANIONS_AND_AMINO_ACIDS_OLIGOPEPTIDES	Citric acid	Citric acid	-	R-HSA-425393	C00158	HMDB0000094	RAMP_C_000218121
REACTOME_TRANSPORT_OF_INORGANIC_CATIONS_ANIONS_AND_AMINO_ACIDS_OLIGOPEPTIDES	Cys	Cysteine	-	R-HSA-425393	C00097	HMDB0000574	RAMP_C_000218469
REACTOME_TRANSPORT_OF_INORGANIC_CATIONS_ANIONS_AND_AMINO_ACIDS_OLIGOPEPTIDES	Cystine	Cystine	-	R-HSA-425393	C00491	HMDB0000192	RAMP_C_000000123
REACTOME_TRANSPORT_OF_INORGANIC_CATIONS_ANIONS_AND_AMINO_ACIDS_OLIGOPEPTIDES	FA 2:0	Acetic acid	-	R-HSA-425393	C00033	HMDB0000042	RAMP_C_000218400
REACTOME_TRANSPORT_OF_INORGANIC_CATIONS_ANIONS_AND_AMINO_ACIDS_OLIGOPEPTIDES	FA 3:0	Propanoic acid	-	R-HSA-425393	C00163	HMDB0000237	RAMP_C_000220356
REACTOME_TRANSPORT_OF_INORGANIC_CATIONS_ANIONS_AND_AMINO_ACIDS_OLIGOPEPTIDES	FA 4:0	Butyric acid	-	R-HSA-425393	C00246	HMDB0000039	RAMP_C_000000028
REACTOME_TRANSPORT_OF_INORGANIC_CATIONS_ANIONS_AND_AMINO_ACIDS_OLIGOPEPTIDES	GABA	gamma-Aminobutyric acid	-	R-HSA-425393	C00334	HMDB0000112	RAMP_C_000219510
REACTOME_TRANSPORT_OF_INORGANIC_CATIONS_ANIONS_AND_AMINO_ACIDS_OLIGOPEPTIDES	Gln	Glutamine	-	R-HSA-425393	C00064	HMDB0000641	RAMP_C_000218784
REACTOME_TRANSPORT_OF_INORGANIC_CATIONS_ANIONS_AND_AMINO_ACIDS_OLIGOPEPTIDES	Glu	Glutamic acid	-	R-HSA-425393	C00025	HMDB0000148	RAMP_C_000218397
REACTOME_TRANSPORT_OF_INORGANIC_CATIONS_ANIONS_AND_AMINO_ACIDS_OLIGOPEPTIDES	Gly	Glycine	-	R-HSA-425393	C00037	HMDB0000123	RAMP_C_000000078
REACTOME_TRANSPORT_OF_INORGANIC_CATIONS_ANIONS_AND_AMINO_ACIDS_OLIGOPEPTIDES	HArg	Homoarginine	-	R-HSA-425393	C01924	HMDB0000670	RAMP_C_000000519
REACTOME_TRANSPORT_OF_INORGANIC_CATIONS_ANIONS_AND_AMINO_ACIDS_OLIGOPEPTIDES	His	Histidine	-	R-HSA-425393	C00135	HMDB0000177	RAMP_C_000218426
REACTOME_TRANSPORT_OF_INORGANIC_CATIONS_ANIONS_AND_AMINO_ACIDS_OLIGOPEPTIDES	Ile	Isoleucine	-	R-HSA-425393	C00407	HMDB0000172	RAMP_C_000218741
REACTOME_TRANSPORT_OF_INORGANIC_CATIONS_ANIONS_AND_AMINO_ACIDS_OLIGOPEPTIDES	Lac	Lactic acid	-	R-HSA-425393	C00186	HMDB0000190	RAMP_C_000218078
REACTOME_TRANSPORT_OF_INORGANIC_CATIONS_ANIONS_AND_AMINO_ACIDS_OLIGOPEPTIDES	Leu	Leucine	-	R-HSA-425393	C00123	HMDB0000687	RAMP_C_000000532
REACTOME_TRANSPORT_OF_INORGANIC_CATIONS_ANIONS_AND_AMINO_ACIDS_OLIGOPEPTIDES	Lys	Lysine	-	R-HSA-425393	C00047	HMDB0000182	RAMP_C_000000117
REACTOME_TRANSPORT_OF_INORGANIC_CATIONS_ANIONS_AND_AMINO_ACIDS_OLIGOPEPTIDES	Malic acid	Malic acid	-	R-HSA-425393	C00149	HMDB0000156	RAMP_C_000218036
REACTOME_TRANSPORT_OF_INORGANIC_CATIONS_ANIONS_AND_AMINO_ACIDS_OLIGOPEPTIDES	Met	Methionine	-	R-HSA-425393	C00073	HMDB0000696	RAMP_C_000218711
REACTOME_TRANSPORT_OF_INORGANIC_CATIONS_ANIONS_AND_AMINO_ACIDS_OLIGOPEPTIDES	Nicotinic acid (B3)	Nicotinic acid (B3)	-	R-HSA-425393	C00253	HMDB0001488	RAMP_C_000218427
REACTOME_TRANSPORT_OF_INORGANIC_CATIONS_ANIONS_AND_AMINO_ACIDS_OLIGOPEPTIDES	Orn	Ornithine	-	R-HSA-425393	C00077	HMDB0000214	RAMP_C_000218554
REACTOME_TRANSPORT_OF_INORGANIC_CATIONS_ANIONS_AND_AMINO_ACIDS_OLIGOPEPTIDES	Phe	Phenylalanine	-	R-HSA-425393	C00079	HMDB0000159	RAMP_C_000218749
REACTOME_TRANSPORT_OF_INORGANIC_CATIONS_ANIONS_AND_AMINO_ACIDS_OLIGOPEPTIDES	Pro	Proline	-	R-HSA-425393	C00148	HMDB0000162	RAMP_C_000218861
REACTOME_TRANSPORT_OF_INORGANIC_CATIONS_ANIONS_AND_AMINO_ACIDS_OLIGOPEPTIDES	Pyruvic acid	Pyruvic acid	-	R-HSA-425393	C00022	HMDB0000243	RAMP_C_000218028
REACTOME_TRANSPORT_OF_INORGANIC_CATIONS_ANIONS_AND_AMINO_ACIDS_OLIGOPEPTIDES	Ser	Serine	-	R-HSA-425393	C00065	HMDB0000187	RAMP_C_000218440
REACTOME_TRANSPORT_OF_INORGANIC_CATIONS_ANIONS_AND_AMINO_ACIDS_OLIGOPEPTIDES	Taurine	Taurine	-	R-HSA-425393	C00245	HMDB0000251	RAMP_C_000218584
REACTOME_TRANSPORT_OF_INORGANIC_CATIONS_ANIONS_AND_AMINO_ACIDS_OLIGOPEPTIDES	Thr	Threonine	-	R-HSA-425393	C00188	HMDB0000167	RAMP_C_000218724
REACTOME_TRANSPORT_OF_INORGANIC_CATIONS_ANIONS_AND_AMINO_ACIDS_OLIGOPEPTIDES	Trp	Tryptophan	-	R-HSA-425393	C00078	HMDB0000929	RAMP_C_000218721
REACTOME_TRANSPORT_OF_INORGANIC_CATIONS_ANIONS_AND_AMINO_ACIDS_OLIGOPEPTIDES	Tyr	Tyrosine	-	R-HSA-425393	C00082	HMDB0000158	RAMP_C_000218778
REACTOME_TRANSPORT_OF_INORGANIC_CATIONS_ANIONS_AND_AMINO_ACIDS_OLIGOPEPTIDES	Val	Valine	-	R-HSA-425393	C00183	HMDB0000883	RAMP_C_000218704
REACTOME_TRANSPORT_OF_INORGANIC_CATIONS_ANIONS_AND_AMINO_ACIDS_OLIGOPEPTIDES	a-Ketoglutaric acid	alpha-Ketoglutaric acid	-	R-HSA-425393	C00026	HMDB0000208	RAMP_C_000274401
REACTOME_TRANSPORT_OF_INORGANIC_CATIONS_ANIONS_AND_AMINO_ACIDS_OLIGOPEPTIDES	beta-Ala	beta-Alanine	-	R-HSA-425393	C00099	HMDB0000056	RAMP_C_000218729
REACTOME_TRANSPORT_OF_INORGANIC_CATIONS_ANIONS_AND_AMINO_ACIDS_OLIGOPEPTIDES	t4-OH-Pro	trans-4-Hydroxyproline	-	R-HSA-425393	C01157	HMDB0000725	RAMP_C_000000565
REACTOME_TRANSPORT_OF_NUCLEOSIDES_AND_FREE_PURINE_AND_PYRIMIDINE_BASES_ACROSS_THE_PLASMA_MEMBRANE	Adenine	Adenine	-	R-HSA-83936	C00147	HMDB0000034	RAMP_C_000000024
REACTOME_TRANSPORT_OF_NUCLEOSIDES_AND_FREE_PURINE_AND_PYRIMIDINE_BASES_ACROSS_THE_PLASMA_MEMBRANE	Adenosine	Adenosine	-	R-HSA-83936	C00212	HMDB0000050	RAMP_C_000000034
REACTOME_TRANSPORT_OF_NUCLEOSIDES_AND_FREE_PURINE_AND_PYRIMIDINE_BASES_ACROSS_THE_PLASMA_MEMBRANE	Cytidine	Cytidine	-	R-HSA-83936	C00475	HMDB0000089	RAMP_C_000000061
REACTOME_TRANSPORT_OF_NUCLEOSIDES_AND_FREE_PURINE_AND_PYRIMIDINE_BASES_ACROSS_THE_PLASMA_MEMBRANE	Cytosine	Cytosine	-	R-HSA-83936	C00380	HMDB0000630	RAMP_C_000000483
REACTOME_TRANSPORT_OF_NUCLEOSIDES_AND_FREE_PURINE_AND_PYRIMIDINE_BASES_ACROSS_THE_PLASMA_MEMBRANE	Dopamine	Dopamine	-	R-HSA-83936	C03758	HMDB0000073	RAMP_C_000218860
REACTOME_TRANSPORT_OF_NUCLEOSIDES_AND_FREE_PURINE_AND_PYRIMIDINE_BASES_ACROSS_THE_PLASMA_MEMBRANE	Epinephrine	Epinephrine	-	R-HSA-83936	C00788	HMDB0000068	RAMP_C_000000048
REACTOME_TRANSPORT_OF_NUCLEOSIDES_AND_FREE_PURINE_AND_PYRIMIDINE_BASES_ACROSS_THE_PLASMA_MEMBRANE	Guanine	Guanine	-	R-HSA-83936	C00242	HMDB0000132	RAMP_C_000000086
REACTOME_TRANSPORT_OF_NUCLEOSIDES_AND_FREE_PURINE_AND_PYRIMIDINE_BASES_ACROSS_THE_PLASMA_MEMBRANE	Guanosine	Guanosine	-	R-HSA-83936	C00387	HMDB0000133	RAMP_C_000000087
REACTOME_TRANSPORT_OF_NUCLEOSIDES_AND_FREE_PURINE_AND_PYRIMIDINE_BASES_ACROSS_THE_PLASMA_MEMBRANE	Hypoxanthine	Hypoxanthine	-	R-HSA-83936	C00262	HMDB0000157	RAMP_C_000000101
REACTOME_TRANSPORT_OF_NUCLEOSIDES_AND_FREE_PURINE_AND_PYRIMIDINE_BASES_ACROSS_THE_PLASMA_MEMBRANE	Inosine	Inosine	-	R-HSA-83936	C00294	HMDB0000195	RAMP_C_000000126
REACTOME_TRANSPORT_OF_NUCLEOSIDES_AND_FREE_PURINE_AND_PYRIMIDINE_BASES_ACROSS_THE_PLASMA_MEMBRANE	Norepinephrine	Norepinephrine	-	R-HSA-83936	C00547	HMDB0000216	RAMP_C_000219112
REACTOME_TRANSPORT_OF_NUCLEOSIDES_AND_FREE_PURINE_AND_PYRIMIDINE_BASES_ACROSS_THE_PLASMA_MEMBRANE	Serotonin	Serotonin	-	R-HSA-83936	C00780	HMDB0000259	RAMP_C_000000177
REACTOME_TRANSPORT_OF_NUCLEOSIDES_AND_FREE_PURINE_AND_PYRIMIDINE_BASES_ACROSS_THE_PLASMA_MEMBRANE	Thymidine	Thymidine	-	R-HSA-83936	C00214	HMDB0000273	RAMP_C_000000186
REACTOME_TRANSPORT_OF_NUCLEOSIDES_AND_FREE_PURINE_AND_PYRIMIDINE_BASES_ACROSS_THE_PLASMA_MEMBRANE	Thymine	Thymine	-	R-HSA-83936	C00178	HMDB0000262	RAMP_C_000000178
REACTOME_TRANSPORT_OF_NUCLEOSIDES_AND_FREE_PURINE_AND_PYRIMIDINE_BASES_ACROSS_THE_PLASMA_MEMBRANE	Uracil	Uracil	-	R-HSA-83936	C00106	HMDB0000300	RAMP_C_000000203
REACTOME_TRANSPORT_OF_NUCLEOSIDES_AND_FREE_PURINE_AND_PYRIMIDINE_BASES_ACROSS_THE_PLASMA_MEMBRANE	Uridine	Uridine	-	R-HSA-83936	C00299	HMDB0000296	RAMP_C_000000201
REACTOME_TRANSPORT_OF_ORGANIC_ANIONS	CA	Cholic acid	-	R-HSA-879518	C00695	HMDB0000505	RAMP_C_000218390
REACTOME_TRANSPORT_OF_ORGANIC_ANIONS	CDCA	Chenodeoxycholic acid	-	R-HSA-879518	C02528	HMDB0000518	RAMP_C_000000390
REACTOME_TRANSPORT_OF_ORGANIC_ANIONS	DHEAS	Dehydroepiandrosterone sulfate	-	R-HSA-879518	C04555	HMDB0001032	RAMP_C_000269812
REACTOME_TRANSPORT_OF_ORGANIC_ANIONS	GCA	Glycocholic acid	-	R-HSA-879518	C01921	HMDB0000138	RAMP_C_000000089
REACTOME_TRANSPORT_OF_ORGANIC_ANIONS	GCDCA	Glycochenodeoxycholic acid	-	R-HSA-879518	C05462	HMDB0000637	RAMP_C_000002951
REACTOME_TRANSPORT_OF_ORGANIC_ANIONS	TCDCA	Taurochenodeoxycholic acid	-	R-HSA-879518	C05465	HMDB0000951	RAMP_C_000219362
REACTOME_TRANSPORT_OF_SMALL_MOLECULES	2-OH-Benzoic acid	2-Hydroxybenzoic acid	-	R-HSA-382551	C00805	HMDB0001895	RAMP_C_000001242
REACTOME_TRANSPORT_OF_SMALL_MOLECULES	3-OH-Butyric acid	3-Hydroxybutyric acid	-	R-HSA-382551	C01089	HMDB0000011	RAMP_C_000218499
REACTOME_TRANSPORT_OF_SMALL_MOLECULES	AHCys	S-Adenosylhomocysteine	-	R-HSA-382551	C00021	HMDB0000939	RAMP_C_000218715
REACTOME_TRANSPORT_OF_SMALL_MOLECULES	Adenine	Adenine	-	R-HSA-382551	C00147	HMDB0000034	RAMP_C_000000024
REACTOME_TRANSPORT_OF_SMALL_MOLECULES	Adenosine	Adenosine	-	R-HSA-382551	C00212	HMDB0000050	RAMP_C_000000034
REACTOME_TRANSPORT_OF_SMALL_MOLECULES	Agmatine	Agmatine	-	R-HSA-382551	C00179	HMDB0001432	RAMP_C_000001088
REACTOME_TRANSPORT_OF_SMALL_MOLECULES	Ala	Alanine	-	R-HSA-382551	C00041	HMDB0000161	RAMP_C_000000104
REACTOME_TRANSPORT_OF_SMALL_MOLECULES	Arg	Arginine	-	R-HSA-382551	C00062	HMDB0000517	RAMP_C_000042003
REACTOME_TRANSPORT_OF_SMALL_MOLECULES	Asn	Asparagine	-	R-HSA-382551	C00152	HMDB0000168	RAMP_C_000218742
REACTOME_TRANSPORT_OF_SMALL_MOLECULES	Asp	Aspartic acid	-	R-HSA-382551	C00049	HMDB0000191	RAMP_C_000218398
REACTOME_TRANSPORT_OF_SMALL_MOLECULES	Betaine	Betaine	-	R-HSA-382551	C00719	HMDB0000043	RAMP_C_000000030
REACTOME_TRANSPORT_OF_SMALL_MOLECULES	Biotin (B7)	Biotin (B7)	-	R-HSA-382551	C00120	HMDB0000030	RAMP_C_000261993
REACTOME_TRANSPORT_OF_SMALL_MOLECULES	C0	Carnitine	-	R-HSA-382551	C00318	HMDB0000062	RAMP_C_000274496
REACTOME_TRANSPORT_OF_SMALL_MOLECULES	CA	Cholic acid	-	R-HSA-382551	C00695	HMDB0000505	RAMP_C_000218390
REACTOME_TRANSPORT_OF_SMALL_MOLECULES	CDCA	Chenodeoxycholic acid	-	R-HSA-382551	C02528	HMDB0000518	RAMP_C_000000390
REACTOME_TRANSPORT_OF_SMALL_MOLECULES	Choline	Choline	-	R-HSA-382551	C00114	HMDB0000097	RAMP_C_000000065
REACTOME_TRANSPORT_OF_SMALL_MOLECULES	Citric acid	Citric acid	-	R-HSA-382551	C00158	HMDB0000094	RAMP_C_000218121
REACTOME_TRANSPORT_OF_SMALL_MOLECULES	Creatinine	Creatinine	-	R-HSA-382551	C00791	HMDB0000562	RAMP_C_000000431
REACTOME_TRANSPORT_OF_SMALL_MOLECULES	Cys	Cysteine	-	R-HSA-382551	C00097	HMDB0000574	RAMP_C_000218469
REACTOME_TRANSPORT_OF_SMALL_MOLECULES	Cystine	Cystine	-	R-HSA-382551	C00491	HMDB0000192	RAMP_C_000000123
REACTOME_TRANSPORT_OF_SMALL_MOLECULES	Cytidine	Cytidine	-	R-HSA-382551	C00475	HMDB0000089	RAMP_C_000000061
REACTOME_TRANSPORT_OF_SMALL_MOLECULES	Cytosine	Cytosine	-	R-HSA-382551	C00380	HMDB0000630	RAMP_C_000000483
REACTOME_TRANSPORT_OF_SMALL_MOLECULES	DG 16:0_16:0	DG 16:0_16:0	-	R-HSA-382551	C00165	HMDB0007098	RAMP_C_000219428
REACTOME_TRANSPORT_OF_SMALL_MOLECULES	DHEAS	Dehydroepiandrosterone sulfate	-	R-HSA-382551	C04555	HMDB0001032	RAMP_C_000269812
REACTOME_TRANSPORT_OF_SMALL_MOLECULES	Dopamine	Dopamine	-	R-HSA-382551	C03758	HMDB0000073	RAMP_C_000218860
REACTOME_TRANSPORT_OF_SMALL_MOLECULES	Epinephrine	Epinephrine	-	R-HSA-382551	C00788	HMDB0000068	RAMP_C_000000048
REACTOME_TRANSPORT_OF_SMALL_MOLECULES	FA 10:0	Capric acid	-	R-HSA-382551	C01571	HMDB0000511	RAMP_C_000218305
REACTOME_TRANSPORT_OF_SMALL_MOLECULES	FA 12:0	Lauric acid	-	R-HSA-382551	C02679	HMDB0000638	RAMP_C_000264780
REACTOME_TRANSPORT_OF_SMALL_MOLECULES	FA 14:0	Myristic acid	-	R-HSA-382551	C06424	HMDB0000806	RAMP_C_000264781
REACTOME_TRANSPORT_OF_SMALL_MOLECULES	FA 16:0	Palmitic acid	-	R-HSA-382551	C00249	HMDB0000220	RAMP_C_000219234
REACTOME_TRANSPORT_OF_SMALL_MOLECULES	FA 18:1	Oleic acid	-	R-HSA-382551	C00712	HMDB0000207	RAMP_C_000218407
REACTOME_TRANSPORT_OF_SMALL_MOLECULES	FA 18:2	Linoleic acid	-	R-HSA-382551	C01595	HMDB0000673	RAMP_C_000263195
REACTOME_TRANSPORT_OF_SMALL_MOLECULES	FA 20:0	Arachidic acid	-	R-HSA-382551	C06425	HMDB0002212	RAMP_C_000001471
REACTOME_TRANSPORT_OF_SMALL_MOLECULES	FA 24:0	Lignoceric acid	-	R-HSA-382551	C08320	HMDB0002003	RAMP_C_000001318
REACTOME_TRANSPORT_OF_SMALL_MOLECULES	FA 2:0	Acetic acid	-	R-HSA-382551	C00033	HMDB0000042	RAMP_C_000218400
REACTOME_TRANSPORT_OF_SMALL_MOLECULES	FA 3:0	Propanoic acid	-	R-HSA-382551	C00163	HMDB0000237	RAMP_C_000220356
REACTOME_TRANSPORT_OF_SMALL_MOLECULES	FA 4:0	Butyric acid	-	R-HSA-382551	C00246	HMDB0000039	RAMP_C_000000028
REACTOME_TRANSPORT_OF_SMALL_MOLECULES	GABA	gamma-Aminobutyric acid	-	R-HSA-382551	C00334	HMDB0000112	RAMP_C_000219510
REACTOME_TRANSPORT_OF_SMALL_MOLECULES	GCA	Glycocholic acid	-	R-HSA-382551	C01921	HMDB0000138	RAMP_C_000000089
REACTOME_TRANSPORT_OF_SMALL_MOLECULES	GCDCA	Glycochenodeoxycholic acid	-	R-HSA-382551	C05462	HMDB0000637	RAMP_C_000002951
REACTOME_TRANSPORT_OF_SMALL_MOLECULES	Gln	Glutamine	-	R-HSA-382551	C00064	HMDB0000641	RAMP_C_000218784
REACTOME_TRANSPORT_OF_SMALL_MOLECULES	Glu	Glutamic acid	-	R-HSA-382551	C00025	HMDB0000148	RAMP_C_000218397
REACTOME_TRANSPORT_OF_SMALL_MOLECULES	Gly	Glycine	-	R-HSA-382551	C00037	HMDB0000123	RAMP_C_000000078
REACTOME_TRANSPORT_OF_SMALL_MOLECULES	Guanine	Guanine	-	R-HSA-382551	C00242	HMDB0000132	RAMP_C_000000086
REACTOME_TRANSPORT_OF_SMALL_MOLECULES	Guanosine	Guanosine	-	R-HSA-382551	C00387	HMDB0000133	RAMP_C_000000087
REACTOME_TRANSPORT_OF_SMALL_MOLECULES	HArg	Homoarginine	-	R-HSA-382551	C01924	HMDB0000670	RAMP_C_000000519
REACTOME_TRANSPORT_OF_SMALL_MOLECULES	His	Histidine	-	R-HSA-382551	C00135	HMDB0000177	RAMP_C_000218426
REACTOME_TRANSPORT_OF_SMALL_MOLECULES	Histamine	Histamine	-	R-HSA-382551	C00388	HMDB0000870	RAMP_C_000000678
REACTOME_TRANSPORT_OF_SMALL_MOLECULES	Hypoxanthine	Hypoxanthine	-	R-HSA-382551	C00262	HMDB0000157	RAMP_C_000000101
REACTOME_TRANSPORT_OF_SMALL_MOLECULES	Ile	Isoleucine	-	R-HSA-382551	C00407	HMDB0000172	RAMP_C_000218741
REACTOME_TRANSPORT_OF_SMALL_MOLECULES	Inosine	Inosine	-	R-HSA-382551	C00294	HMDB0000195	RAMP_C_000000126
REACTOME_TRANSPORT_OF_SMALL_MOLECULES	Lac	Lactic acid	-	R-HSA-382551	C00186	HMDB0000190	RAMP_C_000218078
REACTOME_TRANSPORT_OF_SMALL_MOLECULES	Leu	Leucine	-	R-HSA-382551	C00123	HMDB0000687	RAMP_C_000000532
REACTOME_TRANSPORT_OF_SMALL_MOLECULES	Lys	Lysine	-	R-HSA-382551	C00047	HMDB0000182	RAMP_C_000000117
REACTOME_TRANSPORT_OF_SMALL_MOLECULES	Malic acid	Malic acid	-	R-HSA-382551	C00149	HMDB0000156	RAMP_C_000218036
REACTOME_TRANSPORT_OF_SMALL_MOLECULES	Mannose	Mannose	-	R-HSA-382551	C00159	HMDB0000169	RAMP_C_000000110
REACTOME_TRANSPORT_OF_SMALL_MOLECULES	Met	Methionine	-	R-HSA-382551	C00073	HMDB0000696	RAMP_C_000218711
REACTOME_TRANSPORT_OF_SMALL_MOLECULES	Nicotinic acid (B3)	Nicotinic acid (B3)	-	R-HSA-382551	C00253	HMDB0001488	RAMP_C_000218427
REACTOME_TRANSPORT_OF_SMALL_MOLECULES	Norepinephrine	Norepinephrine	-	R-HSA-382551	C00547	HMDB0000216	RAMP_C_000219112
REACTOME_TRANSPORT_OF_SMALL_MOLECULES	Orn	Ornithine	-	R-HSA-382551	C00077	HMDB0000214	RAMP_C_000218554
REACTOME_TRANSPORT_OF_SMALL_MOLECULES	PS 32:0	PS 32:0	-	R-HSA-382551	C02737	HMDB0000614	RAMP_C_000217830
REACTOME_TRANSPORT_OF_SMALL_MOLECULES	Pantothenic acid (B5)	Pantothenic acid (B5)	-	R-HSA-382551	C00864	HMDB0000210	RAMP_C_000218339
REACTOME_TRANSPORT_OF_SMALL_MOLECULES	Phe	Phenylalanine	-	R-HSA-382551	C00079	HMDB0000159	RAMP_C_000218749
REACTOME_TRANSPORT_OF_SMALL_MOLECULES	Pro	Proline	-	R-HSA-382551	C00148	HMDB0000162	RAMP_C_000218861
REACTOME_TRANSPORT_OF_SMALL_MOLECULES	Pyruvic acid	Pyruvic acid	-	R-HSA-382551	C00022	HMDB0000243	RAMP_C_000218028
REACTOME_TRANSPORT_OF_SMALL_MOLECULES	Ser	Serine	-	R-HSA-382551	C00065	HMDB0000187	RAMP_C_000218440
REACTOME_TRANSPORT_OF_SMALL_MOLECULES	Serotonin	Serotonin	-	R-HSA-382551	C00780	HMDB0000259	RAMP_C_000000177
REACTOME_TRANSPORT_OF_SMALL_MOLECULES	Spermidine	Spermidine	-	R-HSA-382551	C00315	HMDB0001257	RAMP_C_000000954
REACTOME_TRANSPORT_OF_SMALL_MOLECULES	Spermine	Spermine	-	R-HSA-382551	C00750	HMDB0001256	RAMP_C_000218544
REACTOME_TRANSPORT_OF_SMALL_MOLECULES	Suc	Succinic acid	-	R-HSA-382551	C00042	HMDB0000254	RAMP_C_000218399
REACTOME_TRANSPORT_OF_SMALL_MOLECULES	TCDCA	Taurochenodeoxycholic acid	-	R-HSA-382551	C05465	HMDB0000951	RAMP_C_000219362
REACTOME_TRANSPORT_OF_SMALL_MOLECULES	Taurine	Taurine	-	R-HSA-382551	C00245	HMDB0000251	RAMP_C_000218584
REACTOME_TRANSPORT_OF_SMALL_MOLECULES	Thr	Threonine	-	R-HSA-382551	C00188	HMDB0000167	RAMP_C_000218724
REACTOME_TRANSPORT_OF_SMALL_MOLECULES	Thymidine	Thymidine	-	R-HSA-382551	C00214	HMDB0000273	RAMP_C_000000186
REACTOME_TRANSPORT_OF_SMALL_MOLECULES	Thymine	Thymine	-	R-HSA-382551	C00178	HMDB0000262	RAMP_C_000000178
REACTOME_TRANSPORT_OF_SMALL_MOLECULES	Trp	Tryptophan	-	R-HSA-382551	C00078	HMDB0000929	RAMP_C_000218721
REACTOME_TRANSPORT_OF_SMALL_MOLECULES	Tyr	Tyrosine	-	R-HSA-382551	C00082	HMDB0000158	RAMP_C_000218778
REACTOME_TRANSPORT_OF_SMALL_MOLECULES	Uracil	Uracil	-	R-HSA-382551	C00106	HMDB0000300	RAMP_C_000000203
REACTOME_TRANSPORT_OF_SMALL_MOLECULES	Urea	Urea	-	R-HSA-382551	C00086	HMDB0000294	RAMP_C_000000199
REACTOME_TRANSPORT_OF_SMALL_MOLECULES	Uric acid	Uric acid	-	R-HSA-382551	C00366	HMDB0000289	RAMP_C_000000194
REACTOME_TRANSPORT_OF_SMALL_MOLECULES	Uridine	Uridine	-	R-HSA-382551	C00299	HMDB0000296	RAMP_C_000000201
REACTOME_TRANSPORT_OF_SMALL_MOLECULES	Val	Valine	-	R-HSA-382551	C00183	HMDB0000883	RAMP_C_000218704
REACTOME_TRANSPORT_OF_SMALL_MOLECULES	a-Ketoglutaric acid	alpha-Ketoglutaric acid	-	R-HSA-382551	C00026	HMDB0000208	RAMP_C_000274401
REACTOME_TRANSPORT_OF_SMALL_MOLECULES	beta-Ala	beta-Alanine	-	R-HSA-382551	C00099	HMDB0000056	RAMP_C_000218729
REACTOME_TRANSPORT_OF_SMALL_MOLECULES	cAMP	Adenosine monophosphate, cyclic (cAMP)	-	R-HSA-382551	C00575	HMDB0000058	RAMP_C_000218758
REACTOME_TRANSPORT_OF_SMALL_MOLECULES	t4-OH-Pro	trans-4-Hydroxyproline	-	R-HSA-382551	C01157	HMDB0000725	RAMP_C_000000565
REACTOME_TRANSPORT_OF_VITAMINS_NUCLEOSIDES_AND_RELATED_MOLECULES	Adenine	Adenine	-	R-HSA-425397	C00147	HMDB0000034	RAMP_C_000000024
REACTOME_TRANSPORT_OF_VITAMINS_NUCLEOSIDES_AND_RELATED_MOLECULES	Adenosine	Adenosine	-	R-HSA-425397	C00212	HMDB0000050	RAMP_C_000000034
REACTOME_TRANSPORT_OF_VITAMINS_NUCLEOSIDES_AND_RELATED_MOLECULES	Biotin (B7)	Biotin (B7)	-	R-HSA-425397	C00120	HMDB0000030	RAMP_C_000261993
REACTOME_TRANSPORT_OF_VITAMINS_NUCLEOSIDES_AND_RELATED_MOLECULES	CA	Cholic acid	-	R-HSA-425397	C00695	HMDB0000505	RAMP_C_000218390
REACTOME_TRANSPORT_OF_VITAMINS_NUCLEOSIDES_AND_RELATED_MOLECULES	CDCA	Chenodeoxycholic acid	-	R-HSA-425397	C02528	HMDB0000518	RAMP_C_000000390
REACTOME_TRANSPORT_OF_VITAMINS_NUCLEOSIDES_AND_RELATED_MOLECULES	Cytidine	Cytidine	-	R-HSA-425397	C00475	HMDB0000089	RAMP_C_000000061
REACTOME_TRANSPORT_OF_VITAMINS_NUCLEOSIDES_AND_RELATED_MOLECULES	Cytosine	Cytosine	-	R-HSA-425397	C00380	HMDB0000630	RAMP_C_000000483
REACTOME_TRANSPORT_OF_VITAMINS_NUCLEOSIDES_AND_RELATED_MOLECULES	DHEAS	Dehydroepiandrosterone sulfate	-	R-HSA-425397	C04555	HMDB0001032	RAMP_C_000269812
REACTOME_TRANSPORT_OF_VITAMINS_NUCLEOSIDES_AND_RELATED_MOLECULES	Dopamine	Dopamine	-	R-HSA-425397	C03758	HMDB0000073	RAMP_C_000218860
REACTOME_TRANSPORT_OF_VITAMINS_NUCLEOSIDES_AND_RELATED_MOLECULES	Epinephrine	Epinephrine	-	R-HSA-425397	C00788	HMDB0000068	RAMP_C_000000048
REACTOME_TRANSPORT_OF_VITAMINS_NUCLEOSIDES_AND_RELATED_MOLECULES	FA 10:0	Capric acid	-	R-HSA-425397	C01571	HMDB0000511	RAMP_C_000218305
REACTOME_TRANSPORT_OF_VITAMINS_NUCLEOSIDES_AND_RELATED_MOLECULES	FA 12:0	Lauric acid	-	R-HSA-425397	C02679	HMDB0000638	RAMP_C_000264780
REACTOME_TRANSPORT_OF_VITAMINS_NUCLEOSIDES_AND_RELATED_MOLECULES	FA 14:0	Myristic acid	-	R-HSA-425397	C06424	HMDB0000806	RAMP_C_000264781
REACTOME_TRANSPORT_OF_VITAMINS_NUCLEOSIDES_AND_RELATED_MOLECULES	FA 16:0	Palmitic acid	-	R-HSA-425397	C00249	HMDB0000220	RAMP_C_000219234
REACTOME_TRANSPORT_OF_VITAMINS_NUCLEOSIDES_AND_RELATED_MOLECULES	FA 18:1	Oleic acid	-	R-HSA-425397	C00712	HMDB0000207	RAMP_C_000218407
REACTOME_TRANSPORT_OF_VITAMINS_NUCLEOSIDES_AND_RELATED_MOLECULES	FA 18:2	Linoleic acid	-	R-HSA-425397	C01595	HMDB0000673	RAMP_C_000263195
REACTOME_TRANSPORT_OF_VITAMINS_NUCLEOSIDES_AND_RELATED_MOLECULES	FA 20:0	Arachidic acid	-	R-HSA-425397	C06425	HMDB0002212	RAMP_C_000001471
REACTOME_TRANSPORT_OF_VITAMINS_NUCLEOSIDES_AND_RELATED_MOLECULES	FA 24:0	Lignoceric acid	-	R-HSA-425397	C08320	HMDB0002003	RAMP_C_000001318
REACTOME_TRANSPORT_OF_VITAMINS_NUCLEOSIDES_AND_RELATED_MOLECULES	GCA	Glycocholic acid	-	R-HSA-425397	C01921	HMDB0000138	RAMP_C_000000089
REACTOME_TRANSPORT_OF_VITAMINS_NUCLEOSIDES_AND_RELATED_MOLECULES	GCDCA	Glycochenodeoxycholic acid	-	R-HSA-425397	C05462	HMDB0000637	RAMP_C_000002951
REACTOME_TRANSPORT_OF_VITAMINS_NUCLEOSIDES_AND_RELATED_MOLECULES	Guanine	Guanine	-	R-HSA-425397	C00242	HMDB0000132	RAMP_C_000000086
REACTOME_TRANSPORT_OF_VITAMINS_NUCLEOSIDES_AND_RELATED_MOLECULES	Guanosine	Guanosine	-	R-HSA-425397	C00387	HMDB0000133	RAMP_C_000000087
REACTOME_TRANSPORT_OF_VITAMINS_NUCLEOSIDES_AND_RELATED_MOLECULES	Hypoxanthine	Hypoxanthine	-	R-HSA-425397	C00262	HMDB0000157	RAMP_C_000000101
REACTOME_TRANSPORT_OF_VITAMINS_NUCLEOSIDES_AND_RELATED_MOLECULES	Inosine	Inosine	-	R-HSA-425397	C00294	HMDB0000195	RAMP_C_000000126
REACTOME_TRANSPORT_OF_VITAMINS_NUCLEOSIDES_AND_RELATED_MOLECULES	Norepinephrine	Norepinephrine	-	R-HSA-425397	C00547	HMDB0000216	RAMP_C_000219112
REACTOME_TRANSPORT_OF_VITAMINS_NUCLEOSIDES_AND_RELATED_MOLECULES	Pantothenic acid (B5)	Pantothenic acid (B5)	-	R-HSA-425397	C00864	HMDB0000210	RAMP_C_000218339
REACTOME_TRANSPORT_OF_VITAMINS_NUCLEOSIDES_AND_RELATED_MOLECULES	Serotonin	Serotonin	-	R-HSA-425397	C00780	HMDB0000259	RAMP_C_000000177
REACTOME_TRANSPORT_OF_VITAMINS_NUCLEOSIDES_AND_RELATED_MOLECULES	TCDCA	Taurochenodeoxycholic acid	-	R-HSA-425397	C05465	HMDB0000951	RAMP_C_000219362
REACTOME_TRANSPORT_OF_VITAMINS_NUCLEOSIDES_AND_RELATED_MOLECULES	Thymidine	Thymidine	-	R-HSA-425397	C00214	HMDB0000273	RAMP_C_000000186
REACTOME_TRANSPORT_OF_VITAMINS_NUCLEOSIDES_AND_RELATED_MOLECULES	Thymine	Thymine	-	R-HSA-425397	C00178	HMDB0000262	RAMP_C_000000178
REACTOME_TRANSPORT_OF_VITAMINS_NUCLEOSIDES_AND_RELATED_MOLECULES	Uracil	Uracil	-	R-HSA-425397	C00106	HMDB0000300	RAMP_C_000000203
REACTOME_TRANSPORT_OF_VITAMINS_NUCLEOSIDES_AND_RELATED_MOLECULES	Uridine	Uridine	-	R-HSA-425397	C00299	HMDB0000296	RAMP_C_000000201
REACTOME_TRNA_MODIFICATION_IN_THE_NUCLEUS_AND_CYTOSOL	AHCys	S-Adenosylhomocysteine	-	R-HSA-6782315	C00021	HMDB0000939	RAMP_C_000218715
REACTOME_TRNA_MODIFICATION_IN_THE_NUCLEUS_AND_CYTOSOL	Guanine	Guanine	-	R-HSA-6782315	C00242	HMDB0000132	RAMP_C_000000086
REACTOME_TRNA_MODIFICATION_IN_THE_NUCLEUS_AND_CYTOSOL	Met	Methionine	-	R-HSA-6782315	C00073	HMDB0000696	RAMP_C_000218711
REACTOME_TRNA_MODIFICATION_IN_THE_NUCLEUS_AND_CYTOSOL	Pyruvic acid	Pyruvic acid	-	R-HSA-6782315	C00022	HMDB0000243	RAMP_C_000218028
REACTOME_TRNA_MODIFICATION_IN_THE_NUCLEUS_AND_CYTOSOL	Suc	Succinic acid	-	R-HSA-6782315	C00042	HMDB0000254	RAMP_C_000218399
REACTOME_TRNA_MODIFICATION_IN_THE_NUCLEUS_AND_CYTOSOL	a-Ketoglutaric acid	alpha-Ketoglutaric acid	-	R-HSA-6782315	C00026	HMDB0000208	RAMP_C_000274401
REACTOME_TRYPTOPHAN_CATABOLISM	3-IPA	3-Indolepropionic acid	-	R-HSA-71240		HMDB0002302	RAMP_C_000269741
REACTOME_TRYPTOPHAN_CATABOLISM	3-OH-Anthranilic acid	3-Hydroxyanthranilic acid	-	R-HSA-71240	C00632	HMDB0001476	RAMP_C_000220389
REACTOME_TRYPTOPHAN_CATABOLISM	Ala	Alanine	-	R-HSA-71240	C00041	HMDB0000161	RAMP_C_000000104
REACTOME_TRYPTOPHAN_CATABOLISM	Glu	Glutamic acid	-	R-HSA-71240	C00025	HMDB0000148	RAMP_C_000218397
REACTOME_TRYPTOPHAN_CATABOLISM	His	Histidine	-	R-HSA-71240	C00135	HMDB0000177	RAMP_C_000218426
REACTOME_TRYPTOPHAN_CATABOLISM	Ile	Isoleucine	-	R-HSA-71240	C00407	HMDB0000172	RAMP_C_000218741
REACTOME_TRYPTOPHAN_CATABOLISM	Indole-Lac	Indolelactic acid	-	R-HSA-71240	C02043	HMDB0000671	RAMP_C_000000520
REACTOME_TRYPTOPHAN_CATABOLISM	Kynurenic acid	Kynurenic acid	-	R-HSA-71240	C01717	HMDB0000715	RAMP_C_000219506
REACTOME_TRYPTOPHAN_CATABOLISM	Kynurenine	Kynurenine	-	R-HSA-71240	C00328	HMDB0000183	RAMP_C_000000530
REACTOME_TRYPTOPHAN_CATABOLISM	Leu	Leucine	-	R-HSA-71240	C00123	HMDB0000687	RAMP_C_000000532
REACTOME_TRYPTOPHAN_CATABOLISM	Met	Methionine	-	R-HSA-71240	C00073	HMDB0000696	RAMP_C_000218711
REACTOME_TRYPTOPHAN_CATABOLISM	Phe	Phenylalanine	-	R-HSA-71240	C00079	HMDB0000159	RAMP_C_000218749
REACTOME_TRYPTOPHAN_CATABOLISM	Pyruvic acid	Pyruvic acid	-	R-HSA-71240	C00022	HMDB0000243	RAMP_C_000218028
REACTOME_TRYPTOPHAN_CATABOLISM	Trp	Tryptophan	-	R-HSA-71240	C00078	HMDB0000929	RAMP_C_000218721
REACTOME_TRYPTOPHAN_CATABOLISM	Tyr	Tyrosine	-	R-HSA-71240	C00082	HMDB0000158	RAMP_C_000218778
REACTOME_TRYPTOPHAN_CATABOLISM	Val	Valine	-	R-HSA-71240	C00183	HMDB0000883	RAMP_C_000218704
REACTOME_TRYPTOPHAN_CATABOLISM	a-Ketoglutaric acid	alpha-Ketoglutaric acid	-	R-HSA-71240	C00026	HMDB0000208	RAMP_C_000274401
REACTOME_TYROSINE_CATABOLISM	4-OH-Phenylpyruvic acid	4-Hydroxyphenylpyruvic acid	-	R-HSA-8963684	C01179	HMDB0000707	RAMP_C_000000549
REACTOME_TYROSINE_CATABOLISM	Fumaric acid	Fumaric acid	-	R-HSA-8963684	C00122	HMDB0000134	RAMP_C_000218394
REACTOME_TYROSINE_CATABOLISM	Glu	Glutamic acid	-	R-HSA-8963684	C00025	HMDB0000148	RAMP_C_000218397
REACTOME_TYROSINE_CATABOLISM	Tyr	Tyrosine	-	R-HSA-8963684	C00082	HMDB0000158	RAMP_C_000218778
REACTOME_TYROSINE_CATABOLISM	a-Ketoglutaric acid	alpha-Ketoglutaric acid	-	R-HSA-8963684	C00026	HMDB0000208	RAMP_C_000274401
REACTOME_UBIQUINOL_BIOSYNTHESIS	4-OH-Benzoic acid	4-Hydroxybenzoic acid	-	R-HSA-2142789	C00156	HMDB0000500	RAMP_C_000000376
REACTOME_UBIQUINOL_BIOSYNTHESIS	4-OH-Phenylpyruvic acid	4-Hydroxyphenylpyruvic acid	-	R-HSA-2142789	C01179	HMDB0000707	RAMP_C_000000549
REACTOME_UBIQUINOL_BIOSYNTHESIS	AHCys	S-Adenosylhomocysteine	-	R-HSA-2142789	C00021	HMDB0000939	RAMP_C_000218715
REACTOME_UREA_CYCLE	Arg	Arginine	-	R-HSA-70635	C00062	HMDB0000517	RAMP_C_000042003
REACTOME_UREA_CYCLE	Arginino-Suc	Argininosuccinic acid	-	R-HSA-70635	C03406	HMDB0000052	RAMP_C_000218664
REACTOME_UREA_CYCLE	Asp	Aspartic acid	-	R-HSA-70635	C00049	HMDB0000191	RAMP_C_000218398
REACTOME_UREA_CYCLE	Carbamoyl-PO4	Carbamoylphosphate	-	R-HSA-70635	C00169	HMDB0001096	RAMP_C_000218766
REACTOME_UREA_CYCLE	Cit	Citrulline	-	R-HSA-70635	C00327	HMDB0000904	RAMP_C_000218703
REACTOME_UREA_CYCLE	Fumaric acid	Fumaric acid	-	R-HSA-70635	C00122	HMDB0000134	RAMP_C_000218394
REACTOME_UREA_CYCLE	Glu	Glutamic acid	-	R-HSA-70635	C00025	HMDB0000148	RAMP_C_000218397
REACTOME_UREA_CYCLE	N-Ac-Glu	N-Acetylglutamic acid	-	R-HSA-70635	C00624	HMDB0001138	RAMP_C_000000871
REACTOME_UREA_CYCLE	Orn	Ornithine	-	R-HSA-70635	C00077	HMDB0000214	RAMP_C_000218554
REACTOME_UREA_CYCLE	Urea	Urea	-	R-HSA-70635	C00086	HMDB0000294	RAMP_C_000000199
REACTOME_VARIANT_SLC6A14_MAY_CONFER_SUSCEPTIBILITY_TOWARDS_OBESITY	Ala	Alanine	-	R-HSA-5619094	C00041	HMDB0000161	RAMP_C_000000104
REACTOME_VARIANT_SLC6A14_MAY_CONFER_SUSCEPTIBILITY_TOWARDS_OBESITY	Arg	Arginine	-	R-HSA-5619094	C00062	HMDB0000517	RAMP_C_000042003
REACTOME_VARIANT_SLC6A14_MAY_CONFER_SUSCEPTIBILITY_TOWARDS_OBESITY	Cys	Cysteine	-	R-HSA-5619094	C00097	HMDB0000574	RAMP_C_000218469
REACTOME_VARIANT_SLC6A14_MAY_CONFER_SUSCEPTIBILITY_TOWARDS_OBESITY	Gly	Glycine	-	R-HSA-5619094	C00037	HMDB0000123	RAMP_C_000000078
REACTOME_VARIANT_SLC6A14_MAY_CONFER_SUSCEPTIBILITY_TOWARDS_OBESITY	His	Histidine	-	R-HSA-5619094	C00135	HMDB0000177	RAMP_C_000218426
REACTOME_VARIANT_SLC6A14_MAY_CONFER_SUSCEPTIBILITY_TOWARDS_OBESITY	Ile	Isoleucine	-	R-HSA-5619094	C00407	HMDB0000172	RAMP_C_000218741
REACTOME_VARIANT_SLC6A14_MAY_CONFER_SUSCEPTIBILITY_TOWARDS_OBESITY	Leu	Leucine	-	R-HSA-5619094	C00123	HMDB0000687	RAMP_C_000000532
REACTOME_VARIANT_SLC6A14_MAY_CONFER_SUSCEPTIBILITY_TOWARDS_OBESITY	Lys	Lysine	-	R-HSA-5619094	C00047	HMDB0000182	RAMP_C_000000117
REACTOME_VARIANT_SLC6A14_MAY_CONFER_SUSCEPTIBILITY_TOWARDS_OBESITY	Met	Methionine	-	R-HSA-5619094	C00073	HMDB0000696	RAMP_C_000218711
REACTOME_VARIANT_SLC6A14_MAY_CONFER_SUSCEPTIBILITY_TOWARDS_OBESITY	Ser	Serine	-	R-HSA-5619094	C00065	HMDB0000187	RAMP_C_000218440
REACTOME_VARIANT_SLC6A14_MAY_CONFER_SUSCEPTIBILITY_TOWARDS_OBESITY	Trp	Tryptophan	-	R-HSA-5619094	C00078	HMDB0000929	RAMP_C_000218721
REACTOME_VARIANT_SLC6A14_MAY_CONFER_SUSCEPTIBILITY_TOWARDS_OBESITY	Val	Valine	-	R-HSA-5619094	C00183	HMDB0000883	RAMP_C_000218704
REACTOME_VARIANT_SLC6A14_MAY_CONFER_SUSCEPTIBILITY_TOWARDS_OBESITY	beta-Ala	beta-Alanine	-	R-HSA-5619094	C00099	HMDB0000056	RAMP_C_000218729
REACTOME_VEGFR2_MEDIATED_VASCULAR_PERMEABILITY	ADMA	Asymmetric dimethylarginine	-	R-HSA-5218920	C03626	HMDB0001539	RAMP_C_000218780
REACTOME_VEGFR2_MEDIATED_VASCULAR_PERMEABILITY	Arg	Arginine	-	R-HSA-5218920	C00062	HMDB0000517	RAMP_C_000042003
REACTOME_VEGFR2_MEDIATED_VASCULAR_PERMEABILITY	Cit	Citrulline	-	R-HSA-5218920	C00327	HMDB0000904	RAMP_C_000218703
REACTOME_VESICLE_MEDIATED_TRANSPORT	Epinephrine	Epinephrine	-	R-HSA-5653656	C00788	HMDB0000068	RAMP_C_000000048
REACTOME_VESICLE_MEDIATED_TRANSPORT	Mannose	Mannose	-	R-HSA-5653656	C00159	HMDB0000169	RAMP_C_000000110
REACTOME_VESICLE_MEDIATED_TRANSPORT	Norepinephrine	Norepinephrine	-	R-HSA-5653656	C00547	HMDB0000216	RAMP_C_000219112
REACTOME_VESICLE_MEDIATED_TRANSPORT	PS 32:0	PS 32:0	-	R-HSA-5653656	C02737	HMDB0000614	RAMP_C_000217830
REACTOME_VISUAL_PHOTOTRANSDUCTION	AHCys	S-Adenosylhomocysteine	-	R-HSA-2187338	C00021	HMDB0000939	RAMP_C_000218715
REACTOME_VISUAL_PHOTOTRANSDUCTION	DG 16:0_16:0	DG 16:0_16:0	-	R-HSA-2187338	C00165	HMDB0007098	RAMP_C_000219428
REACTOME_VISUAL_PHOTOTRANSDUCTION	FA 16:0	Palmitic acid	-	R-HSA-2187338	C00249	HMDB0000220	RAMP_C_000219234
REACTOME_VISUAL_PHOTOTRANSDUCTION	FA 18:1	Oleic acid	-	R-HSA-2187338	C00712	HMDB0000207	RAMP_C_000218407
REACTOME_VISUAL_PHOTOTRANSDUCTION	FA 18:2	Linoleic acid	-	R-HSA-2187338	C01595	HMDB0000673	RAMP_C_000263195
REACTOME_VISUAL_PHOTOTRANSDUCTION	FA 22:6n-3 (DHA)	Docosahexaenoic acid (DHA; omega3)	-	R-HSA-2187338	C06429	HMDB0002183	RAMP_C_000001447
REACTOME_VISUAL_PHOTOTRANSDUCTION	Met	Methionine	-	R-HSA-2187338	C00073	HMDB0000696	RAMP_C_000218711
REACTOME_VISUAL_PHOTOTRANSDUCTION	cGMP	Guanosine monophosphate, cyclic (cGMP)	-	R-HSA-2187338	C00942	HMDB0001314	RAMP_C_000000995
