set_name	shortname	fullname	direction	pathway_source_id	kegg_id	hmdb_id	ramp_id
SMPDB_27_HYDROXYLASE_DEFICIENCY	CA	Cholic acid	-	SMP00720	C00695	HMDB0000505	RAMP_C_000218390
SMPDB_27_HYDROXYLASE_DEFICIENCY	CDCA	Chenodeoxycholic acid	-	SMP00720	C02528	HMDB0000518	RAMP_C_000000390
SMPDB_27_HYDROXYLASE_DEFICIENCY	CE 22:2	CE 22:2	-	SMP00720		HMDB0006737	RAMP_C_000002853
SMPDB_27_HYDROXYLASE_DEFICIENCY	DCA	Deoxycholic acid	-	SMP00720	C04483	HMDB0000626	RAMP_C_000263082
SMPDB_27_HYDROXYLASE_DEFICIENCY	FA 16:0	Palmitic acid	-	SMP00720	C00249	HMDB0000220	RAMP_C_000219234
SMPDB_27_HYDROXYLASE_DEFICIENCY	GCA	Glycocholic acid	-	SMP00720	C01921	HMDB0000138	RAMP_C_000000089
SMPDB_27_HYDROXYLASE_DEFICIENCY	GCDCA	Glycochenodeoxycholic acid	-	SMP00720	C05462	HMDB0000637	RAMP_C_000002951
SMPDB_27_HYDROXYLASE_DEFICIENCY	GDCA	Glycodeoxycholic acid	-	SMP00720	C05464	HMDB0000631	RAMP_C_000000484
SMPDB_27_HYDROXYLASE_DEFICIENCY	GLCA	Glycolithocholic acid	-	SMP00720	C15557	HMDB0000698	RAMP_C_000261925
SMPDB_27_HYDROXYLASE_DEFICIENCY	GLCAS	Glycolithocholic acid sulfate	-	SMP00720	C15557	HMDB0000698	RAMP_C_000261925
SMPDB_27_HYDROXYLASE_DEFICIENCY	Gly	Glycine	-	SMP00720	C00037	HMDB0000123	RAMP_C_000000078
SMPDB_27_HYDROXYLASE_DEFICIENCY	LCA	Lithocholic acid	-	SMP00720	C03990	HMDB0000381	RAMP_C_000000277
SMPDB_27_HYDROXYLASE_DEFICIENCY	TCA	Taurocholic acid	-	SMP00720	C05122	HMDB0000036	RAMP_C_000171306
SMPDB_27_HYDROXYLASE_DEFICIENCY	TCDCA	Taurochenodeoxycholic acid	-	SMP00720	C05465	HMDB0000951	RAMP_C_000219362
SMPDB_27_HYDROXYLASE_DEFICIENCY	TDCA	Taurodeoxycholic acid	-	SMP00720	C05463	HMDB0000896	RAMP_C_000267477
SMPDB_27_HYDROXYLASE_DEFICIENCY	TLCA	Taurolithocholic acid	-	SMP00720	C02592	HMDB0000722	RAMP_C_000218140
SMPDB_27_HYDROXYLASE_DEFICIENCY	Taurine	Taurine	-	SMP00720	C00245	HMDB0000251	RAMP_C_000218584
SMPDB_2_AMINOADIPIC_2_OXOADIPIC_ACIDURIA	Glu	Glutamic acid	-	SMP00719	C00025	HMDB0000148	RAMP_C_000218397
SMPDB_2_AMINOADIPIC_2_OXOADIPIC_ACIDURIA	Lys	Lysine	-	SMP00719	C00047	HMDB0000182	RAMP_C_000000117
SMPDB_2_AMINOADIPIC_2_OXOADIPIC_ACIDURIA	a-Ketoglutaric acid	alpha-Ketoglutaric acid	-	SMP00719	C00026	HMDB0000208	RAMP_C_000274401
SMPDB_2_AMINOADIPIC_2_OXOADIPIC_ACIDURIA	alpha-AAA	alpha-Aminoadipic acid	-	SMP00719	C00956	HMDB0000510	RAMP_C_000218812
SMPDB_2_HYDROXYGLUTRIC_ACIDURIA_D_AND_L_FORM	Ala	Alanine	-	SMP00136	C00041	HMDB0000161	RAMP_C_000000104
SMPDB_2_HYDROXYGLUTRIC_ACIDURIA_D_AND_L_FORM	Asp	Aspartic acid	-	SMP00136	C00049	HMDB0000191	RAMP_C_000218398
SMPDB_2_HYDROXYGLUTRIC_ACIDURIA_D_AND_L_FORM	Biotin (B7)	Biotin (B7)	-	SMP00136	C00120	HMDB0000030	RAMP_C_000261993
SMPDB_2_HYDROXYGLUTRIC_ACIDURIA_D_AND_L_FORM	Carbamoyl-PO4	Carbamoylphosphate	-	SMP00136	C00169	HMDB0001096	RAMP_C_000218766
SMPDB_2_HYDROXYGLUTRIC_ACIDURIA_D_AND_L_FORM	Cys	Cysteine	-	SMP00136	C00097	HMDB0000574	RAMP_C_000218469
SMPDB_2_HYDROXYGLUTRIC_ACIDURIA_D_AND_L_FORM	GABA	gamma-Aminobutyric acid	-	SMP00136	C00334	HMDB0000112	RAMP_C_000219510
SMPDB_2_HYDROXYGLUTRIC_ACIDURIA_D_AND_L_FORM	Gln	Glutamine	-	SMP00136	C00064	HMDB0000641	RAMP_C_000218784
SMPDB_2_HYDROXYGLUTRIC_ACIDURIA_D_AND_L_FORM	Glu	Glutamic acid	-	SMP00136	C00025	HMDB0000148	RAMP_C_000218397
SMPDB_2_HYDROXYGLUTRIC_ACIDURIA_D_AND_L_FORM	Gly	Glycine	-	SMP00136	C00037	HMDB0000123	RAMP_C_000000078
SMPDB_2_HYDROXYGLUTRIC_ACIDURIA_D_AND_L_FORM	Oxaloacetic acid	Oxaloacetic acid	-	SMP00136	C00036	HMDB0000223	RAMP_C_000262942
SMPDB_2_HYDROXYGLUTRIC_ACIDURIA_D_AND_L_FORM	Pyruvic acid	Pyruvic acid	-	SMP00136	C00022	HMDB0000243	RAMP_C_000218028
SMPDB_2_HYDROXYGLUTRIC_ACIDURIA_D_AND_L_FORM	Suc	Succinic acid	-	SMP00136	C00042	HMDB0000254	RAMP_C_000218399
SMPDB_2_HYDROXYGLUTRIC_ACIDURIA_D_AND_L_FORM	a-Ketoglutaric acid	alpha-Ketoglutaric acid	-	SMP00136	C00026	HMDB0000208	RAMP_C_000274401
SMPDB_2_KETOGLUTARATE_DEHYDROGENASE_COMPLEX_DEFICIENCY	Biotin (B7)	Biotin (B7)	-	SMP00549	C00120	HMDB0000030	RAMP_C_000261993
SMPDB_2_KETOGLUTARATE_DEHYDROGENASE_COMPLEX_DEFICIENCY	Citric acid	Citric acid	-	SMP00549	C00158	HMDB0000094	RAMP_C_000218121
SMPDB_2_KETOGLUTARATE_DEHYDROGENASE_COMPLEX_DEFICIENCY	Fumaric acid	Fumaric acid	-	SMP00549	C00122	HMDB0000134	RAMP_C_000218394
SMPDB_2_KETOGLUTARATE_DEHYDROGENASE_COMPLEX_DEFICIENCY	Isocitric acid	Isocitric acid	-	SMP00549	C00311	HMDB0000193	RAMP_C_000217206
SMPDB_2_KETOGLUTARATE_DEHYDROGENASE_COMPLEX_DEFICIENCY	Malic acid	Malic acid	-	SMP00549	C00149	HMDB0000156	RAMP_C_000218036
SMPDB_2_KETOGLUTARATE_DEHYDROGENASE_COMPLEX_DEFICIENCY	Oxaloacetic acid	Oxaloacetic acid	-	SMP00549	C00036	HMDB0000223	RAMP_C_000262942
SMPDB_2_KETOGLUTARATE_DEHYDROGENASE_COMPLEX_DEFICIENCY	Pyruvic acid	Pyruvic acid	-	SMP00549	C00022	HMDB0000243	RAMP_C_000218028
SMPDB_2_KETOGLUTARATE_DEHYDROGENASE_COMPLEX_DEFICIENCY	Suc	Succinic acid	-	SMP00549	C00042	HMDB0000254	RAMP_C_000218399
SMPDB_2_KETOGLUTARATE_DEHYDROGENASE_COMPLEX_DEFICIENCY	a-Ketoglutaric acid	alpha-Ketoglutaric acid	-	SMP00549	C00026	HMDB0000208	RAMP_C_000274401
SMPDB_2_METHYL_3_HYDROXYBUTRYL_COA_DEHYDROGENASE_DEFICIENCY	3-Met-2-oxovaleric acid	3-Methyl-2-oxovaleric acid	-	SMP00137	C00671	HMDB0000491	RAMP_C_000000367
SMPDB_2_METHYL_3_HYDROXYBUTRYL_COA_DEHYDROGENASE_DEFICIENCY	3-OH-Isobutyric acid	3-Hydroxyisobutyric acid	-	SMP00137	C01188	HMDB0000023	RAMP_C_000000016
SMPDB_2_METHYL_3_HYDROXYBUTRYL_COA_DEHYDROGENASE_DEFICIENCY	4-Met-2-oxovaleric acid	2-Oxoisocaproic acid	-	SMP00137	C00233	HMDB0000695	RAMP_C_000218182
SMPDB_2_METHYL_3_HYDROXYBUTRYL_COA_DEHYDROGENASE_DEFICIENCY	Biotin (B7)	Biotin (B7)	-	SMP00137	C00120	HMDB0000030	RAMP_C_000261993
SMPDB_2_METHYL_3_HYDROXYBUTRYL_COA_DEHYDROGENASE_DEFICIENCY	Glu	Glutamic acid	-	SMP00137	C00025	HMDB0000148	RAMP_C_000218397
SMPDB_2_METHYL_3_HYDROXYBUTRYL_COA_DEHYDROGENASE_DEFICIENCY	Ile	Isoleucine	-	SMP00137	C00407	HMDB0000172	RAMP_C_000218741
SMPDB_2_METHYL_3_HYDROXYBUTRYL_COA_DEHYDROGENASE_DEFICIENCY	Leu	Leucine	-	SMP00137	C00123	HMDB0000687	RAMP_C_000000532
SMPDB_2_METHYL_3_HYDROXYBUTRYL_COA_DEHYDROGENASE_DEFICIENCY	Methylmalonic acid	Methylmalonic acid	-	SMP00137	C02170	HMDB0000202	RAMP_C_000220800
SMPDB_2_METHYL_3_HYDROXYBUTRYL_COA_DEHYDROGENASE_DEFICIENCY	Suc	Succinic acid	-	SMP00137	C00042	HMDB0000254	RAMP_C_000218399
SMPDB_2_METHYL_3_HYDROXYBUTRYL_COA_DEHYDROGENASE_DEFICIENCY	Val	Valine	-	SMP00137	C00183	HMDB0000883	RAMP_C_000218704
SMPDB_2_METHYL_3_HYDROXYBUTRYL_COA_DEHYDROGENASE_DEFICIENCY	a-Ketoglutaric acid	alpha-Ketoglutaric acid	-	SMP00137	C00026	HMDB0000208	RAMP_C_000274401
SMPDB_2_METHYL_3_HYDROXYBUTRYL_COA_DEHYDROGENASE_DEFICIENCY	a-Ketoisovaleric acid	alpha-Ketoisovaleric acid	-	SMP00137	C00141	HMDB0000019	RAMP_C_000000012
SMPDB_3_METHYLTHIOFENTANYL_ACTION_PATHWAY	Dopamine	Dopamine	-	SMP00679	C03758	HMDB0000073	RAMP_C_000218860
SMPDB_3_METHYLTHIOFENTANYL_ACTION_PATHWAY	Norepinephrine	Norepinephrine	-	SMP00679	C00547	HMDB0000216	RAMP_C_000219112
SMPDB_3_METHYLTHIOFENTANYL_ACTION_PATHWAY	Serotonin	Serotonin	-	SMP00679	C00780	HMDB0000259	RAMP_C_000000177
SMPDB_3_PHOSPHOGLYCERATE_DEHYDROGENASE_DEFICIENCY	5-Amino-4-oxovaleric acid	5-Amino-4-oxovaleric acid	-	SMP00721	C00430	HMDB0001149	RAMP_C_000220903
SMPDB_3_PHOSPHOGLYCERATE_DEHYDROGENASE_DEFICIENCY	AHCys	S-Adenosylhomocysteine	-	SMP00721	C00021	HMDB0000939	RAMP_C_000218715
SMPDB_3_PHOSPHOGLYCERATE_DEHYDROGENASE_DEFICIENCY	Ala	Alanine	-	SMP00721	C00041	HMDB0000161	RAMP_C_000000104
SMPDB_3_PHOSPHOGLYCERATE_DEHYDROGENASE_DEFICIENCY	Arg	Arginine	-	SMP00721	C00062	HMDB0000517	RAMP_C_000042003
SMPDB_3_PHOSPHOGLYCERATE_DEHYDROGENASE_DEFICIENCY	Betaine	Betaine	-	SMP00721	C00719	HMDB0000043	RAMP_C_000000030
SMPDB_3_PHOSPHOGLYCERATE_DEHYDROGENASE_DEFICIENCY	Creatine	Creatine	-	SMP00721	C00300	HMDB0000064	RAMP_C_000000046
SMPDB_3_PHOSPHOGLYCERATE_DEHYDROGENASE_DEFICIENCY	Cys	Cysteine	-	SMP00721	C00097	HMDB0000574	RAMP_C_000218469
SMPDB_3_PHOSPHOGLYCERATE_DEHYDROGENASE_DEFICIENCY	DMG	Dimethylglycine	-	SMP00721	C01026	HMDB0000092	RAMP_C_000000062
SMPDB_3_PHOSPHOGLYCERATE_DEHYDROGENASE_DEFICIENCY	Glu	Glutamic acid	-	SMP00721	C00025	HMDB0000148	RAMP_C_000218397
SMPDB_3_PHOSPHOGLYCERATE_DEHYDROGENASE_DEFICIENCY	Gly	Glycine	-	SMP00721	C00037	HMDB0000123	RAMP_C_000000078
SMPDB_3_PHOSPHOGLYCERATE_DEHYDROGENASE_DEFICIENCY	Glyceric acid	Glyceric acid	-	SMP00721	C00258	HMDB0000139	RAMP_C_000218080
SMPDB_3_PHOSPHOGLYCERATE_DEHYDROGENASE_DEFICIENCY	Glyoxylic acid	Glyoxylic acid	-	SMP00721	C00048	HMDB0000119	RAMP_C_000218495
SMPDB_3_PHOSPHOGLYCERATE_DEHYDROGENASE_DEFICIENCY	Guanidinoacetic acid	Guanidinoacetic acid	-	SMP00721	C00581	HMDB0000128	RAMP_C_000219492
SMPDB_3_PHOSPHOGLYCERATE_DEHYDROGENASE_DEFICIENCY	HCys	Homocysteine	-	SMP00721	C00155	HMDB0000165	RAMP_C_000218762
SMPDB_3_PHOSPHOGLYCERATE_DEHYDROGENASE_DEFICIENCY	Met	Methionine	-	SMP00721	C00073	HMDB0000696	RAMP_C_000218711
SMPDB_3_PHOSPHOGLYCERATE_DEHYDROGENASE_DEFICIENCY	Pyruvic acid	Pyruvic acid	-	SMP00721	C00022	HMDB0000243	RAMP_C_000218028
SMPDB_3_PHOSPHOGLYCERATE_DEHYDROGENASE_DEFICIENCY	Sarcosine	Sarcosine	-	SMP00721	C00213	HMDB0000271	RAMP_C_000218658
SMPDB_3_PHOSPHOGLYCERATE_DEHYDROGENASE_DEFICIENCY	Ser	Serine	-	SMP00721	C00065	HMDB0000187	RAMP_C_000218440
SMPDB_3_PHOSPHOGLYCERATE_DEHYDROGENASE_DEFICIENCY	a-Ketoglutaric acid	alpha-Ketoglutaric acid	-	SMP00721	C00026	HMDB0000208	RAMP_C_000274401
SMPDB_5_OXOPROLINASE_DEFICIENCY	5-Oxo-Pro	5-Oxoproline	-	SMP00500	C01879	HMDB0000267	RAMP_C_000263954
SMPDB_5_OXOPROLINASE_DEFICIENCY	Ala	Alanine	-	SMP00500	C00041	HMDB0000161	RAMP_C_000000104
SMPDB_5_OXOPROLINASE_DEFICIENCY	Cys	Cysteine	-	SMP00500	C00097	HMDB0000574	RAMP_C_000218469
SMPDB_5_OXOPROLINASE_DEFICIENCY	Glu	Glutamic acid	-	SMP00500	C00025	HMDB0000148	RAMP_C_000218397
SMPDB_5_OXOPROLINASE_DEFICIENCY	Gly	Glycine	-	SMP00500	C00037	HMDB0000123	RAMP_C_000000078
SMPDB_5_OXOPROLINURIA	5-Oxo-Pro	5-Oxoproline	-	SMP00143	C01879	HMDB0000267	RAMP_C_000263954
SMPDB_5_OXOPROLINURIA	Cys	Cysteine	-	SMP00143	C00097	HMDB0000574	RAMP_C_000218469
SMPDB_5_OXOPROLINURIA	Glu	Glutamic acid	-	SMP00143	C00025	HMDB0000148	RAMP_C_000218397
SMPDB_5_OXOPROLINURIA	Gly	Glycine	-	SMP00143	C00037	HMDB0000123	RAMP_C_000000078
SMPDB_ACETAMINOPHEN_ACTION_PATHWAY	FA 20:4n-6 (AA)	Arachidonic acid (AA; omega6)	-	SMP00710	C00219	HMDB0001043	RAMP_C_000000804
SMPDB_ACETAMINOPHEN_ACTION_PATHWAY	Glu	Glutamic acid	-	SMP00710	C00025	HMDB0000148	RAMP_C_000218397
SMPDB_ACETAMINOPHEN_ACTION_PATHWAY	LPC 14:0	LPC 14:0	-	SMP00710		HMDB0010379	RAMP_C_000006332
SMPDB_ACETAMINOPHEN_ACTION_PATHWAY	PC 32:0	PC 32:0	-	SMP00710	C00157	HMDB0000564	RAMP_C_000003881
SMPDB_ACETAMINOPHEN_ACTION_PATHWAY	PC 34:4	PC 34:4	-	SMP00710	C00157	HMDB0000564	RAMP_C_000003881
SMPDB_ACUTE_INTERMITTENT_PORPHYRIA	5-Amino-4-oxovaleric acid	5-Amino-4-oxovaleric acid	-	SMP00344	C00430	HMDB0001149	RAMP_C_000220903
SMPDB_ACUTE_INTERMITTENT_PORPHYRIA	Bilirubin	Bilirubin	-	SMP00344	C00486	HMDB0000054	RAMP_C_000000038
SMPDB_ACUTE_INTERMITTENT_PORPHYRIA	Biliverdin	Biliverdin	-	SMP00344	C00500	HMDB0001008	RAMP_C_000000781
SMPDB_ACUTE_INTERMITTENT_PORPHYRIA	Gly	Glycine	-	SMP00344	C00037	HMDB0000123	RAMP_C_000000078
SMPDB_ADENINE_PHOSPHORIBOSYLTRANSFERASE_DEFICIENCY_APRT	Adenine	Adenine	-	SMP00535	C00147	HMDB0000034	RAMP_C_000000024
SMPDB_ADENINE_PHOSPHORIBOSYLTRANSFERASE_DEFICIENCY_APRT	Adenosine	Adenosine	-	SMP00535	C00212	HMDB0000050	RAMP_C_000000034
SMPDB_ADENINE_PHOSPHORIBOSYLTRANSFERASE_DEFICIENCY_APRT	Asp	Aspartic acid	-	SMP00535	C00049	HMDB0000191	RAMP_C_000218398
SMPDB_ADENINE_PHOSPHORIBOSYLTRANSFERASE_DEFICIENCY_APRT	Deoxyguanosine	Deoxyguanosine	-	SMP00535	C00330	HMDB0000085	RAMP_C_000000058
SMPDB_ADENINE_PHOSPHORIBOSYLTRANSFERASE_DEFICIENCY_APRT	Fumaric acid	Fumaric acid	-	SMP00535	C00122	HMDB0000134	RAMP_C_000218394
SMPDB_ADENINE_PHOSPHORIBOSYLTRANSFERASE_DEFICIENCY_APRT	Gln	Glutamine	-	SMP00535	C00064	HMDB0000641	RAMP_C_000218784
SMPDB_ADENINE_PHOSPHORIBOSYLTRANSFERASE_DEFICIENCY_APRT	Glu	Glutamic acid	-	SMP00535	C00025	HMDB0000148	RAMP_C_000218397
SMPDB_ADENINE_PHOSPHORIBOSYLTRANSFERASE_DEFICIENCY_APRT	Gly	Glycine	-	SMP00535	C00037	HMDB0000123	RAMP_C_000000078
SMPDB_ADENINE_PHOSPHORIBOSYLTRANSFERASE_DEFICIENCY_APRT	Guanine	Guanine	-	SMP00535	C00242	HMDB0000132	RAMP_C_000000086
SMPDB_ADENINE_PHOSPHORIBOSYLTRANSFERASE_DEFICIENCY_APRT	Guanosine	Guanosine	-	SMP00535	C00387	HMDB0000133	RAMP_C_000000087
SMPDB_ADENINE_PHOSPHORIBOSYLTRANSFERASE_DEFICIENCY_APRT	Hypoxanthine	Hypoxanthine	-	SMP00535	C00262	HMDB0000157	RAMP_C_000000101
SMPDB_ADENINE_PHOSPHORIBOSYLTRANSFERASE_DEFICIENCY_APRT	Inosine	Inosine	-	SMP00535	C00294	HMDB0000195	RAMP_C_000000126
SMPDB_ADENINE_PHOSPHORIBOSYLTRANSFERASE_DEFICIENCY_APRT	Uric acid	Uric acid	-	SMP00535	C00366	HMDB0000289	RAMP_C_000000194
SMPDB_ADENINE_PHOSPHORIBOSYLTRANSFERASE_DEFICIENCY_APRT	Xanthine	Xanthine	-	SMP00535	C00385	HMDB0000292	RAMP_C_000000197
SMPDB_ADENINE_PHOSPHORIBOSYLTRANSFERASE_DEFICIENCY_APRT	cAMP	Adenosine monophosphate, cyclic (cAMP)	-	SMP00535	C00575	HMDB0000058	RAMP_C_000218758
SMPDB_ADRENOLEUKODYSTROPHY_X_LINKED	C0	Carnitine	-	SMP00516	C00318	HMDB0000062	RAMP_C_000274496
SMPDB_ADRENOLEUKODYSTROPHY_X_LINKED	C2	Acetylcarnitine	-	SMP00516	C02571	HMDB0000201	RAMP_C_000218051
SMPDB_ADRENOLEUKODYSTROPHY_X_LINKED	FA 12:0	Lauric acid	-	SMP00516	C02679	HMDB0000638	RAMP_C_000264780
SMPDB_ADRENOLEUKODYSTROPHY_X_LINKED	FA 24:0	Lignoceric acid	-	SMP00516	C08320	HMDB0002003	RAMP_C_000001318
SMPDB_ALENDRONATE_ACTION_PATHWAY	CE 18:0	CE 18:0	-	SMP00095		HMDB0010368	RAMP_C_000041795
SMPDB_ALENDRONATE_ACTION_PATHWAY	FA 16:0	Palmitic acid	-	SMP00095	C00249	HMDB0000220	RAMP_C_000219234
SMPDB_ALENDRONATE_ACTION_PATHWAY	Mevalonic acid	Mevalonic acid	-	SMP00095	C00418	HMDB0000227	RAMP_C_000218492
SMPDB_ALKAPTONURIA	4-OH-Phenylpyruvic acid	4-Hydroxyphenylpyruvic acid	-	SMP00169	C01179	HMDB0000707	RAMP_C_000000549
SMPDB_ALKAPTONURIA	AHCys	S-Adenosylhomocysteine	-	SMP00169	C00021	HMDB0000939	RAMP_C_000218715
SMPDB_ALKAPTONURIA	Asp	Aspartic acid	-	SMP00169	C00049	HMDB0000191	RAMP_C_000218398
SMPDB_ALKAPTONURIA	DOPA	Dihydroxyphenylalanine	-	SMP00169	C00355	HMDB0000181	RAMP_C_000218668
SMPDB_ALKAPTONURIA	DOPAC	3,4-Dihydroxyphenylacetic acid	-	SMP00169	C01161	HMDB0001336	RAMP_C_000001011
SMPDB_ALKAPTONURIA	Dopamine	Dopamine	-	SMP00169	C03758	HMDB0000073	RAMP_C_000218860
SMPDB_ALKAPTONURIA	Epinephrine	Epinephrine	-	SMP00169	C00788	HMDB0000068	RAMP_C_000000048
SMPDB_ALKAPTONURIA	Fumaric acid	Fumaric acid	-	SMP00169	C00122	HMDB0000134	RAMP_C_000218394
SMPDB_ALKAPTONURIA	Glu	Glutamic acid	-	SMP00169	C00025	HMDB0000148	RAMP_C_000218397
SMPDB_ALKAPTONURIA	Homovanillic acid	Homovanillic acid	-	SMP00169	C05582	HMDB0000118	RAMP_C_000000074
SMPDB_ALKAPTONURIA	Norepinephrine	Norepinephrine	-	SMP00169	C00547	HMDB0000216	RAMP_C_000219112
SMPDB_ALKAPTONURIA	Oxaloacetic acid	Oxaloacetic acid	-	SMP00169	C00036	HMDB0000223	RAMP_C_000262942
SMPDB_ALKAPTONURIA	Tyr	Tyrosine	-	SMP00169	C00082	HMDB0000158	RAMP_C_000218778
SMPDB_ALKAPTONURIA	Tyramine	Tyramine	-	SMP00169	C00483	HMDB0000306	RAMP_C_000000209
SMPDB_ALKAPTONURIA	Vanillylmandelic acid	Vanillylmandelic acid	-	SMP00169	C05584	HMDB0000291	RAMP_C_000217410
SMPDB_ALKAPTONURIA	a-Ketoglutaric acid	alpha-Ketoglutaric acid	-	SMP00169	C00026	HMDB0000208	RAMP_C_000274401
SMPDB_AMIKACIN_ACTION_PATHWAY	Ala	Alanine	-	SMP00253	C00041	HMDB0000161	RAMP_C_000000104
SMPDB_AMIKACIN_ACTION_PATHWAY	Asn	Asparagine	-	SMP00253	C00152	HMDB0000168	RAMP_C_000218742
SMPDB_AMIKACIN_ACTION_PATHWAY	His	Histidine	-	SMP00253	C00135	HMDB0000177	RAMP_C_000218426
SMPDB_AMIKACIN_ACTION_PATHWAY	Ile	Isoleucine	-	SMP00253	C00407	HMDB0000172	RAMP_C_000218741
SMPDB_AMIKACIN_ACTION_PATHWAY	Leu	Leucine	-	SMP00253	C00123	HMDB0000687	RAMP_C_000000532
SMPDB_AMIKACIN_ACTION_PATHWAY	Met	Methionine	-	SMP00253	C00073	HMDB0000696	RAMP_C_000218711
SMPDB_AMIKACIN_ACTION_PATHWAY	Pro	Proline	-	SMP00253	C00148	HMDB0000162	RAMP_C_000218861
SMPDB_AMIKACIN_ACTION_PATHWAY	Thr	Threonine	-	SMP00253	C00188	HMDB0000167	RAMP_C_000218724
SMPDB_AMIKACIN_ACTION_PATHWAY	Val	Valine	-	SMP00253	C00183	HMDB0000883	RAMP_C_000218704
SMPDB_AMINO_SUGAR_METABOLISM	FA 2:0	Acetic acid	-	SMP00045	C00033	HMDB0000042	RAMP_C_000218400
SMPDB_AMINO_SUGAR_METABOLISM	Fructose	Fructose	-	SMP00045	C02336	HMDB0000660	RAMP_C_000000509
SMPDB_AMINO_SUGAR_METABOLISM	Gln	Glutamine	-	SMP00045	C00064	HMDB0000641	RAMP_C_000218784
SMPDB_AMINO_SUGAR_METABOLISM	Glu	Glutamic acid	-	SMP00045	C00025	HMDB0000148	RAMP_C_000218397
SMPDB_AMINO_SUGAR_METABOLISM	NeuAc	Acetylneuraminic acid	-	SMP00045	C19910	HMDB0000230	RAMP_C_000264346
SMPDB_AMINO_SUGAR_METABOLISM	Pyruvic acid	Pyruvic acid	-	SMP00045	C00022	HMDB0000243	RAMP_C_000218028
SMPDB_ARGININEMIA	Ala	Alanine	-	SMP00357	C00041	HMDB0000161	RAMP_C_000000104
SMPDB_ARGININEMIA	Arg	Arginine	-	SMP00357	C00062	HMDB0000517	RAMP_C_000042003
SMPDB_ARGININEMIA	Arginino-Suc	Argininosuccinic acid	-	SMP00357	C03406	HMDB0000052	RAMP_C_000218664
SMPDB_ARGININEMIA	Asp	Aspartic acid	-	SMP00357	C00049	HMDB0000191	RAMP_C_000218398
SMPDB_ARGININEMIA	Carbamoyl-PO4	Carbamoylphosphate	-	SMP00357	C00169	HMDB0001096	RAMP_C_000218766
SMPDB_ARGININEMIA	Cit	Citrulline	-	SMP00357	C00327	HMDB0000904	RAMP_C_000218703
SMPDB_ARGININEMIA	Fumaric acid	Fumaric acid	-	SMP00357	C00122	HMDB0000134	RAMP_C_000218394
SMPDB_ARGININEMIA	Gln	Glutamine	-	SMP00357	C00064	HMDB0000641	RAMP_C_000218784
SMPDB_ARGININEMIA	Glu	Glutamic acid	-	SMP00357	C00025	HMDB0000148	RAMP_C_000218397
SMPDB_ARGININEMIA	Orn	Ornithine	-	SMP00357	C00077	HMDB0000214	RAMP_C_000218554
SMPDB_ARGININEMIA	Oxaloacetic acid	Oxaloacetic acid	-	SMP00357	C00036	HMDB0000223	RAMP_C_000262942
SMPDB_ARGININEMIA	Pyruvic acid	Pyruvic acid	-	SMP00357	C00022	HMDB0000243	RAMP_C_000218028
SMPDB_ARGININEMIA	Urea	Urea	-	SMP00357	C00086	HMDB0000294	RAMP_C_000000199
SMPDB_ARGININEMIA	a-Ketoglutaric acid	alpha-Ketoglutaric acid	-	SMP00357	C00026	HMDB0000208	RAMP_C_000274401
SMPDB_ARGININE_GLYCINE_AMIDINOTRANSFERASE_DEFICIENCY_AGAT_DEFICIENCY	AHCys	S-Adenosylhomocysteine	-	SMP00362	C00021	HMDB0000939	RAMP_C_000218715
SMPDB_ARGININE_GLYCINE_AMIDINOTRANSFERASE_DEFICIENCY_AGAT_DEFICIENCY	Arg	Arginine	-	SMP00362	C00062	HMDB0000517	RAMP_C_000042003
SMPDB_ARGININE_GLYCINE_AMIDINOTRANSFERASE_DEFICIENCY_AGAT_DEFICIENCY	Arginino-Suc	Argininosuccinic acid	-	SMP00362	C03406	HMDB0000052	RAMP_C_000218664
SMPDB_ARGININE_GLYCINE_AMIDINOTRANSFERASE_DEFICIENCY_AGAT_DEFICIENCY	Asp	Aspartic acid	-	SMP00362	C00049	HMDB0000191	RAMP_C_000218398
SMPDB_ARGININE_GLYCINE_AMIDINOTRANSFERASE_DEFICIENCY_AGAT_DEFICIENCY	Carbamoyl-PO4	Carbamoylphosphate	-	SMP00362	C00169	HMDB0001096	RAMP_C_000218766
SMPDB_ARGININE_GLYCINE_AMIDINOTRANSFERASE_DEFICIENCY_AGAT_DEFICIENCY	Cit	Citrulline	-	SMP00362	C00327	HMDB0000904	RAMP_C_000218703
SMPDB_ARGININE_GLYCINE_AMIDINOTRANSFERASE_DEFICIENCY_AGAT_DEFICIENCY	Creatine	Creatine	-	SMP00362	C00300	HMDB0000064	RAMP_C_000000046
SMPDB_ARGININE_GLYCINE_AMIDINOTRANSFERASE_DEFICIENCY_AGAT_DEFICIENCY	Fumaric acid	Fumaric acid	-	SMP00362	C00122	HMDB0000134	RAMP_C_000218394
SMPDB_ARGININE_GLYCINE_AMIDINOTRANSFERASE_DEFICIENCY_AGAT_DEFICIENCY	Glu	Glutamic acid	-	SMP00362	C00025	HMDB0000148	RAMP_C_000218397
SMPDB_ARGININE_GLYCINE_AMIDINOTRANSFERASE_DEFICIENCY_AGAT_DEFICIENCY	Gly	Glycine	-	SMP00362	C00037	HMDB0000123	RAMP_C_000000078
SMPDB_ARGININE_GLYCINE_AMIDINOTRANSFERASE_DEFICIENCY_AGAT_DEFICIENCY	Guanidinoacetic acid	Guanidinoacetic acid	-	SMP00362	C00581	HMDB0000128	RAMP_C_000219492
SMPDB_ARGININE_GLYCINE_AMIDINOTRANSFERASE_DEFICIENCY_AGAT_DEFICIENCY	Orn	Ornithine	-	SMP00362	C00077	HMDB0000214	RAMP_C_000218554
SMPDB_ARGININE_GLYCINE_AMIDINOTRANSFERASE_DEFICIENCY_AGAT_DEFICIENCY	Oxaloacetic acid	Oxaloacetic acid	-	SMP00362	C00036	HMDB0000223	RAMP_C_000262942
SMPDB_ARGININE_GLYCINE_AMIDINOTRANSFERASE_DEFICIENCY_AGAT_DEFICIENCY	Pro	Proline	-	SMP00362	C00148	HMDB0000162	RAMP_C_000218861
SMPDB_ARGININE_GLYCINE_AMIDINOTRANSFERASE_DEFICIENCY_AGAT_DEFICIENCY	Suc	Succinic acid	-	SMP00362	C00042	HMDB0000254	RAMP_C_000218399
SMPDB_ARGININE_GLYCINE_AMIDINOTRANSFERASE_DEFICIENCY_AGAT_DEFICIENCY	Urea	Urea	-	SMP00362	C00086	HMDB0000294	RAMP_C_000000199
SMPDB_ARGININE_GLYCINE_AMIDINOTRANSFERASE_DEFICIENCY_AGAT_DEFICIENCY	a-Ketoglutaric acid	alpha-Ketoglutaric acid	-	SMP00362	C00026	HMDB0000208	RAMP_C_000274401
SMPDB_ARGININE_GLYCINE_AMIDINOTRANSFERASE_DEFICIENCY_AGAT_DEFICIENCY	t4-OH-Pro	trans-4-Hydroxyproline	-	SMP00362	C01157	HMDB0000725	RAMP_C_000000565
SMPDB_AROMATIC_L_AMINOACID_DECARBOXYLASE_DEFICIENCY	AHCys	S-Adenosylhomocysteine	-	SMP00170	C00021	HMDB0000939	RAMP_C_000218715
SMPDB_AROMATIC_L_AMINOACID_DECARBOXYLASE_DEFICIENCY	DOPA	Dihydroxyphenylalanine	-	SMP00170	C00355	HMDB0000181	RAMP_C_000218668
SMPDB_AROMATIC_L_AMINOACID_DECARBOXYLASE_DEFICIENCY	Dopamine	Dopamine	-	SMP00170	C03758	HMDB0000073	RAMP_C_000218860
SMPDB_AROMATIC_L_AMINOACID_DECARBOXYLASE_DEFICIENCY	Epinephrine	Epinephrine	-	SMP00170	C00788	HMDB0000068	RAMP_C_000000048
SMPDB_AROMATIC_L_AMINOACID_DECARBOXYLASE_DEFICIENCY	Norepinephrine	Norepinephrine	-	SMP00170	C00547	HMDB0000216	RAMP_C_000219112
SMPDB_AROMATIC_L_AMINOACID_DECARBOXYLASE_DEFICIENCY	Tyr	Tyrosine	-	SMP00170	C00082	HMDB0000158	RAMP_C_000218778
SMPDB_ASPARTATE_METABOLISM	Arg	Arginine	-	SMP00067	C00062	HMDB0000517	RAMP_C_000042003
SMPDB_ASPARTATE_METABOLISM	Arginino-Suc	Argininosuccinic acid	-	SMP00067	C03406	HMDB0000052	RAMP_C_000218664
SMPDB_ASPARTATE_METABOLISM	Asn	Asparagine	-	SMP00067	C00152	HMDB0000168	RAMP_C_000218742
SMPDB_ASPARTATE_METABOLISM	Asp	Aspartic acid	-	SMP00067	C00049	HMDB0000191	RAMP_C_000218398
SMPDB_ASPARTATE_METABOLISM	Carbamoyl-PO4	Carbamoylphosphate	-	SMP00067	C00169	HMDB0001096	RAMP_C_000218766
SMPDB_ASPARTATE_METABOLISM	Cit	Citrulline	-	SMP00067	C00327	HMDB0000904	RAMP_C_000218703
SMPDB_ASPARTATE_METABOLISM	FA 2:0	Acetic acid	-	SMP00067	C00033	HMDB0000042	RAMP_C_000218400
SMPDB_ASPARTATE_METABOLISM	Fumaric acid	Fumaric acid	-	SMP00067	C00122	HMDB0000134	RAMP_C_000218394
SMPDB_ASPARTATE_METABOLISM	Gln	Glutamine	-	SMP00067	C00064	HMDB0000641	RAMP_C_000218784
SMPDB_ASPARTATE_METABOLISM	Glu	Glutamic acid	-	SMP00067	C00025	HMDB0000148	RAMP_C_000218397
SMPDB_ASPARTATE_METABOLISM	Malonic acid	Malonic acid	-	SMP00067	C00383	HMDB0000691	RAMP_C_000220789
SMPDB_ASPARTATE_METABOLISM	N-Ac-Asp	N-Acetylaspartic acid	-	SMP00067	C01042	HMDB0000812	RAMP_C_000218122
SMPDB_ASPARTATE_METABOLISM	Oxaloacetic acid	Oxaloacetic acid	-	SMP00067	C00036	HMDB0000223	RAMP_C_000262942
SMPDB_ASPARTATE_METABOLISM	a-Ketoglutaric acid	alpha-Ketoglutaric acid	-	SMP00067	C00026	HMDB0000208	RAMP_C_000274401
SMPDB_ASPARTATE_METABOLISM	beta-Ala	beta-Alanine	-	SMP00067	C00099	HMDB0000056	RAMP_C_000218729
SMPDB_AZATHIOPRINE_ACTION_PATHWAY	AHCys	S-Adenosylhomocysteine	-	SMP00427	C00021	HMDB0000939	RAMP_C_000218715
SMPDB_AZATHIOPRINE_ACTION_PATHWAY	Adenine	Adenine	-	SMP00427	C00147	HMDB0000034	RAMP_C_000000024
SMPDB_AZATHIOPRINE_ACTION_PATHWAY	Adenosine	Adenosine	-	SMP00427	C00212	HMDB0000050	RAMP_C_000000034
SMPDB_AZATHIOPRINE_ACTION_PATHWAY	Asp	Aspartic acid	-	SMP00427	C00049	HMDB0000191	RAMP_C_000218398
SMPDB_AZATHIOPRINE_ACTION_PATHWAY	Deoxyguanosine	Deoxyguanosine	-	SMP00427	C00330	HMDB0000085	RAMP_C_000000058
SMPDB_AZATHIOPRINE_ACTION_PATHWAY	Fumaric acid	Fumaric acid	-	SMP00427	C00122	HMDB0000134	RAMP_C_000218394
SMPDB_AZATHIOPRINE_ACTION_PATHWAY	Gln	Glutamine	-	SMP00427	C00064	HMDB0000641	RAMP_C_000218784
SMPDB_AZATHIOPRINE_ACTION_PATHWAY	Glu	Glutamic acid	-	SMP00427	C00025	HMDB0000148	RAMP_C_000218397
SMPDB_AZATHIOPRINE_ACTION_PATHWAY	Gly	Glycine	-	SMP00427	C00037	HMDB0000123	RAMP_C_000000078
SMPDB_AZATHIOPRINE_ACTION_PATHWAY	Guanine	Guanine	-	SMP00427	C00242	HMDB0000132	RAMP_C_000000086
SMPDB_AZATHIOPRINE_ACTION_PATHWAY	Guanosine	Guanosine	-	SMP00427	C00387	HMDB0000133	RAMP_C_000000087
SMPDB_AZATHIOPRINE_ACTION_PATHWAY	Hypoxanthine	Hypoxanthine	-	SMP00427	C00262	HMDB0000157	RAMP_C_000000101
SMPDB_AZATHIOPRINE_ACTION_PATHWAY	Inosine	Inosine	-	SMP00427	C00294	HMDB0000195	RAMP_C_000000126
SMPDB_AZATHIOPRINE_ACTION_PATHWAY	Uric acid	Uric acid	-	SMP00427	C00366	HMDB0000289	RAMP_C_000000194
SMPDB_AZATHIOPRINE_ACTION_PATHWAY	Xanthine	Xanthine	-	SMP00427	C00385	HMDB0000292	RAMP_C_000000197
SMPDB_AZATHIOPRINE_ACTION_PATHWAY	cAMP	Adenosine monophosphate, cyclic (cAMP)	-	SMP00427	C00575	HMDB0000058	RAMP_C_000218758
SMPDB_BETA_MERCAPTOLACTATE_CYSTEINE_DISULFIDURIA	Cys	Cysteine	-	SMP00499	C00097	HMDB0000574	RAMP_C_000218469
SMPDB_BETA_MERCAPTOLACTATE_CYSTEINE_DISULFIDURIA	Glu	Glutamic acid	-	SMP00499	C00025	HMDB0000148	RAMP_C_000218397
SMPDB_BETA_MERCAPTOLACTATE_CYSTEINE_DISULFIDURIA	Pyruvic acid	Pyruvic acid	-	SMP00499	C00022	HMDB0000243	RAMP_C_000218028
SMPDB_BETA_MERCAPTOLACTATE_CYSTEINE_DISULFIDURIA	a-Ketoglutaric acid	alpha-Ketoglutaric acid	-	SMP00499	C00026	HMDB0000208	RAMP_C_000274401
SMPDB_BETA_UREIDOPROPIONASE_DEFICIENCY	BAIBA	3-Aminoisobutyric acid	-	SMP00172	C05145	HMDB0000485	RAMP_C_000001957
SMPDB_BETA_UREIDOPROPIONASE_DEFICIENCY	Carbamoyl-PO4	Carbamoylphosphate	-	SMP00172	C00169	HMDB0001096	RAMP_C_000218766
SMPDB_BETA_UREIDOPROPIONASE_DEFICIENCY	Cytidine	Cytidine	-	SMP00172	C00475	HMDB0000089	RAMP_C_000000061
SMPDB_BETA_UREIDOPROPIONASE_DEFICIENCY	Deoxycytidine	Deoxycytidine	-	SMP00172	C00881	HMDB0000014	RAMP_C_000000008
SMPDB_BETA_UREIDOPROPIONASE_DEFICIENCY	Gln	Glutamine	-	SMP00172	C00064	HMDB0000641	RAMP_C_000218784
SMPDB_BETA_UREIDOPROPIONASE_DEFICIENCY	Orotic acid	Orotic acid	-	SMP00172	C00295	HMDB0000226	RAMP_C_000000150
SMPDB_BETA_UREIDOPROPIONASE_DEFICIENCY	Thymidine	Thymidine	-	SMP00172	C00214	HMDB0000273	RAMP_C_000000186
SMPDB_BETA_UREIDOPROPIONASE_DEFICIENCY	Thymine	Thymine	-	SMP00172	C00178	HMDB0000262	RAMP_C_000000178
SMPDB_BETA_UREIDOPROPIONASE_DEFICIENCY	Uracil	Uracil	-	SMP00172	C00106	HMDB0000300	RAMP_C_000000203
SMPDB_BETA_UREIDOPROPIONASE_DEFICIENCY	Uridine	Uridine	-	SMP00172	C00299	HMDB0000296	RAMP_C_000000201
SMPDB_BETA_UREIDOPROPIONASE_DEFICIENCY	beta-Ala	beta-Alanine	-	SMP00172	C00099	HMDB0000056	RAMP_C_000218729
SMPDB_CANAVAN_DISEASE	Arg	Arginine	-	SMP00175	C00062	HMDB0000517	RAMP_C_000042003
SMPDB_CANAVAN_DISEASE	Arginino-Suc	Argininosuccinic acid	-	SMP00175	C03406	HMDB0000052	RAMP_C_000218664
SMPDB_CANAVAN_DISEASE	Asn	Asparagine	-	SMP00175	C00152	HMDB0000168	RAMP_C_000218742
SMPDB_CANAVAN_DISEASE	Asp	Aspartic acid	-	SMP00175	C00049	HMDB0000191	RAMP_C_000218398
SMPDB_CANAVAN_DISEASE	Carbamoyl-PO4	Carbamoylphosphate	-	SMP00175	C00169	HMDB0001096	RAMP_C_000218766
SMPDB_CANAVAN_DISEASE	Cit	Citrulline	-	SMP00175	C00327	HMDB0000904	RAMP_C_000218703
SMPDB_CANAVAN_DISEASE	FA 2:0	Acetic acid	-	SMP00175	C00033	HMDB0000042	RAMP_C_000218400
SMPDB_CANAVAN_DISEASE	Fumaric acid	Fumaric acid	-	SMP00175	C00122	HMDB0000134	RAMP_C_000218394
SMPDB_CANAVAN_DISEASE	Gln	Glutamine	-	SMP00175	C00064	HMDB0000641	RAMP_C_000218784
SMPDB_CANAVAN_DISEASE	Glu	Glutamic acid	-	SMP00175	C00025	HMDB0000148	RAMP_C_000218397
SMPDB_CANAVAN_DISEASE	N-Ac-Asp	N-Acetylaspartic acid	-	SMP00175	C01042	HMDB0000812	RAMP_C_000218122
SMPDB_CANAVAN_DISEASE	Oxaloacetic acid	Oxaloacetic acid	-	SMP00175	C00036	HMDB0000223	RAMP_C_000262942
SMPDB_CANAVAN_DISEASE	a-Ketoglutaric acid	alpha-Ketoglutaric acid	-	SMP00175	C00026	HMDB0000208	RAMP_C_000274401
SMPDB_CANAVAN_DISEASE	beta-Ala	beta-Alanine	-	SMP00175	C00099	HMDB0000056	RAMP_C_000218729
SMPDB_CARNITINE_PALMITOYL_TRANSFERASE_DEFICIENCY_I	C0	Carnitine	-	SMP00538	C00318	HMDB0000062	RAMP_C_000274496
SMPDB_CARNITINE_PALMITOYL_TRANSFERASE_DEFICIENCY_I	C16	Hexadecanoylcarnitine	-	SMP00538	C02990	HMDB0000222	RAMP_C_000000146
SMPDB_CARNITINE_PALMITOYL_TRANSFERASE_DEFICIENCY_I	FA 16:0	Palmitic acid	-	SMP00538	C00249	HMDB0000220	RAMP_C_000219234
SMPDB_CARNITINE_SYNTHESIS	AHCys	S-Adenosylhomocysteine	-	SMP00465	C00021	HMDB0000939	RAMP_C_000218715
SMPDB_CARNITINE_SYNTHESIS	C0	Carnitine	-	SMP00465	C00318	HMDB0000062	RAMP_C_000274496
SMPDB_CARNITINE_SYNTHESIS	Gly	Glycine	-	SMP00465	C00037	HMDB0000123	RAMP_C_000000078
SMPDB_CARNITINE_SYNTHESIS	Lys	Lysine	-	SMP00465	C00047	HMDB0000182	RAMP_C_000000117
SMPDB_CARNITINE_SYNTHESIS	Suc	Succinic acid	-	SMP00465	C00042	HMDB0000254	RAMP_C_000218399
SMPDB_CARNITINE_SYNTHESIS	a-Ketoglutaric acid	alpha-Ketoglutaric acid	-	SMP00465	C00026	HMDB0000208	RAMP_C_000274401
SMPDB_CARNOSINURIA_CARNOSINEMIA	1-Met-His	1-Methylhistidine	-	SMP00493	C01152	HMDB0000001	RAMP_C_000000001
SMPDB_CARNOSINURIA_CARNOSINEMIA	3-Met-His	3-Methylhistidine	-	SMP00493	C01152	HMDB0000001	RAMP_C_000000001
SMPDB_CARNOSINURIA_CARNOSINEMIA	Anserine	Anserine	-	SMP00493	C01262	HMDB0000194	RAMP_C_000000125
SMPDB_CARNOSINURIA_CARNOSINEMIA	Asp	Aspartic acid	-	SMP00493	C00049	HMDB0000191	RAMP_C_000218398
SMPDB_CARNOSINURIA_CARNOSINEMIA	Carnosine	Carnosine	-	SMP00493	C00386	HMDB0000033	RAMP_C_000218666
SMPDB_CARNOSINURIA_CARNOSINEMIA	Glu	Glutamic acid	-	SMP00493	C00025	HMDB0000148	RAMP_C_000218397
SMPDB_CARNOSINURIA_CARNOSINEMIA	His	Histidine	-	SMP00493	C00135	HMDB0000177	RAMP_C_000218426
SMPDB_CARNOSINURIA_CARNOSINEMIA	Pantothenic acid (B5)	Pantothenic acid (B5)	-	SMP00493	C00864	HMDB0000210	RAMP_C_000218339
SMPDB_CARNOSINURIA_CARNOSINEMIA	Uracil	Uracil	-	SMP00493	C00106	HMDB0000300	RAMP_C_000000203
SMPDB_CARNOSINURIA_CARNOSINEMIA	a-Ketoglutaric acid	alpha-Ketoglutaric acid	-	SMP00493	C00026	HMDB0000208	RAMP_C_000274401
SMPDB_CARNOSINURIA_CARNOSINEMIA	beta-Ala	beta-Alanine	-	SMP00493	C00099	HMDB0000056	RAMP_C_000218729
SMPDB_CYSTATHIONINE_BETA_SYNTHASE_DEFICIENCY	AHCys	S-Adenosylhomocysteine	-	SMP00177	C00021	HMDB0000939	RAMP_C_000218715
SMPDB_CYSTATHIONINE_BETA_SYNTHASE_DEFICIENCY	Adenosine	Adenosine	-	SMP00177	C00212	HMDB0000050	RAMP_C_000000034
SMPDB_CYSTATHIONINE_BETA_SYNTHASE_DEFICIENCY	Betaine	Betaine	-	SMP00177	C00719	HMDB0000043	RAMP_C_000000030
SMPDB_CYSTATHIONINE_BETA_SYNTHASE_DEFICIENCY	Choline	Choline	-	SMP00177	C00114	HMDB0000097	RAMP_C_000000065
SMPDB_CYSTATHIONINE_BETA_SYNTHASE_DEFICIENCY	Cys	Cysteine	-	SMP00177	C00097	HMDB0000574	RAMP_C_000218469
SMPDB_CYSTATHIONINE_BETA_SYNTHASE_DEFICIENCY	DMG	Dimethylglycine	-	SMP00177	C01026	HMDB0000092	RAMP_C_000000062
SMPDB_CYSTATHIONINE_BETA_SYNTHASE_DEFICIENCY	Gly	Glycine	-	SMP00177	C00037	HMDB0000123	RAMP_C_000000078
SMPDB_CYSTATHIONINE_BETA_SYNTHASE_DEFICIENCY	HCys	Homocysteine	-	SMP00177	C00155	HMDB0000165	RAMP_C_000218762
SMPDB_CYSTATHIONINE_BETA_SYNTHASE_DEFICIENCY	HSer	Homoserine	-	SMP00177	C00263	HMDB0000719	RAMP_C_000262508
SMPDB_CYSTATHIONINE_BETA_SYNTHASE_DEFICIENCY	Met	Methionine	-	SMP00177	C00073	HMDB0000696	RAMP_C_000218711
SMPDB_CYSTATHIONINE_BETA_SYNTHASE_DEFICIENCY	Met-SO	Methionine sulfoxide	-	SMP00177	C02989	HMDB0002005	RAMP_C_000001320
SMPDB_CYSTATHIONINE_BETA_SYNTHASE_DEFICIENCY	Putrescine	Putrescine	-	SMP00177	C00134	HMDB0001414	RAMP_C_000001073
SMPDB_CYSTATHIONINE_BETA_SYNTHASE_DEFICIENCY	Sarcosine	Sarcosine	-	SMP00177	C00213	HMDB0000271	RAMP_C_000218658
SMPDB_CYSTATHIONINE_BETA_SYNTHASE_DEFICIENCY	Ser	Serine	-	SMP00177	C00065	HMDB0000187	RAMP_C_000218440
SMPDB_CYSTATHIONINE_BETA_SYNTHASE_DEFICIENCY	Spermidine	Spermidine	-	SMP00177	C00315	HMDB0001257	RAMP_C_000000954
SMPDB_DE_NOVO_TRIACYLGLYCEROL_BIOSYNTHESIS_TG_18_1_9Z_20_0_18_1_9Z	DG 18:1_20:0	DG 18:1_20:0	-	SMP22197		HMDB0007223	RAMP_C_000003223
SMPDB_DE_NOVO_TRIACYLGLYCEROL_BIOSYNTHESIS_TG_18_1_9Z_20_0_18_1_9Z	LPA 18:1	LPA 18:1	-	SMP22197		HMDB0000443	RAMP_C_000003855
SMPDB_DE_NOVO_TRIACYLGLYCEROL_BIOSYNTHESIS_TG_18_1_9Z_20_0_18_1_9Z	PA 18:1_20:0	PA 18:1_20:0	-	SMP22197		HMDB0114931	RAMP_C_000094106
SMPDB_DISULFIRAM_ACTION_PATHWAY	4-OH-Phenylpyruvic acid	4-Hydroxyphenylpyruvic acid	-	SMP00429	C01179	HMDB0000707	RAMP_C_000000549
SMPDB_DISULFIRAM_ACTION_PATHWAY	AHCys	S-Adenosylhomocysteine	-	SMP00429	C00021	HMDB0000939	RAMP_C_000218715
SMPDB_DISULFIRAM_ACTION_PATHWAY	Asp	Aspartic acid	-	SMP00429	C00049	HMDB0000191	RAMP_C_000218398
SMPDB_DISULFIRAM_ACTION_PATHWAY	DOPA	Dihydroxyphenylalanine	-	SMP00429	C00355	HMDB0000181	RAMP_C_000218668
SMPDB_DISULFIRAM_ACTION_PATHWAY	DOPAC	3,4-Dihydroxyphenylacetic acid	-	SMP00429	C01161	HMDB0001336	RAMP_C_000001011
SMPDB_DISULFIRAM_ACTION_PATHWAY	Dopamine	Dopamine	-	SMP00429	C03758	HMDB0000073	RAMP_C_000218860
SMPDB_DISULFIRAM_ACTION_PATHWAY	Epinephrine	Epinephrine	-	SMP00429	C00788	HMDB0000068	RAMP_C_000000048
SMPDB_DISULFIRAM_ACTION_PATHWAY	FA 2:0	Acetic acid	-	SMP00429	C00033	HMDB0000042	RAMP_C_000218400
SMPDB_DISULFIRAM_ACTION_PATHWAY	Fumaric acid	Fumaric acid	-	SMP00429	C00122	HMDB0000134	RAMP_C_000218394
SMPDB_DISULFIRAM_ACTION_PATHWAY	Glu	Glutamic acid	-	SMP00429	C00025	HMDB0000148	RAMP_C_000218397
SMPDB_DISULFIRAM_ACTION_PATHWAY	Homovanillic acid	Homovanillic acid	-	SMP00429	C05582	HMDB0000118	RAMP_C_000000074
SMPDB_DISULFIRAM_ACTION_PATHWAY	Norepinephrine	Norepinephrine	-	SMP00429	C00547	HMDB0000216	RAMP_C_000219112
SMPDB_DISULFIRAM_ACTION_PATHWAY	Oxaloacetic acid	Oxaloacetic acid	-	SMP00429	C00036	HMDB0000223	RAMP_C_000262942
SMPDB_DISULFIRAM_ACTION_PATHWAY	Tyr	Tyrosine	-	SMP00429	C00082	HMDB0000158	RAMP_C_000218778
SMPDB_DISULFIRAM_ACTION_PATHWAY	Tyramine	Tyramine	-	SMP00429	C00483	HMDB0000306	RAMP_C_000000209
SMPDB_DISULFIRAM_ACTION_PATHWAY	Vanillylmandelic acid	Vanillylmandelic acid	-	SMP00429	C05584	HMDB0000291	RAMP_C_000217410
SMPDB_DISULFIRAM_ACTION_PATHWAY	a-Ketoglutaric acid	alpha-Ketoglutaric acid	-	SMP00429	C00026	HMDB0000208	RAMP_C_000274401
SMPDB_D_GLYCERIC_ACIDURA	DG 16:0_16:0	DG 16:0_16:0	-	SMP00529	C00165	HMDB0007098	RAMP_C_000219428
SMPDB_D_GLYCERIC_ACIDURA	FA 16:0	Palmitic acid	-	SMP00529	C00249	HMDB0000220	RAMP_C_000219234
SMPDB_D_GLYCERIC_ACIDURA	Glyceric acid	Glyceric acid	-	SMP00529	C00258	HMDB0000139	RAMP_C_000218080
SMPDB_D_GLYCERIC_ACIDURA	LPA 16:0	LPA 16:0	-	SMP00529	C04036	HMDB0000327	RAMP_C_000003853
SMPDB_FABRY_DISEASE	Cer d18:1/18:0	Cer d18:1/18:0	-	SMP00525		HMDB0000829	RAMP_C_000002275
SMPDB_FABRY_DISEASE	Glucose	Glucose	-	SMP00525	C00031	HMDB0000122	RAMP_C_000000077
SMPDB_FABRY_DISEASE	Ser	Serine	-	SMP00525	C00065	HMDB0000187	RAMP_C_000218440
SMPDB_FATTY_ACID_BIOSYNTHESIS	3-OH-Butyric acid	3-Hydroxybutyric acid	-	SMP00456	C01089	HMDB0000011	RAMP_C_000218499
SMPDB_FATTY_ACID_BIOSYNTHESIS	Biotin (B7)	Biotin (B7)	-	SMP00456	C00120	HMDB0000030	RAMP_C_000261993
SMPDB_FATTY_ACID_BIOSYNTHESIS	FA 10:0	Capric acid	-	SMP00456	C01571	HMDB0000511	RAMP_C_000218305
SMPDB_FATTY_ACID_BIOSYNTHESIS	FA 12:0	Lauric acid	-	SMP00456	C02679	HMDB0000638	RAMP_C_000264780
SMPDB_FATTY_ACID_BIOSYNTHESIS	FA 14:0	Myristic acid	-	SMP00456	C06424	HMDB0000806	RAMP_C_000264781
SMPDB_FATTY_ACID_BIOSYNTHESIS	FA 16:0	Palmitic acid	-	SMP00456	C00249	HMDB0000220	RAMP_C_000219234
SMPDB_FATTY_ACID_BIOSYNTHESIS	FA 2:0	Acetic acid	-	SMP00456	C00033	HMDB0000042	RAMP_C_000218400
SMPDB_FATTY_ACID_BIOSYNTHESIS	FA 4:0	Butyric acid	-	SMP00456	C00246	HMDB0000039	RAMP_C_000000028
SMPDB_FATTY_ACID_BIOSYNTHESIS	FA 6:0	Caproic acid	-	SMP00456	C01585	HMDB0000535	RAMP_C_000000405
SMPDB_FATTY_ACID_BIOSYNTHESIS	FA 8:0	Caprylic acid	-	SMP00456	C06423	HMDB0000482	RAMP_C_000217324
SMPDB_FATTY_ACID_BIOSYNTHESIS	Malonic acid	Malonic acid	-	SMP00456	C00383	HMDB0000691	RAMP_C_000220789
SMPDB_FRUCTOSE_1_6_DIPHOSPHATASE_DEFICIENCY	Biotin (B7)	Biotin (B7)	-	SMP00562	C00120	HMDB0000030	RAMP_C_000261993
SMPDB_FRUCTOSE_1_6_DIPHOSPHATASE_DEFICIENCY	Glucose	Glucose	-	SMP00562	C00031	HMDB0000122	RAMP_C_000000077
SMPDB_FRUCTOSE_1_6_DIPHOSPHATASE_DEFICIENCY	Lac	Lactic acid	-	SMP00562	C00186	HMDB0000190	RAMP_C_000218078
SMPDB_FRUCTOSE_1_6_DIPHOSPHATASE_DEFICIENCY	Malic acid	Malic acid	-	SMP00562	C00149	HMDB0000156	RAMP_C_000218036
SMPDB_FRUCTOSE_1_6_DIPHOSPHATASE_DEFICIENCY	Oxaloacetic acid	Oxaloacetic acid	-	SMP00562	C00036	HMDB0000223	RAMP_C_000262942
SMPDB_FRUCTOSE_1_6_DIPHOSPHATASE_DEFICIENCY	Pyruvic acid	Pyruvic acid	-	SMP00562	C00022	HMDB0000243	RAMP_C_000218028
SMPDB_FRUCTOSE_1_6_DIPHOSPHATASE_DEFICIENCY	a-Ketoglutaric acid	alpha-Ketoglutaric acid	-	SMP00562	C00026	HMDB0000208	RAMP_C_000274401
SMPDB_GALACTOSEMIA	Fructose	Fructose	-	SMP00182	C02336	HMDB0000660	RAMP_C_000000509
SMPDB_GALACTOSEMIA	Glucose	Glucose	-	SMP00182	C00031	HMDB0000122	RAMP_C_000000077
SMPDB_GALACTOSEMIA	Mannose	Mannose	-	SMP00182	C00159	HMDB0000169	RAMP_C_000000110
SMPDB_GAMMA_CYSTATHIONASE_DEFICIENCY_CTH	Cys	Cysteine	-	SMP00514	C00097	HMDB0000574	RAMP_C_000218469
SMPDB_GAMMA_CYSTATHIONASE_DEFICIENCY_CTH	HCys	Homocysteine	-	SMP00514	C00155	HMDB0000165	RAMP_C_000218762
SMPDB_GAMMA_CYSTATHIONASE_DEFICIENCY_CTH	Ser	Serine	-	SMP00514	C00065	HMDB0000187	RAMP_C_000218440
SMPDB_GLUCOSE_ALANINE_CYCLE	Ala	Alanine	-	SMP00127	C00041	HMDB0000161	RAMP_C_000000104
SMPDB_GLUCOSE_ALANINE_CYCLE	Glu	Glutamic acid	-	SMP00127	C00025	HMDB0000148	RAMP_C_000218397
SMPDB_GLUCOSE_ALANINE_CYCLE	Glucose	Glucose	-	SMP00127	C00031	HMDB0000122	RAMP_C_000000077
SMPDB_GLUCOSE_ALANINE_CYCLE	Pyruvic acid	Pyruvic acid	-	SMP00127	C00022	HMDB0000243	RAMP_C_000218028
SMPDB_GLUCOSE_ALANINE_CYCLE	a-Ketoglutaric acid	alpha-Ketoglutaric acid	-	SMP00127	C00026	HMDB0000208	RAMP_C_000274401
SMPDB_GLUTAMINOLYSIS_AND_CANCER	Ala	Alanine	-	SMP02298	C00041	HMDB0000161	RAMP_C_000000104
SMPDB_GLUTAMINOLYSIS_AND_CANCER	Asp	Aspartic acid	-	SMP02298	C00049	HMDB0000191	RAMP_C_000218398
SMPDB_GLUTAMINOLYSIS_AND_CANCER	Biotin (B7)	Biotin (B7)	-	SMP02298	C00120	HMDB0000030	RAMP_C_000261993
SMPDB_GLUTAMINOLYSIS_AND_CANCER	Citric acid	Citric acid	-	SMP02298	C00158	HMDB0000094	RAMP_C_000218121
SMPDB_GLUTAMINOLYSIS_AND_CANCER	Fumaric acid	Fumaric acid	-	SMP02298	C00122	HMDB0000134	RAMP_C_000218394
SMPDB_GLUTAMINOLYSIS_AND_CANCER	Gln	Glutamine	-	SMP02298	C00064	HMDB0000641	RAMP_C_000218784
SMPDB_GLUTAMINOLYSIS_AND_CANCER	Glu	Glutamic acid	-	SMP02298	C00025	HMDB0000148	RAMP_C_000218397
SMPDB_GLUTAMINOLYSIS_AND_CANCER	Isocitric acid	Isocitric acid	-	SMP02298	C00311	HMDB0000193	RAMP_C_000217206
SMPDB_GLUTAMINOLYSIS_AND_CANCER	Lac	Lactic acid	-	SMP02298	C00186	HMDB0000190	RAMP_C_000218078
SMPDB_GLUTAMINOLYSIS_AND_CANCER	Leu	Leucine	-	SMP02298	C00123	HMDB0000687	RAMP_C_000000532
SMPDB_GLUTAMINOLYSIS_AND_CANCER	Malic acid	Malic acid	-	SMP02298	C00149	HMDB0000156	RAMP_C_000218036
SMPDB_GLUTAMINOLYSIS_AND_CANCER	Oxaloacetic acid	Oxaloacetic acid	-	SMP02298	C00036	HMDB0000223	RAMP_C_000262942
SMPDB_GLUTAMINOLYSIS_AND_CANCER	Pyruvic acid	Pyruvic acid	-	SMP02298	C00022	HMDB0000243	RAMP_C_000218028
SMPDB_GLUTAMINOLYSIS_AND_CANCER	Suc	Succinic acid	-	SMP02298	C00042	HMDB0000254	RAMP_C_000218399
SMPDB_GLUTAMINOLYSIS_AND_CANCER	a-Ketoglutaric acid	alpha-Ketoglutaric acid	-	SMP02298	C00026	HMDB0000208	RAMP_C_000274401
SMPDB_GLUTARIC_ACIDURIA_TYPE_I	C0	Carnitine	-	SMP00185	C00318	HMDB0000062	RAMP_C_000274496
SMPDB_GLUTARIC_ACIDURIA_TYPE_I	C16	Hexadecanoylcarnitine	-	SMP00185	C02990	HMDB0000222	RAMP_C_000000146
SMPDB_GLUTARIC_ACIDURIA_TYPE_I	FA 16:0	Palmitic acid	-	SMP00185	C00249	HMDB0000220	RAMP_C_000219234
SMPDB_GLUTARIC_ACIDURIA_TYPE_I	Glu	Glutamic acid	-	SMP00185	C00025	HMDB0000148	RAMP_C_000218397
SMPDB_GLUTARIC_ACIDURIA_TYPE_I	Lys	Lysine	-	SMP00185	C00047	HMDB0000182	RAMP_C_000000117
SMPDB_GLUTARIC_ACIDURIA_TYPE_I	a-Ketoglutaric acid	alpha-Ketoglutaric acid	-	SMP00185	C00026	HMDB0000208	RAMP_C_000274401
SMPDB_GLUTARIC_ACIDURIA_TYPE_I	alpha-AAA	alpha-Aminoadipic acid	-	SMP00185	C00956	HMDB0000510	RAMP_C_000218812
SMPDB_HEROIN_ACTION_PATHWAY	Dopamine	Dopamine	-	SMP00407	C03758	HMDB0000073	RAMP_C_000218860
SMPDB_HEROIN_ACTION_PATHWAY	FA 2:0	Acetic acid	-	SMP00407	C00033	HMDB0000042	RAMP_C_000218400
SMPDB_HEROIN_ACTION_PATHWAY	Norepinephrine	Norepinephrine	-	SMP00407	C00547	HMDB0000216	RAMP_C_000219112
SMPDB_HEROIN_ACTION_PATHWAY	Serotonin	Serotonin	-	SMP00407	C00780	HMDB0000259	RAMP_C_000000177
SMPDB_HISTIDINEMIA	1-Met-His	1-Methylhistidine	-	SMP00191	C01152	HMDB0000001	RAMP_C_000000001
SMPDB_HISTIDINEMIA	3-Met-His	3-Methylhistidine	-	SMP00191	C01152	HMDB0000001	RAMP_C_000000001
SMPDB_HISTIDINEMIA	AHCys	S-Adenosylhomocysteine	-	SMP00191	C00021	HMDB0000939	RAMP_C_000218715
SMPDB_HISTIDINEMIA	Anserine	Anserine	-	SMP00191	C01262	HMDB0000194	RAMP_C_000000125
SMPDB_HISTIDINEMIA	Carnosine	Carnosine	-	SMP00191	C00386	HMDB0000033	RAMP_C_000218666
SMPDB_HISTIDINEMIA	Glu	Glutamic acid	-	SMP00191	C00025	HMDB0000148	RAMP_C_000218397
SMPDB_HISTIDINEMIA	His	Histidine	-	SMP00191	C00135	HMDB0000177	RAMP_C_000218426
SMPDB_HISTIDINEMIA	Histamine	Histamine	-	SMP00191	C00388	HMDB0000870	RAMP_C_000000678
SMPDB_HISTIDINEMIA	beta-Ala	beta-Alanine	-	SMP00191	C00099	HMDB0000056	RAMP_C_000218729
SMPDB_LACTIC_ACIDEMIA	Ala	Alanine	-	SMP00313	C00041	HMDB0000161	RAMP_C_000000104
SMPDB_LACTIC_ACIDEMIA	Biotin (B7)	Biotin (B7)	-	SMP00313	C00120	HMDB0000030	RAMP_C_000261993
SMPDB_LACTIC_ACIDEMIA	Glu	Glutamic acid	-	SMP00313	C00025	HMDB0000148	RAMP_C_000218397
SMPDB_LACTIC_ACIDEMIA	Gly	Glycine	-	SMP00313	C00037	HMDB0000123	RAMP_C_000000078
SMPDB_LACTIC_ACIDEMIA	Glyoxylic acid	Glyoxylic acid	-	SMP00313	C00048	HMDB0000119	RAMP_C_000218495
SMPDB_LACTIC_ACIDEMIA	Oxaloacetic acid	Oxaloacetic acid	-	SMP00313	C00036	HMDB0000223	RAMP_C_000262942
SMPDB_LACTIC_ACIDEMIA	Pyruvic acid	Pyruvic acid	-	SMP00313	C00022	HMDB0000243	RAMP_C_000218028
SMPDB_LACTIC_ACIDEMIA	a-Ketoglutaric acid	alpha-Ketoglutaric acid	-	SMP00313	C00026	HMDB0000208	RAMP_C_000274401
SMPDB_LEIGH_SYNDROME	Biotin (B7)	Biotin (B7)	-	SMP00196	C00120	HMDB0000030	RAMP_C_000261993
SMPDB_LEIGH_SYNDROME	FA 2:0	Acetic acid	-	SMP00196	C00033	HMDB0000042	RAMP_C_000218400
SMPDB_LEIGH_SYNDROME	Lac	Lactic acid	-	SMP00196	C00186	HMDB0000190	RAMP_C_000218078
SMPDB_LEIGH_SYNDROME	Malic acid	Malic acid	-	SMP00196	C00149	HMDB0000156	RAMP_C_000218036
SMPDB_LEIGH_SYNDROME	Oxaloacetic acid	Oxaloacetic acid	-	SMP00196	C00036	HMDB0000223	RAMP_C_000262942
SMPDB_LEIGH_SYNDROME	Pyruvic acid	Pyruvic acid	-	SMP00196	C00022	HMDB0000243	RAMP_C_000218028
SMPDB_MALATE_ASPARTATE_SHUTTLE	Asp	Aspartic acid	-	SMP00129	C00049	HMDB0000191	RAMP_C_000218398
SMPDB_MALATE_ASPARTATE_SHUTTLE	Glu	Glutamic acid	-	SMP00129	C00025	HMDB0000148	RAMP_C_000218397
SMPDB_MALATE_ASPARTATE_SHUTTLE	Malic acid	Malic acid	-	SMP00129	C00149	HMDB0000156	RAMP_C_000218036
SMPDB_MALATE_ASPARTATE_SHUTTLE	Oxaloacetic acid	Oxaloacetic acid	-	SMP00129	C00036	HMDB0000223	RAMP_C_000262942
SMPDB_MALATE_ASPARTATE_SHUTTLE	a-Ketoglutaric acid	alpha-Ketoglutaric acid	-	SMP00129	C00026	HMDB0000208	RAMP_C_000274401
SMPDB_MALONIC_ACIDURIA	2-OH-Butyric acid	2-Hydroxybutyric acid	-	SMP00198	C05984	HMDB0000008	RAMP_C_000000004
SMPDB_MALONIC_ACIDURIA	Biotin (B7)	Biotin (B7)	-	SMP00198	C00120	HMDB0000030	RAMP_C_000261993
SMPDB_MALONIC_ACIDURIA	FA 3:0	Propanoic acid	-	SMP00198	C00163	HMDB0000237	RAMP_C_000220356
SMPDB_MALONIC_ACIDURIA	Glu	Glutamic acid	-	SMP00198	C00025	HMDB0000148	RAMP_C_000218397
SMPDB_MALONIC_ACIDURIA	Methylmalonic acid	Methylmalonic acid	-	SMP00198	C02170	HMDB0000202	RAMP_C_000220800
SMPDB_MALONIC_ACIDURIA	Val	Valine	-	SMP00198	C00183	HMDB0000883	RAMP_C_000218704
SMPDB_MALONIC_ACIDURIA	a-Ketoglutaric acid	alpha-Ketoglutaric acid	-	SMP00198	C00026	HMDB0000208	RAMP_C_000274401
SMPDB_MALONIC_ACIDURIA	beta-Ala	beta-Alanine	-	SMP00198	C00099	HMDB0000056	RAMP_C_000218729
SMPDB_METHYLENETETRAHYDROFOLATE_REDUCTASE_DEFICIENCY_MTHFRD	AHCys	S-Adenosylhomocysteine	-	SMP00340	C00021	HMDB0000939	RAMP_C_000218715
SMPDB_METHYLENETETRAHYDROFOLATE_REDUCTASE_DEFICIENCY_MTHFRD	Adenosine	Adenosine	-	SMP00340	C00212	HMDB0000050	RAMP_C_000000034
SMPDB_METHYLENETETRAHYDROFOLATE_REDUCTASE_DEFICIENCY_MTHFRD	Betaine	Betaine	-	SMP00340	C00719	HMDB0000043	RAMP_C_000000030
SMPDB_METHYLENETETRAHYDROFOLATE_REDUCTASE_DEFICIENCY_MTHFRD	Choline	Choline	-	SMP00340	C00114	HMDB0000097	RAMP_C_000000065
SMPDB_METHYLENETETRAHYDROFOLATE_REDUCTASE_DEFICIENCY_MTHFRD	Cys	Cysteine	-	SMP00340	C00097	HMDB0000574	RAMP_C_000218469
SMPDB_METHYLENETETRAHYDROFOLATE_REDUCTASE_DEFICIENCY_MTHFRD	DMG	Dimethylglycine	-	SMP00340	C01026	HMDB0000092	RAMP_C_000000062
SMPDB_METHYLENETETRAHYDROFOLATE_REDUCTASE_DEFICIENCY_MTHFRD	Folic acid (B9)	Folic acid (B9)	-	SMP00340	C00504	HMDB0000121	RAMP_C_000220612
SMPDB_METHYLENETETRAHYDROFOLATE_REDUCTASE_DEFICIENCY_MTHFRD	Glu	Glutamic acid	-	SMP00340	C00025	HMDB0000148	RAMP_C_000218397
SMPDB_METHYLENETETRAHYDROFOLATE_REDUCTASE_DEFICIENCY_MTHFRD	Gly	Glycine	-	SMP00340	C00037	HMDB0000123	RAMP_C_000000078
SMPDB_METHYLENETETRAHYDROFOLATE_REDUCTASE_DEFICIENCY_MTHFRD	HCys	Homocysteine	-	SMP00340	C00155	HMDB0000165	RAMP_C_000218762
SMPDB_METHYLENETETRAHYDROFOLATE_REDUCTASE_DEFICIENCY_MTHFRD	HSer	Homoserine	-	SMP00340	C00263	HMDB0000719	RAMP_C_000262508
SMPDB_METHYLENETETRAHYDROFOLATE_REDUCTASE_DEFICIENCY_MTHFRD	Met	Methionine	-	SMP00340	C00073	HMDB0000696	RAMP_C_000218711
SMPDB_METHYLENETETRAHYDROFOLATE_REDUCTASE_DEFICIENCY_MTHFRD	Met-SO	Methionine sulfoxide	-	SMP00340	C02989	HMDB0002005	RAMP_C_000001320
SMPDB_METHYLENETETRAHYDROFOLATE_REDUCTASE_DEFICIENCY_MTHFRD	Putrescine	Putrescine	-	SMP00340	C00134	HMDB0001414	RAMP_C_000001073
SMPDB_METHYLENETETRAHYDROFOLATE_REDUCTASE_DEFICIENCY_MTHFRD	Sarcosine	Sarcosine	-	SMP00340	C00213	HMDB0000271	RAMP_C_000218658
SMPDB_METHYLENETETRAHYDROFOLATE_REDUCTASE_DEFICIENCY_MTHFRD	Ser	Serine	-	SMP00340	C00065	HMDB0000187	RAMP_C_000218440
SMPDB_METHYLENETETRAHYDROFOLATE_REDUCTASE_DEFICIENCY_MTHFRD	Spermidine	Spermidine	-	SMP00340	C00315	HMDB0001257	RAMP_C_000000954
SMPDB_METHYLHISTIDINE_METABOLISM	1-Met-His	1-Methylhistidine	-	SMP00715	C01152	HMDB0000001	RAMP_C_000000001
SMPDB_METHYLHISTIDINE_METABOLISM	3-Met-His	3-Methylhistidine	-	SMP00715	C01152	HMDB0000001	RAMP_C_000000001
SMPDB_METHYLHISTIDINE_METABOLISM	AHCys	S-Adenosylhomocysteine	-	SMP00715	C00021	HMDB0000939	RAMP_C_000218715
SMPDB_METHYLHISTIDINE_METABOLISM	His	Histidine	-	SMP00715	C00135	HMDB0000177	RAMP_C_000218426
SMPDB_MITOCHONDRIAL_BETA_OXIDATION_OF_LONG_CHAIN_SATURATED_FATTY_ACIDS	C0	Carnitine	-	SMP00482	C00318	HMDB0000062	RAMP_C_000274496
SMPDB_MITOCHONDRIAL_BETA_OXIDATION_OF_LONG_CHAIN_SATURATED_FATTY_ACIDS	C18	Octadecanoylcarnitine	-	SMP00482		HMDB0000848	RAMP_C_000000660
SMPDB_MITOCHONDRIAL_BETA_OXIDATION_OF_LONG_CHAIN_SATURATED_FATTY_ACIDS	FA 18:0	Stearic acid	-	SMP00482	C01530	HMDB0000827	RAMP_C_000000648
SMPDB_MITOCHONDRIAL_BETA_OXIDATION_OF_SHORT_CHAIN_SATURATED_FATTY_ACIDS	C0	Carnitine	-	SMP00480	C00318	HMDB0000062	RAMP_C_000274496
SMPDB_MITOCHONDRIAL_BETA_OXIDATION_OF_SHORT_CHAIN_SATURATED_FATTY_ACIDS	C8	Octanoylcarnitine	-	SMP00480	C02838	HMDB0000791	RAMP_C_000000619
SMPDB_MITOCHONDRIAL_BETA_OXIDATION_OF_SHORT_CHAIN_SATURATED_FATTY_ACIDS	FA 6:0	Caproic acid	-	SMP00480	C01585	HMDB0000535	RAMP_C_000000405
SMPDB_MITOCHONDRIAL_BETA_OXIDATION_OF_SHORT_CHAIN_SATURATED_FATTY_ACIDS	FA 8:0	Caprylic acid	-	SMP00480	C06423	HMDB0000482	RAMP_C_000217324
SMPDB_NICOTINE_ACTION_PATHWAY	Dopamine	Dopamine	-	SMP00431	C03758	HMDB0000073	RAMP_C_000218860
SMPDB_NICOTINE_ACTION_PATHWAY	Nicotine	Nicotine	-	SMP00431	C00745	HMDB0001001	RAMP_C_000158862
SMPDB_NICOTINE_ACTION_PATHWAY	Norepinephrine	Norepinephrine	-	SMP00431	C00547	HMDB0000216	RAMP_C_000219112
SMPDB_NICOTINE_ACTION_PATHWAY	Serotonin	Serotonin	-	SMP00431	C00780	HMDB0000259	RAMP_C_000000177
SMPDB_OXIDATION_OF_BRANCHED_CHAIN_FATTY_ACIDS	C0	Carnitine	-	SMP00030	C00318	HMDB0000062	RAMP_C_000274496
SMPDB_OXIDATION_OF_BRANCHED_CHAIN_FATTY_ACIDS	C2	Acetylcarnitine	-	SMP00030	C02571	HMDB0000201	RAMP_C_000218051
SMPDB_OXIDATION_OF_BRANCHED_CHAIN_FATTY_ACIDS	C3	Propionylcarnitine	-	SMP00030	C03017	HMDB0000824	RAMP_C_000000645
SMPDB_OXIDATION_OF_BRANCHED_CHAIN_FATTY_ACIDS	Suc	Succinic acid	-	SMP00030	C00042	HMDB0000254	RAMP_C_000218399
SMPDB_OXIDATION_OF_BRANCHED_CHAIN_FATTY_ACIDS	a-Ketoglutaric acid	alpha-Ketoglutaric acid	-	SMP00030	C00026	HMDB0000208	RAMP_C_000274401
SMPDB_PHENYLALANINE_AND_TYROSINE_METABOLISM	4-OH-Phenylpyruvic acid	4-Hydroxyphenylpyruvic acid	-	SMP00008	C01179	HMDB0000707	RAMP_C_000000549
SMPDB_PHENYLALANINE_AND_TYROSINE_METABOLISM	Fumaric acid	Fumaric acid	-	SMP00008	C00122	HMDB0000134	RAMP_C_000218394
SMPDB_PHENYLALANINE_AND_TYROSINE_METABOLISM	Glu	Glutamic acid	-	SMP00008	C00025	HMDB0000148	RAMP_C_000218397
SMPDB_PHENYLALANINE_AND_TYROSINE_METABOLISM	Phe	Phenylalanine	-	SMP00008	C00079	HMDB0000159	RAMP_C_000218749
SMPDB_PHENYLALANINE_AND_TYROSINE_METABOLISM	Phenylpyruvic acid	Phenylpyruvic acid	-	SMP00008	C00166	HMDB0000205	RAMP_C_000216964
SMPDB_PHENYLALANINE_AND_TYROSINE_METABOLISM	Tyr	Tyrosine	-	SMP00008	C00082	HMDB0000158	RAMP_C_000218778
SMPDB_PHENYLALANINE_AND_TYROSINE_METABOLISM	a-Ketoglutaric acid	alpha-Ketoglutaric acid	-	SMP00008	C00026	HMDB0000208	RAMP_C_000274401
SMPDB_PHOSPHATIDYLCHOLINE_BIOSYNTHESIS_PC_14_0_14_0	AHCys	S-Adenosylhomocysteine	-	SMP14216	C00021	HMDB0000939	RAMP_C_000218715
SMPDB_PHOSPHATIDYLCHOLINE_BIOSYNTHESIS_PC_14_0_14_0	Choline	Choline	-	SMP14216	C00114	HMDB0000097	RAMP_C_000000065
SMPDB_PHOSPHATIDYLCHOLINE_BIOSYNTHESIS_PC_14_0_14_0	DG 14:0_14:0	DG 14:0_14:0	-	SMP14216	C16667	HMDB0007008	RAMP_C_000003008
SMPDB_PHOSPHATIDYLCHOLINE_BIOSYNTHESIS_PC_14_0_14_0	PE 28:0	PE 28:0	-	SMP14216		HMDB0005313	RAMP_C_000004817
SMPDB_PHOSPHATIDYLCHOLINE_BIOSYNTHESIS_PC_14_0_14_1_9Z	AHCys	S-Adenosylhomocysteine	-	SMP14217	C00021	HMDB0000939	RAMP_C_000218715
SMPDB_PHOSPHATIDYLCHOLINE_BIOSYNTHESIS_PC_14_0_14_1_9Z	Choline	Choline	-	SMP14217	C00114	HMDB0000097	RAMP_C_000000065
SMPDB_PHOSPHATIDYLCHOLINE_BIOSYNTHESIS_PC_14_0_14_1_9Z	PE 28:1	PE 28:1	-	SMP14217		HMDB0008822	RAMP_C_000004818
SMPDB_PHOSPHATIDYLCHOLINE_BIOSYNTHESIS_PC_14_0_16_0	AHCys	S-Adenosylhomocysteine	-	SMP14219	C00021	HMDB0000939	RAMP_C_000218715
SMPDB_PHOSPHATIDYLCHOLINE_BIOSYNTHESIS_PC_14_0_16_0	Choline	Choline	-	SMP14219	C00114	HMDB0000097	RAMP_C_000000065
SMPDB_PHOSPHATIDYLCHOLINE_BIOSYNTHESIS_PC_14_0_16_0	PE 30:0	PE 30:0	-	SMP14219		HMDB0005314	RAMP_C_000004820
SMPDB_PHOSPHATIDYLCHOLINE_BIOSYNTHESIS_PC_14_0_16_1_9Z	AHCys	S-Adenosylhomocysteine	-	SMP14220	C00021	HMDB0000939	RAMP_C_000218715
SMPDB_PHOSPHATIDYLCHOLINE_BIOSYNTHESIS_PC_14_0_16_1_9Z	Choline	Choline	-	SMP14220	C00114	HMDB0000097	RAMP_C_000000065
SMPDB_PHOSPHATIDYLCHOLINE_BIOSYNTHESIS_PC_14_0_16_1_9Z	PE 30:1	PE 30:1	-	SMP14220		HMDB0008825	RAMP_C_000004821
SMPDB_PHOSPHATIDYLCHOLINE_BIOSYNTHESIS_PC_14_0_18_1_9Z	AHCys	S-Adenosylhomocysteine	-	SMP14223	C00021	HMDB0000939	RAMP_C_000218715
SMPDB_PHOSPHATIDYLCHOLINE_BIOSYNTHESIS_PC_14_0_18_1_9Z	Choline	Choline	-	SMP14223	C00114	HMDB0000097	RAMP_C_000000065
SMPDB_PHOSPHATIDYLCHOLINE_BIOSYNTHESIS_PC_14_0_18_1_9Z	DG 14:0_18:1	DG 14:0_18:1	-	SMP14223		HMDB0007015	RAMP_C_000003015
SMPDB_PHOSPHATIDYLCHOLINE_BIOSYNTHESIS_PC_14_0_18_2_9Z_12Z	AHCys	S-Adenosylhomocysteine	-	SMP14224	C00021	HMDB0000939	RAMP_C_000218715
SMPDB_PHOSPHATIDYLCHOLINE_BIOSYNTHESIS_PC_14_0_18_2_9Z_12Z	Choline	Choline	-	SMP14224	C00114	HMDB0000097	RAMP_C_000000065
SMPDB_PHOSPHATIDYLCHOLINE_BIOSYNTHESIS_PC_14_0_18_2_9Z_12Z	DG 14:0_18:2	DG 14:0_18:2	-	SMP14224		HMDB0007016	RAMP_C_000003016
SMPDB_PHOSPHATIDYLCHOLINE_BIOSYNTHESIS_PC_14_0_18_2_9Z_12Z	PC 32:2	PC 32:2	-	SMP14224		HMDB0007874	RAMP_C_000003872
SMPDB_PHOSPHATIDYLCHOLINE_BIOSYNTHESIS_PC_14_0_18_2_9Z_12Z	PE 32:2	PE 32:2	-	SMP14224		HMDB0008829	RAMP_C_000004825
SMPDB_PHOSPHATIDYLCHOLINE_BIOSYNTHESIS_PC_14_0_18_3_6Z_9Z_12Z	AHCys	S-Adenosylhomocysteine	-	SMP14225	C00021	HMDB0000939	RAMP_C_000218715
SMPDB_PHOSPHATIDYLCHOLINE_BIOSYNTHESIS_PC_14_0_18_3_6Z_9Z_12Z	Choline	Choline	-	SMP14225	C00114	HMDB0000097	RAMP_C_000000065
SMPDB_PHOSPHATIDYLCHOLINE_BIOSYNTHESIS_PC_14_0_18_3_6Z_9Z_12Z	PC 32:3	PC 32:3	-	SMP14225		HMDB0007875	RAMP_C_000003873
SMPDB_PHOSPHATIDYLCHOLINE_BIOSYNTHESIS_PC_14_0_20_0	AHCys	S-Adenosylhomocysteine	-	SMP14228	C00021	HMDB0000939	RAMP_C_000218715
SMPDB_PHOSPHATIDYLCHOLINE_BIOSYNTHESIS_PC_14_0_20_0	Choline	Choline	-	SMP14228	C00114	HMDB0000097	RAMP_C_000000065
SMPDB_PHOSPHATIDYLCHOLINE_BIOSYNTHESIS_PC_14_0_20_0	DG 14:0_20:0	DG 14:0_20:0	-	SMP14228		HMDB0007020	RAMP_C_000003020
SMPDB_PHOSPHATIDYLCHOLINE_BIOSYNTHESIS_PC_14_0_20_0	PE 34:0	PE 34:0	-	SMP14228		HMDB0005315	RAMP_C_000004829
SMPDB_PHOSPHATIDYLCHOLINE_BIOSYNTHESIS_PC_14_0_20_2_11Z_14Z	AHCys	S-Adenosylhomocysteine	-	SMP14230	C00021	HMDB0000939	RAMP_C_000218715
SMPDB_PHOSPHATIDYLCHOLINE_BIOSYNTHESIS_PC_14_0_20_2_11Z_14Z	Choline	Choline	-	SMP14230	C00114	HMDB0000097	RAMP_C_000000065
SMPDB_PHOSPHATIDYLCHOLINE_BIOSYNTHESIS_PC_14_0_20_2_11Z_14Z	PC 34:2	PC 34:2	-	SMP14230		HMDB0007880	RAMP_C_000003878
SMPDB_PHOSPHATIDYLCHOLINE_BIOSYNTHESIS_PC_14_0_20_3_5Z_8Z_11Z	AHCys	S-Adenosylhomocysteine	-	SMP14231	C00021	HMDB0000939	RAMP_C_000218715
SMPDB_PHOSPHATIDYLCHOLINE_BIOSYNTHESIS_PC_14_0_20_3_5Z_8Z_11Z	Choline	Choline	-	SMP14231	C00114	HMDB0000097	RAMP_C_000000065
SMPDB_PHOSPHATIDYLCHOLINE_BIOSYNTHESIS_PC_14_0_20_3_5Z_8Z_11Z	PC 34:3	PC 34:3	-	SMP14231		HMDB0007881	RAMP_C_000003879
SMPDB_PHOSPHATIDYLCHOLINE_BIOSYNTHESIS_PC_14_0_20_3_8Z_11Z_14Z	AHCys	S-Adenosylhomocysteine	-	SMP14232	C00021	HMDB0000939	RAMP_C_000218715
SMPDB_PHOSPHATIDYLCHOLINE_BIOSYNTHESIS_PC_14_0_20_3_8Z_11Z_14Z	Choline	Choline	-	SMP14232	C00114	HMDB0000097	RAMP_C_000000065
SMPDB_PHOSPHATIDYLCHOLINE_BIOSYNTHESIS_PC_14_0_20_3_8Z_11Z_14Z	PE 34:3	PE 34:3	-	SMP14232		HMDB0008837	RAMP_C_000004833
SMPDB_PHOSPHATIDYLCHOLINE_BIOSYNTHESIS_PC_14_0_20_4_5Z_8Z_11Z_14Z	AHCys	S-Adenosylhomocysteine	-	SMP14233	C00021	HMDB0000939	RAMP_C_000218715
SMPDB_PHOSPHATIDYLCHOLINE_BIOSYNTHESIS_PC_14_0_20_4_5Z_8Z_11Z_14Z	Choline	Choline	-	SMP14233	C00114	HMDB0000097	RAMP_C_000000065
SMPDB_PHOSPHATIDYLCHOLINE_BIOSYNTHESIS_PC_14_0_20_4_5Z_8Z_11Z_14Z	PC 32:0	PC 32:0	-	SMP14233	C00157	HMDB0000564	RAMP_C_000003881
SMPDB_PHOSPHATIDYLCHOLINE_BIOSYNTHESIS_PC_14_0_20_4_5Z_8Z_11Z_14Z	PC 34:4	PC 34:4	-	SMP14233	C00157	HMDB0000564	RAMP_C_000003881
SMPDB_PHOSPHATIDYLCHOLINE_BIOSYNTHESIS_PC_14_0_20_4_5Z_8Z_11Z_14Z	PE 34:4	PE 34:4	-	SMP14233		HMDB0008838	RAMP_C_000004834
SMPDB_PHOSPHATIDYLCHOLINE_BIOSYNTHESIS_PC_14_0_22_1_13Z	AHCys	S-Adenosylhomocysteine	-	SMP14237	C00021	HMDB0000939	RAMP_C_000218715
SMPDB_PHOSPHATIDYLCHOLINE_BIOSYNTHESIS_PC_14_0_22_1_13Z	Choline	Choline	-	SMP14237	C00114	HMDB0000097	RAMP_C_000000065
SMPDB_PHOSPHATIDYLCHOLINE_BIOSYNTHESIS_PC_14_0_22_1_13Z	PC 36:1	PC 36:1	-	SMP14237		HMDB0007887	RAMP_C_000003885
SMPDB_PHOSPHATIDYLCHOLINE_BIOSYNTHESIS_PC_14_0_22_4_7Z_10Z_13Z_16Z	AHCys	S-Adenosylhomocysteine	-	SMP14239	C00021	HMDB0000939	RAMP_C_000218715
SMPDB_PHOSPHATIDYLCHOLINE_BIOSYNTHESIS_PC_14_0_22_4_7Z_10Z_13Z_16Z	Choline	Choline	-	SMP14239	C00114	HMDB0000097	RAMP_C_000000065
SMPDB_PHOSPHATIDYLCHOLINE_BIOSYNTHESIS_PC_14_0_22_4_7Z_10Z_13Z_16Z	PC 36:4	PC 36:4	-	SMP14239		HMDB0007889	RAMP_C_000003887
SMPDB_PHOSPHATIDYLCHOLINE_BIOSYNTHESIS_PC_14_0_22_6_4Z_7Z_10Z_13Z_16Z_19Z	AHCys	S-Adenosylhomocysteine	-	SMP14242	C00021	HMDB0000939	RAMP_C_000218715
SMPDB_PHOSPHATIDYLCHOLINE_BIOSYNTHESIS_PC_14_0_22_6_4Z_7Z_10Z_13Z_16Z_19Z	Choline	Choline	-	SMP14242	C00114	HMDB0000097	RAMP_C_000000065
SMPDB_PHOSPHATIDYLCHOLINE_BIOSYNTHESIS_PC_14_0_22_6_4Z_7Z_10Z_13Z_16Z_19Z	PC 36:6	PC 36:6	-	SMP14242		HMDB0007892	RAMP_C_000003890
SMPDB_PHOSPHATIDYLCHOLINE_BIOSYNTHESIS_PC_14_0_22_6_4Z_7Z_10Z_13Z_16Z_19Z	PE 36:6	PE 36:6	-	SMP14242		HMDB0008847	RAMP_C_000004843
SMPDB_PHOSPHATIDYLCHOLINE_BIOSYNTHESIS_PC_14_0_24_0	AHCys	S-Adenosylhomocysteine	-	SMP14243	C00021	HMDB0000939	RAMP_C_000218715
SMPDB_PHOSPHATIDYLCHOLINE_BIOSYNTHESIS_PC_14_0_24_0	Choline	Choline	-	SMP14243	C00114	HMDB0000097	RAMP_C_000000065
SMPDB_PHOSPHATIDYLCHOLINE_BIOSYNTHESIS_PC_14_0_24_0	PC 38:0	PC 38:0	-	SMP14243		HMDB0007893	RAMP_C_000003891
SMPDB_PHOSPHATIDYLCHOLINE_BIOSYNTHESIS_PC_14_1_9Z_18_1_11Z	AHCys	S-Adenosylhomocysteine	-	SMP14251	C00021	HMDB0000939	RAMP_C_000218715
SMPDB_PHOSPHATIDYLCHOLINE_BIOSYNTHESIS_PC_14_1_9Z_18_1_11Z	Choline	Choline	-	SMP14251	C00114	HMDB0000097	RAMP_C_000000065
SMPDB_PHOSPHATIDYLCHOLINE_BIOSYNTHESIS_PC_14_1_9Z_18_1_11Z	DG 14:1_18:1	DG 14:1_18:1	-	SMP14251		HMDB0007043	RAMP_C_000003043
SMPDB_PHOSPHATIDYLCHOLINE_BIOSYNTHESIS_PC_14_1_9Z_20_2_11Z_14Z	AHCys	S-Adenosylhomocysteine	-	SMP14259	C00021	HMDB0000939	RAMP_C_000218715
SMPDB_PHOSPHATIDYLCHOLINE_BIOSYNTHESIS_PC_14_1_9Z_20_2_11Z_14Z	Choline	Choline	-	SMP14259	C00114	HMDB0000097	RAMP_C_000000065
SMPDB_PHOSPHATIDYLCHOLINE_BIOSYNTHESIS_PC_14_1_9Z_20_2_11Z_14Z	DG 14:1_20:2	DG 14:1_20:2	-	SMP14259		HMDB0007051	RAMP_C_000003051
SMPDB_PHOSPHATIDYLCHOLINE_BIOSYNTHESIS_PC_14_1_9Z_22_0	AHCys	S-Adenosylhomocysteine	-	SMP14265	C00021	HMDB0000939	RAMP_C_000218715
SMPDB_PHOSPHATIDYLCHOLINE_BIOSYNTHESIS_PC_14_1_9Z_22_0	Choline	Choline	-	SMP14265	C00114	HMDB0000097	RAMP_C_000000065
SMPDB_PHOSPHATIDYLCHOLINE_BIOSYNTHESIS_PC_14_1_9Z_22_0	PE 36:1	PE 36:1	-	SMP14265		HMDB0008874	RAMP_C_000004870
SMPDB_PHOSPHATIDYLCHOLINE_BIOSYNTHESIS_PC_14_1_9Z_22_2_13Z_16Z	AHCys	S-Adenosylhomocysteine	-	SMP14267	C00021	HMDB0000939	RAMP_C_000218715
SMPDB_PHOSPHATIDYLCHOLINE_BIOSYNTHESIS_PC_14_1_9Z_22_2_13Z_16Z	Choline	Choline	-	SMP14267	C00114	HMDB0000097	RAMP_C_000000065
SMPDB_PHOSPHATIDYLCHOLINE_BIOSYNTHESIS_PC_14_1_9Z_22_2_13Z_16Z	PC 36:3	PC 36:3	-	SMP14267		HMDB0007921	RAMP_C_000003919
SMPDB_PHOSPHATIDYLCHOLINE_BIOSYNTHESIS_PC_14_1_9Z_22_2_13Z_16Z	PE 36:3	PE 36:3	-	SMP14267		HMDB0008876	RAMP_C_000004872
SMPDB_PHOSPHATIDYLCHOLINE_BIOSYNTHESIS_PC_14_1_9Z_22_4_7Z_10Z_13Z_16Z	AHCys	S-Adenosylhomocysteine	-	SMP14268	C00021	HMDB0000939	RAMP_C_000218715
SMPDB_PHOSPHATIDYLCHOLINE_BIOSYNTHESIS_PC_14_1_9Z_22_4_7Z_10Z_13Z_16Z	Choline	Choline	-	SMP14268	C00114	HMDB0000097	RAMP_C_000000065
SMPDB_PHOSPHATIDYLCHOLINE_BIOSYNTHESIS_PC_14_1_9Z_22_4_7Z_10Z_13Z_16Z	PE 36:5	PE 36:5	-	SMP14268		HMDB0008877	RAMP_C_000004873
SMPDB_PHOSPHATIDYLCHOLINE_BIOSYNTHESIS_PC_15_0_15_0	AHCys	S-Adenosylhomocysteine	-	SMP14276	C00021	HMDB0000939	RAMP_C_000218715
SMPDB_PHOSPHATIDYLCHOLINE_BIOSYNTHESIS_PC_15_0_15_0	Choline	Choline	-	SMP14276	C00114	HMDB0000097	RAMP_C_000000065
SMPDB_PHOSPHATIDYLCHOLINE_BIOSYNTHESIS_PC_15_0_15_0	PS 30:0	PS 30:0	-	SMP14276		HMDB0112280	RAMP_C_000091455
SMPDB_PHOSPHATIDYLCHOLINE_BIOSYNTHESIS_PC_15_0_16_0	AHCys	S-Adenosylhomocysteine	-	SMP14277	C00021	HMDB0000939	RAMP_C_000218715
SMPDB_PHOSPHATIDYLCHOLINE_BIOSYNTHESIS_PC_15_0_16_0	Choline	Choline	-	SMP14277	C00114	HMDB0000097	RAMP_C_000000065
SMPDB_PHOSPHATIDYLCHOLINE_BIOSYNTHESIS_PC_15_0_16_0	PE 31:0	PE 31:0	-	SMP14277		HMDB0008890	RAMP_C_000004886
SMPDB_PHOSPHATIDYLCHOLINE_BIOSYNTHESIS_PC_15_0_18_1_9Z	AHCys	S-Adenosylhomocysteine	-	SMP14281	C00021	HMDB0000939	RAMP_C_000218715
SMPDB_PHOSPHATIDYLCHOLINE_BIOSYNTHESIS_PC_15_0_18_1_9Z	Choline	Choline	-	SMP14281	C00114	HMDB0000097	RAMP_C_000000065
SMPDB_PHOSPHATIDYLCHOLINE_BIOSYNTHESIS_PC_15_0_18_1_9Z	PE 33:1	PE 33:1	-	SMP14281		HMDB0008894	RAMP_C_000004890
SMPDB_PHOSPHATIDYLCHOLINE_BIOSYNTHESIS_PC_15_0_18_2_9Z_12Z	AHCys	S-Adenosylhomocysteine	-	SMP14282	C00021	HMDB0000939	RAMP_C_000218715
SMPDB_PHOSPHATIDYLCHOLINE_BIOSYNTHESIS_PC_15_0_18_2_9Z_12Z	Choline	Choline	-	SMP14282	C00114	HMDB0000097	RAMP_C_000000065
SMPDB_PHOSPHATIDYLCHOLINE_BIOSYNTHESIS_PC_15_0_18_2_9Z_12Z	PE 33:2	PE 33:2	-	SMP14282		HMDB0008895	RAMP_C_000004891
SMPDB_PHOSPHATIDYLCHOLINE_BIOSYNTHESIS_PC_15_0_20_1_11Z	AHCys	S-Adenosylhomocysteine	-	SMP14287	C00021	HMDB0000939	RAMP_C_000218715
SMPDB_PHOSPHATIDYLCHOLINE_BIOSYNTHESIS_PC_15_0_20_1_11Z	Choline	Choline	-	SMP14287	C00114	HMDB0000097	RAMP_C_000000065
SMPDB_PHOSPHATIDYLCHOLINE_BIOSYNTHESIS_PC_15_0_20_1_11Z	PE 35:1	PE 35:1	-	SMP14287		HMDB0008900	RAMP_C_000004896
SMPDB_PHOSPHATIDYLCHOLINE_BIOSYNTHESIS_PC_15_0_20_2_11Z_14Z	AHCys	S-Adenosylhomocysteine	-	SMP14288	C00021	HMDB0000939	RAMP_C_000218715
SMPDB_PHOSPHATIDYLCHOLINE_BIOSYNTHESIS_PC_15_0_20_2_11Z_14Z	Choline	Choline	-	SMP14288	C00114	HMDB0000097	RAMP_C_000000065
SMPDB_PHOSPHATIDYLCHOLINE_BIOSYNTHESIS_PC_15_0_20_2_11Z_14Z	PE 35:2	PE 35:2	-	SMP14288		HMDB0008901	RAMP_C_000004897
SMPDB_PHOSPHATIDYLCHOLINE_BIOSYNTHESIS_PC_15_0_20_3_8Z_11Z_14Z	AHCys	S-Adenosylhomocysteine	-	SMP14290	C00021	HMDB0000939	RAMP_C_000218715
SMPDB_PHOSPHATIDYLCHOLINE_BIOSYNTHESIS_PC_15_0_20_3_8Z_11Z_14Z	Choline	Choline	-	SMP14290	C00114	HMDB0000097	RAMP_C_000000065
SMPDB_PHOSPHATIDYLCHOLINE_BIOSYNTHESIS_PC_15_0_20_3_8Z_11Z_14Z	PE 35:3	PE 35:3	-	SMP14290		HMDB0008903	RAMP_C_000004899
SMPDB_PHOSPHATIDYLCHOLINE_BIOSYNTHESIS_PC_16_0_16_0	AHCys	S-Adenosylhomocysteine	-	SMP14306	C00021	HMDB0000939	RAMP_C_000218715
SMPDB_PHOSPHATIDYLCHOLINE_BIOSYNTHESIS_PC_16_0_16_0	Choline	Choline	-	SMP14306	C00114	HMDB0000097	RAMP_C_000000065
SMPDB_PHOSPHATIDYLCHOLINE_BIOSYNTHESIS_PC_16_0_16_0	DG 16:0_16:0	DG 16:0_16:0	-	SMP14306	C00165	HMDB0007098	RAMP_C_000219428
SMPDB_PHOSPHATIDYLCHOLINE_BIOSYNTHESIS_PC_16_0_16_0	PC 32:0	PC 32:0	-	SMP14306	C00157	HMDB0000564	RAMP_C_000003881
SMPDB_PHOSPHATIDYLCHOLINE_BIOSYNTHESIS_PC_16_0_16_0	PC 34:4	PC 34:4	-	SMP14306	C00157	HMDB0000564	RAMP_C_000003881
SMPDB_PHOSPHATIDYLCHOLINE_BIOSYNTHESIS_PC_16_0_16_0	PE 32:0	PE 32:0	-	SMP14306		HMDB0005317	RAMP_C_000161983
SMPDB_PHOSPHATIDYLCHOLINE_BIOSYNTHESIS_PC_16_0_16_0	PS 32:0	PS 32:0	-	SMP14306	C02737	HMDB0000614	RAMP_C_000217830
SMPDB_PHOSPHATIDYLCHOLINE_BIOSYNTHESIS_PC_16_0_16_1_9Z	AHCys	S-Adenosylhomocysteine	-	SMP14307	C00021	HMDB0000939	RAMP_C_000218715
SMPDB_PHOSPHATIDYLCHOLINE_BIOSYNTHESIS_PC_16_0_16_1_9Z	Choline	Choline	-	SMP14307	C00114	HMDB0000097	RAMP_C_000000065
SMPDB_PHOSPHATIDYLCHOLINE_BIOSYNTHESIS_PC_16_0_16_1_9Z	DG 16:0_16:1	DG 16:0_16:1	-	SMP14307		HMDB0007099	RAMP_C_000003099
SMPDB_PHOSPHATIDYLCHOLINE_BIOSYNTHESIS_PC_16_0_18_1_11Z	AHCys	S-Adenosylhomocysteine	-	SMP14309	C00021	HMDB0000939	RAMP_C_000218715
SMPDB_PHOSPHATIDYLCHOLINE_BIOSYNTHESIS_PC_16_0_18_1_11Z	Choline	Choline	-	SMP14309	C00114	HMDB0000097	RAMP_C_000000065
SMPDB_PHOSPHATIDYLCHOLINE_BIOSYNTHESIS_PC_16_0_18_1_11Z	PE 34:1	PE 34:1	-	SMP14309		HMDB0008926	RAMP_C_000004922
SMPDB_PHOSPHATIDYLCHOLINE_BIOSYNTHESIS_PC_16_0_18_1_9Z	AHCys	S-Adenosylhomocysteine	-	SMP14310	C00021	HMDB0000939	RAMP_C_000218715
SMPDB_PHOSPHATIDYLCHOLINE_BIOSYNTHESIS_PC_16_0_18_1_9Z	Choline	Choline	-	SMP14310	C00114	HMDB0000097	RAMP_C_000000065
SMPDB_PHOSPHATIDYLCHOLINE_BIOSYNTHESIS_PC_16_0_18_1_9Z	DG 16:0_18:1	DG 16:0_18:1	-	SMP14310	C13861	HMDB0007102	RAMP_C_000158340
SMPDB_PHOSPHATIDYLCHOLINE_BIOSYNTHESIS_PC_16_0_18_1_9Z	PS 34:1	PS 34:1	-	SMP14310		HMDB0012357	RAMP_C_000007823
SMPDB_PHOSPHATIDYLCHOLINE_BIOSYNTHESIS_PC_16_0_18_2_9Z_12Z	AHCys	S-Adenosylhomocysteine	-	SMP14311	C00021	HMDB0000939	RAMP_C_000218715
SMPDB_PHOSPHATIDYLCHOLINE_BIOSYNTHESIS_PC_16_0_18_2_9Z_12Z	Choline	Choline	-	SMP14311	C00114	HMDB0000097	RAMP_C_000000065
SMPDB_PHOSPHATIDYLCHOLINE_BIOSYNTHESIS_PC_16_0_18_2_9Z_12Z	DG 16:0_18:2	DG 16:0_18:2	-	SMP14311		HMDB0007103	RAMP_C_000165503
SMPDB_PHOSPHATIDYLCHOLINE_BIOSYNTHESIS_PC_16_0_18_2_9Z_12Z	PS 34:2	PS 34:2	-	SMP14311		HMDB0012358	RAMP_C_000007824
SMPDB_PHOSPHATIDYLCHOLINE_BIOSYNTHESIS_PC_16_0_20_0	AHCys	S-Adenosylhomocysteine	-	SMP14315	C00021	HMDB0000939	RAMP_C_000218715
SMPDB_PHOSPHATIDYLCHOLINE_BIOSYNTHESIS_PC_16_0_20_0	Choline	Choline	-	SMP14315	C00114	HMDB0000097	RAMP_C_000000065
SMPDB_PHOSPHATIDYLCHOLINE_BIOSYNTHESIS_PC_16_0_20_0	DG 16:0_20:0	DG 16:0_20:0	-	SMP14315		HMDB0007107	RAMP_C_000003107
SMPDB_PHOSPHATIDYLCHOLINE_BIOSYNTHESIS_PC_16_0_20_3_5Z_8Z_11Z	AHCys	S-Adenosylhomocysteine	-	SMP14318	C00021	HMDB0000939	RAMP_C_000218715
SMPDB_PHOSPHATIDYLCHOLINE_BIOSYNTHESIS_PC_16_0_20_3_5Z_8Z_11Z	Choline	Choline	-	SMP14318	C00114	HMDB0000097	RAMP_C_000000065
SMPDB_PHOSPHATIDYLCHOLINE_BIOSYNTHESIS_PC_16_0_20_3_5Z_8Z_11Z	DG 16:0_20:3	DG 16:0_20:3	-	SMP14318		HMDB0007110	RAMP_C_000003110
SMPDB_PHOSPHATIDYLCHOLINE_BIOSYNTHESIS_PC_16_0_20_3_8Z_11Z_14Z	AHCys	S-Adenosylhomocysteine	-	SMP14319	C00021	HMDB0000939	RAMP_C_000218715
SMPDB_PHOSPHATIDYLCHOLINE_BIOSYNTHESIS_PC_16_0_20_3_8Z_11Z_14Z	Choline	Choline	-	SMP14319	C00114	HMDB0000097	RAMP_C_000000065
SMPDB_PHOSPHATIDYLCHOLINE_BIOSYNTHESIS_PC_16_0_20_3_8Z_11Z_14Z	PS 36:3	PS 36:3	-	SMP14319		HMDB0012360	RAMP_C_000007826
SMPDB_PHOSPHATIDYLCHOLINE_BIOSYNTHESIS_PC_16_0_20_4_5Z_8Z_11Z_14Z	AHCys	S-Adenosylhomocysteine	-	SMP14320	C00021	HMDB0000939	RAMP_C_000218715
SMPDB_PHOSPHATIDYLCHOLINE_BIOSYNTHESIS_PC_16_0_20_4_5Z_8Z_11Z_14Z	Choline	Choline	-	SMP14320	C00114	HMDB0000097	RAMP_C_000000065
SMPDB_PHOSPHATIDYLCHOLINE_BIOSYNTHESIS_PC_16_0_20_4_5Z_8Z_11Z_14Z	DG 16:0_20:4	DG 16:0_20:4	-	SMP14320		HMDB0007112	RAMP_C_000003112
SMPDB_PHOSPHATIDYLCHOLINE_BIOSYNTHESIS_PC_16_0_20_4_5Z_8Z_11Z_14Z	PE 36:4	PE 36:4	-	SMP14320		HMDB0005323	RAMP_C_000004933
SMPDB_PHOSPHATIDYLCHOLINE_BIOSYNTHESIS_PC_16_0_20_4_5Z_8Z_11Z_14Z	PS 36:4	PS 36:4	-	SMP14320		HMDB0012361	RAMP_C_000007827
SMPDB_PHOSPHATIDYLCHOLINE_BIOSYNTHESIS_PC_16_0_22_0	AHCys	S-Adenosylhomocysteine	-	SMP14323	C00021	HMDB0000939	RAMP_C_000218715
SMPDB_PHOSPHATIDYLCHOLINE_BIOSYNTHESIS_PC_16_0_22_0	Choline	Choline	-	SMP14323	C00114	HMDB0000097	RAMP_C_000000065
SMPDB_PHOSPHATIDYLCHOLINE_BIOSYNTHESIS_PC_16_0_22_0	PE 38:0	PE 38:0	-	SMP14323		HMDB0008940	RAMP_C_000004936
SMPDB_PHOSPHATIDYLCHOLINE_BIOSYNTHESIS_PC_16_0_22_1_13Z	AHCys	S-Adenosylhomocysteine	-	SMP14324	C00021	HMDB0000939	RAMP_C_000218715
SMPDB_PHOSPHATIDYLCHOLINE_BIOSYNTHESIS_PC_16_0_22_1_13Z	Choline	Choline	-	SMP14324	C00114	HMDB0000097	RAMP_C_000000065
SMPDB_PHOSPHATIDYLCHOLINE_BIOSYNTHESIS_PC_16_0_22_1_13Z	PE 38:1	PE 38:1	-	SMP14324		HMDB0008941	RAMP_C_000004937
SMPDB_PHOSPHATIDYLCHOLINE_BIOSYNTHESIS_PC_16_0_22_2_13Z_16Z	AHCys	S-Adenosylhomocysteine	-	SMP14325	C00021	HMDB0000939	RAMP_C_000218715
SMPDB_PHOSPHATIDYLCHOLINE_BIOSYNTHESIS_PC_16_0_22_2_13Z_16Z	Choline	Choline	-	SMP14325	C00114	HMDB0000097	RAMP_C_000000065
SMPDB_PHOSPHATIDYLCHOLINE_BIOSYNTHESIS_PC_16_0_22_2_13Z_16Z	PE 38:2	PE 38:2	-	SMP14325		HMDB0008942	RAMP_C_000004938
SMPDB_PHOSPHATIDYLCHOLINE_BIOSYNTHESIS_PC_16_0_22_5_4Z_7Z_10Z_13Z_16Z	AHCys	S-Adenosylhomocysteine	-	SMP14327	C00021	HMDB0000939	RAMP_C_000218715
SMPDB_PHOSPHATIDYLCHOLINE_BIOSYNTHESIS_PC_16_0_22_5_4Z_7Z_10Z_13Z_16Z	Choline	Choline	-	SMP14327	C00114	HMDB0000097	RAMP_C_000000065
SMPDB_PHOSPHATIDYLCHOLINE_BIOSYNTHESIS_PC_16_0_22_5_4Z_7Z_10Z_13Z_16Z	PC 38:5	PC 38:5	-	SMP14327		HMDB0007989	RAMP_C_000003986
SMPDB_PHOSPHATIDYLCHOLINE_BIOSYNTHESIS_PC_16_0_22_6_4Z_7Z_10Z_13Z_16Z_19Z	AHCys	S-Adenosylhomocysteine	-	SMP14329	C00021	HMDB0000939	RAMP_C_000218715
SMPDB_PHOSPHATIDYLCHOLINE_BIOSYNTHESIS_PC_16_0_22_6_4Z_7Z_10Z_13Z_16Z_19Z	Choline	Choline	-	SMP14329	C00114	HMDB0000097	RAMP_C_000000065
SMPDB_PHOSPHATIDYLCHOLINE_BIOSYNTHESIS_PC_16_0_22_6_4Z_7Z_10Z_13Z_16Z_19Z	PC 38:6	PC 38:6	-	SMP14329		HMDB0007991	RAMP_C_000003988
SMPDB_PHOSPHATIDYLCHOLINE_BIOSYNTHESIS_PC_16_0_22_6_4Z_7Z_10Z_13Z_16Z_19Z	PE 38:6	PE 38:6	-	SMP14329		HMDB0005324	RAMP_C_000004942
SMPDB_PHOSPHATIDYLCHOLINE_BIOSYNTHESIS_PC_16_0_22_6_4Z_7Z_10Z_13Z_16Z_19Z	PS 38:6	PS 38:6	-	SMP14329		HMDB0012362	RAMP_C_000007828
SMPDB_PHOSPHATIDYLCHOLINE_BIOSYNTHESIS_PC_16_0_24_1_15Z	AHCys	S-Adenosylhomocysteine	-	SMP14331	C00021	HMDB0000939	RAMP_C_000218715
SMPDB_PHOSPHATIDYLCHOLINE_BIOSYNTHESIS_PC_16_0_24_1_15Z	Choline	Choline	-	SMP14331	C00114	HMDB0000097	RAMP_C_000000065
SMPDB_PHOSPHATIDYLCHOLINE_BIOSYNTHESIS_PC_16_0_24_1_15Z	PC 40:1	PC 40:1	-	SMP14331		HMDB0007993	RAMP_C_000003990
SMPDB_PHOSPHATIDYLCHOLINE_BIOSYNTHESIS_PC_16_1_9Z_16_0	AHCys	S-Adenosylhomocysteine	-	SMP14335	C00021	HMDB0000939	RAMP_C_000218715
SMPDB_PHOSPHATIDYLCHOLINE_BIOSYNTHESIS_PC_16_1_9Z_16_0	Choline	Choline	-	SMP14335	C00114	HMDB0000097	RAMP_C_000000065
SMPDB_PHOSPHATIDYLCHOLINE_BIOSYNTHESIS_PC_16_1_9Z_16_0	PE 32:1	PE 32:1	-	SMP14335		HMDB0008956	RAMP_C_000004952
SMPDB_PHOSPHATIDYLCHOLINE_BIOSYNTHESIS_PC_16_1_9Z_18_0	AHCys	S-Adenosylhomocysteine	-	SMP14337	C00021	HMDB0000939	RAMP_C_000218715
SMPDB_PHOSPHATIDYLCHOLINE_BIOSYNTHESIS_PC_16_1_9Z_18_0	Choline	Choline	-	SMP14337	C00114	HMDB0000097	RAMP_C_000000065
SMPDB_PHOSPHATIDYLCHOLINE_BIOSYNTHESIS_PC_16_1_9Z_18_0	DG 16:1_18:0	DG 16:1_18:0	-	SMP14337		HMDB0007129	RAMP_C_000003129
SMPDB_PHOSPHATIDYLCHOLINE_BIOSYNTHESIS_PC_16_1_9Z_18_1_11Z	AHCys	S-Adenosylhomocysteine	-	SMP14338	C00021	HMDB0000939	RAMP_C_000218715
SMPDB_PHOSPHATIDYLCHOLINE_BIOSYNTHESIS_PC_16_1_9Z_18_1_11Z	Choline	Choline	-	SMP14338	C00114	HMDB0000097	RAMP_C_000000065
SMPDB_PHOSPHATIDYLCHOLINE_BIOSYNTHESIS_PC_16_1_9Z_18_1_11Z	DG 16:1_18:1	DG 16:1_18:1	-	SMP14338		HMDB0007130	RAMP_C_000003130
SMPDB_PHOSPHATIDYLCHOLINE_BIOSYNTHESIS_PC_16_1_9Z_18_2_9Z_12Z	AHCys	S-Adenosylhomocysteine	-	SMP14340	C00021	HMDB0000939	RAMP_C_000218715
SMPDB_PHOSPHATIDYLCHOLINE_BIOSYNTHESIS_PC_16_1_9Z_18_2_9Z_12Z	Choline	Choline	-	SMP14340	C00114	HMDB0000097	RAMP_C_000000065
SMPDB_PHOSPHATIDYLCHOLINE_BIOSYNTHESIS_PC_16_1_9Z_18_2_9Z_12Z	DG 16:1_18:2	DG 16:1_18:2	-	SMP14340		HMDB0007132	RAMP_C_000003132
SMPDB_PHOSPHATIDYLCHOLINE_BIOSYNTHESIS_PC_16_1_9Z_20_0	AHCys	S-Adenosylhomocysteine	-	SMP14344	C00021	HMDB0000939	RAMP_C_000218715
SMPDB_PHOSPHATIDYLCHOLINE_BIOSYNTHESIS_PC_16_1_9Z_20_0	Choline	Choline	-	SMP14344	C00114	HMDB0000097	RAMP_C_000000065
SMPDB_PHOSPHATIDYLCHOLINE_BIOSYNTHESIS_PC_16_1_9Z_20_0	DG 16:1_20:0	DG 16:1_20:0	-	SMP14344		HMDB0007136	RAMP_C_000003136
SMPDB_PHOSPHATIDYLCHOLINE_BIOSYNTHESIS_PC_16_1_9Z_20_4_5Z_8Z_11Z_14Z	AHCys	S-Adenosylhomocysteine	-	SMP14349	C00021	HMDB0000939	RAMP_C_000218715
SMPDB_PHOSPHATIDYLCHOLINE_BIOSYNTHESIS_PC_16_1_9Z_20_4_5Z_8Z_11Z_14Z	Choline	Choline	-	SMP14349	C00114	HMDB0000097	RAMP_C_000000065
SMPDB_PHOSPHATIDYLCHOLINE_BIOSYNTHESIS_PC_16_1_9Z_20_4_5Z_8Z_11Z_14Z	PS 36:5	PS 36:5	-	SMP14349		HMDB0012372	RAMP_C_000007838
SMPDB_PHOSPHATIDYLCHOLINE_BIOSYNTHESIS_PC_16_1_9Z_22_2_13Z_16Z	AHCys	S-Adenosylhomocysteine	-	SMP14354	C00021	HMDB0000939	RAMP_C_000218715
SMPDB_PHOSPHATIDYLCHOLINE_BIOSYNTHESIS_PC_16_1_9Z_22_2_13Z_16Z	Choline	Choline	-	SMP14354	C00114	HMDB0000097	RAMP_C_000000065
SMPDB_PHOSPHATIDYLCHOLINE_BIOSYNTHESIS_PC_16_1_9Z_22_2_13Z_16Z	PC 38:3	PC 38:3	-	SMP14354		HMDB0008020	RAMP_C_000004017
SMPDB_PHOSPHATIDYLCHOLINE_BIOSYNTHESIS_PC_16_1_9Z_22_4_7Z_10Z_13Z_16Z	AHCys	S-Adenosylhomocysteine	-	SMP14355	C00021	HMDB0000939	RAMP_C_000218715
SMPDB_PHOSPHATIDYLCHOLINE_BIOSYNTHESIS_PC_16_1_9Z_22_4_7Z_10Z_13Z_16Z	Choline	Choline	-	SMP14355	C00114	HMDB0000097	RAMP_C_000000065
SMPDB_PHOSPHATIDYLCHOLINE_BIOSYNTHESIS_PC_16_1_9Z_22_4_7Z_10Z_13Z_16Z	PE 38:5	PE 38:5	-	SMP14355		HMDB0008976	RAMP_C_000004972
SMPDB_PHOSPHATIDYLCHOLINE_BIOSYNTHESIS_PC_16_1_9Z_22_6_4Z_7Z_10Z_13Z_16Z_19Z	AHCys	S-Adenosylhomocysteine	-	SMP14358	C00021	HMDB0000939	RAMP_C_000218715
SMPDB_PHOSPHATIDYLCHOLINE_BIOSYNTHESIS_PC_16_1_9Z_22_6_4Z_7Z_10Z_13Z_16Z_19Z	Choline	Choline	-	SMP14358	C00114	HMDB0000097	RAMP_C_000000065
SMPDB_PHOSPHATIDYLCHOLINE_BIOSYNTHESIS_PC_16_1_9Z_22_6_4Z_7Z_10Z_13Z_16Z_19Z	PE 38:7	PE 38:7	-	SMP14358		HMDB0008979	RAMP_C_000004975
SMPDB_PHOSPHATIDYLCHOLINE_BIOSYNTHESIS_PC_16_1_9Z_22_6_4Z_7Z_10Z_13Z_16Z_19Z	PS 38:7	PS 38:7	-	SMP14358		HMDB0012373	RAMP_C_000007839
SMPDB_PHOSPHATIDYLCHOLINE_BIOSYNTHESIS_PC_16_1_9Z_24_1_15Z	AHCys	S-Adenosylhomocysteine	-	SMP14360	C00021	HMDB0000939	RAMP_C_000218715
SMPDB_PHOSPHATIDYLCHOLINE_BIOSYNTHESIS_PC_16_1_9Z_24_1_15Z	Choline	Choline	-	SMP14360	C00114	HMDB0000097	RAMP_C_000000065
SMPDB_PHOSPHATIDYLCHOLINE_BIOSYNTHESIS_PC_16_1_9Z_24_1_15Z	PC 40:2	PC 40:2	-	SMP14360		HMDB0008026	RAMP_C_000004023
SMPDB_PHOSPHATIDYLCHOLINE_BIOSYNTHESIS_PC_18_0_15_0	AHCys	S-Adenosylhomocysteine	-	SMP14363	C00021	HMDB0000939	RAMP_C_000218715
SMPDB_PHOSPHATIDYLCHOLINE_BIOSYNTHESIS_PC_18_0_15_0	Choline	Choline	-	SMP14363	C00114	HMDB0000097	RAMP_C_000000065
SMPDB_PHOSPHATIDYLCHOLINE_BIOSYNTHESIS_PC_18_0_15_0	PE 33:0	PE 33:0	-	SMP14363		HMDB0008988	RAMP_C_000004984
SMPDB_PHOSPHATIDYLCHOLINE_BIOSYNTHESIS_PC_18_0_18_0	AHCys	S-Adenosylhomocysteine	-	SMP14366	C00021	HMDB0000939	RAMP_C_000218715
SMPDB_PHOSPHATIDYLCHOLINE_BIOSYNTHESIS_PC_18_0_18_0	Choline	Choline	-	SMP14366	C00114	HMDB0000097	RAMP_C_000000065
SMPDB_PHOSPHATIDYLCHOLINE_BIOSYNTHESIS_PC_18_0_18_0	PC 36:0	PC 36:0	-	SMP14366		HMDB0008036	RAMP_C_000159318
SMPDB_PHOSPHATIDYLCHOLINE_BIOSYNTHESIS_PC_18_0_18_0	PE 36:0	PE 36:0	-	SMP14366		HMDB0005327	RAMP_C_000040449
SMPDB_PHOSPHATIDYLCHOLINE_BIOSYNTHESIS_PC_18_0_18_1_9Z	AHCys	S-Adenosylhomocysteine	-	SMP14368	C00021	HMDB0000939	RAMP_C_000218715
SMPDB_PHOSPHATIDYLCHOLINE_BIOSYNTHESIS_PC_18_0_18_1_9Z	Choline	Choline	-	SMP14368	C00114	HMDB0000097	RAMP_C_000000065
SMPDB_PHOSPHATIDYLCHOLINE_BIOSYNTHESIS_PC_18_0_18_1_9Z	PS 36:1	PS 36:1	-	SMP14368		HMDB0010163	RAMP_C_000006152
SMPDB_PHOSPHATIDYLCHOLINE_BIOSYNTHESIS_PC_18_0_18_2_9Z_12Z	AHCys	S-Adenosylhomocysteine	-	SMP14369	C00021	HMDB0000939	RAMP_C_000218715
SMPDB_PHOSPHATIDYLCHOLINE_BIOSYNTHESIS_PC_18_0_18_2_9Z_12Z	Choline	Choline	-	SMP14369	C00114	HMDB0000097	RAMP_C_000000065
SMPDB_PHOSPHATIDYLCHOLINE_BIOSYNTHESIS_PC_18_0_18_2_9Z_12Z	PS 36:2	PS 36:2	-	SMP14369		HMDB0012380	RAMP_C_000007845
SMPDB_PHOSPHATIDYLCHOLINE_BIOSYNTHESIS_PC_18_0_20_4_5Z_8Z_11Z_14Z	AHCys	S-Adenosylhomocysteine	-	SMP14378	C00021	HMDB0000939	RAMP_C_000218715
SMPDB_PHOSPHATIDYLCHOLINE_BIOSYNTHESIS_PC_18_0_20_4_5Z_8Z_11Z_14Z	Choline	Choline	-	SMP14378	C00114	HMDB0000097	RAMP_C_000000065
SMPDB_PHOSPHATIDYLCHOLINE_BIOSYNTHESIS_PC_18_0_20_4_5Z_8Z_11Z_14Z	DG 18:0_20:4	DG 18:0_20:4	-	SMP14378		HMDB0007170	RAMP_C_000003170
SMPDB_PHOSPHATIDYLCHOLINE_BIOSYNTHESIS_PC_18_0_20_4_5Z_8Z_11Z_14Z	PC 38:4	PC 38:4	-	SMP14378		HMDB0008048	RAMP_C_000004045
SMPDB_PHOSPHATIDYLCHOLINE_BIOSYNTHESIS_PC_18_0_20_4_5Z_8Z_11Z_14Z	PE 38:4	PE 38:4	-	SMP14378		HMDB0005333	RAMP_C_000004999
SMPDB_PHOSPHATIDYLCHOLINE_BIOSYNTHESIS_PC_18_0_20_4_5Z_8Z_11Z_14Z	PS 38:4	PS 38:4	-	SMP14378		HMDB0012383	RAMP_C_000007848
SMPDB_PHOSPHATIDYLCHOLINE_BIOSYNTHESIS_PC_18_0_22_1_13Z	AHCys	S-Adenosylhomocysteine	-	SMP14382	C00021	HMDB0000939	RAMP_C_000218715
SMPDB_PHOSPHATIDYLCHOLINE_BIOSYNTHESIS_PC_18_0_22_1_13Z	Choline	Choline	-	SMP14382	C00114	HMDB0000097	RAMP_C_000000065
SMPDB_PHOSPHATIDYLCHOLINE_BIOSYNTHESIS_PC_18_0_22_1_13Z	PE 40:1	PE 40:1	-	SMP14382		HMDB0009007	RAMP_C_000005003
SMPDB_PHOSPHATIDYLCHOLINE_BIOSYNTHESIS_PC_18_0_22_4_7Z_10Z_13Z_16Z	AHCys	S-Adenosylhomocysteine	-	SMP14384	C00021	HMDB0000939	RAMP_C_000218715
SMPDB_PHOSPHATIDYLCHOLINE_BIOSYNTHESIS_PC_18_0_22_4_7Z_10Z_13Z_16Z	Choline	Choline	-	SMP14384	C00114	HMDB0000097	RAMP_C_000000065
SMPDB_PHOSPHATIDYLCHOLINE_BIOSYNTHESIS_PC_18_0_22_4_7Z_10Z_13Z_16Z	PC 40:4	PC 40:4	-	SMP14384		HMDB0008054	RAMP_C_000004051
SMPDB_PHOSPHATIDYLCHOLINE_BIOSYNTHESIS_PC_18_0_22_4_7Z_10Z_13Z_16Z	PE 40:4	PE 40:4	-	SMP14384		HMDB0009009	RAMP_C_000005005
SMPDB_PHOSPHATIDYLCHOLINE_BIOSYNTHESIS_PC_18_0_22_4_7Z_10Z_13Z_16Z	PS 40:4	PS 40:4	-	SMP14384		HMDB0112382	RAMP_C_000091557
SMPDB_PHOSPHATIDYLCHOLINE_BIOSYNTHESIS_PC_18_0_22_5_4Z_7Z_10Z_13Z_16Z	AHCys	S-Adenosylhomocysteine	-	SMP14385	C00021	HMDB0000939	RAMP_C_000218715
SMPDB_PHOSPHATIDYLCHOLINE_BIOSYNTHESIS_PC_18_0_22_5_4Z_7Z_10Z_13Z_16Z	Choline	Choline	-	SMP14385	C00114	HMDB0000097	RAMP_C_000000065
SMPDB_PHOSPHATIDYLCHOLINE_BIOSYNTHESIS_PC_18_0_22_5_4Z_7Z_10Z_13Z_16Z	PC 40:5	PC 40:5	-	SMP14385		HMDB0008055	RAMP_C_000004052
SMPDB_PHOSPHATIDYLCHOLINE_BIOSYNTHESIS_PC_18_0_22_6_4Z_7Z_10Z_13Z_16Z_19Z	AHCys	S-Adenosylhomocysteine	-	SMP14387	C00021	HMDB0000939	RAMP_C_000218715
SMPDB_PHOSPHATIDYLCHOLINE_BIOSYNTHESIS_PC_18_0_22_6_4Z_7Z_10Z_13Z_16Z_19Z	Choline	Choline	-	SMP14387	C00114	HMDB0000097	RAMP_C_000000065
SMPDB_PHOSPHATIDYLCHOLINE_BIOSYNTHESIS_PC_18_0_22_6_4Z_7Z_10Z_13Z_16Z_19Z	PC 40:6	PC 40:6	-	SMP14387		HMDB0008057	RAMP_C_000004054
SMPDB_PHOSPHATIDYLCHOLINE_BIOSYNTHESIS_PC_18_0_22_6_4Z_7Z_10Z_13Z_16Z_19Z	PE 40:6	PE 40:6	-	SMP14387		HMDB0005334	RAMP_C_000005008
SMPDB_PHOSPHATIDYLCHOLINE_BIOSYNTHESIS_PC_18_0_22_6_4Z_7Z_10Z_13Z_16Z_19Z	PS 40:6	PS 40:6	-	SMP14387		HMDB0010167	RAMP_C_000006156
SMPDB_PHOSPHATIDYLCHOLINE_BIOSYNTHESIS_PC_18_0_24_0	AHCys	S-Adenosylhomocysteine	-	SMP14388	C00021	HMDB0000939	RAMP_C_000218715
SMPDB_PHOSPHATIDYLCHOLINE_BIOSYNTHESIS_PC_18_0_24_0	Choline	Choline	-	SMP14388	C00114	HMDB0000097	RAMP_C_000000065
SMPDB_PHOSPHATIDYLCHOLINE_BIOSYNTHESIS_PC_18_0_24_0	PC 42:0	PC 42:0	-	SMP14388		HMDB0008058	RAMP_C_000004055
SMPDB_PHOSPHATIDYLCHOLINE_BIOSYNTHESIS_PC_18_0_24_1_15Z	AHCys	S-Adenosylhomocysteine	-	SMP14389	C00021	HMDB0000939	RAMP_C_000218715
SMPDB_PHOSPHATIDYLCHOLINE_BIOSYNTHESIS_PC_18_0_24_1_15Z	Choline	Choline	-	SMP14389	C00114	HMDB0000097	RAMP_C_000000065
SMPDB_PHOSPHATIDYLCHOLINE_BIOSYNTHESIS_PC_18_0_24_1_15Z	PC 42:1	PC 42:1	-	SMP14389		HMDB0008059	RAMP_C_000004056
SMPDB_PHOSPHATIDYLCHOLINE_BIOSYNTHESIS_PC_18_1_11Z_18_1_11Z	AHCys	S-Adenosylhomocysteine	-	SMP14396	C00021	HMDB0000939	RAMP_C_000218715
SMPDB_PHOSPHATIDYLCHOLINE_BIOSYNTHESIS_PC_18_1_11Z_18_1_11Z	Choline	Choline	-	SMP14396	C00114	HMDB0000097	RAMP_C_000000065
SMPDB_PHOSPHATIDYLCHOLINE_BIOSYNTHESIS_PC_18_1_11Z_18_1_11Z	DG 18:1_18:1	DG 18:1_18:1	-	SMP14396		HMDB0007188	RAMP_C_000003188
SMPDB_PHOSPHATIDYLCHOLINE_BIOSYNTHESIS_PC_18_1_11Z_18_2_9Z_12Z	AHCys	S-Adenosylhomocysteine	-	SMP14398	C00021	HMDB0000939	RAMP_C_000218715
SMPDB_PHOSPHATIDYLCHOLINE_BIOSYNTHESIS_PC_18_1_11Z_18_2_9Z_12Z	Choline	Choline	-	SMP14398	C00114	HMDB0000097	RAMP_C_000000065
SMPDB_PHOSPHATIDYLCHOLINE_BIOSYNTHESIS_PC_18_1_11Z_18_2_9Z_12Z	DG 18:1_18:2	DG 18:1_18:2	-	SMP14398		HMDB0007190	RAMP_C_000003190
SMPDB_PHOSPHATIDYLCHOLINE_BIOSYNTHESIS_PC_18_1_11Z_18_3_6Z_9Z_12Z	AHCys	S-Adenosylhomocysteine	-	SMP14399	C00021	HMDB0000939	RAMP_C_000218715
SMPDB_PHOSPHATIDYLCHOLINE_BIOSYNTHESIS_PC_18_1_11Z_18_3_6Z_9Z_12Z	Choline	Choline	-	SMP14399	C00114	HMDB0000097	RAMP_C_000000065
SMPDB_PHOSPHATIDYLCHOLINE_BIOSYNTHESIS_PC_18_1_11Z_18_3_6Z_9Z_12Z	DG 18:1_18:3	DG 18:1_18:3	-	SMP14399		HMDB0007191	RAMP_C_000003191
SMPDB_PHOSPHATIDYLCHOLINE_BIOSYNTHESIS_PC_18_1_11Z_18_4_6Z_9Z_12Z_15Z	AHCys	S-Adenosylhomocysteine	-	SMP14401	C00021	HMDB0000939	RAMP_C_000218715
SMPDB_PHOSPHATIDYLCHOLINE_BIOSYNTHESIS_PC_18_1_11Z_18_4_6Z_9Z_12Z_15Z	Choline	Choline	-	SMP14401	C00114	HMDB0000097	RAMP_C_000000065
SMPDB_PHOSPHATIDYLCHOLINE_BIOSYNTHESIS_PC_18_1_11Z_18_4_6Z_9Z_12Z_15Z	DG 18:1_18:4	DG 18:1_18:4	-	SMP14401		HMDB0007193	RAMP_C_000003193
SMPDB_PHOSPHATIDYLCHOLINE_BIOSYNTHESIS_PC_18_1_11Z_20_1_11Z	AHCys	S-Adenosylhomocysteine	-	SMP14403	C00021	HMDB0000939	RAMP_C_000218715
SMPDB_PHOSPHATIDYLCHOLINE_BIOSYNTHESIS_PC_18_1_11Z_20_1_11Z	Choline	Choline	-	SMP14403	C00114	HMDB0000097	RAMP_C_000000065
SMPDB_PHOSPHATIDYLCHOLINE_BIOSYNTHESIS_PC_18_1_11Z_20_1_11Z	DG 18:1_20:1	DG 18:1_20:1	-	SMP14403		HMDB0007195	RAMP_C_000003195
SMPDB_PHOSPHATIDYLCHOLINE_BIOSYNTHESIS_PC_18_1_11Z_20_2_11Z_14Z	AHCys	S-Adenosylhomocysteine	-	SMP14404	C00021	HMDB0000939	RAMP_C_000218715
SMPDB_PHOSPHATIDYLCHOLINE_BIOSYNTHESIS_PC_18_1_11Z_20_2_11Z_14Z	Choline	Choline	-	SMP14404	C00114	HMDB0000097	RAMP_C_000000065
SMPDB_PHOSPHATIDYLCHOLINE_BIOSYNTHESIS_PC_18_1_11Z_20_2_11Z_14Z	DG 18:1_20:2	DG 18:1_20:2	-	SMP14404		HMDB0007196	RAMP_C_000003196
SMPDB_PHOSPHATIDYLCHOLINE_BIOSYNTHESIS_PC_18_1_11Z_20_4_5Z_8Z_11Z_14Z	AHCys	S-Adenosylhomocysteine	-	SMP14407	C00021	HMDB0000939	RAMP_C_000218715
SMPDB_PHOSPHATIDYLCHOLINE_BIOSYNTHESIS_PC_18_1_11Z_20_4_5Z_8Z_11Z_14Z	Choline	Choline	-	SMP14407	C00114	HMDB0000097	RAMP_C_000000065
SMPDB_PHOSPHATIDYLCHOLINE_BIOSYNTHESIS_PC_18_1_11Z_20_4_5Z_8Z_11Z_14Z	DG 18:1_20:4	DG 18:1_20:4	-	SMP14407		HMDB0007199	RAMP_C_000003199
SMPDB_PHOSPHATIDYLCHOLINE_BIOSYNTHESIS_PC_18_1_11Z_22_2_13Z_16Z	AHCys	S-Adenosylhomocysteine	-	SMP14412	C00021	HMDB0000939	RAMP_C_000218715
SMPDB_PHOSPHATIDYLCHOLINE_BIOSYNTHESIS_PC_18_1_11Z_22_2_13Z_16Z	Choline	Choline	-	SMP14412	C00114	HMDB0000097	RAMP_C_000000065
SMPDB_PHOSPHATIDYLCHOLINE_BIOSYNTHESIS_PC_18_1_11Z_22_2_13Z_16Z	PC 40:3	PC 40:3	-	SMP14412		HMDB0008086	RAMP_C_000004083
SMPDB_PHOSPHATIDYLCHOLINE_BIOSYNTHESIS_PC_18_1_11Z_22_5_4Z_7Z_10Z_13Z_16Z	AHCys	S-Adenosylhomocysteine	-	SMP14414	C00021	HMDB0000939	RAMP_C_000218715
SMPDB_PHOSPHATIDYLCHOLINE_BIOSYNTHESIS_PC_18_1_11Z_22_5_4Z_7Z_10Z_13Z_16Z	Choline	Choline	-	SMP14414	C00114	HMDB0000097	RAMP_C_000000065
SMPDB_PHOSPHATIDYLCHOLINE_BIOSYNTHESIS_PC_18_1_11Z_22_5_4Z_7Z_10Z_13Z_16Z	DG 18:1_22:5	DG 18:1_22:5	-	SMP14414		HMDB0007206	RAMP_C_000003206
SMPDB_PHOSPHATIDYLCHOLINE_BIOSYNTHESIS_PC_18_1_11Z_22_6_4Z_7Z_10Z_13Z_16Z_19Z	AHCys	S-Adenosylhomocysteine	-	SMP14416	C00021	HMDB0000939	RAMP_C_000218715
SMPDB_PHOSPHATIDYLCHOLINE_BIOSYNTHESIS_PC_18_1_11Z_22_6_4Z_7Z_10Z_13Z_16Z_19Z	Choline	Choline	-	SMP14416	C00114	HMDB0000097	RAMP_C_000000065
SMPDB_PHOSPHATIDYLCHOLINE_BIOSYNTHESIS_PC_18_1_11Z_22_6_4Z_7Z_10Z_13Z_16Z_19Z	DG 18:1_22:6	DG 18:1_22:6	-	SMP14416		HMDB0007208	RAMP_C_000003208
SMPDB_PHOSPHATIDYLCHOLINE_BIOSYNTHESIS_PC_18_1_11Z_24_1_15Z	AHCys	S-Adenosylhomocysteine	-	SMP14418	C00021	HMDB0000939	RAMP_C_000218715
SMPDB_PHOSPHATIDYLCHOLINE_BIOSYNTHESIS_PC_18_1_11Z_24_1_15Z	Choline	Choline	-	SMP14418	C00114	HMDB0000097	RAMP_C_000000065
SMPDB_PHOSPHATIDYLCHOLINE_BIOSYNTHESIS_PC_18_1_11Z_24_1_15Z	PC 42:2	PC 42:2	-	SMP14418		HMDB0008092	RAMP_C_000004089
SMPDB_PHOSPHATIDYLCHOLINE_BIOSYNTHESIS_PC_18_1_9Z_16_1_9Z	AHCys	S-Adenosylhomocysteine	-	SMP14423	C00021	HMDB0000939	RAMP_C_000218715
SMPDB_PHOSPHATIDYLCHOLINE_BIOSYNTHESIS_PC_18_1_9Z_16_1_9Z	Choline	Choline	-	SMP14423	C00114	HMDB0000097	RAMP_C_000000065
SMPDB_PHOSPHATIDYLCHOLINE_BIOSYNTHESIS_PC_18_1_9Z_16_1_9Z	PE 34:2	PE 34:2	-	SMP14423		HMDB0009056	RAMP_C_000005052
SMPDB_PHOSPHATIDYLCHOLINE_BIOSYNTHESIS_PC_18_1_9Z_18_1_9Z	AHCys	S-Adenosylhomocysteine	-	SMP14426	C00021	HMDB0000939	RAMP_C_000218715
SMPDB_PHOSPHATIDYLCHOLINE_BIOSYNTHESIS_PC_18_1_9Z_18_1_9Z	Choline	Choline	-	SMP14426	C00114	HMDB0000097	RAMP_C_000000065
SMPDB_PHOSPHATIDYLCHOLINE_BIOSYNTHESIS_PC_18_1_9Z_18_1_9Z	PC 36:2	PC 36:2	-	SMP14426		HMDB0000593	RAMP_C_000000454
SMPDB_PHOSPHATIDYLCHOLINE_BIOSYNTHESIS_PC_18_1_9Z_18_1_9Z	PE 36:2	PE 36:2	-	SMP14426		HMDB0005347	RAMP_C_000005055
SMPDB_PHOSPHATIDYLCHOLINE_BIOSYNTHESIS_PC_18_1_9Z_20_0	AHCys	S-Adenosylhomocysteine	-	SMP14431	C00021	HMDB0000939	RAMP_C_000218715
SMPDB_PHOSPHATIDYLCHOLINE_BIOSYNTHESIS_PC_18_1_9Z_20_0	Choline	Choline	-	SMP14431	C00114	HMDB0000097	RAMP_C_000000065
SMPDB_PHOSPHATIDYLCHOLINE_BIOSYNTHESIS_PC_18_1_9Z_20_0	DG 18:1_20:0	DG 18:1_20:0	-	SMP14431		HMDB0007223	RAMP_C_000003223
SMPDB_PHOSPHATIDYLCHOLINE_BIOSYNTHESIS_PC_18_1_9Z_20_4_5Z_8Z_11Z_14Z	AHCys	S-Adenosylhomocysteine	-	SMP14436	C00021	HMDB0000939	RAMP_C_000218715
SMPDB_PHOSPHATIDYLCHOLINE_BIOSYNTHESIS_PC_18_1_9Z_20_4_5Z_8Z_11Z_14Z	Choline	Choline	-	SMP14436	C00114	HMDB0000097	RAMP_C_000000065
SMPDB_PHOSPHATIDYLCHOLINE_BIOSYNTHESIS_PC_18_1_9Z_20_4_5Z_8Z_11Z_14Z	PS 38:5	PS 38:5	-	SMP14436		HMDB0012394	RAMP_C_000007858
SMPDB_PHOSPHATIDYLCHOLINE_BIOSYNTHESIS_PC_18_1_9Z_22_2_13Z_16Z	AHCys	S-Adenosylhomocysteine	-	SMP14441	C00021	HMDB0000939	RAMP_C_000218715
SMPDB_PHOSPHATIDYLCHOLINE_BIOSYNTHESIS_PC_18_1_9Z_22_2_13Z_16Z	Choline	Choline	-	SMP14441	C00114	HMDB0000097	RAMP_C_000000065
SMPDB_PHOSPHATIDYLCHOLINE_BIOSYNTHESIS_PC_18_1_9Z_22_2_13Z_16Z	PE 40:3	PE 40:3	-	SMP14441		HMDB0009074	RAMP_C_000005070
SMPDB_PHOSPHATIDYLCHOLINE_BIOSYNTHESIS_PC_18_1_9Z_22_4_7Z_10Z_13Z_16Z	AHCys	S-Adenosylhomocysteine	-	SMP14442	C00021	HMDB0000939	RAMP_C_000218715
SMPDB_PHOSPHATIDYLCHOLINE_BIOSYNTHESIS_PC_18_1_9Z_22_4_7Z_10Z_13Z_16Z	Choline	Choline	-	SMP14442	C00114	HMDB0000097	RAMP_C_000000065
SMPDB_PHOSPHATIDYLCHOLINE_BIOSYNTHESIS_PC_18_1_9Z_22_4_7Z_10Z_13Z_16Z	PE 40:5	PE 40:5	-	SMP14442		HMDB0009075	RAMP_C_000005071
SMPDB_PHOSPHATIDYLCHOLINE_BIOSYNTHESIS_PC_18_1_9Z_22_4_7Z_10Z_13Z_16Z	PS 40:5	PS 40:5	-	SMP14442		HMDB0112420	RAMP_C_000091595
SMPDB_PHOSPHATIDYLCHOLINE_BIOSYNTHESIS_PC_18_1_9Z_22_6_4Z_7Z_10Z_13Z_16Z_19Z	AHCys	S-Adenosylhomocysteine	-	SMP14445	C00021	HMDB0000939	RAMP_C_000218715
SMPDB_PHOSPHATIDYLCHOLINE_BIOSYNTHESIS_PC_18_1_9Z_22_6_4Z_7Z_10Z_13Z_16Z_19Z	Choline	Choline	-	SMP14445	C00114	HMDB0000097	RAMP_C_000000065
SMPDB_PHOSPHATIDYLCHOLINE_BIOSYNTHESIS_PC_18_1_9Z_22_6_4Z_7Z_10Z_13Z_16Z_19Z	PE 40:7	PE 40:7	-	SMP14445		HMDB0009078	RAMP_C_000005074
SMPDB_PHOSPHATIDYLCHOLINE_BIOSYNTHESIS_PC_18_1_9Z_22_6_4Z_7Z_10Z_13Z_16Z_19Z	PS 40:7	PS 40:7	-	SMP14445		HMDB0012395	RAMP_C_000007859
SMPDB_PHOSPHATIDYLCHOLINE_BIOSYNTHESIS_PC_18_2_9Z_12Z_18_2_9Z_12Z	AHCys	S-Adenosylhomocysteine	-	SMP14455	C00021	HMDB0000939	RAMP_C_000218715
SMPDB_PHOSPHATIDYLCHOLINE_BIOSYNTHESIS_PC_18_2_9Z_12Z_18_2_9Z_12Z	Choline	Choline	-	SMP14455	C00114	HMDB0000097	RAMP_C_000000065
SMPDB_PHOSPHATIDYLCHOLINE_BIOSYNTHESIS_PC_18_2_9Z_12Z_18_2_9Z_12Z	DG 18:2_18:2	DG 18:2_18:2	-	SMP14455		HMDB0007248	RAMP_C_000003248
SMPDB_PHOSPHATIDYLCHOLINE_BIOSYNTHESIS_PC_18_2_9Z_12Z_18_3_6Z_9Z_12Z	AHCys	S-Adenosylhomocysteine	-	SMP14456	C00021	HMDB0000939	RAMP_C_000218715
SMPDB_PHOSPHATIDYLCHOLINE_BIOSYNTHESIS_PC_18_2_9Z_12Z_18_3_6Z_9Z_12Z	Choline	Choline	-	SMP14456	C00114	HMDB0000097	RAMP_C_000000065
SMPDB_PHOSPHATIDYLCHOLINE_BIOSYNTHESIS_PC_18_2_9Z_12Z_18_3_6Z_9Z_12Z	DG 18:2_18:3	DG 18:2_18:3	-	SMP14456		HMDB0007249	RAMP_C_000003249
SMPDB_PHOSPHATIDYLCHOLINE_BIOSYNTHESIS_PC_18_2_9Z_12Z_20_0	AHCys	S-Adenosylhomocysteine	-	SMP14459	C00021	HMDB0000939	RAMP_C_000218715
SMPDB_PHOSPHATIDYLCHOLINE_BIOSYNTHESIS_PC_18_2_9Z_12Z_20_0	Choline	Choline	-	SMP14459	C00114	HMDB0000097	RAMP_C_000000065
SMPDB_PHOSPHATIDYLCHOLINE_BIOSYNTHESIS_PC_18_2_9Z_12Z_20_0	DG 18:2_20:0	DG 18:2_20:0	-	SMP14459		HMDB0007252	RAMP_C_000003252
SMPDB_PHOSPHATIDYLCHOLINE_BIOSYNTHESIS_PC_18_2_9Z_12Z_20_4_5Z_8Z_11Z_14Z	AHCys	S-Adenosylhomocysteine	-	SMP14464	C00021	HMDB0000939	RAMP_C_000218715
SMPDB_PHOSPHATIDYLCHOLINE_BIOSYNTHESIS_PC_18_2_9Z_12Z_20_4_5Z_8Z_11Z_14Z	Choline	Choline	-	SMP14464	C00114	HMDB0000097	RAMP_C_000000065
SMPDB_PHOSPHATIDYLCHOLINE_BIOSYNTHESIS_PC_18_2_9Z_12Z_20_4_5Z_8Z_11Z_14Z	DG 18:2_20:4	DG 18:2_20:4	-	SMP14464		HMDB0007257	RAMP_C_000003257
SMPDB_PHOSPHATIDYLCHOLINE_BIOSYNTHESIS_PC_18_2_9Z_12Z_22_6_4Z_7Z_10Z_13Z_16Z_19Z	AHCys	S-Adenosylhomocysteine	-	SMP14473	C00021	HMDB0000939	RAMP_C_000218715
SMPDB_PHOSPHATIDYLCHOLINE_BIOSYNTHESIS_PC_18_2_9Z_12Z_22_6_4Z_7Z_10Z_13Z_16Z_19Z	Choline	Choline	-	SMP14473	C00114	HMDB0000097	RAMP_C_000000065
SMPDB_PHOSPHATIDYLCHOLINE_BIOSYNTHESIS_PC_18_2_9Z_12Z_22_6_4Z_7Z_10Z_13Z_16Z_19Z	PE 40:8	PE 40:8	-	SMP14473		HMDB0009111	RAMP_C_000005107
SMPDB_PHOSPHATIDYLCHOLINE_BIOSYNTHESIS_PC_18_2_9Z_12Z_22_6_4Z_7Z_10Z_13Z_16Z_19Z	PS 40:8	PS 40:8	-	SMP14473		HMDB0012406	RAMP_C_000007870
SMPDB_PHOSPHATIDYLCHOLINE_BIOSYNTHESIS_PC_18_3_6Z_9Z_12Z_18_3_9Z_12Z_15Z	AHCys	S-Adenosylhomocysteine	-	SMP14486	C00021	HMDB0000939	RAMP_C_000218715
SMPDB_PHOSPHATIDYLCHOLINE_BIOSYNTHESIS_PC_18_3_6Z_9Z_12Z_18_3_9Z_12Z_15Z	Choline	Choline	-	SMP14486	C00114	HMDB0000097	RAMP_C_000000065
SMPDB_PHOSPHATIDYLCHOLINE_BIOSYNTHESIS_PC_18_3_6Z_9Z_12Z_18_3_9Z_12Z_15Z	DG 18:3_18:3	DG 18:3_18:3	-	SMP14486		HMDB0007279	RAMP_C_000003279
SMPDB_PHOSPHATIDYLCHOLINE_BIOSYNTHESIS_PC_18_3_6Z_9Z_12Z_20_2_11Z_14Z	AHCys	S-Adenosylhomocysteine	-	SMP14490	C00021	HMDB0000939	RAMP_C_000218715
SMPDB_PHOSPHATIDYLCHOLINE_BIOSYNTHESIS_PC_18_3_6Z_9Z_12Z_20_2_11Z_14Z	Choline	Choline	-	SMP14490	C00114	HMDB0000097	RAMP_C_000000065
SMPDB_PHOSPHATIDYLCHOLINE_BIOSYNTHESIS_PC_18_3_6Z_9Z_12Z_20_2_11Z_14Z	DG 18:3_20:2	DG 18:3_20:2	-	SMP14490		HMDB0007283	RAMP_C_000003283
SMPDB_PHOSPHATIDYLCHOLINE_BIOSYNTHESIS_PC_18_3_6Z_9Z_12Z_24_1_15Z	AHCys	S-Adenosylhomocysteine	-	SMP14504	C00021	HMDB0000939	RAMP_C_000218715
SMPDB_PHOSPHATIDYLCHOLINE_BIOSYNTHESIS_PC_18_3_6Z_9Z_12Z_24_1_15Z	Choline	Choline	-	SMP14504	C00114	HMDB0000097	RAMP_C_000000065
SMPDB_PHOSPHATIDYLCHOLINE_BIOSYNTHESIS_PC_18_3_6Z_9Z_12Z_24_1_15Z	PC 42:4	PC 42:4	-	SMP14504		HMDB0008191	RAMP_C_000004187
SMPDB_PHOSPHATIDYLCHOLINE_BIOSYNTHESIS_PC_18_3_9Z_12Z_15Z_18_2_9Z_12Z	AHCys	S-Adenosylhomocysteine	-	SMP14513	C00021	HMDB0000939	RAMP_C_000218715
SMPDB_PHOSPHATIDYLCHOLINE_BIOSYNTHESIS_PC_18_3_9Z_12Z_15Z_18_2_9Z_12Z	Choline	Choline	-	SMP14513	C00114	HMDB0000097	RAMP_C_000000065
SMPDB_PHOSPHATIDYLCHOLINE_BIOSYNTHESIS_PC_18_3_9Z_12Z_15Z_18_2_9Z_12Z	PC 36:5	PC 36:5	-	SMP14513		HMDB0008204	RAMP_C_000004200
SMPDB_PHOSPHATIDYLCHOLINE_BIOSYNTHESIS_PC_18_4_6Z_9Z_12Z_15Z_18_2_9Z_12Z	AHCys	S-Adenosylhomocysteine	-	SMP14542	C00021	HMDB0000939	RAMP_C_000218715
SMPDB_PHOSPHATIDYLCHOLINE_BIOSYNTHESIS_PC_18_4_6Z_9Z_12Z_15Z_18_2_9Z_12Z	Choline	Choline	-	SMP14542	C00114	HMDB0000097	RAMP_C_000000065
SMPDB_PHOSPHATIDYLCHOLINE_BIOSYNTHESIS_PC_18_4_6Z_9Z_12Z_15Z_18_2_9Z_12Z	DG 18:2_18:4	DG 18:2_18:4	-	SMP14542		HMDB0007335	RAMP_C_000003335
SMPDB_PHOSPHATIDYLCHOLINE_BIOSYNTHESIS_PC_20_0_22_5_7Z_10Z_13Z_16Z_19Z	AHCys	S-Adenosylhomocysteine	-	SMP14588	C00021	HMDB0000939	RAMP_C_000218715
SMPDB_PHOSPHATIDYLCHOLINE_BIOSYNTHESIS_PC_20_0_22_5_7Z_10Z_13Z_16Z_19Z	Choline	Choline	-	SMP14588	C00114	HMDB0000097	RAMP_C_000000065
SMPDB_PHOSPHATIDYLCHOLINE_BIOSYNTHESIS_PC_20_0_22_5_7Z_10Z_13Z_16Z_19Z	PC 42:5	PC 42:5	-	SMP14588		HMDB0008287	RAMP_C_000004283
SMPDB_PHOSPHATIDYLCHOLINE_BIOSYNTHESIS_PC_20_0_22_6_4Z_7Z_10Z_13Z_16Z_19Z	AHCys	S-Adenosylhomocysteine	-	SMP14589	C00021	HMDB0000939	RAMP_C_000218715
SMPDB_PHOSPHATIDYLCHOLINE_BIOSYNTHESIS_PC_20_0_22_6_4Z_7Z_10Z_13Z_16Z_19Z	Choline	Choline	-	SMP14589	C00114	HMDB0000097	RAMP_C_000000065
SMPDB_PHOSPHATIDYLCHOLINE_BIOSYNTHESIS_PC_20_0_22_6_4Z_7Z_10Z_13Z_16Z_19Z	PC 42:6	PC 42:6	-	SMP14589		HMDB0008288	RAMP_C_000004284
SMPDB_PHOSPHATIDYLCHOLINE_BIOSYNTHESIS_PC_20_1_11Z_22_6_4Z_7Z_10Z_13Z_16Z_19Z	AHCys	S-Adenosylhomocysteine	-	SMP14618	C00021	HMDB0000939	RAMP_C_000218715
SMPDB_PHOSPHATIDYLCHOLINE_BIOSYNTHESIS_PC_20_1_11Z_22_6_4Z_7Z_10Z_13Z_16Z_19Z	Choline	Choline	-	SMP14618	C00114	HMDB0000097	RAMP_C_000000065
SMPDB_PHOSPHATIDYLCHOLINE_BIOSYNTHESIS_PC_20_1_11Z_22_6_4Z_7Z_10Z_13Z_16Z_19Z	PE 42:7	PE 42:7	-	SMP14618		HMDB0009276	RAMP_C_000005272
SMPDB_PHOSPHATIDYLCHOLINE_BIOSYNTHESIS_PC_20_2_11Z_14Z_22_6_4Z_7Z_10Z_13Z_16Z_19Z	AHCys	S-Adenosylhomocysteine	-	SMP14647	C00021	HMDB0000939	RAMP_C_000218715
SMPDB_PHOSPHATIDYLCHOLINE_BIOSYNTHESIS_PC_20_2_11Z_14Z_22_6_4Z_7Z_10Z_13Z_16Z_19Z	Choline	Choline	-	SMP14647	C00114	HMDB0000097	RAMP_C_000000065
SMPDB_PHOSPHATIDYLCHOLINE_BIOSYNTHESIS_PC_20_2_11Z_14Z_22_6_4Z_7Z_10Z_13Z_16Z_19Z	PE 42:8	PE 42:8	-	SMP14647		HMDB0009309	RAMP_C_000005305
SMPDB_PHOSPHATIDYLCHOLINE_BIOSYNTHESIS_PC_20_3_8Z_11Z_14Z_18_0	AHCys	S-Adenosylhomocysteine	-	SMP14684	C00021	HMDB0000939	RAMP_C_000218715
SMPDB_PHOSPHATIDYLCHOLINE_BIOSYNTHESIS_PC_20_3_8Z_11Z_14Z_18_0	Choline	Choline	-	SMP14684	C00114	HMDB0000097	RAMP_C_000000065
SMPDB_PHOSPHATIDYLCHOLINE_BIOSYNTHESIS_PC_20_3_8Z_11Z_14Z_18_0	PE 38:3	PE 38:3	-	SMP14684		HMDB0009354	RAMP_C_000005350
SMPDB_PHOSPHATIDYLCHOLINE_BIOSYNTHESIS_PC_22_0_22_6_4Z_7Z_10Z_13Z_16Z_19Z	AHCys	S-Adenosylhomocysteine	-	SMP14821	C00021	HMDB0000939	RAMP_C_000218715
SMPDB_PHOSPHATIDYLCHOLINE_BIOSYNTHESIS_PC_22_0_22_6_4Z_7Z_10Z_13Z_16Z_19Z	Choline	Choline	-	SMP14821	C00114	HMDB0000097	RAMP_C_000000065
SMPDB_PHOSPHATIDYLCHOLINE_BIOSYNTHESIS_PC_22_0_22_6_4Z_7Z_10Z_13Z_16Z_19Z	PE 44:6	PE 44:6	-	SMP14821		HMDB0009507	RAMP_C_000005503
SMPDB_PHOSPHATIDYLCHOLINE_BIOSYNTHESIS_PC_22_1_13Z_22_2_13Z_16Z	AHCys	S-Adenosylhomocysteine	-	SMP14846	C00021	HMDB0000939	RAMP_C_000218715
SMPDB_PHOSPHATIDYLCHOLINE_BIOSYNTHESIS_PC_22_1_13Z_22_2_13Z_16Z	Choline	Choline	-	SMP14846	C00114	HMDB0000097	RAMP_C_000000065
SMPDB_PHOSPHATIDYLCHOLINE_BIOSYNTHESIS_PC_22_1_13Z_22_2_13Z_16Z	DG 22:1_22:2	DG 22:1_22:2	-	SMP14846		HMDB0007639	RAMP_C_000003639
SMPDB_PHOSPHATIDYLCHOLINE_BIOSYNTHESIS_PC_22_5_4Z_7Z_10Z_13Z_16Z_22_6_4Z_7Z_10Z_13Z_16Z_19Z	AHCys	S-Adenosylhomocysteine	-	SMP14937	C00021	HMDB0000939	RAMP_C_000218715
SMPDB_PHOSPHATIDYLCHOLINE_BIOSYNTHESIS_PC_22_5_4Z_7Z_10Z_13Z_16Z_22_6_4Z_7Z_10Z_13Z_16Z_19Z	Choline	Choline	-	SMP14937	C00114	HMDB0000097	RAMP_C_000000065
SMPDB_PHOSPHATIDYLCHOLINE_BIOSYNTHESIS_PC_22_5_4Z_7Z_10Z_13Z_16Z_22_6_4Z_7Z_10Z_13Z_16Z_19Z	PE 44:11	PE 44:11	-	SMP14937		HMDB0009639	RAMP_C_000005635
SMPDB_PHOSPHATIDYLCHOLINE_BIOSYNTHESIS_PC_22_6_4Z_7Z_10Z_13Z_16Z_19Z_22_6_4Z_7Z_10Z_13Z_16Z_19Z	AHCys	S-Adenosylhomocysteine	-	SMP14995	C00021	HMDB0000939	RAMP_C_000218715
SMPDB_PHOSPHATIDYLCHOLINE_BIOSYNTHESIS_PC_22_6_4Z_7Z_10Z_13Z_16Z_19Z_22_6_4Z_7Z_10Z_13Z_16Z_19Z	Choline	Choline	-	SMP14995	C00114	HMDB0000097	RAMP_C_000000065
SMPDB_PHOSPHATIDYLCHOLINE_BIOSYNTHESIS_PC_22_6_4Z_7Z_10Z_13Z_16Z_19Z_22_6_4Z_7Z_10Z_13Z_16Z_19Z	PE 44:12	PE 44:12	-	SMP14995		HMDB0005354	RAMP_C_000005701
SMPDB_PHOSPHATIDYLETHANOLAMINE_BIOSYNTHESIS_PE_14_0_14_0	Choline	Choline	-	SMP15056	C00114	HMDB0000097	RAMP_C_000000065
SMPDB_PHOSPHATIDYLETHANOLAMINE_BIOSYNTHESIS_PE_14_0_14_0	DG 14:0_14:0	DG 14:0_14:0	-	SMP15056	C16667	HMDB0007008	RAMP_C_000003008
SMPDB_PHOSPHATIDYLETHANOLAMINE_BIOSYNTHESIS_PE_14_0_14_0	PE 28:0	PE 28:0	-	SMP15056		HMDB0005313	RAMP_C_000004817
SMPDB_PHOSPHATIDYLETHANOLAMINE_BIOSYNTHESIS_PE_14_0_14_0	Ser	Serine	-	SMP15056	C00065	HMDB0000187	RAMP_C_000218440
SMPDB_PHOSPHATIDYLETHANOLAMINE_BIOSYNTHESIS_PE_14_0_14_1_9Z	Choline	Choline	-	SMP15057	C00114	HMDB0000097	RAMP_C_000000065
SMPDB_PHOSPHATIDYLETHANOLAMINE_BIOSYNTHESIS_PE_14_0_14_1_9Z	PE 28:1	PE 28:1	-	SMP15057		HMDB0008822	RAMP_C_000004818
SMPDB_PHOSPHATIDYLETHANOLAMINE_BIOSYNTHESIS_PE_14_0_14_1_9Z	Ser	Serine	-	SMP15057	C00065	HMDB0000187	RAMP_C_000218440
SMPDB_PHOSPHATIDYLETHANOLAMINE_BIOSYNTHESIS_PE_14_0_16_0	Choline	Choline	-	SMP15059	C00114	HMDB0000097	RAMP_C_000000065
SMPDB_PHOSPHATIDYLETHANOLAMINE_BIOSYNTHESIS_PE_14_0_16_0	PE 30:0	PE 30:0	-	SMP15059		HMDB0005314	RAMP_C_000004820
SMPDB_PHOSPHATIDYLETHANOLAMINE_BIOSYNTHESIS_PE_14_0_16_0	Ser	Serine	-	SMP15059	C00065	HMDB0000187	RAMP_C_000218440
SMPDB_PHOSPHATIDYLETHANOLAMINE_BIOSYNTHESIS_PE_14_0_16_1_9Z	Choline	Choline	-	SMP15060	C00114	HMDB0000097	RAMP_C_000000065
SMPDB_PHOSPHATIDYLETHANOLAMINE_BIOSYNTHESIS_PE_14_0_16_1_9Z	PE 30:1	PE 30:1	-	SMP15060		HMDB0008825	RAMP_C_000004821
SMPDB_PHOSPHATIDYLETHANOLAMINE_BIOSYNTHESIS_PE_14_0_16_1_9Z	Ser	Serine	-	SMP15060	C00065	HMDB0000187	RAMP_C_000218440
SMPDB_PHOSPHATIDYLETHANOLAMINE_BIOSYNTHESIS_PE_14_0_18_1_9Z	Choline	Choline	-	SMP15063	C00114	HMDB0000097	RAMP_C_000000065
SMPDB_PHOSPHATIDYLETHANOLAMINE_BIOSYNTHESIS_PE_14_0_18_1_9Z	DG 14:0_18:1	DG 14:0_18:1	-	SMP15063		HMDB0007015	RAMP_C_000003015
SMPDB_PHOSPHATIDYLETHANOLAMINE_BIOSYNTHESIS_PE_14_0_18_1_9Z	Ser	Serine	-	SMP15063	C00065	HMDB0000187	RAMP_C_000218440
SMPDB_PHOSPHATIDYLETHANOLAMINE_BIOSYNTHESIS_PE_14_0_18_2_9Z_12Z	Choline	Choline	-	SMP15064	C00114	HMDB0000097	RAMP_C_000000065
SMPDB_PHOSPHATIDYLETHANOLAMINE_BIOSYNTHESIS_PE_14_0_18_2_9Z_12Z	DG 14:0_18:2	DG 14:0_18:2	-	SMP15064		HMDB0007016	RAMP_C_000003016
SMPDB_PHOSPHATIDYLETHANOLAMINE_BIOSYNTHESIS_PE_14_0_18_2_9Z_12Z	PC 32:2	PC 32:2	-	SMP15064		HMDB0007874	RAMP_C_000003872
SMPDB_PHOSPHATIDYLETHANOLAMINE_BIOSYNTHESIS_PE_14_0_18_2_9Z_12Z	PE 32:2	PE 32:2	-	SMP15064		HMDB0008829	RAMP_C_000004825
SMPDB_PHOSPHATIDYLETHANOLAMINE_BIOSYNTHESIS_PE_14_0_18_2_9Z_12Z	Ser	Serine	-	SMP15064	C00065	HMDB0000187	RAMP_C_000218440
SMPDB_PHOSPHATIDYLETHANOLAMINE_BIOSYNTHESIS_PE_14_0_18_3_6Z_9Z_12Z	Choline	Choline	-	SMP15065	C00114	HMDB0000097	RAMP_C_000000065
SMPDB_PHOSPHATIDYLETHANOLAMINE_BIOSYNTHESIS_PE_14_0_18_3_6Z_9Z_12Z	PC 32:3	PC 32:3	-	SMP15065		HMDB0007875	RAMP_C_000003873
SMPDB_PHOSPHATIDYLETHANOLAMINE_BIOSYNTHESIS_PE_14_0_18_3_6Z_9Z_12Z	Ser	Serine	-	SMP15065	C00065	HMDB0000187	RAMP_C_000218440
SMPDB_PHOSPHATIDYLETHANOLAMINE_BIOSYNTHESIS_PE_14_0_20_0	Choline	Choline	-	SMP15068	C00114	HMDB0000097	RAMP_C_000000065
SMPDB_PHOSPHATIDYLETHANOLAMINE_BIOSYNTHESIS_PE_14_0_20_0	DG 14:0_20:0	DG 14:0_20:0	-	SMP15068		HMDB0007020	RAMP_C_000003020
SMPDB_PHOSPHATIDYLETHANOLAMINE_BIOSYNTHESIS_PE_14_0_20_0	PE 34:0	PE 34:0	-	SMP15068		HMDB0005315	RAMP_C_000004829
SMPDB_PHOSPHATIDYLETHANOLAMINE_BIOSYNTHESIS_PE_14_0_20_0	Ser	Serine	-	SMP15068	C00065	HMDB0000187	RAMP_C_000218440
SMPDB_PHOSPHATIDYLETHANOLAMINE_BIOSYNTHESIS_PE_14_0_20_2_11Z_14Z	Choline	Choline	-	SMP15070	C00114	HMDB0000097	RAMP_C_000000065
SMPDB_PHOSPHATIDYLETHANOLAMINE_BIOSYNTHESIS_PE_14_0_20_2_11Z_14Z	PC 34:2	PC 34:2	-	SMP15070		HMDB0007880	RAMP_C_000003878
SMPDB_PHOSPHATIDYLETHANOLAMINE_BIOSYNTHESIS_PE_14_0_20_2_11Z_14Z	Ser	Serine	-	SMP15070	C00065	HMDB0000187	RAMP_C_000218440
SMPDB_PHOSPHATIDYLETHANOLAMINE_BIOSYNTHESIS_PE_14_0_20_3_5Z_8Z_11Z	Choline	Choline	-	SMP15071	C00114	HMDB0000097	RAMP_C_000000065
SMPDB_PHOSPHATIDYLETHANOLAMINE_BIOSYNTHESIS_PE_14_0_20_3_5Z_8Z_11Z	PC 34:3	PC 34:3	-	SMP15071		HMDB0007881	RAMP_C_000003879
SMPDB_PHOSPHATIDYLETHANOLAMINE_BIOSYNTHESIS_PE_14_0_20_3_5Z_8Z_11Z	Ser	Serine	-	SMP15071	C00065	HMDB0000187	RAMP_C_000218440
SMPDB_PHOSPHATIDYLETHANOLAMINE_BIOSYNTHESIS_PE_14_0_20_3_8Z_11Z_14Z	Choline	Choline	-	SMP15072	C00114	HMDB0000097	RAMP_C_000000065
SMPDB_PHOSPHATIDYLETHANOLAMINE_BIOSYNTHESIS_PE_14_0_20_3_8Z_11Z_14Z	PE 34:3	PE 34:3	-	SMP15072		HMDB0008837	RAMP_C_000004833
SMPDB_PHOSPHATIDYLETHANOLAMINE_BIOSYNTHESIS_PE_14_0_20_3_8Z_11Z_14Z	Ser	Serine	-	SMP15072	C00065	HMDB0000187	RAMP_C_000218440
SMPDB_PHOSPHATIDYLETHANOLAMINE_BIOSYNTHESIS_PE_14_0_20_4_5Z_8Z_11Z_14Z	Choline	Choline	-	SMP15073	C00114	HMDB0000097	RAMP_C_000000065
SMPDB_PHOSPHATIDYLETHANOLAMINE_BIOSYNTHESIS_PE_14_0_20_4_5Z_8Z_11Z_14Z	PC 32:0	PC 32:0	-	SMP15073	C00157	HMDB0000564	RAMP_C_000003881
SMPDB_PHOSPHATIDYLETHANOLAMINE_BIOSYNTHESIS_PE_14_0_20_4_5Z_8Z_11Z_14Z	PC 34:4	PC 34:4	-	SMP15073	C00157	HMDB0000564	RAMP_C_000003881
SMPDB_PHOSPHATIDYLETHANOLAMINE_BIOSYNTHESIS_PE_14_0_20_4_5Z_8Z_11Z_14Z	PE 34:4	PE 34:4	-	SMP15073		HMDB0008838	RAMP_C_000004834
SMPDB_PHOSPHATIDYLETHANOLAMINE_BIOSYNTHESIS_PE_14_0_20_4_5Z_8Z_11Z_14Z	Ser	Serine	-	SMP15073	C00065	HMDB0000187	RAMP_C_000218440
SMPDB_PHOSPHATIDYLETHANOLAMINE_BIOSYNTHESIS_PE_14_0_22_1_13Z	Choline	Choline	-	SMP15077	C00114	HMDB0000097	RAMP_C_000000065
SMPDB_PHOSPHATIDYLETHANOLAMINE_BIOSYNTHESIS_PE_14_0_22_1_13Z	PC 36:1	PC 36:1	-	SMP15077		HMDB0007887	RAMP_C_000003885
SMPDB_PHOSPHATIDYLETHANOLAMINE_BIOSYNTHESIS_PE_14_0_22_1_13Z	Ser	Serine	-	SMP15077	C00065	HMDB0000187	RAMP_C_000218440
SMPDB_PHOSPHATIDYLETHANOLAMINE_BIOSYNTHESIS_PE_14_0_22_4_7Z_10Z_13Z_16Z	Choline	Choline	-	SMP15079	C00114	HMDB0000097	RAMP_C_000000065
SMPDB_PHOSPHATIDYLETHANOLAMINE_BIOSYNTHESIS_PE_14_0_22_4_7Z_10Z_13Z_16Z	PC 36:4	PC 36:4	-	SMP15079		HMDB0007889	RAMP_C_000003887
SMPDB_PHOSPHATIDYLETHANOLAMINE_BIOSYNTHESIS_PE_14_0_22_4_7Z_10Z_13Z_16Z	Ser	Serine	-	SMP15079	C00065	HMDB0000187	RAMP_C_000218440
SMPDB_PHOSPHATIDYLETHANOLAMINE_BIOSYNTHESIS_PE_14_0_22_6_4Z_7Z_10Z_13Z_16Z_19Z	Choline	Choline	-	SMP15082	C00114	HMDB0000097	RAMP_C_000000065
SMPDB_PHOSPHATIDYLETHANOLAMINE_BIOSYNTHESIS_PE_14_0_22_6_4Z_7Z_10Z_13Z_16Z_19Z	PC 36:6	PC 36:6	-	SMP15082		HMDB0007892	RAMP_C_000003890
SMPDB_PHOSPHATIDYLETHANOLAMINE_BIOSYNTHESIS_PE_14_0_22_6_4Z_7Z_10Z_13Z_16Z_19Z	PE 36:6	PE 36:6	-	SMP15082		HMDB0008847	RAMP_C_000004843
SMPDB_PHOSPHATIDYLETHANOLAMINE_BIOSYNTHESIS_PE_14_0_22_6_4Z_7Z_10Z_13Z_16Z_19Z	Ser	Serine	-	SMP15082	C00065	HMDB0000187	RAMP_C_000218440
SMPDB_PHOSPHATIDYLETHANOLAMINE_BIOSYNTHESIS_PE_14_0_24_0	Choline	Choline	-	SMP15083	C00114	HMDB0000097	RAMP_C_000000065
SMPDB_PHOSPHATIDYLETHANOLAMINE_BIOSYNTHESIS_PE_14_0_24_0	PC 38:0	PC 38:0	-	SMP15083		HMDB0007893	RAMP_C_000003891
SMPDB_PHOSPHATIDYLETHANOLAMINE_BIOSYNTHESIS_PE_14_0_24_0	Ser	Serine	-	SMP15083	C00065	HMDB0000187	RAMP_C_000218440
SMPDB_PHOSPHATIDYLETHANOLAMINE_BIOSYNTHESIS_PE_14_1_9Z_18_1_11Z	Choline	Choline	-	SMP15091	C00114	HMDB0000097	RAMP_C_000000065
SMPDB_PHOSPHATIDYLETHANOLAMINE_BIOSYNTHESIS_PE_14_1_9Z_18_1_11Z	DG 14:1_18:1	DG 14:1_18:1	-	SMP15091		HMDB0007043	RAMP_C_000003043
SMPDB_PHOSPHATIDYLETHANOLAMINE_BIOSYNTHESIS_PE_14_1_9Z_18_1_11Z	Ser	Serine	-	SMP15091	C00065	HMDB0000187	RAMP_C_000218440
SMPDB_PHOSPHATIDYLETHANOLAMINE_BIOSYNTHESIS_PE_14_1_9Z_20_2_11Z_14Z	Choline	Choline	-	SMP15099	C00114	HMDB0000097	RAMP_C_000000065
SMPDB_PHOSPHATIDYLETHANOLAMINE_BIOSYNTHESIS_PE_14_1_9Z_20_2_11Z_14Z	DG 14:1_20:2	DG 14:1_20:2	-	SMP15099		HMDB0007051	RAMP_C_000003051
SMPDB_PHOSPHATIDYLETHANOLAMINE_BIOSYNTHESIS_PE_14_1_9Z_20_2_11Z_14Z	Ser	Serine	-	SMP15099	C00065	HMDB0000187	RAMP_C_000218440
SMPDB_PHOSPHATIDYLETHANOLAMINE_BIOSYNTHESIS_PE_14_1_9Z_22_0	Choline	Choline	-	SMP15105	C00114	HMDB0000097	RAMP_C_000000065
SMPDB_PHOSPHATIDYLETHANOLAMINE_BIOSYNTHESIS_PE_14_1_9Z_22_0	PE 36:1	PE 36:1	-	SMP15105		HMDB0008874	RAMP_C_000004870
SMPDB_PHOSPHATIDYLETHANOLAMINE_BIOSYNTHESIS_PE_14_1_9Z_22_0	Ser	Serine	-	SMP15105	C00065	HMDB0000187	RAMP_C_000218440
SMPDB_PHOSPHATIDYLETHANOLAMINE_BIOSYNTHESIS_PE_14_1_9Z_22_2_13Z_16Z	Choline	Choline	-	SMP15107	C00114	HMDB0000097	RAMP_C_000000065
SMPDB_PHOSPHATIDYLETHANOLAMINE_BIOSYNTHESIS_PE_14_1_9Z_22_2_13Z_16Z	PC 36:3	PC 36:3	-	SMP15107		HMDB0007921	RAMP_C_000003919
SMPDB_PHOSPHATIDYLETHANOLAMINE_BIOSYNTHESIS_PE_14_1_9Z_22_2_13Z_16Z	PE 36:3	PE 36:3	-	SMP15107		HMDB0008876	RAMP_C_000004872
SMPDB_PHOSPHATIDYLETHANOLAMINE_BIOSYNTHESIS_PE_14_1_9Z_22_2_13Z_16Z	Ser	Serine	-	SMP15107	C00065	HMDB0000187	RAMP_C_000218440
SMPDB_PHOSPHATIDYLETHANOLAMINE_BIOSYNTHESIS_PE_14_1_9Z_22_4_7Z_10Z_13Z_16Z	Choline	Choline	-	SMP15108	C00114	HMDB0000097	RAMP_C_000000065
SMPDB_PHOSPHATIDYLETHANOLAMINE_BIOSYNTHESIS_PE_14_1_9Z_22_4_7Z_10Z_13Z_16Z	PE 36:5	PE 36:5	-	SMP15108		HMDB0008877	RAMP_C_000004873
SMPDB_PHOSPHATIDYLETHANOLAMINE_BIOSYNTHESIS_PE_14_1_9Z_22_4_7Z_10Z_13Z_16Z	Ser	Serine	-	SMP15108	C00065	HMDB0000187	RAMP_C_000218440
SMPDB_PHOSPHATIDYLETHANOLAMINE_BIOSYNTHESIS_PE_15_0_15_0	Choline	Choline	-	SMP15116	C00114	HMDB0000097	RAMP_C_000000065
SMPDB_PHOSPHATIDYLETHANOLAMINE_BIOSYNTHESIS_PE_15_0_15_0	PS 30:0	PS 30:0	-	SMP15116		HMDB0112280	RAMP_C_000091455
SMPDB_PHOSPHATIDYLETHANOLAMINE_BIOSYNTHESIS_PE_15_0_15_0	Ser	Serine	-	SMP15116	C00065	HMDB0000187	RAMP_C_000218440
SMPDB_PHOSPHATIDYLETHANOLAMINE_BIOSYNTHESIS_PE_15_0_16_0	Choline	Choline	-	SMP15117	C00114	HMDB0000097	RAMP_C_000000065
SMPDB_PHOSPHATIDYLETHANOLAMINE_BIOSYNTHESIS_PE_15_0_16_0	PE 31:0	PE 31:0	-	SMP15117		HMDB0008890	RAMP_C_000004886
SMPDB_PHOSPHATIDYLETHANOLAMINE_BIOSYNTHESIS_PE_15_0_16_0	Ser	Serine	-	SMP15117	C00065	HMDB0000187	RAMP_C_000218440
SMPDB_PHOSPHATIDYLETHANOLAMINE_BIOSYNTHESIS_PE_15_0_18_1_9Z	Choline	Choline	-	SMP15121	C00114	HMDB0000097	RAMP_C_000000065
SMPDB_PHOSPHATIDYLETHANOLAMINE_BIOSYNTHESIS_PE_15_0_18_1_9Z	PE 33:1	PE 33:1	-	SMP15121		HMDB0008894	RAMP_C_000004890
SMPDB_PHOSPHATIDYLETHANOLAMINE_BIOSYNTHESIS_PE_15_0_18_1_9Z	Ser	Serine	-	SMP15121	C00065	HMDB0000187	RAMP_C_000218440
SMPDB_PHOSPHATIDYLETHANOLAMINE_BIOSYNTHESIS_PE_15_0_18_2_9Z_12Z	Choline	Choline	-	SMP15122	C00114	HMDB0000097	RAMP_C_000000065
SMPDB_PHOSPHATIDYLETHANOLAMINE_BIOSYNTHESIS_PE_15_0_18_2_9Z_12Z	PE 33:2	PE 33:2	-	SMP15122		HMDB0008895	RAMP_C_000004891
SMPDB_PHOSPHATIDYLETHANOLAMINE_BIOSYNTHESIS_PE_15_0_18_2_9Z_12Z	Ser	Serine	-	SMP15122	C00065	HMDB0000187	RAMP_C_000218440
SMPDB_PHOSPHATIDYLETHANOLAMINE_BIOSYNTHESIS_PE_15_0_20_1_11Z	Choline	Choline	-	SMP15127	C00114	HMDB0000097	RAMP_C_000000065
SMPDB_PHOSPHATIDYLETHANOLAMINE_BIOSYNTHESIS_PE_15_0_20_1_11Z	PE 35:1	PE 35:1	-	SMP15127		HMDB0008900	RAMP_C_000004896
SMPDB_PHOSPHATIDYLETHANOLAMINE_BIOSYNTHESIS_PE_15_0_20_1_11Z	Ser	Serine	-	SMP15127	C00065	HMDB0000187	RAMP_C_000218440
SMPDB_PHOSPHATIDYLETHANOLAMINE_BIOSYNTHESIS_PE_15_0_20_2_11Z_14Z	Choline	Choline	-	SMP15128	C00114	HMDB0000097	RAMP_C_000000065
SMPDB_PHOSPHATIDYLETHANOLAMINE_BIOSYNTHESIS_PE_15_0_20_2_11Z_14Z	PE 35:2	PE 35:2	-	SMP15128		HMDB0008901	RAMP_C_000004897
SMPDB_PHOSPHATIDYLETHANOLAMINE_BIOSYNTHESIS_PE_15_0_20_2_11Z_14Z	Ser	Serine	-	SMP15128	C00065	HMDB0000187	RAMP_C_000218440
SMPDB_PHOSPHATIDYLETHANOLAMINE_BIOSYNTHESIS_PE_15_0_20_3_8Z_11Z_14Z	Choline	Choline	-	SMP15130	C00114	HMDB0000097	RAMP_C_000000065
SMPDB_PHOSPHATIDYLETHANOLAMINE_BIOSYNTHESIS_PE_15_0_20_3_8Z_11Z_14Z	PE 35:3	PE 35:3	-	SMP15130		HMDB0008903	RAMP_C_000004899
SMPDB_PHOSPHATIDYLETHANOLAMINE_BIOSYNTHESIS_PE_15_0_20_3_8Z_11Z_14Z	Ser	Serine	-	SMP15130	C00065	HMDB0000187	RAMP_C_000218440
SMPDB_PHOSPHATIDYLETHANOLAMINE_BIOSYNTHESIS_PE_16_0_16_0	Choline	Choline	-	SMP15146	C00114	HMDB0000097	RAMP_C_000000065
SMPDB_PHOSPHATIDYLETHANOLAMINE_BIOSYNTHESIS_PE_16_0_16_0	DG 16:0_16:0	DG 16:0_16:0	-	SMP15146	C00165	HMDB0007098	RAMP_C_000219428
SMPDB_PHOSPHATIDYLETHANOLAMINE_BIOSYNTHESIS_PE_16_0_16_0	PC 32:0	PC 32:0	-	SMP15146	C00157	HMDB0000564	RAMP_C_000003881
SMPDB_PHOSPHATIDYLETHANOLAMINE_BIOSYNTHESIS_PE_16_0_16_0	PC 34:4	PC 34:4	-	SMP15146	C00157	HMDB0000564	RAMP_C_000003881
SMPDB_PHOSPHATIDYLETHANOLAMINE_BIOSYNTHESIS_PE_16_0_16_0	PE 32:0	PE 32:0	-	SMP15146		HMDB0005317	RAMP_C_000161983
SMPDB_PHOSPHATIDYLETHANOLAMINE_BIOSYNTHESIS_PE_16_0_16_0	PS 32:0	PS 32:0	-	SMP15146	C02737	HMDB0000614	RAMP_C_000217830
SMPDB_PHOSPHATIDYLETHANOLAMINE_BIOSYNTHESIS_PE_16_0_16_0	Ser	Serine	-	SMP15146	C00065	HMDB0000187	RAMP_C_000218440
SMPDB_PHOSPHATIDYLETHANOLAMINE_BIOSYNTHESIS_PE_16_0_16_1_9Z	Choline	Choline	-	SMP15147	C00114	HMDB0000097	RAMP_C_000000065
SMPDB_PHOSPHATIDYLETHANOLAMINE_BIOSYNTHESIS_PE_16_0_16_1_9Z	DG 16:0_16:1	DG 16:0_16:1	-	SMP15147		HMDB0007099	RAMP_C_000003099
SMPDB_PHOSPHATIDYLETHANOLAMINE_BIOSYNTHESIS_PE_16_0_16_1_9Z	Ser	Serine	-	SMP15147	C00065	HMDB0000187	RAMP_C_000218440
SMPDB_PHOSPHATIDYLETHANOLAMINE_BIOSYNTHESIS_PE_16_0_18_1_11Z	Choline	Choline	-	SMP15149	C00114	HMDB0000097	RAMP_C_000000065
SMPDB_PHOSPHATIDYLETHANOLAMINE_BIOSYNTHESIS_PE_16_0_18_1_11Z	PE 34:1	PE 34:1	-	SMP15149		HMDB0008926	RAMP_C_000004922
SMPDB_PHOSPHATIDYLETHANOLAMINE_BIOSYNTHESIS_PE_16_0_18_1_11Z	Ser	Serine	-	SMP15149	C00065	HMDB0000187	RAMP_C_000218440
SMPDB_PHOSPHATIDYLETHANOLAMINE_BIOSYNTHESIS_PE_16_0_18_1_9Z	Choline	Choline	-	SMP15150	C00114	HMDB0000097	RAMP_C_000000065
SMPDB_PHOSPHATIDYLETHANOLAMINE_BIOSYNTHESIS_PE_16_0_18_1_9Z	DG 16:0_18:1	DG 16:0_18:1	-	SMP15150	C13861	HMDB0007102	RAMP_C_000158340
SMPDB_PHOSPHATIDYLETHANOLAMINE_BIOSYNTHESIS_PE_16_0_18_1_9Z	PS 34:1	PS 34:1	-	SMP15150		HMDB0012357	RAMP_C_000007823
SMPDB_PHOSPHATIDYLETHANOLAMINE_BIOSYNTHESIS_PE_16_0_18_1_9Z	Ser	Serine	-	SMP15150	C00065	HMDB0000187	RAMP_C_000218440
SMPDB_PHOSPHATIDYLETHANOLAMINE_BIOSYNTHESIS_PE_16_0_18_2_9Z_12Z	Choline	Choline	-	SMP15151	C00114	HMDB0000097	RAMP_C_000000065
SMPDB_PHOSPHATIDYLETHANOLAMINE_BIOSYNTHESIS_PE_16_0_18_2_9Z_12Z	DG 16:0_18:2	DG 16:0_18:2	-	SMP15151		HMDB0007103	RAMP_C_000165503
SMPDB_PHOSPHATIDYLETHANOLAMINE_BIOSYNTHESIS_PE_16_0_18_2_9Z_12Z	PS 34:2	PS 34:2	-	SMP15151		HMDB0012358	RAMP_C_000007824
SMPDB_PHOSPHATIDYLETHANOLAMINE_BIOSYNTHESIS_PE_16_0_18_2_9Z_12Z	Ser	Serine	-	SMP15151	C00065	HMDB0000187	RAMP_C_000218440
SMPDB_PHOSPHATIDYLETHANOLAMINE_BIOSYNTHESIS_PE_16_0_20_0	Choline	Choline	-	SMP15155	C00114	HMDB0000097	RAMP_C_000000065
SMPDB_PHOSPHATIDYLETHANOLAMINE_BIOSYNTHESIS_PE_16_0_20_0	DG 16:0_20:0	DG 16:0_20:0	-	SMP15155		HMDB0007107	RAMP_C_000003107
SMPDB_PHOSPHATIDYLETHANOLAMINE_BIOSYNTHESIS_PE_16_0_20_0	Ser	Serine	-	SMP15155	C00065	HMDB0000187	RAMP_C_000218440
SMPDB_PHOSPHATIDYLETHANOLAMINE_BIOSYNTHESIS_PE_16_0_20_3_5Z_8Z_11Z	Choline	Choline	-	SMP15158	C00114	HMDB0000097	RAMP_C_000000065
SMPDB_PHOSPHATIDYLETHANOLAMINE_BIOSYNTHESIS_PE_16_0_20_3_5Z_8Z_11Z	DG 16:0_20:3	DG 16:0_20:3	-	SMP15158		HMDB0007110	RAMP_C_000003110
SMPDB_PHOSPHATIDYLETHANOLAMINE_BIOSYNTHESIS_PE_16_0_20_3_5Z_8Z_11Z	Ser	Serine	-	SMP15158	C00065	HMDB0000187	RAMP_C_000218440
SMPDB_PHOSPHATIDYLETHANOLAMINE_BIOSYNTHESIS_PE_16_0_20_3_8Z_11Z_14Z	Choline	Choline	-	SMP15159	C00114	HMDB0000097	RAMP_C_000000065
SMPDB_PHOSPHATIDYLETHANOLAMINE_BIOSYNTHESIS_PE_16_0_20_3_8Z_11Z_14Z	PS 36:3	PS 36:3	-	SMP15159		HMDB0012360	RAMP_C_000007826
SMPDB_PHOSPHATIDYLETHANOLAMINE_BIOSYNTHESIS_PE_16_0_20_3_8Z_11Z_14Z	Ser	Serine	-	SMP15159	C00065	HMDB0000187	RAMP_C_000218440
SMPDB_PHOSPHATIDYLETHANOLAMINE_BIOSYNTHESIS_PE_16_0_20_4_5Z_8Z_11Z_14Z	Choline	Choline	-	SMP15160	C00114	HMDB0000097	RAMP_C_000000065
SMPDB_PHOSPHATIDYLETHANOLAMINE_BIOSYNTHESIS_PE_16_0_20_4_5Z_8Z_11Z_14Z	DG 16:0_20:4	DG 16:0_20:4	-	SMP15160		HMDB0007112	RAMP_C_000003112
SMPDB_PHOSPHATIDYLETHANOLAMINE_BIOSYNTHESIS_PE_16_0_20_4_5Z_8Z_11Z_14Z	PE 36:4	PE 36:4	-	SMP15160		HMDB0005323	RAMP_C_000004933
SMPDB_PHOSPHATIDYLETHANOLAMINE_BIOSYNTHESIS_PE_16_0_20_4_5Z_8Z_11Z_14Z	PS 36:4	PS 36:4	-	SMP15160		HMDB0012361	RAMP_C_000007827
SMPDB_PHOSPHATIDYLETHANOLAMINE_BIOSYNTHESIS_PE_16_0_20_4_5Z_8Z_11Z_14Z	Ser	Serine	-	SMP15160	C00065	HMDB0000187	RAMP_C_000218440
SMPDB_PHOSPHATIDYLETHANOLAMINE_BIOSYNTHESIS_PE_16_0_22_0	Choline	Choline	-	SMP15163	C00114	HMDB0000097	RAMP_C_000000065
SMPDB_PHOSPHATIDYLETHANOLAMINE_BIOSYNTHESIS_PE_16_0_22_0	PE 38:0	PE 38:0	-	SMP15163		HMDB0008940	RAMP_C_000004936
SMPDB_PHOSPHATIDYLETHANOLAMINE_BIOSYNTHESIS_PE_16_0_22_0	Ser	Serine	-	SMP15163	C00065	HMDB0000187	RAMP_C_000218440
SMPDB_PHOSPHATIDYLETHANOLAMINE_BIOSYNTHESIS_PE_16_0_22_1_13Z	Choline	Choline	-	SMP15164	C00114	HMDB0000097	RAMP_C_000000065
SMPDB_PHOSPHATIDYLETHANOLAMINE_BIOSYNTHESIS_PE_16_0_22_1_13Z	PE 38:1	PE 38:1	-	SMP15164		HMDB0008941	RAMP_C_000004937
SMPDB_PHOSPHATIDYLETHANOLAMINE_BIOSYNTHESIS_PE_16_0_22_1_13Z	Ser	Serine	-	SMP15164	C00065	HMDB0000187	RAMP_C_000218440
SMPDB_PHOSPHATIDYLETHANOLAMINE_BIOSYNTHESIS_PE_16_0_22_2_13Z_16Z	Choline	Choline	-	SMP15165	C00114	HMDB0000097	RAMP_C_000000065
SMPDB_PHOSPHATIDYLETHANOLAMINE_BIOSYNTHESIS_PE_16_0_22_2_13Z_16Z	PE 38:2	PE 38:2	-	SMP15165		HMDB0008942	RAMP_C_000004938
SMPDB_PHOSPHATIDYLETHANOLAMINE_BIOSYNTHESIS_PE_16_0_22_2_13Z_16Z	Ser	Serine	-	SMP15165	C00065	HMDB0000187	RAMP_C_000218440
SMPDB_PHOSPHATIDYLETHANOLAMINE_BIOSYNTHESIS_PE_16_0_22_5_4Z_7Z_10Z_13Z_16Z	Choline	Choline	-	SMP15167	C00114	HMDB0000097	RAMP_C_000000065
SMPDB_PHOSPHATIDYLETHANOLAMINE_BIOSYNTHESIS_PE_16_0_22_5_4Z_7Z_10Z_13Z_16Z	PC 38:5	PC 38:5	-	SMP15167		HMDB0007989	RAMP_C_000003986
SMPDB_PHOSPHATIDYLETHANOLAMINE_BIOSYNTHESIS_PE_16_0_22_5_4Z_7Z_10Z_13Z_16Z	Ser	Serine	-	SMP15167	C00065	HMDB0000187	RAMP_C_000218440
SMPDB_PHOSPHATIDYLETHANOLAMINE_BIOSYNTHESIS_PE_16_0_22_6_4Z_7Z_10Z_13Z_16Z_19Z	Choline	Choline	-	SMP15169	C00114	HMDB0000097	RAMP_C_000000065
SMPDB_PHOSPHATIDYLETHANOLAMINE_BIOSYNTHESIS_PE_16_0_22_6_4Z_7Z_10Z_13Z_16Z_19Z	PC 38:6	PC 38:6	-	SMP15169		HMDB0007991	RAMP_C_000003988
SMPDB_PHOSPHATIDYLETHANOLAMINE_BIOSYNTHESIS_PE_16_0_22_6_4Z_7Z_10Z_13Z_16Z_19Z	PE 38:6	PE 38:6	-	SMP15169		HMDB0005324	RAMP_C_000004942
SMPDB_PHOSPHATIDYLETHANOLAMINE_BIOSYNTHESIS_PE_16_0_22_6_4Z_7Z_10Z_13Z_16Z_19Z	PS 38:6	PS 38:6	-	SMP15169		HMDB0012362	RAMP_C_000007828
SMPDB_PHOSPHATIDYLETHANOLAMINE_BIOSYNTHESIS_PE_16_0_22_6_4Z_7Z_10Z_13Z_16Z_19Z	Ser	Serine	-	SMP15169	C00065	HMDB0000187	RAMP_C_000218440
SMPDB_PHOSPHATIDYLETHANOLAMINE_BIOSYNTHESIS_PE_16_0_24_1_15Z	Choline	Choline	-	SMP15171	C00114	HMDB0000097	RAMP_C_000000065
SMPDB_PHOSPHATIDYLETHANOLAMINE_BIOSYNTHESIS_PE_16_0_24_1_15Z	PC 40:1	PC 40:1	-	SMP15171		HMDB0007993	RAMP_C_000003990
SMPDB_PHOSPHATIDYLETHANOLAMINE_BIOSYNTHESIS_PE_16_0_24_1_15Z	Ser	Serine	-	SMP15171	C00065	HMDB0000187	RAMP_C_000218440
SMPDB_PHOSPHATIDYLETHANOLAMINE_BIOSYNTHESIS_PE_16_1_9Z_16_0	Choline	Choline	-	SMP15175	C00114	HMDB0000097	RAMP_C_000000065
SMPDB_PHOSPHATIDYLETHANOLAMINE_BIOSYNTHESIS_PE_16_1_9Z_16_0	PE 32:1	PE 32:1	-	SMP15175		HMDB0008956	RAMP_C_000004952
SMPDB_PHOSPHATIDYLETHANOLAMINE_BIOSYNTHESIS_PE_16_1_9Z_16_0	Ser	Serine	-	SMP15175	C00065	HMDB0000187	RAMP_C_000218440
SMPDB_PHOSPHATIDYLETHANOLAMINE_BIOSYNTHESIS_PE_16_1_9Z_18_0	Choline	Choline	-	SMP30235	C00114	HMDB0000097	RAMP_C_000000065
SMPDB_PHOSPHATIDYLETHANOLAMINE_BIOSYNTHESIS_PE_16_1_9Z_18_0	DG 16:1_18:0	DG 16:1_18:0	-	SMP30235		HMDB0007129	RAMP_C_000003129
SMPDB_PHOSPHATIDYLETHANOLAMINE_BIOSYNTHESIS_PE_16_1_9Z_18_0	Ser	Serine	-	SMP30235	C00065	HMDB0000187	RAMP_C_000218440
SMPDB_PHOSPHATIDYLETHANOLAMINE_BIOSYNTHESIS_PE_16_1_9Z_18_1_11Z	Choline	Choline	-	SMP15177	C00114	HMDB0000097	RAMP_C_000000065
SMPDB_PHOSPHATIDYLETHANOLAMINE_BIOSYNTHESIS_PE_16_1_9Z_18_1_11Z	DG 16:1_18:1	DG 16:1_18:1	-	SMP15177		HMDB0007130	RAMP_C_000003130
SMPDB_PHOSPHATIDYLETHANOLAMINE_BIOSYNTHESIS_PE_16_1_9Z_18_1_11Z	Ser	Serine	-	SMP15177	C00065	HMDB0000187	RAMP_C_000218440
SMPDB_PHOSPHATIDYLETHANOLAMINE_BIOSYNTHESIS_PE_16_1_9Z_18_2_9Z_12Z	Choline	Choline	-	SMP15179	C00114	HMDB0000097	RAMP_C_000000065
SMPDB_PHOSPHATIDYLETHANOLAMINE_BIOSYNTHESIS_PE_16_1_9Z_18_2_9Z_12Z	DG 16:1_18:2	DG 16:1_18:2	-	SMP15179		HMDB0007132	RAMP_C_000003132
SMPDB_PHOSPHATIDYLETHANOLAMINE_BIOSYNTHESIS_PE_16_1_9Z_18_2_9Z_12Z	Ser	Serine	-	SMP15179	C00065	HMDB0000187	RAMP_C_000218440
SMPDB_PHOSPHATIDYLETHANOLAMINE_BIOSYNTHESIS_PE_16_1_9Z_20_0	Choline	Choline	-	SMP15183	C00114	HMDB0000097	RAMP_C_000000065
SMPDB_PHOSPHATIDYLETHANOLAMINE_BIOSYNTHESIS_PE_16_1_9Z_20_0	DG 16:1_20:0	DG 16:1_20:0	-	SMP15183		HMDB0007136	RAMP_C_000003136
SMPDB_PHOSPHATIDYLETHANOLAMINE_BIOSYNTHESIS_PE_16_1_9Z_20_0	Ser	Serine	-	SMP15183	C00065	HMDB0000187	RAMP_C_000218440
SMPDB_PHOSPHATIDYLETHANOLAMINE_BIOSYNTHESIS_PE_16_1_9Z_20_4_5Z_8Z_11Z_14Z	Choline	Choline	-	SMP15188	C00114	HMDB0000097	RAMP_C_000000065
SMPDB_PHOSPHATIDYLETHANOLAMINE_BIOSYNTHESIS_PE_16_1_9Z_20_4_5Z_8Z_11Z_14Z	PS 36:5	PS 36:5	-	SMP15188		HMDB0012372	RAMP_C_000007838
SMPDB_PHOSPHATIDYLETHANOLAMINE_BIOSYNTHESIS_PE_16_1_9Z_20_4_5Z_8Z_11Z_14Z	Ser	Serine	-	SMP15188	C00065	HMDB0000187	RAMP_C_000218440
SMPDB_PHOSPHATIDYLETHANOLAMINE_BIOSYNTHESIS_PE_16_1_9Z_22_2_13Z_16Z	Choline	Choline	-	SMP15193	C00114	HMDB0000097	RAMP_C_000000065
SMPDB_PHOSPHATIDYLETHANOLAMINE_BIOSYNTHESIS_PE_16_1_9Z_22_2_13Z_16Z	PC 38:3	PC 38:3	-	SMP15193		HMDB0008020	RAMP_C_000004017
SMPDB_PHOSPHATIDYLETHANOLAMINE_BIOSYNTHESIS_PE_16_1_9Z_22_2_13Z_16Z	Ser	Serine	-	SMP15193	C00065	HMDB0000187	RAMP_C_000218440
SMPDB_PHOSPHATIDYLETHANOLAMINE_BIOSYNTHESIS_PE_16_1_9Z_22_4_7Z_10Z_13Z_16Z	Choline	Choline	-	SMP15194	C00114	HMDB0000097	RAMP_C_000000065
SMPDB_PHOSPHATIDYLETHANOLAMINE_BIOSYNTHESIS_PE_16_1_9Z_22_4_7Z_10Z_13Z_16Z	PE 38:5	PE 38:5	-	SMP15194		HMDB0008976	RAMP_C_000004972
SMPDB_PHOSPHATIDYLETHANOLAMINE_BIOSYNTHESIS_PE_16_1_9Z_22_4_7Z_10Z_13Z_16Z	Ser	Serine	-	SMP15194	C00065	HMDB0000187	RAMP_C_000218440
SMPDB_PHOSPHATIDYLETHANOLAMINE_BIOSYNTHESIS_PE_16_1_9Z_22_6_4Z_7Z_10Z_13Z_16Z_19Z	Choline	Choline	-	SMP15197	C00114	HMDB0000097	RAMP_C_000000065
SMPDB_PHOSPHATIDYLETHANOLAMINE_BIOSYNTHESIS_PE_16_1_9Z_22_6_4Z_7Z_10Z_13Z_16Z_19Z	PE 38:7	PE 38:7	-	SMP15197		HMDB0008979	RAMP_C_000004975
SMPDB_PHOSPHATIDYLETHANOLAMINE_BIOSYNTHESIS_PE_16_1_9Z_22_6_4Z_7Z_10Z_13Z_16Z_19Z	PS 38:7	PS 38:7	-	SMP15197		HMDB0012373	RAMP_C_000007839
SMPDB_PHOSPHATIDYLETHANOLAMINE_BIOSYNTHESIS_PE_16_1_9Z_22_6_4Z_7Z_10Z_13Z_16Z_19Z	Ser	Serine	-	SMP15197	C00065	HMDB0000187	RAMP_C_000218440
SMPDB_PHOSPHATIDYLETHANOLAMINE_BIOSYNTHESIS_PE_16_1_9Z_24_1_15Z	Choline	Choline	-	SMP15199	C00114	HMDB0000097	RAMP_C_000000065
SMPDB_PHOSPHATIDYLETHANOLAMINE_BIOSYNTHESIS_PE_16_1_9Z_24_1_15Z	PC 40:2	PC 40:2	-	SMP15199		HMDB0008026	RAMP_C_000004023
SMPDB_PHOSPHATIDYLETHANOLAMINE_BIOSYNTHESIS_PE_16_1_9Z_24_1_15Z	Ser	Serine	-	SMP15199	C00065	HMDB0000187	RAMP_C_000218440
SMPDB_PHOSPHATIDYLETHANOLAMINE_BIOSYNTHESIS_PE_18_0_15_0	Choline	Choline	-	SMP15202	C00114	HMDB0000097	RAMP_C_000000065
SMPDB_PHOSPHATIDYLETHANOLAMINE_BIOSYNTHESIS_PE_18_0_15_0	PE 33:0	PE 33:0	-	SMP15202		HMDB0008988	RAMP_C_000004984
SMPDB_PHOSPHATIDYLETHANOLAMINE_BIOSYNTHESIS_PE_18_0_15_0	Ser	Serine	-	SMP15202	C00065	HMDB0000187	RAMP_C_000218440
SMPDB_PHOSPHATIDYLETHANOLAMINE_BIOSYNTHESIS_PE_18_0_18_0	Choline	Choline	-	SMP15205	C00114	HMDB0000097	RAMP_C_000000065
SMPDB_PHOSPHATIDYLETHANOLAMINE_BIOSYNTHESIS_PE_18_0_18_0	PC 36:0	PC 36:0	-	SMP15205		HMDB0008036	RAMP_C_000159318
SMPDB_PHOSPHATIDYLETHANOLAMINE_BIOSYNTHESIS_PE_18_0_18_0	PE 36:0	PE 36:0	-	SMP15205		HMDB0005327	RAMP_C_000040449
SMPDB_PHOSPHATIDYLETHANOLAMINE_BIOSYNTHESIS_PE_18_0_18_0	Ser	Serine	-	SMP15205	C00065	HMDB0000187	RAMP_C_000218440
SMPDB_PHOSPHATIDYLETHANOLAMINE_BIOSYNTHESIS_PE_18_0_18_1_9Z	Choline	Choline	-	SMP15207	C00114	HMDB0000097	RAMP_C_000000065
SMPDB_PHOSPHATIDYLETHANOLAMINE_BIOSYNTHESIS_PE_18_0_18_1_9Z	PS 36:1	PS 36:1	-	SMP15207		HMDB0010163	RAMP_C_000006152
SMPDB_PHOSPHATIDYLETHANOLAMINE_BIOSYNTHESIS_PE_18_0_18_1_9Z	Ser	Serine	-	SMP15207	C00065	HMDB0000187	RAMP_C_000218440
SMPDB_PHOSPHATIDYLETHANOLAMINE_BIOSYNTHESIS_PE_18_0_18_2_9Z_12Z	Choline	Choline	-	SMP15208	C00114	HMDB0000097	RAMP_C_000000065
SMPDB_PHOSPHATIDYLETHANOLAMINE_BIOSYNTHESIS_PE_18_0_18_2_9Z_12Z	PS 36:2	PS 36:2	-	SMP15208		HMDB0012380	RAMP_C_000007845
SMPDB_PHOSPHATIDYLETHANOLAMINE_BIOSYNTHESIS_PE_18_0_18_2_9Z_12Z	Ser	Serine	-	SMP15208	C00065	HMDB0000187	RAMP_C_000218440
SMPDB_PHOSPHATIDYLETHANOLAMINE_BIOSYNTHESIS_PE_18_0_20_4_5Z_8Z_11Z_14Z	Choline	Choline	-	SMP15217	C00114	HMDB0000097	RAMP_C_000000065
SMPDB_PHOSPHATIDYLETHANOLAMINE_BIOSYNTHESIS_PE_18_0_20_4_5Z_8Z_11Z_14Z	DG 18:0_20:4	DG 18:0_20:4	-	SMP15217		HMDB0007170	RAMP_C_000003170
SMPDB_PHOSPHATIDYLETHANOLAMINE_BIOSYNTHESIS_PE_18_0_20_4_5Z_8Z_11Z_14Z	PC 38:4	PC 38:4	-	SMP15217		HMDB0008048	RAMP_C_000004045
SMPDB_PHOSPHATIDYLETHANOLAMINE_BIOSYNTHESIS_PE_18_0_20_4_5Z_8Z_11Z_14Z	PE 38:4	PE 38:4	-	SMP15217		HMDB0005333	RAMP_C_000004999
SMPDB_PHOSPHATIDYLETHANOLAMINE_BIOSYNTHESIS_PE_18_0_20_4_5Z_8Z_11Z_14Z	PS 38:4	PS 38:4	-	SMP15217		HMDB0012383	RAMP_C_000007848
SMPDB_PHOSPHATIDYLETHANOLAMINE_BIOSYNTHESIS_PE_18_0_20_4_5Z_8Z_11Z_14Z	Ser	Serine	-	SMP15217	C00065	HMDB0000187	RAMP_C_000218440
SMPDB_PHOSPHATIDYLETHANOLAMINE_BIOSYNTHESIS_PE_18_0_22_1_13Z	Choline	Choline	-	SMP15221	C00114	HMDB0000097	RAMP_C_000000065
SMPDB_PHOSPHATIDYLETHANOLAMINE_BIOSYNTHESIS_PE_18_0_22_1_13Z	PE 40:1	PE 40:1	-	SMP15221		HMDB0009007	RAMP_C_000005003
SMPDB_PHOSPHATIDYLETHANOLAMINE_BIOSYNTHESIS_PE_18_0_22_1_13Z	Ser	Serine	-	SMP15221	C00065	HMDB0000187	RAMP_C_000218440
SMPDB_PHOSPHATIDYLETHANOLAMINE_BIOSYNTHESIS_PE_18_0_22_4_7Z_10Z_13Z_16Z	Choline	Choline	-	SMP15223	C00114	HMDB0000097	RAMP_C_000000065
SMPDB_PHOSPHATIDYLETHANOLAMINE_BIOSYNTHESIS_PE_18_0_22_4_7Z_10Z_13Z_16Z	PC 40:4	PC 40:4	-	SMP15223		HMDB0008054	RAMP_C_000004051
SMPDB_PHOSPHATIDYLETHANOLAMINE_BIOSYNTHESIS_PE_18_0_22_4_7Z_10Z_13Z_16Z	PE 40:4	PE 40:4	-	SMP15223		HMDB0009009	RAMP_C_000005005
SMPDB_PHOSPHATIDYLETHANOLAMINE_BIOSYNTHESIS_PE_18_0_22_4_7Z_10Z_13Z_16Z	PS 40:4	PS 40:4	-	SMP15223		HMDB0112382	RAMP_C_000091557
SMPDB_PHOSPHATIDYLETHANOLAMINE_BIOSYNTHESIS_PE_18_0_22_4_7Z_10Z_13Z_16Z	Ser	Serine	-	SMP15223	C00065	HMDB0000187	RAMP_C_000218440
SMPDB_PHOSPHATIDYLETHANOLAMINE_BIOSYNTHESIS_PE_18_0_22_5_4Z_7Z_10Z_13Z_16Z	Choline	Choline	-	SMP15224	C00114	HMDB0000097	RAMP_C_000000065
SMPDB_PHOSPHATIDYLETHANOLAMINE_BIOSYNTHESIS_PE_18_0_22_5_4Z_7Z_10Z_13Z_16Z	PC 40:5	PC 40:5	-	SMP15224		HMDB0008055	RAMP_C_000004052
SMPDB_PHOSPHATIDYLETHANOLAMINE_BIOSYNTHESIS_PE_18_0_22_5_4Z_7Z_10Z_13Z_16Z	Ser	Serine	-	SMP15224	C00065	HMDB0000187	RAMP_C_000218440
SMPDB_PHOSPHATIDYLETHANOLAMINE_BIOSYNTHESIS_PE_18_0_22_6_4Z_7Z_10Z_13Z_16Z_19Z	Choline	Choline	-	SMP15226	C00114	HMDB0000097	RAMP_C_000000065
SMPDB_PHOSPHATIDYLETHANOLAMINE_BIOSYNTHESIS_PE_18_0_22_6_4Z_7Z_10Z_13Z_16Z_19Z	PC 40:6	PC 40:6	-	SMP15226		HMDB0008057	RAMP_C_000004054
SMPDB_PHOSPHATIDYLETHANOLAMINE_BIOSYNTHESIS_PE_18_0_22_6_4Z_7Z_10Z_13Z_16Z_19Z	PE 40:6	PE 40:6	-	SMP15226		HMDB0005334	RAMP_C_000005008
SMPDB_PHOSPHATIDYLETHANOLAMINE_BIOSYNTHESIS_PE_18_0_22_6_4Z_7Z_10Z_13Z_16Z_19Z	PS 40:6	PS 40:6	-	SMP15226		HMDB0010167	RAMP_C_000006156
SMPDB_PHOSPHATIDYLETHANOLAMINE_BIOSYNTHESIS_PE_18_0_22_6_4Z_7Z_10Z_13Z_16Z_19Z	Ser	Serine	-	SMP15226	C00065	HMDB0000187	RAMP_C_000218440
SMPDB_PHOSPHATIDYLETHANOLAMINE_BIOSYNTHESIS_PE_18_0_24_0	Choline	Choline	-	SMP15227	C00114	HMDB0000097	RAMP_C_000000065
SMPDB_PHOSPHATIDYLETHANOLAMINE_BIOSYNTHESIS_PE_18_0_24_0	PC 42:0	PC 42:0	-	SMP15227		HMDB0008058	RAMP_C_000004055
SMPDB_PHOSPHATIDYLETHANOLAMINE_BIOSYNTHESIS_PE_18_0_24_0	Ser	Serine	-	SMP15227	C00065	HMDB0000187	RAMP_C_000218440
SMPDB_PHOSPHATIDYLETHANOLAMINE_BIOSYNTHESIS_PE_18_0_24_1_15Z	Choline	Choline	-	SMP15228	C00114	HMDB0000097	RAMP_C_000000065
SMPDB_PHOSPHATIDYLETHANOLAMINE_BIOSYNTHESIS_PE_18_0_24_1_15Z	PC 42:1	PC 42:1	-	SMP15228		HMDB0008059	RAMP_C_000004056
SMPDB_PHOSPHATIDYLETHANOLAMINE_BIOSYNTHESIS_PE_18_0_24_1_15Z	Ser	Serine	-	SMP15228	C00065	HMDB0000187	RAMP_C_000218440
SMPDB_PHOSPHATIDYLETHANOLAMINE_BIOSYNTHESIS_PE_18_1_11Z_18_1_11Z	Choline	Choline	-	SMP15235	C00114	HMDB0000097	RAMP_C_000000065
SMPDB_PHOSPHATIDYLETHANOLAMINE_BIOSYNTHESIS_PE_18_1_11Z_18_1_11Z	DG 18:1_18:1	DG 18:1_18:1	-	SMP15235		HMDB0007188	RAMP_C_000003188
SMPDB_PHOSPHATIDYLETHANOLAMINE_BIOSYNTHESIS_PE_18_1_11Z_18_1_11Z	Ser	Serine	-	SMP15235	C00065	HMDB0000187	RAMP_C_000218440
SMPDB_PHOSPHATIDYLETHANOLAMINE_BIOSYNTHESIS_PE_18_1_11Z_18_2_9Z_12Z	Choline	Choline	-	SMP15237	C00114	HMDB0000097	RAMP_C_000000065
SMPDB_PHOSPHATIDYLETHANOLAMINE_BIOSYNTHESIS_PE_18_1_11Z_18_2_9Z_12Z	DG 18:1_18:2	DG 18:1_18:2	-	SMP15237		HMDB0007190	RAMP_C_000003190
SMPDB_PHOSPHATIDYLETHANOLAMINE_BIOSYNTHESIS_PE_18_1_11Z_18_2_9Z_12Z	Ser	Serine	-	SMP15237	C00065	HMDB0000187	RAMP_C_000218440
SMPDB_PHOSPHATIDYLETHANOLAMINE_BIOSYNTHESIS_PE_18_1_11Z_18_3_6Z_9Z_12Z	Choline	Choline	-	SMP15238	C00114	HMDB0000097	RAMP_C_000000065
SMPDB_PHOSPHATIDYLETHANOLAMINE_BIOSYNTHESIS_PE_18_1_11Z_18_3_6Z_9Z_12Z	DG 18:1_18:3	DG 18:1_18:3	-	SMP15238		HMDB0007191	RAMP_C_000003191
SMPDB_PHOSPHATIDYLETHANOLAMINE_BIOSYNTHESIS_PE_18_1_11Z_18_3_6Z_9Z_12Z	Ser	Serine	-	SMP15238	C00065	HMDB0000187	RAMP_C_000218440
SMPDB_PHOSPHATIDYLETHANOLAMINE_BIOSYNTHESIS_PE_18_1_11Z_18_4_6Z_9Z_12Z_15Z	Choline	Choline	-	SMP15240	C00114	HMDB0000097	RAMP_C_000000065
SMPDB_PHOSPHATIDYLETHANOLAMINE_BIOSYNTHESIS_PE_18_1_11Z_18_4_6Z_9Z_12Z_15Z	DG 18:1_18:4	DG 18:1_18:4	-	SMP15240		HMDB0007193	RAMP_C_000003193
SMPDB_PHOSPHATIDYLETHANOLAMINE_BIOSYNTHESIS_PE_18_1_11Z_18_4_6Z_9Z_12Z_15Z	Ser	Serine	-	SMP15240	C00065	HMDB0000187	RAMP_C_000218440
SMPDB_PHOSPHATIDYLETHANOLAMINE_BIOSYNTHESIS_PE_18_1_11Z_20_1_11Z	Choline	Choline	-	SMP15242	C00114	HMDB0000097	RAMP_C_000000065
SMPDB_PHOSPHATIDYLETHANOLAMINE_BIOSYNTHESIS_PE_18_1_11Z_20_1_11Z	DG 18:1_20:1	DG 18:1_20:1	-	SMP15242		HMDB0007195	RAMP_C_000003195
SMPDB_PHOSPHATIDYLETHANOLAMINE_BIOSYNTHESIS_PE_18_1_11Z_20_1_11Z	Ser	Serine	-	SMP15242	C00065	HMDB0000187	RAMP_C_000218440
SMPDB_PHOSPHATIDYLETHANOLAMINE_BIOSYNTHESIS_PE_18_1_11Z_20_2_11Z_14Z	Choline	Choline	-	SMP15243	C00114	HMDB0000097	RAMP_C_000000065
SMPDB_PHOSPHATIDYLETHANOLAMINE_BIOSYNTHESIS_PE_18_1_11Z_20_2_11Z_14Z	DG 18:1_20:2	DG 18:1_20:2	-	SMP15243		HMDB0007196	RAMP_C_000003196
SMPDB_PHOSPHATIDYLETHANOLAMINE_BIOSYNTHESIS_PE_18_1_11Z_20_2_11Z_14Z	Ser	Serine	-	SMP15243	C00065	HMDB0000187	RAMP_C_000218440
SMPDB_PHOSPHATIDYLETHANOLAMINE_BIOSYNTHESIS_PE_18_1_11Z_20_4_5Z_8Z_11Z_14Z	Choline	Choline	-	SMP15246	C00114	HMDB0000097	RAMP_C_000000065
SMPDB_PHOSPHATIDYLETHANOLAMINE_BIOSYNTHESIS_PE_18_1_11Z_20_4_5Z_8Z_11Z_14Z	DG 18:1_20:4	DG 18:1_20:4	-	SMP15246		HMDB0007199	RAMP_C_000003199
SMPDB_PHOSPHATIDYLETHANOLAMINE_BIOSYNTHESIS_PE_18_1_11Z_20_4_5Z_8Z_11Z_14Z	Ser	Serine	-	SMP15246	C00065	HMDB0000187	RAMP_C_000218440
SMPDB_PHOSPHATIDYLETHANOLAMINE_BIOSYNTHESIS_PE_18_1_11Z_22_2_13Z_16Z	Choline	Choline	-	SMP15251	C00114	HMDB0000097	RAMP_C_000000065
SMPDB_PHOSPHATIDYLETHANOLAMINE_BIOSYNTHESIS_PE_18_1_11Z_22_2_13Z_16Z	PC 40:3	PC 40:3	-	SMP15251		HMDB0008086	RAMP_C_000004083
SMPDB_PHOSPHATIDYLETHANOLAMINE_BIOSYNTHESIS_PE_18_1_11Z_22_2_13Z_16Z	Ser	Serine	-	SMP15251	C00065	HMDB0000187	RAMP_C_000218440
SMPDB_PHOSPHATIDYLETHANOLAMINE_BIOSYNTHESIS_PE_18_1_11Z_22_5_4Z_7Z_10Z_13Z_16Z	Choline	Choline	-	SMP15253	C00114	HMDB0000097	RAMP_C_000000065
SMPDB_PHOSPHATIDYLETHANOLAMINE_BIOSYNTHESIS_PE_18_1_11Z_22_5_4Z_7Z_10Z_13Z_16Z	DG 18:1_22:5	DG 18:1_22:5	-	SMP15253		HMDB0007206	RAMP_C_000003206
SMPDB_PHOSPHATIDYLETHANOLAMINE_BIOSYNTHESIS_PE_18_1_11Z_22_5_4Z_7Z_10Z_13Z_16Z	Ser	Serine	-	SMP15253	C00065	HMDB0000187	RAMP_C_000218440
SMPDB_PHOSPHATIDYLETHANOLAMINE_BIOSYNTHESIS_PE_18_1_11Z_22_6_4Z_7Z_10Z_13Z_16Z_19Z	Choline	Choline	-	SMP15255	C00114	HMDB0000097	RAMP_C_000000065
SMPDB_PHOSPHATIDYLETHANOLAMINE_BIOSYNTHESIS_PE_18_1_11Z_22_6_4Z_7Z_10Z_13Z_16Z_19Z	DG 18:1_22:6	DG 18:1_22:6	-	SMP15255		HMDB0007208	RAMP_C_000003208
SMPDB_PHOSPHATIDYLETHANOLAMINE_BIOSYNTHESIS_PE_18_1_11Z_22_6_4Z_7Z_10Z_13Z_16Z_19Z	Ser	Serine	-	SMP15255	C00065	HMDB0000187	RAMP_C_000218440
SMPDB_PHOSPHATIDYLETHANOLAMINE_BIOSYNTHESIS_PE_18_1_11Z_24_1_15Z	Choline	Choline	-	SMP15257	C00114	HMDB0000097	RAMP_C_000000065
SMPDB_PHOSPHATIDYLETHANOLAMINE_BIOSYNTHESIS_PE_18_1_11Z_24_1_15Z	PC 42:2	PC 42:2	-	SMP15257		HMDB0008092	RAMP_C_000004089
SMPDB_PHOSPHATIDYLETHANOLAMINE_BIOSYNTHESIS_PE_18_1_11Z_24_1_15Z	Ser	Serine	-	SMP15257	C00065	HMDB0000187	RAMP_C_000218440
SMPDB_PHOSPHATIDYLETHANOLAMINE_BIOSYNTHESIS_PE_18_1_9Z_16_1_9Z	Choline	Choline	-	SMP15262	C00114	HMDB0000097	RAMP_C_000000065
SMPDB_PHOSPHATIDYLETHANOLAMINE_BIOSYNTHESIS_PE_18_1_9Z_16_1_9Z	PE 34:2	PE 34:2	-	SMP15262		HMDB0009056	RAMP_C_000005052
SMPDB_PHOSPHATIDYLETHANOLAMINE_BIOSYNTHESIS_PE_18_1_9Z_16_1_9Z	Ser	Serine	-	SMP15262	C00065	HMDB0000187	RAMP_C_000218440
SMPDB_PHOSPHATIDYLETHANOLAMINE_BIOSYNTHESIS_PE_18_1_9Z_18_1_9Z	Choline	Choline	-	SMP15265	C00114	HMDB0000097	RAMP_C_000000065
SMPDB_PHOSPHATIDYLETHANOLAMINE_BIOSYNTHESIS_PE_18_1_9Z_18_1_9Z	PC 36:2	PC 36:2	-	SMP15265		HMDB0000593	RAMP_C_000000454
SMPDB_PHOSPHATIDYLETHANOLAMINE_BIOSYNTHESIS_PE_18_1_9Z_18_1_9Z	PE 36:2	PE 36:2	-	SMP15265		HMDB0005347	RAMP_C_000005055
SMPDB_PHOSPHATIDYLETHANOLAMINE_BIOSYNTHESIS_PE_18_1_9Z_18_1_9Z	Ser	Serine	-	SMP15265	C00065	HMDB0000187	RAMP_C_000218440
SMPDB_PHOSPHATIDYLETHANOLAMINE_BIOSYNTHESIS_PE_18_1_9Z_20_0	Choline	Choline	-	SMP15270	C00114	HMDB0000097	RAMP_C_000000065
SMPDB_PHOSPHATIDYLETHANOLAMINE_BIOSYNTHESIS_PE_18_1_9Z_20_0	DG 18:1_20:0	DG 18:1_20:0	-	SMP15270		HMDB0007223	RAMP_C_000003223
SMPDB_PHOSPHATIDYLETHANOLAMINE_BIOSYNTHESIS_PE_18_1_9Z_20_0	Ser	Serine	-	SMP15270	C00065	HMDB0000187	RAMP_C_000218440
SMPDB_PHOSPHATIDYLETHANOLAMINE_BIOSYNTHESIS_PE_18_1_9Z_20_4_5Z_8Z_11Z_14Z	Choline	Choline	-	SMP15275	C00114	HMDB0000097	RAMP_C_000000065
SMPDB_PHOSPHATIDYLETHANOLAMINE_BIOSYNTHESIS_PE_18_1_9Z_20_4_5Z_8Z_11Z_14Z	PS 38:5	PS 38:5	-	SMP15275		HMDB0012394	RAMP_C_000007858
SMPDB_PHOSPHATIDYLETHANOLAMINE_BIOSYNTHESIS_PE_18_1_9Z_20_4_5Z_8Z_11Z_14Z	Ser	Serine	-	SMP15275	C00065	HMDB0000187	RAMP_C_000218440
SMPDB_PHOSPHATIDYLETHANOLAMINE_BIOSYNTHESIS_PE_18_1_9Z_22_2_13Z_16Z	Choline	Choline	-	SMP15280	C00114	HMDB0000097	RAMP_C_000000065
SMPDB_PHOSPHATIDYLETHANOLAMINE_BIOSYNTHESIS_PE_18_1_9Z_22_2_13Z_16Z	PE 40:3	PE 40:3	-	SMP15280		HMDB0009074	RAMP_C_000005070
SMPDB_PHOSPHATIDYLETHANOLAMINE_BIOSYNTHESIS_PE_18_1_9Z_22_2_13Z_16Z	Ser	Serine	-	SMP15280	C00065	HMDB0000187	RAMP_C_000218440
SMPDB_PHOSPHATIDYLETHANOLAMINE_BIOSYNTHESIS_PE_18_1_9Z_22_4_7Z_10Z_13Z_16Z	Choline	Choline	-	SMP15281	C00114	HMDB0000097	RAMP_C_000000065
SMPDB_PHOSPHATIDYLETHANOLAMINE_BIOSYNTHESIS_PE_18_1_9Z_22_4_7Z_10Z_13Z_16Z	PE 40:5	PE 40:5	-	SMP15281		HMDB0009075	RAMP_C_000005071
SMPDB_PHOSPHATIDYLETHANOLAMINE_BIOSYNTHESIS_PE_18_1_9Z_22_4_7Z_10Z_13Z_16Z	PS 40:5	PS 40:5	-	SMP15281		HMDB0112420	RAMP_C_000091595
SMPDB_PHOSPHATIDYLETHANOLAMINE_BIOSYNTHESIS_PE_18_1_9Z_22_4_7Z_10Z_13Z_16Z	Ser	Serine	-	SMP15281	C00065	HMDB0000187	RAMP_C_000218440
SMPDB_PHOSPHATIDYLETHANOLAMINE_BIOSYNTHESIS_PE_18_1_9Z_22_6_4Z_7Z_10Z_13Z_16Z_19Z	Choline	Choline	-	SMP15284	C00114	HMDB0000097	RAMP_C_000000065
SMPDB_PHOSPHATIDYLETHANOLAMINE_BIOSYNTHESIS_PE_18_1_9Z_22_6_4Z_7Z_10Z_13Z_16Z_19Z	PE 40:7	PE 40:7	-	SMP15284		HMDB0009078	RAMP_C_000005074
SMPDB_PHOSPHATIDYLETHANOLAMINE_BIOSYNTHESIS_PE_18_1_9Z_22_6_4Z_7Z_10Z_13Z_16Z_19Z	PS 40:7	PS 40:7	-	SMP15284		HMDB0012395	RAMP_C_000007859
SMPDB_PHOSPHATIDYLETHANOLAMINE_BIOSYNTHESIS_PE_18_1_9Z_22_6_4Z_7Z_10Z_13Z_16Z_19Z	Ser	Serine	-	SMP15284	C00065	HMDB0000187	RAMP_C_000218440
SMPDB_PHOSPHATIDYLETHANOLAMINE_BIOSYNTHESIS_PE_18_2_9Z_12Z_18_2_9Z_12Z	Choline	Choline	-	SMP15295	C00114	HMDB0000097	RAMP_C_000000065
SMPDB_PHOSPHATIDYLETHANOLAMINE_BIOSYNTHESIS_PE_18_2_9Z_12Z_18_2_9Z_12Z	DG 18:2_18:2	DG 18:2_18:2	-	SMP15295		HMDB0007248	RAMP_C_000003248
SMPDB_PHOSPHATIDYLETHANOLAMINE_BIOSYNTHESIS_PE_18_2_9Z_12Z_18_2_9Z_12Z	Ser	Serine	-	SMP15295	C00065	HMDB0000187	RAMP_C_000218440
SMPDB_PHOSPHATIDYLETHANOLAMINE_BIOSYNTHESIS_PE_18_2_9Z_12Z_18_3_6Z_9Z_12Z	Choline	Choline	-	SMP15296	C00114	HMDB0000097	RAMP_C_000000065
SMPDB_PHOSPHATIDYLETHANOLAMINE_BIOSYNTHESIS_PE_18_2_9Z_12Z_18_3_6Z_9Z_12Z	DG 18:2_18:3	DG 18:2_18:3	-	SMP15296		HMDB0007249	RAMP_C_000003249
SMPDB_PHOSPHATIDYLETHANOLAMINE_BIOSYNTHESIS_PE_18_2_9Z_12Z_18_3_6Z_9Z_12Z	Ser	Serine	-	SMP15296	C00065	HMDB0000187	RAMP_C_000218440
SMPDB_PHOSPHATIDYLETHANOLAMINE_BIOSYNTHESIS_PE_18_2_9Z_12Z_20_0	Choline	Choline	-	SMP15299	C00114	HMDB0000097	RAMP_C_000000065
SMPDB_PHOSPHATIDYLETHANOLAMINE_BIOSYNTHESIS_PE_18_2_9Z_12Z_20_0	DG 18:2_20:0	DG 18:2_20:0	-	SMP15299		HMDB0007252	RAMP_C_000003252
SMPDB_PHOSPHATIDYLETHANOLAMINE_BIOSYNTHESIS_PE_18_2_9Z_12Z_20_0	Ser	Serine	-	SMP15299	C00065	HMDB0000187	RAMP_C_000218440
SMPDB_PHOSPHATIDYLETHANOLAMINE_BIOSYNTHESIS_PE_18_2_9Z_12Z_20_4_5Z_8Z_11Z_14Z	Choline	Choline	-	SMP15304	C00114	HMDB0000097	RAMP_C_000000065
SMPDB_PHOSPHATIDYLETHANOLAMINE_BIOSYNTHESIS_PE_18_2_9Z_12Z_20_4_5Z_8Z_11Z_14Z	DG 18:2_20:4	DG 18:2_20:4	-	SMP15304		HMDB0007257	RAMP_C_000003257
SMPDB_PHOSPHATIDYLETHANOLAMINE_BIOSYNTHESIS_PE_18_2_9Z_12Z_20_4_5Z_8Z_11Z_14Z	Ser	Serine	-	SMP15304	C00065	HMDB0000187	RAMP_C_000218440
SMPDB_PHOSPHATIDYLETHANOLAMINE_BIOSYNTHESIS_PE_18_2_9Z_12Z_22_6_4Z_7Z_10Z_13Z_16Z_19Z	Choline	Choline	-	SMP15313	C00114	HMDB0000097	RAMP_C_000000065
SMPDB_PHOSPHATIDYLETHANOLAMINE_BIOSYNTHESIS_PE_18_2_9Z_12Z_22_6_4Z_7Z_10Z_13Z_16Z_19Z	PE 40:8	PE 40:8	-	SMP15313		HMDB0009111	RAMP_C_000005107
SMPDB_PHOSPHATIDYLETHANOLAMINE_BIOSYNTHESIS_PE_18_2_9Z_12Z_22_6_4Z_7Z_10Z_13Z_16Z_19Z	PS 40:8	PS 40:8	-	SMP15313		HMDB0012406	RAMP_C_000007870
SMPDB_PHOSPHATIDYLETHANOLAMINE_BIOSYNTHESIS_PE_18_2_9Z_12Z_22_6_4Z_7Z_10Z_13Z_16Z_19Z	Ser	Serine	-	SMP15313	C00065	HMDB0000187	RAMP_C_000218440
SMPDB_PHOSPHATIDYLETHANOLAMINE_BIOSYNTHESIS_PE_18_3_6Z_9Z_12Z_18_3_9Z_12Z_15Z	Choline	Choline	-	SMP15326	C00114	HMDB0000097	RAMP_C_000000065
SMPDB_PHOSPHATIDYLETHANOLAMINE_BIOSYNTHESIS_PE_18_3_6Z_9Z_12Z_18_3_9Z_12Z_15Z	DG 18:3_18:3	DG 18:3_18:3	-	SMP15326		HMDB0007279	RAMP_C_000003279
SMPDB_PHOSPHATIDYLETHANOLAMINE_BIOSYNTHESIS_PE_18_3_6Z_9Z_12Z_18_3_9Z_12Z_15Z	Ser	Serine	-	SMP15326	C00065	HMDB0000187	RAMP_C_000218440
SMPDB_PHOSPHATIDYLETHANOLAMINE_BIOSYNTHESIS_PE_18_3_6Z_9Z_12Z_20_2_11Z_14Z	Choline	Choline	-	SMP15330	C00114	HMDB0000097	RAMP_C_000000065
SMPDB_PHOSPHATIDYLETHANOLAMINE_BIOSYNTHESIS_PE_18_3_6Z_9Z_12Z_20_2_11Z_14Z	DG 18:3_20:2	DG 18:3_20:2	-	SMP15330		HMDB0007283	RAMP_C_000003283
SMPDB_PHOSPHATIDYLETHANOLAMINE_BIOSYNTHESIS_PE_18_3_6Z_9Z_12Z_20_2_11Z_14Z	Ser	Serine	-	SMP15330	C00065	HMDB0000187	RAMP_C_000218440
SMPDB_PHOSPHATIDYLETHANOLAMINE_BIOSYNTHESIS_PE_18_3_6Z_9Z_12Z_24_1_15Z	Choline	Choline	-	SMP15344	C00114	HMDB0000097	RAMP_C_000000065
SMPDB_PHOSPHATIDYLETHANOLAMINE_BIOSYNTHESIS_PE_18_3_6Z_9Z_12Z_24_1_15Z	PC 42:4	PC 42:4	-	SMP15344		HMDB0008191	RAMP_C_000004187
SMPDB_PHOSPHATIDYLETHANOLAMINE_BIOSYNTHESIS_PE_18_3_6Z_9Z_12Z_24_1_15Z	Ser	Serine	-	SMP15344	C00065	HMDB0000187	RAMP_C_000218440
SMPDB_PHOSPHATIDYLETHANOLAMINE_BIOSYNTHESIS_PE_18_3_9Z_12Z_15Z_18_2_9Z_12Z	Choline	Choline	-	SMP15353	C00114	HMDB0000097	RAMP_C_000000065
SMPDB_PHOSPHATIDYLETHANOLAMINE_BIOSYNTHESIS_PE_18_3_9Z_12Z_15Z_18_2_9Z_12Z	PC 36:5	PC 36:5	-	SMP15353		HMDB0008204	RAMP_C_000004200
SMPDB_PHOSPHATIDYLETHANOLAMINE_BIOSYNTHESIS_PE_18_3_9Z_12Z_15Z_18_2_9Z_12Z	Ser	Serine	-	SMP15353	C00065	HMDB0000187	RAMP_C_000218440
SMPDB_PHOSPHATIDYLETHANOLAMINE_BIOSYNTHESIS_PE_18_4_6Z_9Z_12Z_15Z_18_2_9Z_12Z	Choline	Choline	-	SMP15382	C00114	HMDB0000097	RAMP_C_000000065
SMPDB_PHOSPHATIDYLETHANOLAMINE_BIOSYNTHESIS_PE_18_4_6Z_9Z_12Z_15Z_18_2_9Z_12Z	DG 18:2_18:4	DG 18:2_18:4	-	SMP15382		HMDB0007335	RAMP_C_000003335
SMPDB_PHOSPHATIDYLETHANOLAMINE_BIOSYNTHESIS_PE_18_4_6Z_9Z_12Z_15Z_18_2_9Z_12Z	Ser	Serine	-	SMP15382	C00065	HMDB0000187	RAMP_C_000218440
SMPDB_PHOSPHATIDYLETHANOLAMINE_BIOSYNTHESIS_PE_20_0_22_5_7Z_10Z_13Z_16Z_19Z	Choline	Choline	-	SMP15428	C00114	HMDB0000097	RAMP_C_000000065
SMPDB_PHOSPHATIDYLETHANOLAMINE_BIOSYNTHESIS_PE_20_0_22_5_7Z_10Z_13Z_16Z_19Z	PC 42:5	PC 42:5	-	SMP15428		HMDB0008287	RAMP_C_000004283
SMPDB_PHOSPHATIDYLETHANOLAMINE_BIOSYNTHESIS_PE_20_0_22_5_7Z_10Z_13Z_16Z_19Z	Ser	Serine	-	SMP15428	C00065	HMDB0000187	RAMP_C_000218440
SMPDB_PHOSPHATIDYLETHANOLAMINE_BIOSYNTHESIS_PE_20_0_22_6_4Z_7Z_10Z_13Z_16Z_19Z	Choline	Choline	-	SMP15429	C00114	HMDB0000097	RAMP_C_000000065
SMPDB_PHOSPHATIDYLETHANOLAMINE_BIOSYNTHESIS_PE_20_0_22_6_4Z_7Z_10Z_13Z_16Z_19Z	PC 42:6	PC 42:6	-	SMP15429		HMDB0008288	RAMP_C_000004284
SMPDB_PHOSPHATIDYLETHANOLAMINE_BIOSYNTHESIS_PE_20_0_22_6_4Z_7Z_10Z_13Z_16Z_19Z	Ser	Serine	-	SMP15429	C00065	HMDB0000187	RAMP_C_000218440
SMPDB_PHOSPHATIDYLETHANOLAMINE_BIOSYNTHESIS_PE_20_1_11Z_22_6_4Z_7Z_10Z_13Z_16Z_19Z	Choline	Choline	-	SMP15458	C00114	HMDB0000097	RAMP_C_000000065
SMPDB_PHOSPHATIDYLETHANOLAMINE_BIOSYNTHESIS_PE_20_1_11Z_22_6_4Z_7Z_10Z_13Z_16Z_19Z	PE 42:7	PE 42:7	-	SMP15458		HMDB0009276	RAMP_C_000005272
SMPDB_PHOSPHATIDYLETHANOLAMINE_BIOSYNTHESIS_PE_20_1_11Z_22_6_4Z_7Z_10Z_13Z_16Z_19Z	Ser	Serine	-	SMP15458	C00065	HMDB0000187	RAMP_C_000218440
SMPDB_PHOSPHATIDYLETHANOLAMINE_BIOSYNTHESIS_PE_20_2_11Z_14Z_22_6_4Z_7Z_10Z_13Z_16Z_19Z	Choline	Choline	-	SMP15487	C00114	HMDB0000097	RAMP_C_000000065
SMPDB_PHOSPHATIDYLETHANOLAMINE_BIOSYNTHESIS_PE_20_2_11Z_14Z_22_6_4Z_7Z_10Z_13Z_16Z_19Z	PE 42:8	PE 42:8	-	SMP15487		HMDB0009309	RAMP_C_000005305
SMPDB_PHOSPHATIDYLETHANOLAMINE_BIOSYNTHESIS_PE_20_2_11Z_14Z_22_6_4Z_7Z_10Z_13Z_16Z_19Z	Ser	Serine	-	SMP15487	C00065	HMDB0000187	RAMP_C_000218440
SMPDB_PHOSPHATIDYLETHANOLAMINE_BIOSYNTHESIS_PE_20_3_8Z_11Z_14Z_18_0	Choline	Choline	-	SMP15524	C00114	HMDB0000097	RAMP_C_000000065
SMPDB_PHOSPHATIDYLETHANOLAMINE_BIOSYNTHESIS_PE_20_3_8Z_11Z_14Z_18_0	PE 38:3	PE 38:3	-	SMP15524		HMDB0009354	RAMP_C_000005350
SMPDB_PHOSPHATIDYLETHANOLAMINE_BIOSYNTHESIS_PE_20_3_8Z_11Z_14Z_18_0	Ser	Serine	-	SMP15524	C00065	HMDB0000187	RAMP_C_000218440
SMPDB_PHOSPHATIDYLETHANOLAMINE_BIOSYNTHESIS_PE_22_0_22_6_4Z_7Z_10Z_13Z_16Z_19Z	Choline	Choline	-	SMP15661	C00114	HMDB0000097	RAMP_C_000000065
SMPDB_PHOSPHATIDYLETHANOLAMINE_BIOSYNTHESIS_PE_22_0_22_6_4Z_7Z_10Z_13Z_16Z_19Z	PE 44:6	PE 44:6	-	SMP15661		HMDB0009507	RAMP_C_000005503
SMPDB_PHOSPHATIDYLETHANOLAMINE_BIOSYNTHESIS_PE_22_0_22_6_4Z_7Z_10Z_13Z_16Z_19Z	Ser	Serine	-	SMP15661	C00065	HMDB0000187	RAMP_C_000218440
SMPDB_PHOSPHATIDYLETHANOLAMINE_BIOSYNTHESIS_PE_22_1_13Z_22_2_13Z_16Z	Choline	Choline	-	SMP15686	C00114	HMDB0000097	RAMP_C_000000065
SMPDB_PHOSPHATIDYLETHANOLAMINE_BIOSYNTHESIS_PE_22_1_13Z_22_2_13Z_16Z	DG 22:1_22:2	DG 22:1_22:2	-	SMP15686		HMDB0007639	RAMP_C_000003639
SMPDB_PHOSPHATIDYLETHANOLAMINE_BIOSYNTHESIS_PE_22_1_13Z_22_2_13Z_16Z	Ser	Serine	-	SMP15686	C00065	HMDB0000187	RAMP_C_000218440
SMPDB_PHOSPHATIDYLETHANOLAMINE_BIOSYNTHESIS_PE_22_5_4Z_7Z_10Z_13Z_16Z_22_6_4Z_7Z_10Z_13Z_16Z_19Z	Choline	Choline	-	SMP15777	C00114	HMDB0000097	RAMP_C_000000065
SMPDB_PHOSPHATIDYLETHANOLAMINE_BIOSYNTHESIS_PE_22_5_4Z_7Z_10Z_13Z_16Z_22_6_4Z_7Z_10Z_13Z_16Z_19Z	PE 44:11	PE 44:11	-	SMP15777		HMDB0009639	RAMP_C_000005635
SMPDB_PHOSPHATIDYLETHANOLAMINE_BIOSYNTHESIS_PE_22_5_4Z_7Z_10Z_13Z_16Z_22_6_4Z_7Z_10Z_13Z_16Z_19Z	Ser	Serine	-	SMP15777	C00065	HMDB0000187	RAMP_C_000218440
SMPDB_PHOSPHATIDYLETHANOLAMINE_BIOSYNTHESIS_PE_22_6_4Z_7Z_10Z_13Z_16Z_19Z_22_6_4Z_7Z_10Z_13Z_16Z_19Z	Choline	Choline	-	SMP15835	C00114	HMDB0000097	RAMP_C_000000065
SMPDB_PHOSPHATIDYLETHANOLAMINE_BIOSYNTHESIS_PE_22_6_4Z_7Z_10Z_13Z_16Z_19Z_22_6_4Z_7Z_10Z_13Z_16Z_19Z	PE 44:12	PE 44:12	-	SMP15835		HMDB0005354	RAMP_C_000005701
SMPDB_PHOSPHATIDYLETHANOLAMINE_BIOSYNTHESIS_PE_22_6_4Z_7Z_10Z_13Z_16Z_19Z_22_6_4Z_7Z_10Z_13Z_16Z_19Z	Ser	Serine	-	SMP15835	C00065	HMDB0000187	RAMP_C_000218440
SMPDB_PHOSPHOLIPID_BIOSYNTHESIS	Choline	Choline	-	SMP00025	C00114	HMDB0000097	RAMP_C_000000065
SMPDB_PHOSPHOLIPID_BIOSYNTHESIS	DG 16:0_16:0	DG 16:0_16:0	-	SMP00025	C00165	HMDB0007098	RAMP_C_000219428
SMPDB_PHOSPHOLIPID_BIOSYNTHESIS	LPA 16:0	LPA 16:0	-	SMP00025	C04036	HMDB0000327	RAMP_C_000003853
SMPDB_PHOSPHOLIPID_BIOSYNTHESIS	LPC 16:0	LPC 16:0	-	SMP00025		HMDB0010382	RAMP_C_000351017
SMPDB_PHOSPHOLIPID_BIOSYNTHESIS	LPE 16:0	LPE 16:0	-	SMP00025		HMDB0011503	RAMP_C_000370082
SMPDB_PHOSPHOLIPID_BIOSYNTHESIS	PC 32:0	PC 32:0	-	SMP00025	C00157	HMDB0000564	RAMP_C_000003881
SMPDB_PHOSPHOLIPID_BIOSYNTHESIS	PC 34:4	PC 34:4	-	SMP00025	C00157	HMDB0000564	RAMP_C_000003881
SMPDB_PHOSPHOLIPID_BIOSYNTHESIS	PE 32:0	PE 32:0	-	SMP00025		HMDB0005317	RAMP_C_000161983
SMPDB_PHOSPHOLIPID_BIOSYNTHESIS	PG 16:0_16:0	PG 16:0_16:0	-	SMP00025		HMDB0010570	RAMP_C_000006521
SMPDB_PHOSPHOLIPID_BIOSYNTHESIS	PI 16:0_16:0	PI 16:0_16:0	-	SMP00025	C01194	HMDB0009778	RAMP_C_000005774
SMPDB_PHOSPHOLIPID_BIOSYNTHESIS	PS 32:0	PS 32:0	-	SMP00025	C02737	HMDB0000614	RAMP_C_000217830
SMPDB_SALICYLIC_ACID_ACTION_PATHWAY	2-OH-Benzoic acid	2-Hydroxybenzoic acid	-	SMP00709	C00805	HMDB0001895	RAMP_C_000001242
SMPDB_SALICYLIC_ACID_ACTION_PATHWAY	FA 20:4n-6 (AA)	Arachidonic acid (AA; omega6)	-	SMP00709	C00219	HMDB0001043	RAMP_C_000000804
SMPDB_SALICYLIC_ACID_ACTION_PATHWAY	Glu	Glutamic acid	-	SMP00709	C00025	HMDB0000148	RAMP_C_000218397
SMPDB_SALICYLIC_ACID_ACTION_PATHWAY	LPC 14:0	LPC 14:0	-	SMP00709		HMDB0010379	RAMP_C_000006332
SMPDB_SALICYLIC_ACID_ACTION_PATHWAY	PC 32:0	PC 32:0	-	SMP00709	C00157	HMDB0000564	RAMP_C_000003881
SMPDB_SALICYLIC_ACID_ACTION_PATHWAY	PC 34:4	PC 34:4	-	SMP00709	C00157	HMDB0000564	RAMP_C_000003881
SMPDB_SARCOSINE_ONCOMETABOLITE_PATHWAY	AHCys	S-Adenosylhomocysteine	-	SMP02313	C00021	HMDB0000939	RAMP_C_000218715
SMPDB_SARCOSINE_ONCOMETABOLITE_PATHWAY	Betaine	Betaine	-	SMP02313	C00719	HMDB0000043	RAMP_C_000000030
SMPDB_SARCOSINE_ONCOMETABOLITE_PATHWAY	Choline	Choline	-	SMP02313	C00114	HMDB0000097	RAMP_C_000000065
SMPDB_SARCOSINE_ONCOMETABOLITE_PATHWAY	DMG	Dimethylglycine	-	SMP02313	C01026	HMDB0000092	RAMP_C_000000062
SMPDB_SARCOSINE_ONCOMETABOLITE_PATHWAY	Gly	Glycine	-	SMP02313	C00037	HMDB0000123	RAMP_C_000000078
SMPDB_SARCOSINE_ONCOMETABOLITE_PATHWAY	HCys	Homocysteine	-	SMP02313	C00155	HMDB0000165	RAMP_C_000218762
SMPDB_SARCOSINE_ONCOMETABOLITE_PATHWAY	Met	Methionine	-	SMP02313	C00073	HMDB0000696	RAMP_C_000218711
SMPDB_SARCOSINE_ONCOMETABOLITE_PATHWAY	Sarcosine	Sarcosine	-	SMP02313	C00213	HMDB0000271	RAMP_C_000218658
SMPDB_SARCOSINE_ONCOMETABOLITE_PATHWAY	Ser	Serine	-	SMP02313	C00065	HMDB0000187	RAMP_C_000218440
SMPDB_SPERMIDINE_AND_SPERMINE_BIOSYNTHESIS	Met	Methionine	-	SMP00445	C00073	HMDB0000696	RAMP_C_000218711
SMPDB_SPERMIDINE_AND_SPERMINE_BIOSYNTHESIS	Orn	Ornithine	-	SMP00445	C00077	HMDB0000214	RAMP_C_000218554
SMPDB_SPERMIDINE_AND_SPERMINE_BIOSYNTHESIS	Putrescine	Putrescine	-	SMP00445	C00134	HMDB0001414	RAMP_C_000001073
SMPDB_SPERMIDINE_AND_SPERMINE_BIOSYNTHESIS	Spermidine	Spermidine	-	SMP00445	C00315	HMDB0001257	RAMP_C_000000954
SMPDB_SPERMIDINE_AND_SPERMINE_BIOSYNTHESIS	Spermine	Spermine	-	SMP00445	C00750	HMDB0001256	RAMP_C_000218544
SMPDB_TAURINE_AND_HYPOTAURINE_METABOLISM	Cys	Cysteine	-	SMP00021	C00097	HMDB0000574	RAMP_C_000218469
SMPDB_TAURINE_AND_HYPOTAURINE_METABOLISM	Hypotaurine	Hypotaurine	-	SMP00021	C00519	HMDB0000965	RAMP_C_000000756
SMPDB_TAURINE_AND_HYPOTAURINE_METABOLISM	Taurine	Taurine	-	SMP00021	C00245	HMDB0000251	RAMP_C_000218584
SMPDB_THE_ONCOGENIC_ACTION_OF_2_HYDROXYGLUTARATE	Biotin (B7)	Biotin (B7)	-	SMP02291	C00120	HMDB0000030	RAMP_C_000261993
SMPDB_THE_ONCOGENIC_ACTION_OF_2_HYDROXYGLUTARATE	Citric acid	Citric acid	-	SMP02291	C00158	HMDB0000094	RAMP_C_000218121
SMPDB_THE_ONCOGENIC_ACTION_OF_2_HYDROXYGLUTARATE	Fumaric acid	Fumaric acid	-	SMP02291	C00122	HMDB0000134	RAMP_C_000218394
SMPDB_THE_ONCOGENIC_ACTION_OF_2_HYDROXYGLUTARATE	Gln	Glutamine	-	SMP02291	C00064	HMDB0000641	RAMP_C_000218784
SMPDB_THE_ONCOGENIC_ACTION_OF_2_HYDROXYGLUTARATE	Glu	Glutamic acid	-	SMP02291	C00025	HMDB0000148	RAMP_C_000218397
SMPDB_THE_ONCOGENIC_ACTION_OF_2_HYDROXYGLUTARATE	Isocitric acid	Isocitric acid	-	SMP02291	C00311	HMDB0000193	RAMP_C_000217206
SMPDB_THE_ONCOGENIC_ACTION_OF_2_HYDROXYGLUTARATE	Malic acid	Malic acid	-	SMP02291	C00149	HMDB0000156	RAMP_C_000218036
SMPDB_THE_ONCOGENIC_ACTION_OF_2_HYDROXYGLUTARATE	Oxaloacetic acid	Oxaloacetic acid	-	SMP02291	C00036	HMDB0000223	RAMP_C_000262942
SMPDB_THE_ONCOGENIC_ACTION_OF_2_HYDROXYGLUTARATE	Pyruvic acid	Pyruvic acid	-	SMP02291	C00022	HMDB0000243	RAMP_C_000218028
SMPDB_THE_ONCOGENIC_ACTION_OF_2_HYDROXYGLUTARATE	Suc	Succinic acid	-	SMP02291	C00042	HMDB0000254	RAMP_C_000218399
SMPDB_THE_ONCOGENIC_ACTION_OF_2_HYDROXYGLUTARATE	a-Ketoglutaric acid	alpha-Ketoglutaric acid	-	SMP02291	C00026	HMDB0000208	RAMP_C_000274401
SMPDB_THE_ONCOGENIC_ACTION_OF_D_2_HYDROXYGLUTARATE_IN_HYDROXYGLUARICACIDURIA	2-OH-Glutaric acid	2-Hydroxyglutaric acid	-	SMP02359	C01087	HMDB0000606	RAMP_C_000219574
SMPDB_THE_ONCOGENIC_ACTION_OF_D_2_HYDROXYGLUTARATE_IN_HYDROXYGLUARICACIDURIA	Biotin (B7)	Biotin (B7)	-	SMP02359	C00120	HMDB0000030	RAMP_C_000261993
SMPDB_THE_ONCOGENIC_ACTION_OF_D_2_HYDROXYGLUTARATE_IN_HYDROXYGLUARICACIDURIA	Citric acid	Citric acid	-	SMP02359	C00158	HMDB0000094	RAMP_C_000218121
SMPDB_THE_ONCOGENIC_ACTION_OF_D_2_HYDROXYGLUTARATE_IN_HYDROXYGLUARICACIDURIA	Fumaric acid	Fumaric acid	-	SMP02359	C00122	HMDB0000134	RAMP_C_000218394
SMPDB_THE_ONCOGENIC_ACTION_OF_D_2_HYDROXYGLUTARATE_IN_HYDROXYGLUARICACIDURIA	Gln	Glutamine	-	SMP02359	C00064	HMDB0000641	RAMP_C_000218784
SMPDB_THE_ONCOGENIC_ACTION_OF_D_2_HYDROXYGLUTARATE_IN_HYDROXYGLUARICACIDURIA	Glu	Glutamic acid	-	SMP02359	C00025	HMDB0000148	RAMP_C_000218397
SMPDB_THE_ONCOGENIC_ACTION_OF_D_2_HYDROXYGLUTARATE_IN_HYDROXYGLUARICACIDURIA	Isocitric acid	Isocitric acid	-	SMP02359	C00311	HMDB0000193	RAMP_C_000217206
SMPDB_THE_ONCOGENIC_ACTION_OF_D_2_HYDROXYGLUTARATE_IN_HYDROXYGLUARICACIDURIA	Malic acid	Malic acid	-	SMP02359	C00149	HMDB0000156	RAMP_C_000218036
SMPDB_THE_ONCOGENIC_ACTION_OF_D_2_HYDROXYGLUTARATE_IN_HYDROXYGLUARICACIDURIA	Oxaloacetic acid	Oxaloacetic acid	-	SMP02359	C00036	HMDB0000223	RAMP_C_000262942
SMPDB_THE_ONCOGENIC_ACTION_OF_D_2_HYDROXYGLUTARATE_IN_HYDROXYGLUARICACIDURIA	Pyruvic acid	Pyruvic acid	-	SMP02359	C00022	HMDB0000243	RAMP_C_000218028
SMPDB_THE_ONCOGENIC_ACTION_OF_D_2_HYDROXYGLUTARATE_IN_HYDROXYGLUARICACIDURIA	Suc	Succinic acid	-	SMP02359	C00042	HMDB0000254	RAMP_C_000218399
SMPDB_THE_ONCOGENIC_ACTION_OF_D_2_HYDROXYGLUTARATE_IN_HYDROXYGLUARICACIDURIA	a-Ketoglutaric acid	alpha-Ketoglutaric acid	-	SMP02359	C00026	HMDB0000208	RAMP_C_000274401
SMPDB_THE_ONCOGENIC_ACTION_OF_FUMARATE	Biotin (B7)	Biotin (B7)	-	SMP02295	C00120	HMDB0000030	RAMP_C_000261993
SMPDB_THE_ONCOGENIC_ACTION_OF_FUMARATE	Citric acid	Citric acid	-	SMP02295	C00158	HMDB0000094	RAMP_C_000218121
SMPDB_THE_ONCOGENIC_ACTION_OF_FUMARATE	Fumaric acid	Fumaric acid	-	SMP02295	C00122	HMDB0000134	RAMP_C_000218394
SMPDB_THE_ONCOGENIC_ACTION_OF_FUMARATE	Isocitric acid	Isocitric acid	-	SMP02295	C00311	HMDB0000193	RAMP_C_000217206
SMPDB_THE_ONCOGENIC_ACTION_OF_FUMARATE	Malic acid	Malic acid	-	SMP02295	C00149	HMDB0000156	RAMP_C_000218036
SMPDB_THE_ONCOGENIC_ACTION_OF_FUMARATE	Oxaloacetic acid	Oxaloacetic acid	-	SMP02295	C00036	HMDB0000223	RAMP_C_000262942
SMPDB_THE_ONCOGENIC_ACTION_OF_FUMARATE	Pro	Proline	-	SMP02295	C00148	HMDB0000162	RAMP_C_000218861
SMPDB_THE_ONCOGENIC_ACTION_OF_FUMARATE	Pyruvic acid	Pyruvic acid	-	SMP02295	C00022	HMDB0000243	RAMP_C_000218028
SMPDB_THE_ONCOGENIC_ACTION_OF_FUMARATE	Suc	Succinic acid	-	SMP02295	C00042	HMDB0000254	RAMP_C_000218399
SMPDB_THE_ONCOGENIC_ACTION_OF_FUMARATE	a-Ketoglutaric acid	alpha-Ketoglutaric acid	-	SMP02295	C00026	HMDB0000208	RAMP_C_000274401
SMPDB_THE_ONCOGENIC_ACTION_OF_FUMARATE	t4-OH-Pro	trans-4-Hydroxyproline	-	SMP02295	C01157	HMDB0000725	RAMP_C_000000565
SMPDB_TRANSCRIPTION_TRANSLATION	Ala	Alanine	-	SMP00019	C00041	HMDB0000161	RAMP_C_000000104
SMPDB_TRANSCRIPTION_TRANSLATION	Arg	Arginine	-	SMP00019	C00062	HMDB0000517	RAMP_C_000042003
SMPDB_TRANSCRIPTION_TRANSLATION	Asn	Asparagine	-	SMP00019	C00152	HMDB0000168	RAMP_C_000218742
SMPDB_TRANSCRIPTION_TRANSLATION	Asp	Aspartic acid	-	SMP00019	C00049	HMDB0000191	RAMP_C_000218398
SMPDB_TRANSCRIPTION_TRANSLATION	Cys	Cysteine	-	SMP00019	C00097	HMDB0000574	RAMP_C_000218469
SMPDB_TRANSCRIPTION_TRANSLATION	Gln	Glutamine	-	SMP00019	C00064	HMDB0000641	RAMP_C_000218784
SMPDB_TRANSCRIPTION_TRANSLATION	Glu	Glutamic acid	-	SMP00019	C00025	HMDB0000148	RAMP_C_000218397
SMPDB_TRANSCRIPTION_TRANSLATION	His	Histidine	-	SMP00019	C00135	HMDB0000177	RAMP_C_000218426
SMPDB_TRANSCRIPTION_TRANSLATION	Ile	Isoleucine	-	SMP00019	C00407	HMDB0000172	RAMP_C_000218741
SMPDB_TRANSCRIPTION_TRANSLATION	Leu	Leucine	-	SMP00019	C00123	HMDB0000687	RAMP_C_000000532
SMPDB_TRANSCRIPTION_TRANSLATION	Lys	Lysine	-	SMP00019	C00047	HMDB0000182	RAMP_C_000000117
SMPDB_TRANSCRIPTION_TRANSLATION	Met	Methionine	-	SMP00019	C00073	HMDB0000696	RAMP_C_000218711
SMPDB_TRANSCRIPTION_TRANSLATION	Phe	Phenylalanine	-	SMP00019	C00079	HMDB0000159	RAMP_C_000218749
SMPDB_TRANSCRIPTION_TRANSLATION	Pro	Proline	-	SMP00019	C00148	HMDB0000162	RAMP_C_000218861
SMPDB_TRANSCRIPTION_TRANSLATION	Thr	Threonine	-	SMP00019	C00188	HMDB0000167	RAMP_C_000218724
SMPDB_TRANSCRIPTION_TRANSLATION	Trp	Tryptophan	-	SMP00019	C00078	HMDB0000929	RAMP_C_000218721
SMPDB_TRANSCRIPTION_TRANSLATION	Tyr	Tyrosine	-	SMP00019	C00082	HMDB0000158	RAMP_C_000218778
SMPDB_TRANSCRIPTION_TRANSLATION	Val	Valine	-	SMP00019	C00183	HMDB0000883	RAMP_C_000218704
SMPDB_TRANSFER_OF_ACETYL_GROUPS_INTO_MITOCHONDRIA	Biotin (B7)	Biotin (B7)	-	SMP00466	C00120	HMDB0000030	RAMP_C_000261993
SMPDB_TRANSFER_OF_ACETYL_GROUPS_INTO_MITOCHONDRIA	Citric acid	Citric acid	-	SMP00466	C00158	HMDB0000094	RAMP_C_000218121
SMPDB_TRANSFER_OF_ACETYL_GROUPS_INTO_MITOCHONDRIA	Glucose	Glucose	-	SMP00466	C00031	HMDB0000122	RAMP_C_000000077
SMPDB_TRANSFER_OF_ACETYL_GROUPS_INTO_MITOCHONDRIA	Malic acid	Malic acid	-	SMP00466	C00149	HMDB0000156	RAMP_C_000218036
SMPDB_TRANSFER_OF_ACETYL_GROUPS_INTO_MITOCHONDRIA	Oxaloacetic acid	Oxaloacetic acid	-	SMP00466	C00036	HMDB0000223	RAMP_C_000262942
SMPDB_TRANSFER_OF_ACETYL_GROUPS_INTO_MITOCHONDRIA	Pyruvic acid	Pyruvic acid	-	SMP00466	C00022	HMDB0000243	RAMP_C_000218028
SMPDB_WARBURG_EFFECT	Biotin (B7)	Biotin (B7)	-	SMP00654	C00120	HMDB0000030	RAMP_C_000261993
SMPDB_WARBURG_EFFECT	Citric acid	Citric acid	-	SMP00654	C00158	HMDB0000094	RAMP_C_000218121
SMPDB_WARBURG_EFFECT	Fumaric acid	Fumaric acid	-	SMP00654	C00122	HMDB0000134	RAMP_C_000218394
SMPDB_WARBURG_EFFECT	Gln	Glutamine	-	SMP00654	C00064	HMDB0000641	RAMP_C_000218784
SMPDB_WARBURG_EFFECT	Glu	Glutamic acid	-	SMP00654	C00025	HMDB0000148	RAMP_C_000218397
SMPDB_WARBURG_EFFECT	Glucose	Glucose	-	SMP00654	C00031	HMDB0000122	RAMP_C_000000077
SMPDB_WARBURG_EFFECT	Isocitric acid	Isocitric acid	-	SMP00654	C00311	HMDB0000193	RAMP_C_000217206
SMPDB_WARBURG_EFFECT	Lac	Lactic acid	-	SMP00654	C00186	HMDB0000190	RAMP_C_000218078
SMPDB_WARBURG_EFFECT	Malic acid	Malic acid	-	SMP00654	C00149	HMDB0000156	RAMP_C_000218036
SMPDB_WARBURG_EFFECT	Oxaloacetic acid	Oxaloacetic acid	-	SMP00654	C00036	HMDB0000223	RAMP_C_000262942
SMPDB_WARBURG_EFFECT	Pyruvic acid	Pyruvic acid	-	SMP00654	C00022	HMDB0000243	RAMP_C_000218028
SMPDB_WARBURG_EFFECT	Suc	Succinic acid	-	SMP00654	C00042	HMDB0000254	RAMP_C_000218399
SMPDB_WARBURG_EFFECT	a-Ketoglutaric acid	alpha-Ketoglutaric acid	-	SMP00654	C00026	HMDB0000208	RAMP_C_000274401
