set_name	shortname	fullname	direction	pathway_source_id	kegg_id	hmdb_id	ramp_id
WIKIPATHWAYS_10Q11_21Q11_23_COPY_NUMBER_VARIATION_SYNDROME	Choline	Choline	-	WP5352	C00114	HMDB0000097	RAMP_C_000000065
WIKIPATHWAYS_10Q11_21Q11_23_COPY_NUMBER_VARIATION_SYNDROME	Serotonin	Serotonin	-	WP5352	C00780	HMDB0000259	RAMP_C_000000177
WIKIPATHWAYS_10Q11_21Q11_23_COPY_NUMBER_VARIATION_SYNDROME	a-Ketoglutaric acid	alpha-Ketoglutaric acid	-	WP5352	C00026	HMDB0000208	RAMP_C_000274401
WIKIPATHWAYS_10Q22Q23_COPY_NUMBER_VARIATION	Glu	Glutamic acid	-	WP5402	C00025	HMDB0000148	RAMP_C_000218397
WIKIPATHWAYS_10Q22Q23_COPY_NUMBER_VARIATION	Met	Methionine	-	WP5402	C00073	HMDB0000696	RAMP_C_000218711
WIKIPATHWAYS_10Q22Q23_COPY_NUMBER_VARIATION	a-Ketoglutaric acid	alpha-Ketoglutaric acid	-	WP5402	C00026	HMDB0000208	RAMP_C_000274401
WIKIPATHWAYS_15Q25_COPY_NUMBER_VARIATION	Adenosine	Adenosine	-	WP5408	C00212	HMDB0000050	RAMP_C_000000034
WIKIPATHWAYS_15Q25_COPY_NUMBER_VARIATION	Cytidine	Cytidine	-	WP5408	C00475	HMDB0000089	RAMP_C_000000061
WIKIPATHWAYS_15Q25_COPY_NUMBER_VARIATION	Thymidine	Thymidine	-	WP5408	C00214	HMDB0000273	RAMP_C_000000186
WIKIPATHWAYS_15Q25_COPY_NUMBER_VARIATION	Uridine	Uridine	-	WP5408	C00299	HMDB0000296	RAMP_C_000000201
WIKIPATHWAYS_15Q25_COPY_NUMBER_VARIATION	cAMP	Adenosine monophosphate, cyclic (cAMP)	-	WP5408	C00575	HMDB0000058	RAMP_C_000218758
WIKIPATHWAYS_16P11_2_PROXIMAL_DELETION_SYNDROME	Cer d18:1/16:0	Cer d18:1/16:0	-	WP4949		HMDB0000790	RAMP_C_000164181
WIKIPATHWAYS_16P11_2_PROXIMAL_DELETION_SYNDROME	Cer d18:1/18:0	Cer d18:1/18:0	-	WP4949		HMDB0000829	RAMP_C_000002275
WIKIPATHWAYS_16P11_2_PROXIMAL_DELETION_SYNDROME	Cer d18:1/20:0	Cer d18:1/20:0	-	WP4949		HMDB0004951	RAMP_C_000002276
WIKIPATHWAYS_16P11_2_PROXIMAL_DELETION_SYNDROME	Choline	Choline	-	WP4949	C00114	HMDB0000097	RAMP_C_000000065
WIKIPATHWAYS_16P11_2_PROXIMAL_DELETION_SYNDROME	DG 16:0_16:0	DG 16:0_16:0	-	WP4949	C00165	HMDB0007098	RAMP_C_000219428
WIKIPATHWAYS_16P11_2_PROXIMAL_DELETION_SYNDROME	FA 16:0	Palmitic acid	-	WP4949	C00249	HMDB0000220	RAMP_C_000219234
WIKIPATHWAYS_16P11_2_PROXIMAL_DELETION_SYNDROME	LPA 16:0	LPA 16:0	-	WP4949	C04036	HMDB0000327	RAMP_C_000003853
WIKIPATHWAYS_16P11_2_PROXIMAL_DELETION_SYNDROME	LPA 18:1	LPA 18:1	-	WP4949		HMDB0000443	RAMP_C_000003855
WIKIPATHWAYS_16P11_2_PROXIMAL_DELETION_SYNDROME	LPC 16:0	LPC 16:0	-	WP4949		HMDB0010382	RAMP_C_000351017
WIKIPATHWAYS_16P11_2_PROXIMAL_DELETION_SYNDROME	Quinolinic acid	Quinolinic acid	-	WP4949	C03722	HMDB0000232	RAMP_C_000000155
WIKIPATHWAYS_17P13_3_YWHAE_COPY_NUMBER_VARIATION	DOPA	Dihydroxyphenylalanine	-	WP5376	C00355	HMDB0000181	RAMP_C_000218668
WIKIPATHWAYS_17P13_3_YWHAE_COPY_NUMBER_VARIATION	Dopamine	Dopamine	-	WP5376	C03758	HMDB0000073	RAMP_C_000218860
WIKIPATHWAYS_17P13_3_YWHAE_COPY_NUMBER_VARIATION	Norepinephrine	Norepinephrine	-	WP5376	C00547	HMDB0000216	RAMP_C_000219112
WIKIPATHWAYS_22Q11_2_COPY_NUMBER_VARIATION_SYNDROME	DOPAC	3,4-Dihydroxyphenylacetic acid	-	WP4657	C01161	HMDB0001336	RAMP_C_000001011
WIKIPATHWAYS_22Q11_2_COPY_NUMBER_VARIATION_SYNDROME	Dopamine	Dopamine	-	WP4657	C03758	HMDB0000073	RAMP_C_000218860
WIKIPATHWAYS_22Q11_2_COPY_NUMBER_VARIATION_SYNDROME	Homovanillic acid	Homovanillic acid	-	WP4657	C05582	HMDB0000118	RAMP_C_000000074
WIKIPATHWAYS_22Q11_2_COPY_NUMBER_VARIATION_SYNDROME	Norepinephrine	Norepinephrine	-	WP4657	C00547	HMDB0000216	RAMP_C_000219112
WIKIPATHWAYS_22Q11_2_COPY_NUMBER_VARIATION_SYNDROME	Orn	Ornithine	-	WP4657	C00077	HMDB0000214	RAMP_C_000218554
WIKIPATHWAYS_22Q11_2_COPY_NUMBER_VARIATION_SYNDROME	a-Ketoglutaric acid	alpha-Ketoglutaric acid	-	WP4657	C00026	HMDB0000208	RAMP_C_000274401
WIKIPATHWAYS_2Q37_COPY_NUMBER_VARIATION_SYNDROME	2-OH-Glutaric acid	2-Hydroxyglutaric acid	-	WP5224	C01087	HMDB0000606	RAMP_C_000219574
WIKIPATHWAYS_2Q37_COPY_NUMBER_VARIATION_SYNDROME	Ala	Alanine	-	WP5224	C00041	HMDB0000161	RAMP_C_000000104
WIKIPATHWAYS_2Q37_COPY_NUMBER_VARIATION_SYNDROME	Kynurenic acid	Kynurenic acid	-	WP5224	C01717	HMDB0000715	RAMP_C_000219506
WIKIPATHWAYS_2Q37_COPY_NUMBER_VARIATION_SYNDROME	Pyruvic acid	Pyruvic acid	-	WP5224	C00022	HMDB0000243	RAMP_C_000218028
WIKIPATHWAYS_2Q37_COPY_NUMBER_VARIATION_SYNDROME	a-Ketoglutaric acid	alpha-Ketoglutaric acid	-	WP5224	C00026	HMDB0000208	RAMP_C_000274401
WIKIPATHWAYS_7Q11_23_COPY_NUMBER_VARIATION_SYNDROME	AHCys	S-Adenosylhomocysteine	-	WP4932	C00021	HMDB0000939	RAMP_C_000218715
WIKIPATHWAYS_7Q11_23_COPY_NUMBER_VARIATION_SYNDROME	Dopamine	Dopamine	-	WP4932	C03758	HMDB0000073	RAMP_C_000218860
WIKIPATHWAYS_7Q11_23_COPY_NUMBER_VARIATION_SYNDROME	GABA	gamma-Aminobutyric acid	-	WP4932	C00334	HMDB0000112	RAMP_C_000219510
WIKIPATHWAYS_7Q11_23_COPY_NUMBER_VARIATION_SYNDROME	Norepinephrine	Norepinephrine	-	WP4932	C00547	HMDB0000216	RAMP_C_000219112
WIKIPATHWAYS_7Q11_23_COPY_NUMBER_VARIATION_SYNDROME	Serotonin	Serotonin	-	WP4932	C00780	HMDB0000259	RAMP_C_000000177
WIKIPATHWAYS_ACETYLCHOLINE_SYNTHESIS	Choline	Choline	-	WP528	C00114	HMDB0000097	RAMP_C_000000065
WIKIPATHWAYS_ACETYLCHOLINE_SYNTHESIS	FA 2:0	Acetic acid	-	WP528	C00033	HMDB0000042	RAMP_C_000218400
WIKIPATHWAYS_ACETYLCHOLINE_SYNTHESIS	PC 32:0	PC 32:0	-	WP528	C00157	HMDB0000564	RAMP_C_000003881
WIKIPATHWAYS_ACETYLCHOLINE_SYNTHESIS	PC 34:4	PC 34:4	-	WP528	C00157	HMDB0000564	RAMP_C_000003881
WIKIPATHWAYS_ACETYLCHOLINE_SYNTHESIS	PE 36:0	PE 36:0	-	WP528		HMDB0005327	RAMP_C_000040449
WIKIPATHWAYS_ACETYLCHOLINE_SYNTHESIS	Pyruvic acid	Pyruvic acid	-	WP528	C00022	HMDB0000243	RAMP_C_000218028
WIKIPATHWAYS_ADHD_AND_AUTISM_ASD_PATHWAYS	3-OH-Anthranilic acid	3-Hydroxyanthranilic acid	-	WP5420	C00632	HMDB0001476	RAMP_C_000220389
WIKIPATHWAYS_ADHD_AND_AUTISM_ASD_PATHWAYS	3-OH-Kynurenine	3-Hydroxykynurenine	-	WP5420	C02794	HMDB0000732	RAMP_C_000000572
WIKIPATHWAYS_ADHD_AND_AUTISM_ASD_PATHWAYS	5-HIAA	5-Hydroxyindoleacetic acid	-	WP5420	C05635	HMDB0000763	RAMP_C_000000599
WIKIPATHWAYS_ADHD_AND_AUTISM_ASD_PATHWAYS	5-OH-Trp	5-Hydroxytryptophan	-	WP5420	C00643	HMDB0000472	RAMP_C_000218770
WIKIPATHWAYS_ADHD_AND_AUTISM_ASD_PATHWAYS	AHCys	S-Adenosylhomocysteine	-	WP5420	C00021	HMDB0000939	RAMP_C_000218715
WIKIPATHWAYS_ADHD_AND_AUTISM_ASD_PATHWAYS	Adenine	Adenine	-	WP5420	C00147	HMDB0000034	RAMP_C_000000024
WIKIPATHWAYS_ADHD_AND_AUTISM_ASD_PATHWAYS	Adenosine	Adenosine	-	WP5420	C00212	HMDB0000050	RAMP_C_000000034
WIKIPATHWAYS_ADHD_AND_AUTISM_ASD_PATHWAYS	Ala	Alanine	-	WP5420	C00041	HMDB0000161	RAMP_C_000000104
WIKIPATHWAYS_ADHD_AND_AUTISM_ASD_PATHWAYS	Anthranilic acid	Anthranilic acid	-	WP5420	C00108	HMDB0001123	RAMP_C_000219500
WIKIPATHWAYS_ADHD_AND_AUTISM_ASD_PATHWAYS	Arg	Arginine	-	WP5420	C00062	HMDB0000517	RAMP_C_000042003
WIKIPATHWAYS_ADHD_AND_AUTISM_ASD_PATHWAYS	Asp	Aspartic acid	-	WP5420	C00049	HMDB0000191	RAMP_C_000218398
WIKIPATHWAYS_ADHD_AND_AUTISM_ASD_PATHWAYS	Betaine	Betaine	-	WP5420	C00719	HMDB0000043	RAMP_C_000000030
WIKIPATHWAYS_ADHD_AND_AUTISM_ASD_PATHWAYS	Cit	Citrulline	-	WP5420	C00327	HMDB0000904	RAMP_C_000218703
WIKIPATHWAYS_ADHD_AND_AUTISM_ASD_PATHWAYS	Creatine	Creatine	-	WP5420	C00300	HMDB0000064	RAMP_C_000000046
WIKIPATHWAYS_ADHD_AND_AUTISM_ASD_PATHWAYS	Cys	Cysteine	-	WP5420	C00097	HMDB0000574	RAMP_C_000218469
WIKIPATHWAYS_ADHD_AND_AUTISM_ASD_PATHWAYS	DMG	Dimethylglycine	-	WP5420	C01026	HMDB0000092	RAMP_C_000000062
WIKIPATHWAYS_ADHD_AND_AUTISM_ASD_PATHWAYS	DOPA	Dihydroxyphenylalanine	-	WP5420	C00355	HMDB0000181	RAMP_C_000218668
WIKIPATHWAYS_ADHD_AND_AUTISM_ASD_PATHWAYS	DOPAC	3,4-Dihydroxyphenylacetic acid	-	WP5420	C01161	HMDB0001336	RAMP_C_000001011
WIKIPATHWAYS_ADHD_AND_AUTISM_ASD_PATHWAYS	Deoxyguanosine	Deoxyguanosine	-	WP5420	C00330	HMDB0000085	RAMP_C_000000058
WIKIPATHWAYS_ADHD_AND_AUTISM_ASD_PATHWAYS	Dopamine	Dopamine	-	WP5420	C03758	HMDB0000073	RAMP_C_000218860
WIKIPATHWAYS_ADHD_AND_AUTISM_ASD_PATHWAYS	Epinephrine	Epinephrine	-	WP5420	C00788	HMDB0000068	RAMP_C_000000048
WIKIPATHWAYS_ADHD_AND_AUTISM_ASD_PATHWAYS	FA 20:4n-6 (AA)	Arachidonic acid (AA; omega6)	-	WP5420	C00219	HMDB0001043	RAMP_C_000000804
WIKIPATHWAYS_ADHD_AND_AUTISM_ASD_PATHWAYS	Folic acid (B9)	Folic acid (B9)	-	WP5420	C00504	HMDB0000121	RAMP_C_000220612
WIKIPATHWAYS_ADHD_AND_AUTISM_ASD_PATHWAYS	Fumaric acid	Fumaric acid	-	WP5420	C00122	HMDB0000134	RAMP_C_000218394
WIKIPATHWAYS_ADHD_AND_AUTISM_ASD_PATHWAYS	GABA	gamma-Aminobutyric acid	-	WP5420	C00334	HMDB0000112	RAMP_C_000219510
WIKIPATHWAYS_ADHD_AND_AUTISM_ASD_PATHWAYS	Gln	Glutamine	-	WP5420	C00064	HMDB0000641	RAMP_C_000218784
WIKIPATHWAYS_ADHD_AND_AUTISM_ASD_PATHWAYS	Glu	Glutamic acid	-	WP5420	C00025	HMDB0000148	RAMP_C_000218397
WIKIPATHWAYS_ADHD_AND_AUTISM_ASD_PATHWAYS	Gly	Glycine	-	WP5420	C00037	HMDB0000123	RAMP_C_000000078
WIKIPATHWAYS_ADHD_AND_AUTISM_ASD_PATHWAYS	Guanidinoacetic acid	Guanidinoacetic acid	-	WP5420	C00581	HMDB0000128	RAMP_C_000219492
WIKIPATHWAYS_ADHD_AND_AUTISM_ASD_PATHWAYS	Guanine	Guanine	-	WP5420	C00242	HMDB0000132	RAMP_C_000000086
WIKIPATHWAYS_ADHD_AND_AUTISM_ASD_PATHWAYS	Guanosine	Guanosine	-	WP5420	C00387	HMDB0000133	RAMP_C_000000087
WIKIPATHWAYS_ADHD_AND_AUTISM_ASD_PATHWAYS	HCys	Homocysteine	-	WP5420	C00155	HMDB0000165	RAMP_C_000218762
WIKIPATHWAYS_ADHD_AND_AUTISM_ASD_PATHWAYS	His	Histidine	-	WP5420	C00135	HMDB0000177	RAMP_C_000218426
WIKIPATHWAYS_ADHD_AND_AUTISM_ASD_PATHWAYS	Histamine	Histamine	-	WP5420	C00388	HMDB0000870	RAMP_C_000000678
WIKIPATHWAYS_ADHD_AND_AUTISM_ASD_PATHWAYS	Homovanillic acid	Homovanillic acid	-	WP5420	C05582	HMDB0000118	RAMP_C_000000074
WIKIPATHWAYS_ADHD_AND_AUTISM_ASD_PATHWAYS	Hypotaurine	Hypotaurine	-	WP5420	C00519	HMDB0000965	RAMP_C_000000756
WIKIPATHWAYS_ADHD_AND_AUTISM_ASD_PATHWAYS	Hypoxanthine	Hypoxanthine	-	WP5420	C00262	HMDB0000157	RAMP_C_000000101
WIKIPATHWAYS_ADHD_AND_AUTISM_ASD_PATHWAYS	Inosine	Inosine	-	WP5420	C00294	HMDB0000195	RAMP_C_000000126
WIKIPATHWAYS_ADHD_AND_AUTISM_ASD_PATHWAYS	Kynurenic acid	Kynurenic acid	-	WP5420	C01717	HMDB0000715	RAMP_C_000219506
WIKIPATHWAYS_ADHD_AND_AUTISM_ASD_PATHWAYS	Kynurenine	Kynurenine	-	WP5420	C00328	HMDB0000183	RAMP_C_000000530
WIKIPATHWAYS_ADHD_AND_AUTISM_ASD_PATHWAYS	MG 20:4	MG 20:4	-	WP5420	C13856	HMDB0004666	RAMP_C_000002127
WIKIPATHWAYS_ADHD_AND_AUTISM_ASD_PATHWAYS	Melatonin	Melatonin	-	WP5420	C01598	HMDB0001389	RAMP_C_000001056
WIKIPATHWAYS_ADHD_AND_AUTISM_ASD_PATHWAYS	Norepinephrine	Norepinephrine	-	WP5420	C00547	HMDB0000216	RAMP_C_000219112
WIKIPATHWAYS_ADHD_AND_AUTISM_ASD_PATHWAYS	Orn	Ornithine	-	WP5420	C00077	HMDB0000214	RAMP_C_000218554
WIKIPATHWAYS_ADHD_AND_AUTISM_ASD_PATHWAYS	PE 36:0	PE 36:0	-	WP5420		HMDB0005327	RAMP_C_000040449
WIKIPATHWAYS_ADHD_AND_AUTISM_ASD_PATHWAYS	PEA	Phenylethylamine	-	WP5420	C05332	HMDB0012275	RAMP_C_000007754
WIKIPATHWAYS_ADHD_AND_AUTISM_ASD_PATHWAYS	PMP	Pyridoxamine 5'-phosphate	-	WP5420	C00647	HMDB0001555	RAMP_C_000220901
WIKIPATHWAYS_ADHD_AND_AUTISM_ASD_PATHWAYS	Phe	Phenylalanine	-	WP5420	C00079	HMDB0000159	RAMP_C_000218749
WIKIPATHWAYS_ADHD_AND_AUTISM_ASD_PATHWAYS	Picolinic acid	Picolinic acid	-	WP5420	C10164	HMDB0002243	RAMP_C_000001492
WIKIPATHWAYS_ADHD_AND_AUTISM_ASD_PATHWAYS	Quinolinic acid	Quinolinic acid	-	WP5420	C03722	HMDB0000232	RAMP_C_000000155
WIKIPATHWAYS_ADHD_AND_AUTISM_ASD_PATHWAYS	Riboflavin (B2)	Riboflavin (B2)	-	WP5420	C00255	HMDB0000244	RAMP_C_000000164
WIKIPATHWAYS_ADHD_AND_AUTISM_ASD_PATHWAYS	Sarcosine	Sarcosine	-	WP5420	C00213	HMDB0000271	RAMP_C_000218658
WIKIPATHWAYS_ADHD_AND_AUTISM_ASD_PATHWAYS	Serotonin	Serotonin	-	WP5420	C00780	HMDB0000259	RAMP_C_000000177
WIKIPATHWAYS_ADHD_AND_AUTISM_ASD_PATHWAYS	Suc	Succinic acid	-	WP5420	C00042	HMDB0000254	RAMP_C_000218399
WIKIPATHWAYS_ADHD_AND_AUTISM_ASD_PATHWAYS	Taurine	Taurine	-	WP5420	C00245	HMDB0000251	RAMP_C_000218584
WIKIPATHWAYS_ADHD_AND_AUTISM_ASD_PATHWAYS	Thr	Threonine	-	WP5420	C00188	HMDB0000167	RAMP_C_000218724
WIKIPATHWAYS_ADHD_AND_AUTISM_ASD_PATHWAYS	Trp	Tryptophan	-	WP5420	C00078	HMDB0000929	RAMP_C_000218721
WIKIPATHWAYS_ADHD_AND_AUTISM_ASD_PATHWAYS	Tyr	Tyrosine	-	WP5420	C00082	HMDB0000158	RAMP_C_000218778
WIKIPATHWAYS_ADHD_AND_AUTISM_ASD_PATHWAYS	Tyramine	Tyramine	-	WP5420	C00483	HMDB0000306	RAMP_C_000000209
WIKIPATHWAYS_ADHD_AND_AUTISM_ASD_PATHWAYS	Uric acid	Uric acid	-	WP5420	C00366	HMDB0000289	RAMP_C_000000194
WIKIPATHWAYS_ADHD_AND_AUTISM_ASD_PATHWAYS	Vanillylmandelic acid	Vanillylmandelic acid	-	WP5420	C05584	HMDB0000291	RAMP_C_000217410
WIKIPATHWAYS_ADHD_AND_AUTISM_ASD_PATHWAYS	Xanthine	Xanthine	-	WP5420	C00385	HMDB0000292	RAMP_C_000000197
WIKIPATHWAYS_ADHD_AND_AUTISM_ASD_PATHWAYS	Xanthurenic acid	Xanthurenic acid	-	WP5420	C02470	HMDB0000881	RAMP_C_000000688
WIKIPATHWAYS_ADHD_AND_AUTISM_ASD_PATHWAYS	a-Ketoglutaric acid	alpha-Ketoglutaric acid	-	WP5420	C00026	HMDB0000208	RAMP_C_000274401
WIKIPATHWAYS_ADHD_AND_AUTISM_ASD_PATHWAYS	cAMP	Adenosine monophosphate, cyclic (cAMP)	-	WP5420	C00575	HMDB0000058	RAMP_C_000218758
WIKIPATHWAYS_AEROBIC_GLYCOLYSIS	Glucose	Glucose	-	WP4629	C00031	HMDB0000122	RAMP_C_000000077
WIKIPATHWAYS_AEROBIC_GLYCOLYSIS	Lac	Lactic acid	-	WP4629	C00186	HMDB0000190	RAMP_C_000218078
WIKIPATHWAYS_AEROBIC_GLYCOLYSIS	Pyruvic acid	Pyruvic acid	-	WP4629	C00022	HMDB0000243	RAMP_C_000218028
WIKIPATHWAYS_AEROBIC_GLYCOLYSIS_AUGMENTED	Creatine	Creatine	-	WP4628	C00300	HMDB0000064	RAMP_C_000000046
WIKIPATHWAYS_AEROBIC_GLYCOLYSIS_AUGMENTED	Glucose	Glucose	-	WP4628	C00031	HMDB0000122	RAMP_C_000000077
WIKIPATHWAYS_AEROBIC_GLYCOLYSIS_AUGMENTED	Lac	Lactic acid	-	WP4628	C00186	HMDB0000190	RAMP_C_000218078
WIKIPATHWAYS_AEROBIC_GLYCOLYSIS_AUGMENTED	Pyruvic acid	Pyruvic acid	-	WP4628	C00022	HMDB0000243	RAMP_C_000218028
WIKIPATHWAYS_AEROBIC_GLYCOLYSIS_AUGMENTED	Ser	Serine	-	WP4628	C00065	HMDB0000187	RAMP_C_000218440
WIKIPATHWAYS_ALANINE_AND_ASPARTATE_METABOLISM	Ala	Alanine	-	WP106	C00041	HMDB0000161	RAMP_C_000000104
WIKIPATHWAYS_ALANINE_AND_ASPARTATE_METABOLISM	Arginino-Suc	Argininosuccinic acid	-	WP106	C03406	HMDB0000052	RAMP_C_000218664
WIKIPATHWAYS_ALANINE_AND_ASPARTATE_METABOLISM	Asn	Asparagine	-	WP106	C00152	HMDB0000168	RAMP_C_000218742
WIKIPATHWAYS_ALANINE_AND_ASPARTATE_METABOLISM	Asp	Aspartic acid	-	WP106	C00049	HMDB0000191	RAMP_C_000218398
WIKIPATHWAYS_ALANINE_AND_ASPARTATE_METABOLISM	C2	Acetylcarnitine	-	WP106	C02571	HMDB0000201	RAMP_C_000218051
WIKIPATHWAYS_ALANINE_AND_ASPARTATE_METABOLISM	Carnosine	Carnosine	-	WP106	C00386	HMDB0000033	RAMP_C_000218666
WIKIPATHWAYS_ALANINE_AND_ASPARTATE_METABOLISM	Citric acid	Citric acid	-	WP106	C00158	HMDB0000094	RAMP_C_000218121
WIKIPATHWAYS_ALANINE_AND_ASPARTATE_METABOLISM	Fumaric acid	Fumaric acid	-	WP106	C00122	HMDB0000134	RAMP_C_000218394
WIKIPATHWAYS_ALANINE_AND_ASPARTATE_METABOLISM	Malic acid	Malic acid	-	WP106	C00149	HMDB0000156	RAMP_C_000218036
WIKIPATHWAYS_ALANINE_AND_ASPARTATE_METABOLISM	Oxaloacetic acid	Oxaloacetic acid	-	WP106	C00036	HMDB0000223	RAMP_C_000262942
WIKIPATHWAYS_ALANINE_AND_ASPARTATE_METABOLISM	Pyruvic acid	Pyruvic acid	-	WP106	C00022	HMDB0000243	RAMP_C_000218028
WIKIPATHWAYS_ALANINE_AND_ASPARTATE_METABOLISM	Suc	Succinic acid	-	WP106	C00042	HMDB0000254	RAMP_C_000218399
WIKIPATHWAYS_ALANINE_AND_ASPARTATE_METABOLISM	a-Ketoglutaric acid	alpha-Ketoglutaric acid	-	WP106	C00026	HMDB0000208	RAMP_C_000274401
WIKIPATHWAYS_ALANINE_AND_ASPARTATE_METABOLISM	beta-Ala	beta-Alanine	-	WP106	C00099	HMDB0000056	RAMP_C_000218729
WIKIPATHWAYS_AMINO_ACID_CONJUGATION	Gln	Glutamine	-	WP715	C00064	HMDB0000641	RAMP_C_000218784
WIKIPATHWAYS_AMINO_ACID_CONJUGATION	Gly	Glycine	-	WP715	C00037	HMDB0000123	RAMP_C_000000078
WIKIPATHWAYS_AMINO_ACID_CONJUGATION	Taurine	Taurine	-	WP715	C00245	HMDB0000251	RAMP_C_000218584
WIKIPATHWAYS_AMINO_ACID_CONJUGATION_OF_BENZOIC_ACID	2-Met-HipAcid	2-Methylhippuric acid	-	WP521	C01586	HMDB0000714	RAMP_C_000000556
WIKIPATHWAYS_AMINO_ACID_CONJUGATION_OF_BENZOIC_ACID	Benzoic acid	Benzoic acid	-	WP521	C00180	HMDB0001870	RAMP_C_000001222
WIKIPATHWAYS_AMINO_ACID_CONJUGATION_OF_BENZOIC_ACID	Gly	Glycine	-	WP521	C00037	HMDB0000123	RAMP_C_000000078
WIKIPATHWAYS_AMINO_ACID_CONJUGATION_OF_BENZOIC_ACID	HipAcid	Hippuric acid	-	WP521	C01586	HMDB0000714	RAMP_C_000000556
WIKIPATHWAYS_AMINO_ACID_METABOLISM	2-OH-Isobutyric acid	2-Hydroxyisobutyric acid	-	WP3925		HMDB0000729	RAMP_C_000000569
WIKIPATHWAYS_AMINO_ACID_METABOLISM	3-IAA	3-Indoleacetic acid	-	WP3925	C00954	HMDB0000197	RAMP_C_000000127
WIKIPATHWAYS_AMINO_ACID_METABOLISM	3-Met-2-oxovaleric acid	3-Methyl-2-oxovaleric acid	-	WP3925	C00671	HMDB0000491	RAMP_C_000000367
WIKIPATHWAYS_AMINO_ACID_METABOLISM	3-OH-Butyric acid	3-Hydroxybutyric acid	-	WP3925	C01089	HMDB0000011	RAMP_C_000218499
WIKIPATHWAYS_AMINO_ACID_METABOLISM	4-Met-2-oxovaleric acid	2-Oxoisocaproic acid	-	WP3925	C00233	HMDB0000695	RAMP_C_000218182
WIKIPATHWAYS_AMINO_ACID_METABOLISM	5-HIAA	5-Hydroxyindoleacetic acid	-	WP3925	C05635	HMDB0000763	RAMP_C_000000599
WIKIPATHWAYS_AMINO_ACID_METABOLISM	5-OH-Trp	5-Hydroxytryptophan	-	WP3925	C00643	HMDB0000472	RAMP_C_000218770
WIKIPATHWAYS_AMINO_ACID_METABOLISM	Ala	Alanine	-	WP3925	C00041	HMDB0000161	RAMP_C_000000104
WIKIPATHWAYS_AMINO_ACID_METABOLISM	Arg	Arginine	-	WP3925	C00062	HMDB0000517	RAMP_C_000042003
WIKIPATHWAYS_AMINO_ACID_METABOLISM	Arginino-Suc	Argininosuccinic acid	-	WP3925	C03406	HMDB0000052	RAMP_C_000218664
WIKIPATHWAYS_AMINO_ACID_METABOLISM	Asn	Asparagine	-	WP3925	C00152	HMDB0000168	RAMP_C_000218742
WIKIPATHWAYS_AMINO_ACID_METABOLISM	Asp	Aspartic acid	-	WP3925	C00049	HMDB0000191	RAMP_C_000218398
WIKIPATHWAYS_AMINO_ACID_METABOLISM	Carbamoyl-PO4	Carbamoylphosphate	-	WP3925	C00169	HMDB0001096	RAMP_C_000218766
WIKIPATHWAYS_AMINO_ACID_METABOLISM	Cit	Citrulline	-	WP3925	C00327	HMDB0000904	RAMP_C_000218703
WIKIPATHWAYS_AMINO_ACID_METABOLISM	Citric acid	Citric acid	-	WP3925	C00158	HMDB0000094	RAMP_C_000218121
WIKIPATHWAYS_AMINO_ACID_METABOLISM	Cys	Cysteine	-	WP3925	C00097	HMDB0000574	RAMP_C_000218469
WIKIPATHWAYS_AMINO_ACID_METABOLISM	Dopamine	Dopamine	-	WP3925	C03758	HMDB0000073	RAMP_C_000218860
WIKIPATHWAYS_AMINO_ACID_METABOLISM	Epinephrine	Epinephrine	-	WP3925	C00788	HMDB0000068	RAMP_C_000000048
WIKIPATHWAYS_AMINO_ACID_METABOLISM	Fumaric acid	Fumaric acid	-	WP3925	C00122	HMDB0000134	RAMP_C_000218394
WIKIPATHWAYS_AMINO_ACID_METABOLISM	Gln	Glutamine	-	WP3925	C00064	HMDB0000641	RAMP_C_000218784
WIKIPATHWAYS_AMINO_ACID_METABOLISM	Glu	Glutamic acid	-	WP3925	C00025	HMDB0000148	RAMP_C_000218397
WIKIPATHWAYS_AMINO_ACID_METABOLISM	Glucose	Glucose	-	WP3925	C00031	HMDB0000122	RAMP_C_000000077
WIKIPATHWAYS_AMINO_ACID_METABOLISM	Gly	Glycine	-	WP3925	C00037	HMDB0000123	RAMP_C_000000078
WIKIPATHWAYS_AMINO_ACID_METABOLISM	Guanidinoacetic acid	Guanidinoacetic acid	-	WP3925	C00581	HMDB0000128	RAMP_C_000219492
WIKIPATHWAYS_AMINO_ACID_METABOLISM	HCys	Homocysteine	-	WP3925	C00155	HMDB0000165	RAMP_C_000218762
WIKIPATHWAYS_AMINO_ACID_METABOLISM	His	Histidine	-	WP3925	C00135	HMDB0000177	RAMP_C_000218426
WIKIPATHWAYS_AMINO_ACID_METABOLISM	Histamine	Histamine	-	WP3925	C00388	HMDB0000870	RAMP_C_000000678
WIKIPATHWAYS_AMINO_ACID_METABOLISM	Ile	Isoleucine	-	WP3925	C00407	HMDB0000172	RAMP_C_000218741
WIKIPATHWAYS_AMINO_ACID_METABOLISM	Indoleacetaldehyde	Indoleacetaldehyde	-	WP3925	C00637	HMDB0001190	RAMP_C_000000909
WIKIPATHWAYS_AMINO_ACID_METABOLISM	Isocitric acid	Isocitric acid	-	WP3925	C00311	HMDB0000193	RAMP_C_000217206
WIKIPATHWAYS_AMINO_ACID_METABOLISM	Lac	Lactic acid	-	WP3925	C00186	HMDB0000190	RAMP_C_000218078
WIKIPATHWAYS_AMINO_ACID_METABOLISM	Leu	Leucine	-	WP3925	C00123	HMDB0000687	RAMP_C_000000532
WIKIPATHWAYS_AMINO_ACID_METABOLISM	Malic acid	Malic acid	-	WP3925	C00149	HMDB0000156	RAMP_C_000218036
WIKIPATHWAYS_AMINO_ACID_METABOLISM	Met	Methionine	-	WP3925	C00073	HMDB0000696	RAMP_C_000218711
WIKIPATHWAYS_AMINO_ACID_METABOLISM	Norepinephrine	Norepinephrine	-	WP3925	C00547	HMDB0000216	RAMP_C_000219112
WIKIPATHWAYS_AMINO_ACID_METABOLISM	Orn	Ornithine	-	WP3925	C00077	HMDB0000214	RAMP_C_000218554
WIKIPATHWAYS_AMINO_ACID_METABOLISM	Oxaloacetic acid	Oxaloacetic acid	-	WP3925	C00036	HMDB0000223	RAMP_C_000262942
WIKIPATHWAYS_AMINO_ACID_METABOLISM	Phe	Phenylalanine	-	WP3925	C00079	HMDB0000159	RAMP_C_000218749
WIKIPATHWAYS_AMINO_ACID_METABOLISM	Pro	Proline	-	WP3925	C00148	HMDB0000162	RAMP_C_000218861
WIKIPATHWAYS_AMINO_ACID_METABOLISM	Putrescine	Putrescine	-	WP3925	C00134	HMDB0001414	RAMP_C_000001073
WIKIPATHWAYS_AMINO_ACID_METABOLISM	Pyruvic acid	Pyruvic acid	-	WP3925	C00022	HMDB0000243	RAMP_C_000218028
WIKIPATHWAYS_AMINO_ACID_METABOLISM	Ser	Serine	-	WP3925	C00065	HMDB0000187	RAMP_C_000218440
WIKIPATHWAYS_AMINO_ACID_METABOLISM	Serotonin	Serotonin	-	WP3925	C00780	HMDB0000259	RAMP_C_000000177
WIKIPATHWAYS_AMINO_ACID_METABOLISM	Spermidine	Spermidine	-	WP3925	C00315	HMDB0001257	RAMP_C_000000954
WIKIPATHWAYS_AMINO_ACID_METABOLISM	Spermine	Spermine	-	WP3925	C00750	HMDB0001256	RAMP_C_000218544
WIKIPATHWAYS_AMINO_ACID_METABOLISM	Suc	Succinic acid	-	WP3925	C00042	HMDB0000254	RAMP_C_000218399
WIKIPATHWAYS_AMINO_ACID_METABOLISM	Thr	Threonine	-	WP3925	C00188	HMDB0000167	RAMP_C_000218724
WIKIPATHWAYS_AMINO_ACID_METABOLISM	Trp	Tryptophan	-	WP3925	C00078	HMDB0000929	RAMP_C_000218721
WIKIPATHWAYS_AMINO_ACID_METABOLISM	Tryptamine	Tryptamine	-	WP3925	C00398	HMDB0000303	RAMP_C_000262759
WIKIPATHWAYS_AMINO_ACID_METABOLISM	Tyr	Tyrosine	-	WP3925	C00082	HMDB0000158	RAMP_C_000218778
WIKIPATHWAYS_AMINO_ACID_METABOLISM	Urea	Urea	-	WP3925	C00086	HMDB0000294	RAMP_C_000000199
WIKIPATHWAYS_AMINO_ACID_METABOLISM	Val	Valine	-	WP3925	C00183	HMDB0000883	RAMP_C_000218704
WIKIPATHWAYS_AMINO_ACID_METABOLISM	a-Ketoglutaric acid	alpha-Ketoglutaric acid	-	WP3925	C00026	HMDB0000208	RAMP_C_000274401
WIKIPATHWAYS_AMINO_ACID_METABOLISM	a-Ketoisovaleric acid	alpha-Ketoisovaleric acid	-	WP3925	C00141	HMDB0000019	RAMP_C_000000012
WIKIPATHWAYS_AMINO_ACID_METABOLISM	t4-OH-Pro	trans-4-Hydroxyproline	-	WP3925	C01157	HMDB0000725	RAMP_C_000000565
WIKIPATHWAYS_AMINO_ACID_METABOLISM_IN_TRIPLE_NEGATIVE_BREAST_CANCER_CELLS	Citric acid	Citric acid	-	WP5213	C00158	HMDB0000094	RAMP_C_000218121
WIKIPATHWAYS_AMINO_ACID_METABOLISM_IN_TRIPLE_NEGATIVE_BREAST_CANCER_CELLS	Gln	Glutamine	-	WP5213	C00064	HMDB0000641	RAMP_C_000218784
WIKIPATHWAYS_AMINO_ACID_METABOLISM_IN_TRIPLE_NEGATIVE_BREAST_CANCER_CELLS	Glu	Glutamic acid	-	WP5213	C00025	HMDB0000148	RAMP_C_000218397
WIKIPATHWAYS_AMINO_ACID_METABOLISM_IN_TRIPLE_NEGATIVE_BREAST_CANCER_CELLS	Malic acid	Malic acid	-	WP5213	C00149	HMDB0000156	RAMP_C_000218036
WIKIPATHWAYS_AMINO_ACID_METABOLISM_IN_TRIPLE_NEGATIVE_BREAST_CANCER_CELLS	Oxaloacetic acid	Oxaloacetic acid	-	WP5213	C00036	HMDB0000223	RAMP_C_000262942
WIKIPATHWAYS_AMINO_ACID_METABOLISM_IN_TRIPLE_NEGATIVE_BREAST_CANCER_CELLS	Pyruvic acid	Pyruvic acid	-	WP5213	C00022	HMDB0000243	RAMP_C_000218028
WIKIPATHWAYS_AMINO_ACID_METABOLISM_IN_TRIPLE_NEGATIVE_BREAST_CANCER_CELLS	Ser	Serine	-	WP5213	C00065	HMDB0000187	RAMP_C_000218440
WIKIPATHWAYS_AMINO_ACID_METABOLISM_IN_TRIPLE_NEGATIVE_BREAST_CANCER_CELLS	a-Ketoglutaric acid	alpha-Ketoglutaric acid	-	WP5213	C00026	HMDB0000208	RAMP_C_000274401
WIKIPATHWAYS_AMINO_ACID_METABOLISM_PATHWAY_EXCERPT_HISTIDINE_CATABOLISM_EXTENSION	Ala	Alanine	-	WP4661	C00041	HMDB0000161	RAMP_C_000000104
WIKIPATHWAYS_AMINO_ACID_METABOLISM_PATHWAY_EXCERPT_HISTIDINE_CATABOLISM_EXTENSION	Citric acid	Citric acid	-	WP4661	C00158	HMDB0000094	RAMP_C_000218121
WIKIPATHWAYS_AMINO_ACID_METABOLISM_PATHWAY_EXCERPT_HISTIDINE_CATABOLISM_EXTENSION	Fumaric acid	Fumaric acid	-	WP4661	C00122	HMDB0000134	RAMP_C_000218394
WIKIPATHWAYS_AMINO_ACID_METABOLISM_PATHWAY_EXCERPT_HISTIDINE_CATABOLISM_EXTENSION	Glu	Glutamic acid	-	WP4661	C00025	HMDB0000148	RAMP_C_000218397
WIKIPATHWAYS_AMINO_ACID_METABOLISM_PATHWAY_EXCERPT_HISTIDINE_CATABOLISM_EXTENSION	His	Histidine	-	WP4661	C00135	HMDB0000177	RAMP_C_000218426
WIKIPATHWAYS_AMINO_ACID_METABOLISM_PATHWAY_EXCERPT_HISTIDINE_CATABOLISM_EXTENSION	Isocitric acid	Isocitric acid	-	WP4661	C00311	HMDB0000193	RAMP_C_000217206
WIKIPATHWAYS_AMINO_ACID_METABOLISM_PATHWAY_EXCERPT_HISTIDINE_CATABOLISM_EXTENSION	Malic acid	Malic acid	-	WP4661	C00149	HMDB0000156	RAMP_C_000218036
WIKIPATHWAYS_AMINO_ACID_METABOLISM_PATHWAY_EXCERPT_HISTIDINE_CATABOLISM_EXTENSION	Oxaloacetic acid	Oxaloacetic acid	-	WP4661	C00036	HMDB0000223	RAMP_C_000262942
WIKIPATHWAYS_AMINO_ACID_METABOLISM_PATHWAY_EXCERPT_HISTIDINE_CATABOLISM_EXTENSION	Pyruvic acid	Pyruvic acid	-	WP4661	C00022	HMDB0000243	RAMP_C_000218028
WIKIPATHWAYS_AMINO_ACID_METABOLISM_PATHWAY_EXCERPT_HISTIDINE_CATABOLISM_EXTENSION	Suc	Succinic acid	-	WP4661	C00042	HMDB0000254	RAMP_C_000218399
WIKIPATHWAYS_AMINO_ACID_METABOLISM_PATHWAY_EXCERPT_HISTIDINE_CATABOLISM_EXTENSION	a-Ketoglutaric acid	alpha-Ketoglutaric acid	-	WP4661	C00026	HMDB0000208	RAMP_C_000274401
WIKIPATHWAYS_AMINO_ACID_TRANSPORT_DEFECTS_IEMS	Asp	Aspartic acid	-	WP5029	C00049	HMDB0000191	RAMP_C_000218398
WIKIPATHWAYS_AMINO_ACID_TRANSPORT_DEFECTS_IEMS	Cys	Cysteine	-	WP5029	C00097	HMDB0000574	RAMP_C_000218469
WIKIPATHWAYS_AMINO_ACID_TRANSPORT_DEFECTS_IEMS	Glu	Glutamic acid	-	WP5029	C00025	HMDB0000148	RAMP_C_000218397
WIKIPATHWAYS_AMINO_ACID_TRANSPORT_DEFECTS_IEMS	Gly	Glycine	-	WP5029	C00037	HMDB0000123	RAMP_C_000000078
WIKIPATHWAYS_AMINO_ACID_TRANSPORT_DEFECTS_IEMS	Ser	Serine	-	WP5029	C00065	HMDB0000187	RAMP_C_000218440
WIKIPATHWAYS_BIOCHEMICAL_PATHWAYS_PART_I	2-OH-Butyric acid	2-Hydroxybutyric acid	-	WP3604	C05984	HMDB0000008	RAMP_C_000000004
WIKIPATHWAYS_BIOCHEMICAL_PATHWAYS_PART_I	2-OH-Glutaric acid	2-Hydroxyglutaric acid	-	WP3604	C01087	HMDB0000606	RAMP_C_000219574
WIKIPATHWAYS_BIOCHEMICAL_PATHWAYS_PART_I	3-IAA	3-Indoleacetic acid	-	WP3604	C00954	HMDB0000197	RAMP_C_000000127
WIKIPATHWAYS_BIOCHEMICAL_PATHWAYS_PART_I	3-Met-2-oxovaleric acid	3-Methyl-2-oxovaleric acid	-	WP3604	C00671	HMDB0000491	RAMP_C_000000367
WIKIPATHWAYS_BIOCHEMICAL_PATHWAYS_PART_I	3-OH-Anthranilic acid	3-Hydroxyanthranilic acid	-	WP3604	C00632	HMDB0001476	RAMP_C_000220389
WIKIPATHWAYS_BIOCHEMICAL_PATHWAYS_PART_I	3-OH-Isobutyric acid	3-Hydroxyisobutyric acid	-	WP3604	C01188	HMDB0000023	RAMP_C_000000016
WIKIPATHWAYS_BIOCHEMICAL_PATHWAYS_PART_I	4-Met-2-oxovaleric acid	2-Oxoisocaproic acid	-	WP3604	C00233	HMDB0000695	RAMP_C_000218182
WIKIPATHWAYS_BIOCHEMICAL_PATHWAYS_PART_I	4-OH-Phenylpyruvic acid	4-Hydroxyphenylpyruvic acid	-	WP3604	C01179	HMDB0000707	RAMP_C_000000549
WIKIPATHWAYS_BIOCHEMICAL_PATHWAYS_PART_I	5-Amino-4-oxovaleric acid	5-Amino-4-oxovaleric acid	-	WP3604	C00430	HMDB0001149	RAMP_C_000220903
WIKIPATHWAYS_BIOCHEMICAL_PATHWAYS_PART_I	5-HIAA	5-Hydroxyindoleacetic acid	-	WP3604	C05635	HMDB0000763	RAMP_C_000000599
WIKIPATHWAYS_BIOCHEMICAL_PATHWAYS_PART_I	5-OH-Trp	5-Hydroxytryptophan	-	WP3604	C00643	HMDB0000472	RAMP_C_000218770
WIKIPATHWAYS_BIOCHEMICAL_PATHWAYS_PART_I	AHCys	S-Adenosylhomocysteine	-	WP3604	C00021	HMDB0000939	RAMP_C_000218715
WIKIPATHWAYS_BIOCHEMICAL_PATHWAYS_PART_I	Adenine	Adenine	-	WP3604	C00147	HMDB0000034	RAMP_C_000000024
WIKIPATHWAYS_BIOCHEMICAL_PATHWAYS_PART_I	Adenosine	Adenosine	-	WP3604	C00212	HMDB0000050	RAMP_C_000000034
WIKIPATHWAYS_BIOCHEMICAL_PATHWAYS_PART_I	Ala	Alanine	-	WP3604	C00041	HMDB0000161	RAMP_C_000000104
WIKIPATHWAYS_BIOCHEMICAL_PATHWAYS_PART_I	Anthranilic acid	Anthranilic acid	-	WP3604	C00108	HMDB0001123	RAMP_C_000219500
WIKIPATHWAYS_BIOCHEMICAL_PATHWAYS_PART_I	Arg	Arginine	-	WP3604	C00062	HMDB0000517	RAMP_C_000042003
WIKIPATHWAYS_BIOCHEMICAL_PATHWAYS_PART_I	Arginino-Suc	Argininosuccinic acid	-	WP3604	C03406	HMDB0000052	RAMP_C_000218664
WIKIPATHWAYS_BIOCHEMICAL_PATHWAYS_PART_I	Asn	Asparagine	-	WP3604	C00152	HMDB0000168	RAMP_C_000218742
WIKIPATHWAYS_BIOCHEMICAL_PATHWAYS_PART_I	Asp	Aspartic acid	-	WP3604	C00049	HMDB0000191	RAMP_C_000218398
WIKIPATHWAYS_BIOCHEMICAL_PATHWAYS_PART_I	Betaine	Betaine	-	WP3604	C00719	HMDB0000043	RAMP_C_000000030
WIKIPATHWAYS_BIOCHEMICAL_PATHWAYS_PART_I	CA	Cholic acid	-	WP3604	C00695	HMDB0000505	RAMP_C_000218390
WIKIPATHWAYS_BIOCHEMICAL_PATHWAYS_PART_I	CDCA	Chenodeoxycholic acid	-	WP3604	C02528	HMDB0000518	RAMP_C_000000390
WIKIPATHWAYS_BIOCHEMICAL_PATHWAYS_PART_I	Carbamoyl-PO4	Carbamoylphosphate	-	WP3604	C00169	HMDB0001096	RAMP_C_000218766
WIKIPATHWAYS_BIOCHEMICAL_PATHWAYS_PART_I	Choline	Choline	-	WP3604	C00114	HMDB0000097	RAMP_C_000000065
WIKIPATHWAYS_BIOCHEMICAL_PATHWAYS_PART_I	Cit	Citrulline	-	WP3604	C00327	HMDB0000904	RAMP_C_000218703
WIKIPATHWAYS_BIOCHEMICAL_PATHWAYS_PART_I	Citric acid	Citric acid	-	WP3604	C00158	HMDB0000094	RAMP_C_000218121
WIKIPATHWAYS_BIOCHEMICAL_PATHWAYS_PART_I	Cortisol	Cortisol	-	WP3604	C00735	HMDB0000063	RAMP_C_000000045
WIKIPATHWAYS_BIOCHEMICAL_PATHWAYS_PART_I	Cortisone	Cortisone	-	WP3604	C00762	HMDB0002802	RAMP_C_000001680
WIKIPATHWAYS_BIOCHEMICAL_PATHWAYS_PART_I	Creatine	Creatine	-	WP3604	C00300	HMDB0000064	RAMP_C_000000046
WIKIPATHWAYS_BIOCHEMICAL_PATHWAYS_PART_I	Cys	Cysteine	-	WP3604	C00097	HMDB0000574	RAMP_C_000218469
WIKIPATHWAYS_BIOCHEMICAL_PATHWAYS_PART_I	Cystine	Cystine	-	WP3604	C00491	HMDB0000192	RAMP_C_000000123
WIKIPATHWAYS_BIOCHEMICAL_PATHWAYS_PART_I	Cytidine	Cytidine	-	WP3604	C00475	HMDB0000089	RAMP_C_000000061
WIKIPATHWAYS_BIOCHEMICAL_PATHWAYS_PART_I	Cytosine	Cytosine	-	WP3604	C00380	HMDB0000630	RAMP_C_000000483
WIKIPATHWAYS_BIOCHEMICAL_PATHWAYS_PART_I	DHEAS	Dehydroepiandrosterone sulfate	-	WP3604	C04555	HMDB0001032	RAMP_C_000269812
WIKIPATHWAYS_BIOCHEMICAL_PATHWAYS_PART_I	DMG	Dimethylglycine	-	WP3604	C01026	HMDB0000092	RAMP_C_000000062
WIKIPATHWAYS_BIOCHEMICAL_PATHWAYS_PART_I	DOPA	Dihydroxyphenylalanine	-	WP3604	C00355	HMDB0000181	RAMP_C_000218668
WIKIPATHWAYS_BIOCHEMICAL_PATHWAYS_PART_I	Deoxycytidine	Deoxycytidine	-	WP3604	C00881	HMDB0000014	RAMP_C_000000008
WIKIPATHWAYS_BIOCHEMICAL_PATHWAYS_PART_I	Deoxyguanosine	Deoxyguanosine	-	WP3604	C00330	HMDB0000085	RAMP_C_000000058
WIKIPATHWAYS_BIOCHEMICAL_PATHWAYS_PART_I	Dopamine	Dopamine	-	WP3604	C03758	HMDB0000073	RAMP_C_000218860
WIKIPATHWAYS_BIOCHEMICAL_PATHWAYS_PART_I	Epinephrine	Epinephrine	-	WP3604	C00788	HMDB0000068	RAMP_C_000000048
WIKIPATHWAYS_BIOCHEMICAL_PATHWAYS_PART_I	FA 3:0	Propanoic acid	-	WP3604	C00163	HMDB0000237	RAMP_C_000220356
WIKIPATHWAYS_BIOCHEMICAL_PATHWAYS_PART_I	Fructose	Fructose	-	WP3604	C02336	HMDB0000660	RAMP_C_000000509
WIKIPATHWAYS_BIOCHEMICAL_PATHWAYS_PART_I	Fumaric acid	Fumaric acid	-	WP3604	C00122	HMDB0000134	RAMP_C_000218394
WIKIPATHWAYS_BIOCHEMICAL_PATHWAYS_PART_I	GABA	gamma-Aminobutyric acid	-	WP3604	C00334	HMDB0000112	RAMP_C_000219510
WIKIPATHWAYS_BIOCHEMICAL_PATHWAYS_PART_I	GCA	Glycocholic acid	-	WP3604	C01921	HMDB0000138	RAMP_C_000000089
WIKIPATHWAYS_BIOCHEMICAL_PATHWAYS_PART_I	Gln	Glutamine	-	WP3604	C00064	HMDB0000641	RAMP_C_000218784
WIKIPATHWAYS_BIOCHEMICAL_PATHWAYS_PART_I	Glu	Glutamic acid	-	WP3604	C00025	HMDB0000148	RAMP_C_000218397
WIKIPATHWAYS_BIOCHEMICAL_PATHWAYS_PART_I	Glucose	Glucose	-	WP3604	C00031	HMDB0000122	RAMP_C_000000077
WIKIPATHWAYS_BIOCHEMICAL_PATHWAYS_PART_I	Glutaric acid	Glutaric acid	-	WP3604	C00489	HMDB0000661	RAMP_C_000000510
WIKIPATHWAYS_BIOCHEMICAL_PATHWAYS_PART_I	Gly	Glycine	-	WP3604	C00037	HMDB0000123	RAMP_C_000000078
WIKIPATHWAYS_BIOCHEMICAL_PATHWAYS_PART_I	Glyceric acid	Glyceric acid	-	WP3604	C00258	HMDB0000139	RAMP_C_000218080
WIKIPATHWAYS_BIOCHEMICAL_PATHWAYS_PART_I	Glycolic acid	Glycolic acid	-	WP3604	C00160	HMDB0000115	RAMP_C_000000073
WIKIPATHWAYS_BIOCHEMICAL_PATHWAYS_PART_I	Glyoxylic acid	Glyoxylic acid	-	WP3604	C00048	HMDB0000119	RAMP_C_000218495
WIKIPATHWAYS_BIOCHEMICAL_PATHWAYS_PART_I	Guanidinoacetic acid	Guanidinoacetic acid	-	WP3604	C00581	HMDB0000128	RAMP_C_000219492
WIKIPATHWAYS_BIOCHEMICAL_PATHWAYS_PART_I	Guanine	Guanine	-	WP3604	C00242	HMDB0000132	RAMP_C_000000086
WIKIPATHWAYS_BIOCHEMICAL_PATHWAYS_PART_I	Guanosine	Guanosine	-	WP3604	C00387	HMDB0000133	RAMP_C_000000087
WIKIPATHWAYS_BIOCHEMICAL_PATHWAYS_PART_I	HCys	Homocysteine	-	WP3604	C00155	HMDB0000165	RAMP_C_000218762
WIKIPATHWAYS_BIOCHEMICAL_PATHWAYS_PART_I	HSer	Homoserine	-	WP3604	C00263	HMDB0000719	RAMP_C_000262508
WIKIPATHWAYS_BIOCHEMICAL_PATHWAYS_PART_I	His	Histidine	-	WP3604	C00135	HMDB0000177	RAMP_C_000218426
WIKIPATHWAYS_BIOCHEMICAL_PATHWAYS_PART_I	Histamine	Histamine	-	WP3604	C00388	HMDB0000870	RAMP_C_000000678
WIKIPATHWAYS_BIOCHEMICAL_PATHWAYS_PART_I	Hypotaurine	Hypotaurine	-	WP3604	C00519	HMDB0000965	RAMP_C_000000756
WIKIPATHWAYS_BIOCHEMICAL_PATHWAYS_PART_I	Hypoxanthine	Hypoxanthine	-	WP3604	C00262	HMDB0000157	RAMP_C_000000101
WIKIPATHWAYS_BIOCHEMICAL_PATHWAYS_PART_I	Ile	Isoleucine	-	WP3604	C00407	HMDB0000172	RAMP_C_000218741
WIKIPATHWAYS_BIOCHEMICAL_PATHWAYS_PART_I	Indoleacetaldehyde	Indoleacetaldehyde	-	WP3604	C00637	HMDB0001190	RAMP_C_000000909
WIKIPATHWAYS_BIOCHEMICAL_PATHWAYS_PART_I	Indolepyruvic acid	Indolepyruvic acid	-	WP3604	C00331	HMDB0060484	RAMP_C_000262180
WIKIPATHWAYS_BIOCHEMICAL_PATHWAYS_PART_I	Inosine	Inosine	-	WP3604	C00294	HMDB0000195	RAMP_C_000000126
WIKIPATHWAYS_BIOCHEMICAL_PATHWAYS_PART_I	Isocitric acid	Isocitric acid	-	WP3604	C00311	HMDB0000193	RAMP_C_000217206
WIKIPATHWAYS_BIOCHEMICAL_PATHWAYS_PART_I	Kynurenic acid	Kynurenic acid	-	WP3604	C01717	HMDB0000715	RAMP_C_000219506
WIKIPATHWAYS_BIOCHEMICAL_PATHWAYS_PART_I	Kynurenine	Kynurenine	-	WP3604	C00328	HMDB0000183	RAMP_C_000000530
WIKIPATHWAYS_BIOCHEMICAL_PATHWAYS_PART_I	Lac	Lactic acid	-	WP3604	C00186	HMDB0000190	RAMP_C_000218078
WIKIPATHWAYS_BIOCHEMICAL_PATHWAYS_PART_I	Leu	Leucine	-	WP3604	C00123	HMDB0000687	RAMP_C_000000532
WIKIPATHWAYS_BIOCHEMICAL_PATHWAYS_PART_I	Lys	Lysine	-	WP3604	C00047	HMDB0000182	RAMP_C_000000117
WIKIPATHWAYS_BIOCHEMICAL_PATHWAYS_PART_I	Malic acid	Malic acid	-	WP3604	C00149	HMDB0000156	RAMP_C_000218036
WIKIPATHWAYS_BIOCHEMICAL_PATHWAYS_PART_I	Malonic acid	Malonic acid	-	WP3604	C00383	HMDB0000691	RAMP_C_000220789
WIKIPATHWAYS_BIOCHEMICAL_PATHWAYS_PART_I	Mannose	Mannose	-	WP3604	C00159	HMDB0000169	RAMP_C_000000110
WIKIPATHWAYS_BIOCHEMICAL_PATHWAYS_PART_I	Met	Methionine	-	WP3604	C00073	HMDB0000696	RAMP_C_000218711
WIKIPATHWAYS_BIOCHEMICAL_PATHWAYS_PART_I	Met-SO	Methionine sulfoxide	-	WP3604	C02989	HMDB0002005	RAMP_C_000001320
WIKIPATHWAYS_BIOCHEMICAL_PATHWAYS_PART_I	Mevalonic acid	Mevalonic acid	-	WP3604	C00418	HMDB0000227	RAMP_C_000218492
WIKIPATHWAYS_BIOCHEMICAL_PATHWAYS_PART_I	N6-Ac-Lys	N6-Acetyllysine	-	WP3604	C02727	HMDB0000206	RAMP_C_000262648
WIKIPATHWAYS_BIOCHEMICAL_PATHWAYS_PART_I	Norepinephrine	Norepinephrine	-	WP3604	C00547	HMDB0000216	RAMP_C_000219112
WIKIPATHWAYS_BIOCHEMICAL_PATHWAYS_PART_I	Orn	Ornithine	-	WP3604	C00077	HMDB0000214	RAMP_C_000218554
WIKIPATHWAYS_BIOCHEMICAL_PATHWAYS_PART_I	Orotic acid	Orotic acid	-	WP3604	C00295	HMDB0000226	RAMP_C_000000150
WIKIPATHWAYS_BIOCHEMICAL_PATHWAYS_PART_I	Oxalic acid	Oxalic acid	-	WP3604	C00209	HMDB0002329	RAMP_C_000001542
WIKIPATHWAYS_BIOCHEMICAL_PATHWAYS_PART_I	Oxaloacetic acid	Oxaloacetic acid	-	WP3604	C00036	HMDB0000223	RAMP_C_000262942
WIKIPATHWAYS_BIOCHEMICAL_PATHWAYS_PART_I	Pantothenic acid (B5)	Pantothenic acid (B5)	-	WP3604	C00864	HMDB0000210	RAMP_C_000218339
WIKIPATHWAYS_BIOCHEMICAL_PATHWAYS_PART_I	Phe	Phenylalanine	-	WP3604	C00079	HMDB0000159	RAMP_C_000218749
WIKIPATHWAYS_BIOCHEMICAL_PATHWAYS_PART_I	Phenylpyruvic acid	Phenylpyruvic acid	-	WP3604	C00166	HMDB0000205	RAMP_C_000216964
WIKIPATHWAYS_BIOCHEMICAL_PATHWAYS_PART_I	Picolinic acid	Picolinic acid	-	WP3604	C10164	HMDB0002243	RAMP_C_000001492
WIKIPATHWAYS_BIOCHEMICAL_PATHWAYS_PART_I	Pro	Proline	-	WP3604	C00148	HMDB0000162	RAMP_C_000218861
WIKIPATHWAYS_BIOCHEMICAL_PATHWAYS_PART_I	Putrescine	Putrescine	-	WP3604	C00134	HMDB0001414	RAMP_C_000001073
WIKIPATHWAYS_BIOCHEMICAL_PATHWAYS_PART_I	Pyruvic acid	Pyruvic acid	-	WP3604	C00022	HMDB0000243	RAMP_C_000218028
WIKIPATHWAYS_BIOCHEMICAL_PATHWAYS_PART_I	Quinolinic acid	Quinolinic acid	-	WP3604	C03722	HMDB0000232	RAMP_C_000000155
WIKIPATHWAYS_BIOCHEMICAL_PATHWAYS_PART_I	Ribose	Ribose	-	WP3604	C00121	HMDB0000283	RAMP_C_000000190
WIKIPATHWAYS_BIOCHEMICAL_PATHWAYS_PART_I	Sarcosine	Sarcosine	-	WP3604	C00213	HMDB0000271	RAMP_C_000218658
WIKIPATHWAYS_BIOCHEMICAL_PATHWAYS_PART_I	Ser	Serine	-	WP3604	C00065	HMDB0000187	RAMP_C_000218440
WIKIPATHWAYS_BIOCHEMICAL_PATHWAYS_PART_I	Serotonin	Serotonin	-	WP3604	C00780	HMDB0000259	RAMP_C_000000177
WIKIPATHWAYS_BIOCHEMICAL_PATHWAYS_PART_I	Spermidine	Spermidine	-	WP3604	C00315	HMDB0001257	RAMP_C_000000954
WIKIPATHWAYS_BIOCHEMICAL_PATHWAYS_PART_I	Spermine	Spermine	-	WP3604	C00750	HMDB0001256	RAMP_C_000218544
WIKIPATHWAYS_BIOCHEMICAL_PATHWAYS_PART_I	Suc	Succinic acid	-	WP3604	C00042	HMDB0000254	RAMP_C_000218399
WIKIPATHWAYS_BIOCHEMICAL_PATHWAYS_PART_I	TCA	Taurocholic acid	-	WP3604	C05122	HMDB0000036	RAMP_C_000171306
WIKIPATHWAYS_BIOCHEMICAL_PATHWAYS_PART_I	TCDCA	Taurochenodeoxycholic acid	-	WP3604	C05465	HMDB0000951	RAMP_C_000219362
WIKIPATHWAYS_BIOCHEMICAL_PATHWAYS_PART_I	Taurine	Taurine	-	WP3604	C00245	HMDB0000251	RAMP_C_000218584
WIKIPATHWAYS_BIOCHEMICAL_PATHWAYS_PART_I	Thr	Threonine	-	WP3604	C00188	HMDB0000167	RAMP_C_000218724
WIKIPATHWAYS_BIOCHEMICAL_PATHWAYS_PART_I	Thymidine	Thymidine	-	WP3604	C00214	HMDB0000273	RAMP_C_000000186
WIKIPATHWAYS_BIOCHEMICAL_PATHWAYS_PART_I	Thymine	Thymine	-	WP3604	C00178	HMDB0000262	RAMP_C_000000178
WIKIPATHWAYS_BIOCHEMICAL_PATHWAYS_PART_I	Trp	Tryptophan	-	WP3604	C00078	HMDB0000929	RAMP_C_000218721
WIKIPATHWAYS_BIOCHEMICAL_PATHWAYS_PART_I	Tryptamine	Tryptamine	-	WP3604	C00398	HMDB0000303	RAMP_C_000262759
WIKIPATHWAYS_BIOCHEMICAL_PATHWAYS_PART_I	Tyr	Tyrosine	-	WP3604	C00082	HMDB0000158	RAMP_C_000218778
WIKIPATHWAYS_BIOCHEMICAL_PATHWAYS_PART_I	Uracil	Uracil	-	WP3604	C00106	HMDB0000300	RAMP_C_000000203
WIKIPATHWAYS_BIOCHEMICAL_PATHWAYS_PART_I	Urea	Urea	-	WP3604	C00086	HMDB0000294	RAMP_C_000000199
WIKIPATHWAYS_BIOCHEMICAL_PATHWAYS_PART_I	Uric acid	Uric acid	-	WP3604	C00366	HMDB0000289	RAMP_C_000000194
WIKIPATHWAYS_BIOCHEMICAL_PATHWAYS_PART_I	Uridine	Uridine	-	WP3604	C00299	HMDB0000296	RAMP_C_000000201
WIKIPATHWAYS_BIOCHEMICAL_PATHWAYS_PART_I	Val	Valine	-	WP3604	C00183	HMDB0000883	RAMP_C_000218704
WIKIPATHWAYS_BIOCHEMICAL_PATHWAYS_PART_I	Vanillylmandelic acid	Vanillylmandelic acid	-	WP3604	C05584	HMDB0000291	RAMP_C_000217410
WIKIPATHWAYS_BIOCHEMICAL_PATHWAYS_PART_I	Xanthine	Xanthine	-	WP3604	C00385	HMDB0000292	RAMP_C_000000197
WIKIPATHWAYS_BIOCHEMICAL_PATHWAYS_PART_I	Xanthurenic acid	Xanthurenic acid	-	WP3604	C02470	HMDB0000881	RAMP_C_000000688
WIKIPATHWAYS_BIOCHEMICAL_PATHWAYS_PART_I	a-Ketoglutaric acid	alpha-Ketoglutaric acid	-	WP3604	C00026	HMDB0000208	RAMP_C_000274401
WIKIPATHWAYS_BIOCHEMICAL_PATHWAYS_PART_I	a-Ketoisovaleric acid	alpha-Ketoisovaleric acid	-	WP3604	C00141	HMDB0000019	RAMP_C_000000012
WIKIPATHWAYS_BIOCHEMICAL_PATHWAYS_PART_I	alpha-AAA	alpha-Aminoadipic acid	-	WP3604	C00956	HMDB0000510	RAMP_C_000218812
WIKIPATHWAYS_BIOCHEMICAL_PATHWAYS_PART_I	beta-Ala	beta-Alanine	-	WP3604	C00099	HMDB0000056	RAMP_C_000218729
WIKIPATHWAYS_BIOCHEMICAL_PATHWAYS_PART_I	t4-OH-Pro	trans-4-Hydroxyproline	-	WP3604	C01157	HMDB0000725	RAMP_C_000000565
WIKIPATHWAYS_BIOGENIC_AMINE_SYNTHESIS	5-OH-Trp	5-Hydroxytryptophan	-	WP550	C00643	HMDB0000472	RAMP_C_000218770
WIKIPATHWAYS_BIOGENIC_AMINE_SYNTHESIS	Choline	Choline	-	WP550	C00114	HMDB0000097	RAMP_C_000000065
WIKIPATHWAYS_BIOGENIC_AMINE_SYNTHESIS	DOPA	Dihydroxyphenylalanine	-	WP550	C00355	HMDB0000181	RAMP_C_000218668
WIKIPATHWAYS_BIOGENIC_AMINE_SYNTHESIS	Dopamine	Dopamine	-	WP550	C03758	HMDB0000073	RAMP_C_000218860
WIKIPATHWAYS_BIOGENIC_AMINE_SYNTHESIS	Epinephrine	Epinephrine	-	WP550	C00788	HMDB0000068	RAMP_C_000000048
WIKIPATHWAYS_BIOGENIC_AMINE_SYNTHESIS	GABA	gamma-Aminobutyric acid	-	WP550	C00334	HMDB0000112	RAMP_C_000219510
WIKIPATHWAYS_BIOGENIC_AMINE_SYNTHESIS	Glu	Glutamic acid	-	WP550	C00025	HMDB0000148	RAMP_C_000218397
WIKIPATHWAYS_BIOGENIC_AMINE_SYNTHESIS	His	Histidine	-	WP550	C00135	HMDB0000177	RAMP_C_000218426
WIKIPATHWAYS_BIOGENIC_AMINE_SYNTHESIS	Histamine	Histamine	-	WP550	C00388	HMDB0000870	RAMP_C_000000678
WIKIPATHWAYS_BIOGENIC_AMINE_SYNTHESIS	Melatonin	Melatonin	-	WP550	C01598	HMDB0001389	RAMP_C_000001056
WIKIPATHWAYS_BIOGENIC_AMINE_SYNTHESIS	Norepinephrine	Norepinephrine	-	WP550	C00547	HMDB0000216	RAMP_C_000219112
WIKIPATHWAYS_BIOGENIC_AMINE_SYNTHESIS	Phe	Phenylalanine	-	WP550	C00079	HMDB0000159	RAMP_C_000218749
WIKIPATHWAYS_BIOGENIC_AMINE_SYNTHESIS	Serotonin	Serotonin	-	WP550	C00780	HMDB0000259	RAMP_C_000000177
WIKIPATHWAYS_BIOGENIC_AMINE_SYNTHESIS	Trp	Tryptophan	-	WP550	C00078	HMDB0000929	RAMP_C_000218721
WIKIPATHWAYS_BIOGENIC_AMINE_SYNTHESIS	Tyr	Tyrosine	-	WP550	C00082	HMDB0000158	RAMP_C_000218778
WIKIPATHWAYS_BIOMARKERS_FOR_PYRIMIDINE_METABOLISM_DISORDERS	Creatine	Creatine	-	WP4584	C00300	HMDB0000064	RAMP_C_000000046
WIKIPATHWAYS_BIOMARKERS_FOR_PYRIMIDINE_METABOLISM_DISORDERS	Cys	Cysteine	-	WP4584	C00097	HMDB0000574	RAMP_C_000218469
WIKIPATHWAYS_BIOMARKERS_FOR_PYRIMIDINE_METABOLISM_DISORDERS	Cytidine	Cytidine	-	WP4584	C00475	HMDB0000089	RAMP_C_000000061
WIKIPATHWAYS_BIOMARKERS_FOR_PYRIMIDINE_METABOLISM_DISORDERS	Cytosine	Cytosine	-	WP4584	C00380	HMDB0000630	RAMP_C_000000483
WIKIPATHWAYS_BIOMARKERS_FOR_PYRIMIDINE_METABOLISM_DISORDERS	Orotic acid	Orotic acid	-	WP4584	C00295	HMDB0000226	RAMP_C_000000150
WIKIPATHWAYS_BIOMARKERS_FOR_PYRIMIDINE_METABOLISM_DISORDERS	Thymidine	Thymidine	-	WP4584	C00214	HMDB0000273	RAMP_C_000000186
WIKIPATHWAYS_BIOMARKERS_FOR_PYRIMIDINE_METABOLISM_DISORDERS	Thymine	Thymine	-	WP4584	C00178	HMDB0000262	RAMP_C_000000178
WIKIPATHWAYS_BIOMARKERS_FOR_PYRIMIDINE_METABOLISM_DISORDERS	Uracil	Uracil	-	WP4584	C00106	HMDB0000300	RAMP_C_000000203
WIKIPATHWAYS_BIOMARKERS_FOR_PYRIMIDINE_METABOLISM_DISORDERS	Uridine	Uridine	-	WP4584	C00299	HMDB0000296	RAMP_C_000000201
WIKIPATHWAYS_BIOMARKERS_FOR_PYRIMIDINE_METABOLISM_DISORDERS	beta-Ala	beta-Alanine	-	WP4584	C00099	HMDB0000056	RAMP_C_000218729
WIKIPATHWAYS_BIOMARKERS_FOR_UREA_CYCLE_DISORDERS	Arg	Arginine	-	WP4583	C00062	HMDB0000517	RAMP_C_000042003
WIKIPATHWAYS_BIOMARKERS_FOR_UREA_CYCLE_DISORDERS	Arginino-Suc	Argininosuccinic acid	-	WP4583	C03406	HMDB0000052	RAMP_C_000218664
WIKIPATHWAYS_BIOMARKERS_FOR_UREA_CYCLE_DISORDERS	Asp	Aspartic acid	-	WP4583	C00049	HMDB0000191	RAMP_C_000218398
WIKIPATHWAYS_BIOMARKERS_FOR_UREA_CYCLE_DISORDERS	Carbamoyl-PO4	Carbamoylphosphate	-	WP4583	C00169	HMDB0001096	RAMP_C_000218766
WIKIPATHWAYS_BIOMARKERS_FOR_UREA_CYCLE_DISORDERS	Cit	Citrulline	-	WP4583	C00327	HMDB0000904	RAMP_C_000218703
WIKIPATHWAYS_BIOMARKERS_FOR_UREA_CYCLE_DISORDERS	Creatine	Creatine	-	WP4583	C00300	HMDB0000064	RAMP_C_000000046
WIKIPATHWAYS_BIOMARKERS_FOR_UREA_CYCLE_DISORDERS	Fumaric acid	Fumaric acid	-	WP4583	C00122	HMDB0000134	RAMP_C_000218394
WIKIPATHWAYS_BIOMARKERS_FOR_UREA_CYCLE_DISORDERS	Gln	Glutamine	-	WP4583	C00064	HMDB0000641	RAMP_C_000218784
WIKIPATHWAYS_BIOMARKERS_FOR_UREA_CYCLE_DISORDERS	Glu	Glutamic acid	-	WP4583	C00025	HMDB0000148	RAMP_C_000218397
WIKIPATHWAYS_BIOMARKERS_FOR_UREA_CYCLE_DISORDERS	Guanidinoacetic acid	Guanidinoacetic acid	-	WP4583	C00581	HMDB0000128	RAMP_C_000219492
WIKIPATHWAYS_BIOMARKERS_FOR_UREA_CYCLE_DISORDERS	HCit	Homocitrulline	-	WP4583	C02427	HMDB0000679	RAMP_C_000220360
WIKIPATHWAYS_BIOMARKERS_FOR_UREA_CYCLE_DISORDERS	Met	Methionine	-	WP4583	C00073	HMDB0000696	RAMP_C_000218711
WIKIPATHWAYS_BIOMARKERS_FOR_UREA_CYCLE_DISORDERS	N-Ac-Glu	N-Acetylglutamic acid	-	WP4583	C00624	HMDB0001138	RAMP_C_000000871
WIKIPATHWAYS_BIOMARKERS_FOR_UREA_CYCLE_DISORDERS	Orn	Ornithine	-	WP4583	C00077	HMDB0000214	RAMP_C_000218554
WIKIPATHWAYS_BIOMARKERS_FOR_UREA_CYCLE_DISORDERS	Orotic acid	Orotic acid	-	WP4583	C00295	HMDB0000226	RAMP_C_000000150
WIKIPATHWAYS_BIOMARKERS_FOR_UREA_CYCLE_DISORDERS	Thr	Threonine	-	WP4583	C00188	HMDB0000167	RAMP_C_000218724
WIKIPATHWAYS_BIOMARKERS_FOR_UREA_CYCLE_DISORDERS	Tyr	Tyrosine	-	WP4583	C00082	HMDB0000158	RAMP_C_000218778
WIKIPATHWAYS_BIOMARKERS_FOR_UREA_CYCLE_DISORDERS	Urea	Urea	-	WP4583	C00086	HMDB0000294	RAMP_C_000000199
WIKIPATHWAYS_BIOMARKERS_FOR_UREA_CYCLE_DISORDERS	beta-Ala	beta-Alanine	-	WP4583	C00099	HMDB0000056	RAMP_C_000218729
WIKIPATHWAYS_BIOSYNTHESIS_AND_REGENERATION_OF_TETRAHYDROBIOPTERIN_AND_CATABOLISM_OF_PHENYLALANINE	5-HIAA	5-Hydroxyindoleacetic acid	-	WP4156	C05635	HMDB0000763	RAMP_C_000000599
WIKIPATHWAYS_BIOSYNTHESIS_AND_REGENERATION_OF_TETRAHYDROBIOPTERIN_AND_CATABOLISM_OF_PHENYLALANINE	5-OH-Trp	5-Hydroxytryptophan	-	WP4156	C00643	HMDB0000472	RAMP_C_000218770
WIKIPATHWAYS_BIOSYNTHESIS_AND_REGENERATION_OF_TETRAHYDROBIOPTERIN_AND_CATABOLISM_OF_PHENYLALANINE	DOPA	Dihydroxyphenylalanine	-	WP4156	C00355	HMDB0000181	RAMP_C_000218668
WIKIPATHWAYS_BIOSYNTHESIS_AND_REGENERATION_OF_TETRAHYDROBIOPTERIN_AND_CATABOLISM_OF_PHENYLALANINE	Dopamine	Dopamine	-	WP4156	C03758	HMDB0000073	RAMP_C_000218860
WIKIPATHWAYS_BIOSYNTHESIS_AND_REGENERATION_OF_TETRAHYDROBIOPTERIN_AND_CATABOLISM_OF_PHENYLALANINE	Epinephrine	Epinephrine	-	WP4156	C00788	HMDB0000068	RAMP_C_000000048
WIKIPATHWAYS_BIOSYNTHESIS_AND_REGENERATION_OF_TETRAHYDROBIOPTERIN_AND_CATABOLISM_OF_PHENYLALANINE	Homovanillic acid	Homovanillic acid	-	WP4156	C05582	HMDB0000118	RAMP_C_000000074
WIKIPATHWAYS_BIOSYNTHESIS_AND_REGENERATION_OF_TETRAHYDROBIOPTERIN_AND_CATABOLISM_OF_PHENYLALANINE	Melatonin	Melatonin	-	WP4156	C01598	HMDB0001389	RAMP_C_000001056
WIKIPATHWAYS_BIOSYNTHESIS_AND_REGENERATION_OF_TETRAHYDROBIOPTERIN_AND_CATABOLISM_OF_PHENYLALANINE	Norepinephrine	Norepinephrine	-	WP4156	C00547	HMDB0000216	RAMP_C_000219112
WIKIPATHWAYS_BIOSYNTHESIS_AND_REGENERATION_OF_TETRAHYDROBIOPTERIN_AND_CATABOLISM_OF_PHENYLALANINE	Phe	Phenylalanine	-	WP4156	C00079	HMDB0000159	RAMP_C_000218749
WIKIPATHWAYS_BIOSYNTHESIS_AND_REGENERATION_OF_TETRAHYDROBIOPTERIN_AND_CATABOLISM_OF_PHENYLALANINE	Serotonin	Serotonin	-	WP4156	C00780	HMDB0000259	RAMP_C_000000177
WIKIPATHWAYS_BIOSYNTHESIS_AND_REGENERATION_OF_TETRAHYDROBIOPTERIN_AND_CATABOLISM_OF_PHENYLALANINE	Trp	Tryptophan	-	WP4156	C00078	HMDB0000929	RAMP_C_000218721
WIKIPATHWAYS_BIOSYNTHESIS_AND_REGENERATION_OF_TETRAHYDROBIOPTERIN_AND_CATABOLISM_OF_PHENYLALANINE	Tyr	Tyrosine	-	WP4156	C00082	HMDB0000158	RAMP_C_000218778
WIKIPATHWAYS_BIOSYNTHESIS_AND_REGENERATION_OF_TETRAHYDROBIOPTERIN_AND_CATABOLISM_OF_PHENYLALANINE	Vanillylmandelic acid	Vanillylmandelic acid	-	WP4156	C05584	HMDB0000291	RAMP_C_000217410
WIKIPATHWAYS_BIOTIN_METABOLISM_INCLUDING_IMDS	Biotin (B7)	Biotin (B7)	-	WP5031	C00120	HMDB0000030	RAMP_C_000261993
WIKIPATHWAYS_BIOTIN_METABOLISM_INCLUDING_IMDS	Oxaloacetic acid	Oxaloacetic acid	-	WP5031	C00036	HMDB0000223	RAMP_C_000262942
WIKIPATHWAYS_BIOTIN_METABOLISM_INCLUDING_IMDS	Pyruvic acid	Pyruvic acid	-	WP5031	C00022	HMDB0000243	RAMP_C_000218028
WIKIPATHWAYS_CANCER_PATHWAYS	Cortisol	Cortisol	-	WP5434	C00735	HMDB0000063	RAMP_C_000000045
WIKIPATHWAYS_CANCER_PATHWAYS	Cortisone	Cortisone	-	WP5434	C00762	HMDB0002802	RAMP_C_000001680
WIKIPATHWAYS_CANCER_PATHWAYS	DG 16:0_16:0	DG 16:0_16:0	-	WP5434	C00165	HMDB0007098	RAMP_C_000219428
WIKIPATHWAYS_CANCER_PATHWAYS	Fumaric acid	Fumaric acid	-	WP5434	C00122	HMDB0000134	RAMP_C_000218394
WIKIPATHWAYS_CANCER_PATHWAYS	LPA 18:2	LPA 18:2	-	WP5434	C00416	HMDB0007852	RAMP_C_000219537
WIKIPATHWAYS_CANCER_PATHWAYS	Malic acid	Malic acid	-	WP5434	C00149	HMDB0000156	RAMP_C_000218036
WIKIPATHWAYS_CANCER_PATHWAYS	cAMP	Adenosine monophosphate, cyclic (cAMP)	-	WP5434	C00575	HMDB0000058	RAMP_C_000218758
WIKIPATHWAYS_CANNABINOID_RECEPTOR_SIGNALING	FA 20:4n-6 (AA)	Arachidonic acid (AA; omega6)	-	WP3869	C00219	HMDB0001043	RAMP_C_000000804
WIKIPATHWAYS_CANNABINOID_RECEPTOR_SIGNALING	GABA	gamma-Aminobutyric acid	-	WP3869	C00334	HMDB0000112	RAMP_C_000219510
WIKIPATHWAYS_CANNABINOID_RECEPTOR_SIGNALING	Glu	Glutamic acid	-	WP3869	C00025	HMDB0000148	RAMP_C_000218397
WIKIPATHWAYS_CANNABINOID_RECEPTOR_SIGNALING	MG 20:4	MG 20:4	-	WP3869	C13856	HMDB0004666	RAMP_C_000002127
WIKIPATHWAYS_CANNABINOID_RECEPTOR_SIGNALING	PE 36:0	PE 36:0	-	WP3869		HMDB0005327	RAMP_C_000040449
WIKIPATHWAYS_CANNABINOID_RECEPTOR_SIGNALING	cAMP	Adenosine monophosphate, cyclic (cAMP)	-	WP3869	C00575	HMDB0000058	RAMP_C_000218758
WIKIPATHWAYS_CARNOSINE_METABOLISM_OF_GLIAL_CELLS	Carnosine	Carnosine	-	WP5313	C00386	HMDB0000033	RAMP_C_000218666
WIKIPATHWAYS_CARNOSINE_METABOLISM_OF_GLIAL_CELLS	His	Histidine	-	WP5313	C00135	HMDB0000177	RAMP_C_000218426
WIKIPATHWAYS_CARNOSINE_METABOLISM_OF_GLIAL_CELLS	beta-Ala	beta-Alanine	-	WP5313	C00099	HMDB0000056	RAMP_C_000218729
WIKIPATHWAYS_CEREBRAL_ORGANIC_ACIDURIAS_INCLUDING_DISEASES	2-OH-Glutaric acid	2-Hydroxyglutaric acid	-	WP4519	C01087	HMDB0000606	RAMP_C_000219574
WIKIPATHWAYS_CEREBRAL_ORGANIC_ACIDURIAS_INCLUDING_DISEASES	3-OH-Glutaric acid	3-Hydroxyglutaric acid	-	WP4519		HMDB0000428	RAMP_C_000000320
WIKIPATHWAYS_CEREBRAL_ORGANIC_ACIDURIAS_INCLUDING_DISEASES	Asp	Aspartic acid	-	WP4519	C00049	HMDB0000191	RAMP_C_000218398
WIKIPATHWAYS_CEREBRAL_ORGANIC_ACIDURIAS_INCLUDING_DISEASES	C5-DC (C6-OH)	Glutarylcarnitine (Hydroxyhexanoylcarnitine)	-	WP4519		HMDB0240779	RAMP_C_000156987
WIKIPATHWAYS_CEREBRAL_ORGANIC_ACIDURIAS_INCLUDING_DISEASES	Glutaric acid	Glutaric acid	-	WP4519	C00489	HMDB0000661	RAMP_C_000000510
WIKIPATHWAYS_CEREBRAL_ORGANIC_ACIDURIAS_INCLUDING_DISEASES	N-Ac-Asp	N-Acetylaspartic acid	-	WP4519	C01042	HMDB0000812	RAMP_C_000218122
WIKIPATHWAYS_CEREBRAL_ORGANIC_ACIDURIAS_INCLUDING_DISEASES	Trp	Tryptophan	-	WP4519	C00078	HMDB0000929	RAMP_C_000218721
WIKIPATHWAYS_CEREBRAL_ORGANIC_ACIDURIAS_INCLUDING_DISEASES	a-Ketoglutaric acid	alpha-Ketoglutaric acid	-	WP4519	C00026	HMDB0000208	RAMP_C_000274401
WIKIPATHWAYS_CEREBRAL_ORGANIC_ACIDURIAS_INCLUDING_DISEASES	alpha-AAA	alpha-Aminoadipic acid	-	WP4519	C00956	HMDB0000510	RAMP_C_000218812
WIKIPATHWAYS_CHOLESTEROL_METABOLISM_WITH_BLOCH_AND_KANDUTSCH_RUSSELL_PATHWAYS	FA 16:1	Palmitoleic acid	-	WP4718	C08362	HMDB0003229	RAMP_C_000001779
WIKIPATHWAYS_CHOLESTEROL_METABOLISM_WITH_BLOCH_AND_KANDUTSCH_RUSSELL_PATHWAYS	FA 18:1	Oleic acid	-	WP4718	C00712	HMDB0000207	RAMP_C_000218407
WIKIPATHWAYS_CHOLESTEROL_METABOLISM_WITH_BLOCH_AND_KANDUTSCH_RUSSELL_PATHWAYS	Mevalonic acid	Mevalonic acid	-	WP4718	C00418	HMDB0000227	RAMP_C_000218492
WIKIPATHWAYS_CREATINE_PATHWAY	AHCys	S-Adenosylhomocysteine	-	WP5190	C00021	HMDB0000939	RAMP_C_000218715
WIKIPATHWAYS_CREATINE_PATHWAY	Arg	Arginine	-	WP5190	C00062	HMDB0000517	RAMP_C_000042003
WIKIPATHWAYS_CREATINE_PATHWAY	Creatine	Creatine	-	WP5190	C00300	HMDB0000064	RAMP_C_000000046
WIKIPATHWAYS_CREATINE_PATHWAY	Creatinine	Creatinine	-	WP5190	C00791	HMDB0000562	RAMP_C_000000431
WIKIPATHWAYS_CREATINE_PATHWAY	Gly	Glycine	-	WP5190	C00037	HMDB0000123	RAMP_C_000000078
WIKIPATHWAYS_CREATINE_PATHWAY	Guanidinoacetic acid	Guanidinoacetic acid	-	WP5190	C00581	HMDB0000128	RAMP_C_000219492
WIKIPATHWAYS_CREATINE_PATHWAY	a-Ketoglutaric acid	alpha-Ketoglutaric acid	-	WP5190	C00026	HMDB0000208	RAMP_C_000274401
WIKIPATHWAYS_CYSTEINE_AND_METHIONINE_CATABOLISM	AHCys	S-Adenosylhomocysteine	-	WP4504	C00021	HMDB0000939	RAMP_C_000218715
WIKIPATHWAYS_CYSTEINE_AND_METHIONINE_CATABOLISM	Adenosine	Adenosine	-	WP4504	C00212	HMDB0000050	RAMP_C_000000034
WIKIPATHWAYS_CYSTEINE_AND_METHIONINE_CATABOLISM	Betaine	Betaine	-	WP4504	C00719	HMDB0000043	RAMP_C_000000030
WIKIPATHWAYS_CYSTEINE_AND_METHIONINE_CATABOLISM	Cys	Cysteine	-	WP4504	C00097	HMDB0000574	RAMP_C_000218469
WIKIPATHWAYS_CYSTEINE_AND_METHIONINE_CATABOLISM	DMG	Dimethylglycine	-	WP4504	C01026	HMDB0000092	RAMP_C_000000062
WIKIPATHWAYS_CYSTEINE_AND_METHIONINE_CATABOLISM	Glu	Glutamic acid	-	WP4504	C00025	HMDB0000148	RAMP_C_000218397
WIKIPATHWAYS_CYSTEINE_AND_METHIONINE_CATABOLISM	Gly	Glycine	-	WP4504	C00037	HMDB0000123	RAMP_C_000000078
WIKIPATHWAYS_CYSTEINE_AND_METHIONINE_CATABOLISM	HCys	Homocysteine	-	WP4504	C00155	HMDB0000165	RAMP_C_000218762
WIKIPATHWAYS_CYSTEINE_AND_METHIONINE_CATABOLISM	Hypotaurine	Hypotaurine	-	WP4504	C00519	HMDB0000965	RAMP_C_000000756
WIKIPATHWAYS_CYSTEINE_AND_METHIONINE_CATABOLISM	Met	Methionine	-	WP4504	C00073	HMDB0000696	RAMP_C_000218711
WIKIPATHWAYS_CYSTEINE_AND_METHIONINE_CATABOLISM	Pyruvic acid	Pyruvic acid	-	WP4504	C00022	HMDB0000243	RAMP_C_000218028
WIKIPATHWAYS_CYSTEINE_AND_METHIONINE_CATABOLISM	Ser	Serine	-	WP4504	C00065	HMDB0000187	RAMP_C_000218440
WIKIPATHWAYS_CYSTEINE_AND_METHIONINE_CATABOLISM	Taurine	Taurine	-	WP4504	C00245	HMDB0000251	RAMP_C_000218584
WIKIPATHWAYS_CYSTEINE_AND_METHIONINE_CATABOLISM	a-Ketoglutaric acid	alpha-Ketoglutaric acid	-	WP4504	C00026	HMDB0000208	RAMP_C_000274401
WIKIPATHWAYS_CYTOSINE_METHYLATION	Cytosine	Cytosine	-	WP3585	C00380	HMDB0000630	RAMP_C_000000483
WIKIPATHWAYS_CYTOSINE_METHYLATION	Isocitric acid	Isocitric acid	-	WP3585	C00311	HMDB0000193	RAMP_C_000217206
WIKIPATHWAYS_CYTOSINE_METHYLATION	a-Ketoglutaric acid	alpha-Ketoglutaric acid	-	WP3585	C00026	HMDB0000208	RAMP_C_000274401
WIKIPATHWAYS_DIET_DEPENDENT_TRIMETHYLAMINE_TRIMETHYLAMINE_N_OXIDE_METABOLISM	Betaine	Betaine	-	WP5219	C00719	HMDB0000043	RAMP_C_000000030
WIKIPATHWAYS_DIET_DEPENDENT_TRIMETHYLAMINE_TRIMETHYLAMINE_N_OXIDE_METABOLISM	C0	Carnitine	-	WP5219	C00318	HMDB0000062	RAMP_C_000274496
WIKIPATHWAYS_DIET_DEPENDENT_TRIMETHYLAMINE_TRIMETHYLAMINE_N_OXIDE_METABOLISM	Choline	Choline	-	WP5219	C00114	HMDB0000097	RAMP_C_000000065
WIKIPATHWAYS_DIET_DEPENDENT_TRIMETHYLAMINE_TRIMETHYLAMINE_N_OXIDE_METABOLISM	DMG	Dimethylglycine	-	WP5219	C01026	HMDB0000092	RAMP_C_000000062
WIKIPATHWAYS_DIET_DEPENDENT_TRIMETHYLAMINE_TRIMETHYLAMINE_N_OXIDE_METABOLISM	FA 2:0	Acetic acid	-	WP5219	C00033	HMDB0000042	RAMP_C_000218400
WIKIPATHWAYS_DIET_DEPENDENT_TRIMETHYLAMINE_TRIMETHYLAMINE_N_OXIDE_METABOLISM	TMAO	Trimethylamine N-oxide	-	WP5219	C01104	HMDB0000925	RAMP_C_000000723
WIKIPATHWAYS_DISORDERS_OF_BILE_ACID_SYNTHESIS_AND_BILIARY_TRANSPORT	CA	Cholic acid	-	WP5176	C00695	HMDB0000505	RAMP_C_000218390
WIKIPATHWAYS_DISORDERS_OF_BILE_ACID_SYNTHESIS_AND_BILIARY_TRANSPORT	CDCA	Chenodeoxycholic acid	-	WP5176	C02528	HMDB0000518	RAMP_C_000000390
WIKIPATHWAYS_DISORDERS_OF_BILE_ACID_SYNTHESIS_AND_BILIARY_TRANSPORT	GCA	Glycocholic acid	-	WP5176	C01921	HMDB0000138	RAMP_C_000000089
WIKIPATHWAYS_DISORDERS_OF_BILE_ACID_SYNTHESIS_AND_BILIARY_TRANSPORT	GCDCA	Glycochenodeoxycholic acid	-	WP5176	C05462	HMDB0000637	RAMP_C_000002951
WIKIPATHWAYS_DISORDERS_OF_BILE_ACID_SYNTHESIS_AND_BILIARY_TRANSPORT	TCDCA	Taurochenodeoxycholic acid	-	WP5176	C05465	HMDB0000951	RAMP_C_000219362
WIKIPATHWAYS_DISORDERS_OF_BILE_ACID_SYNTHESIS_AND_BILIARY_TRANSPORT	Taurine	Taurine	-	WP5176	C00245	HMDB0000251	RAMP_C_000218584
WIKIPATHWAYS_DISORDERS_OF_FOLATE_METABOLISM_AND_TRANSPORT	AHCys	S-Adenosylhomocysteine	-	WP4259	C00021	HMDB0000939	RAMP_C_000218715
WIKIPATHWAYS_DISORDERS_OF_FOLATE_METABOLISM_AND_TRANSPORT	Folic acid (B9)	Folic acid (B9)	-	WP4259	C00504	HMDB0000121	RAMP_C_000220612
WIKIPATHWAYS_DISORDERS_OF_FOLATE_METABOLISM_AND_TRANSPORT	Glu	Glutamic acid	-	WP4259	C00025	HMDB0000148	RAMP_C_000218397
WIKIPATHWAYS_DISORDERS_OF_FOLATE_METABOLISM_AND_TRANSPORT	Gly	Glycine	-	WP4259	C00037	HMDB0000123	RAMP_C_000000078
WIKIPATHWAYS_DISORDERS_OF_FOLATE_METABOLISM_AND_TRANSPORT	HCys	Homocysteine	-	WP4259	C00155	HMDB0000165	RAMP_C_000218762
WIKIPATHWAYS_DISORDERS_OF_FOLATE_METABOLISM_AND_TRANSPORT	Met	Methionine	-	WP4259	C00073	HMDB0000696	RAMP_C_000218711
WIKIPATHWAYS_DISORDERS_OF_FOLATE_METABOLISM_AND_TRANSPORT	Ser	Serine	-	WP4259	C00065	HMDB0000187	RAMP_C_000218440
WIKIPATHWAYS_DISORDERS_OF_FRUCTOSE_METABOLISM	Fructose	Fructose	-	WP5178	C02336	HMDB0000660	RAMP_C_000000509
WIKIPATHWAYS_DISORDERS_OF_FRUCTOSE_METABOLISM	Glyceric acid	Glyceric acid	-	WP5178	C00258	HMDB0000139	RAMP_C_000218080
WIKIPATHWAYS_DISORDERS_OF_FRUCTOSE_METABOLISM	Pyruvic acid	Pyruvic acid	-	WP5178	C00022	HMDB0000243	RAMP_C_000218028
WIKIPATHWAYS_DOPAMINE_METABOLISM	AHCys	S-Adenosylhomocysteine	-	WP2436	C00021	HMDB0000939	RAMP_C_000218715
WIKIPATHWAYS_DOPAMINE_METABOLISM	DOPA	Dihydroxyphenylalanine	-	WP2436	C00355	HMDB0000181	RAMP_C_000218668
WIKIPATHWAYS_DOPAMINE_METABOLISM	DOPAC	3,4-Dihydroxyphenylacetic acid	-	WP2436	C01161	HMDB0001336	RAMP_C_000001011
WIKIPATHWAYS_DOPAMINE_METABOLISM	Dopamine	Dopamine	-	WP2436	C03758	HMDB0000073	RAMP_C_000218860
WIKIPATHWAYS_DOPAMINE_METABOLISM	Homovanillic acid	Homovanillic acid	-	WP2436	C05582	HMDB0000118	RAMP_C_000000074
WIKIPATHWAYS_DOPAMINE_METABOLISM	Tyr	Tyrosine	-	WP2436	C00082	HMDB0000158	RAMP_C_000218778
WIKIPATHWAYS_DRUG_INDUCTION_OF_BILE_ACID_PATHWAY	Bilirubin	Bilirubin	-	WP2289	C00486	HMDB0000054	RAMP_C_000000038
WIKIPATHWAYS_DRUG_INDUCTION_OF_BILE_ACID_PATHWAY	Cortisol	Cortisol	-	WP2289	C00735	HMDB0000063	RAMP_C_000000045
WIKIPATHWAYS_DRUG_INDUCTION_OF_BILE_ACID_PATHWAY	DCA	Deoxycholic acid	-	WP2289	C04483	HMDB0000626	RAMP_C_000263082
WIKIPATHWAYS_DRUG_INDUCTION_OF_BILE_ACID_PATHWAY	GCA	Glycocholic acid	-	WP2289	C01921	HMDB0000138	RAMP_C_000000089
WIKIPATHWAYS_DRUG_INDUCTION_OF_BILE_ACID_PATHWAY	IsoUDCA	Isoursodeoxycholic acid	-	WP2289	C17662	HMDB0000686	RAMP_C_000000531
WIKIPATHWAYS_DRUG_INDUCTION_OF_BILE_ACID_PATHWAY	TCA	Taurocholic acid	-	WP2289	C05122	HMDB0000036	RAMP_C_000171306
WIKIPATHWAYS_EFFECT_OF_OMEGA_3_PUFA_ON_HUNTINGTON_S_DISEASE_PATHWAYS	FA 20:5n-3 (EPA)	Eicosapentaenoic acid (EPA; omega3)	-	WP5470	C06428	HMDB0001999	RAMP_C_000001315
WIKIPATHWAYS_EFFECT_OF_OMEGA_3_PUFA_ON_HUNTINGTON_S_DISEASE_PATHWAYS	FA 22:6n-3 (DHA)	Docosahexaenoic acid (DHA; omega3)	-	WP5470	C06429	HMDB0002183	RAMP_C_000001447
WIKIPATHWAYS_EFFECT_OF_OMEGA_3_PUFA_ON_HUNTINGTON_S_DISEASE_PATHWAYS	GABA	gamma-Aminobutyric acid	-	WP5470	C00334	HMDB0000112	RAMP_C_000219510
WIKIPATHWAYS_EFFECT_OF_OMEGA_3_PUFA_ON_HUNTINGTON_S_DISEASE_PATHWAYS	Gln	Glutamine	-	WP5470	C00064	HMDB0000641	RAMP_C_000218784
WIKIPATHWAYS_ENDOTHELIN_PATHWAYS	Arg	Arginine	-	WP2197	C00062	HMDB0000517	RAMP_C_000042003
WIKIPATHWAYS_ENDOTHELIN_PATHWAYS	Cit	Citrulline	-	WP2197	C00327	HMDB0000904	RAMP_C_000218703
WIKIPATHWAYS_ENDOTHELIN_PATHWAYS	DG 14:0_14:0	DG 14:0_14:0	-	WP2197	C16667	HMDB0007008	RAMP_C_000003008
WIKIPATHWAYS_ENDOTHELIN_PATHWAYS	FA 20:4n-6 (AA)	Arachidonic acid (AA; omega6)	-	WP2197	C00219	HMDB0001043	RAMP_C_000000804
WIKIPATHWAYS_ENDOTHELIN_PATHWAYS	cAMP	Adenosine monophosphate, cyclic (cAMP)	-	WP2197	C00575	HMDB0000058	RAMP_C_000218758
WIKIPATHWAYS_ENDOTHELIN_PATHWAYS	cGMP	Guanosine monophosphate, cyclic (cGMP)	-	WP2197	C00942	HMDB0001314	RAMP_C_000000995
WIKIPATHWAYS_ETHANOL_EFFECTS_ON_HISTONE_MODIFICATIONS	AHCys	S-Adenosylhomocysteine	-	WP3996	C00021	HMDB0000939	RAMP_C_000218715
WIKIPATHWAYS_ETHANOL_EFFECTS_ON_HISTONE_MODIFICATIONS	FA 2:0	Acetic acid	-	WP3996	C00033	HMDB0000042	RAMP_C_000218400
WIKIPATHWAYS_ETHANOL_EFFECTS_ON_HISTONE_MODIFICATIONS	Folic acid (B9)	Folic acid (B9)	-	WP3996	C00504	HMDB0000121	RAMP_C_000220612
WIKIPATHWAYS_ETHANOL_EFFECTS_ON_HISTONE_MODIFICATIONS	Gly	Glycine	-	WP3996	C00037	HMDB0000123	RAMP_C_000000078
WIKIPATHWAYS_ETHANOL_EFFECTS_ON_HISTONE_MODIFICATIONS	HCys	Homocysteine	-	WP3996	C00155	HMDB0000165	RAMP_C_000218762
WIKIPATHWAYS_ETHANOL_EFFECTS_ON_HISTONE_MODIFICATIONS	Met	Methionine	-	WP3996	C00073	HMDB0000696	RAMP_C_000218711
WIKIPATHWAYS_ETHANOL_EFFECTS_ON_HISTONE_MODIFICATIONS	Ser	Serine	-	WP3996	C00065	HMDB0000187	RAMP_C_000218440
WIKIPATHWAYS_FARNESYL_TO_COQ10_METABOLISM	4-OH-Benzoic acid	4-Hydroxybenzoic acid	-	WP5274	C00156	HMDB0000500	RAMP_C_000000376
WIKIPATHWAYS_FARNESYL_TO_COQ10_METABOLISM	4-OH-Phenylpyruvic acid	4-Hydroxyphenylpyruvic acid	-	WP5274	C01179	HMDB0000707	RAMP_C_000000549
WIKIPATHWAYS_FARNESYL_TO_COQ10_METABOLISM	OH-Phenyl-Lac	Hydroxyphenyllactic acid	-	WP5274	C03672	HMDB0000755	RAMP_C_000219718
WIKIPATHWAYS_FARNESYL_TO_COQ10_METABOLISM	t-p-Coumaric acid	trans-p-Coumaric acid	-	WP5274	C00811	HMDB0002035	RAMP_C_000261846
WIKIPATHWAYS_FATTY_ACID_BIOSYNTHESIS	Citric acid	Citric acid	-	WP357	C00158	HMDB0000094	RAMP_C_000218121
WIKIPATHWAYS_FATTY_ACID_BIOSYNTHESIS	FA 16:0	Palmitic acid	-	WP357	C00249	HMDB0000220	RAMP_C_000219234
WIKIPATHWAYS_FATTY_ACID_BIOSYNTHESIS	Oxaloacetic acid	Oxaloacetic acid	-	WP357	C00036	HMDB0000223	RAMP_C_000262942
WIKIPATHWAYS_FATTY_ACID_BIOSYNTHESIS	Pyruvic acid	Pyruvic acid	-	WP357	C00022	HMDB0000243	RAMP_C_000218028
WIKIPATHWAYS_FERROPTOSIS	FA 20:4n-6 (AA)	Arachidonic acid (AA; omega6)	-	WP4313	C00219	HMDB0001043	RAMP_C_000000804
WIKIPATHWAYS_FERROPTOSIS	Gln	Glutamine	-	WP4313	C00064	HMDB0000641	RAMP_C_000218784
WIKIPATHWAYS_FERROPTOSIS	Met	Methionine	-	WP4313	C00073	HMDB0000696	RAMP_C_000218711
WIKIPATHWAYS_FERROPTOSIS	Mevalonic acid	Mevalonic acid	-	WP4313	C00418	HMDB0000227	RAMP_C_000218492
WIKIPATHWAYS_FERROPTOSIS	PE 38:4	PE 38:4	-	WP4313		HMDB0005333	RAMP_C_000004999
WIKIPATHWAYS_FLAVAN_3_OL_METABOLIC_PATHWAY	2-Met-HipAcid	2-Methylhippuric acid	-	WP4238	C01586	HMDB0000714	RAMP_C_000000556
WIKIPATHWAYS_FLAVAN_3_OL_METABOLIC_PATHWAY	3-(3-OH-Phenyl)propanoic acid	3-(3-Hydroxyphenyl)propanoic acid	-	WP4238	C11457	HMDB0000375	RAMP_C_000264309
WIKIPATHWAYS_FLAVAN_3_OL_METABOLIC_PATHWAY	3-OH-HipAcid	3-Hydroxyhippuric acid	-	WP4238		HMDB0006116	RAMP_C_000002611
WIKIPATHWAYS_FLAVAN_3_OL_METABOLIC_PATHWAY	4-OH-Benzoic acid	4-Hydroxybenzoic acid	-	WP4238	C00156	HMDB0000500	RAMP_C_000000376
WIKIPATHWAYS_FLAVAN_3_OL_METABOLIC_PATHWAY	4-OH-HipAcid	4-Hydroxyhippuric acid	-	WP4238		HMDB0013678	RAMP_C_000008486
WIKIPATHWAYS_FLAVAN_3_OL_METABOLIC_PATHWAY	Benzoic acid	Benzoic acid	-	WP4238	C00180	HMDB0001870	RAMP_C_000001222
WIKIPATHWAYS_FLAVAN_3_OL_METABOLIC_PATHWAY	DOPAC	3,4-Dihydroxyphenylacetic acid	-	WP4238	C01161	HMDB0001336	RAMP_C_000001011
WIKIPATHWAYS_FLAVAN_3_OL_METABOLIC_PATHWAY	HPHPA	3-(3-Hydroxyphenyl)-3-hydroxypropanoic acid	-	WP4238		HMDB0002643	RAMP_C_000001643
WIKIPATHWAYS_FLAVAN_3_OL_METABOLIC_PATHWAY	HipAcid	Hippuric acid	-	WP4238	C01586	HMDB0000714	RAMP_C_000000556
WIKIPATHWAYS_FLAVAN_3_OL_METABOLIC_PATHWAY	Homovanillic acid	Homovanillic acid	-	WP4238	C05582	HMDB0000118	RAMP_C_000000074
WIKIPATHWAYS_FLAVAN_3_OL_METABOLIC_PATHWAY	Phenylacetic acid	Phenylacetic acid	-	WP4238	C07086	HMDB0000209	RAMP_C_000000134
WIKIPATHWAYS_FLAVAN_3_OL_METABOLIC_PATHWAY	Vanillic acid	Vanillic acid	-	WP4238	C06672	HMDB0000484	RAMP_C_000262375
WIKIPATHWAYS_FLUOROACETIC_ACID_TOXICITY	Citric acid	Citric acid	-	WP4966	C00158	HMDB0000094	RAMP_C_000218121
WIKIPATHWAYS_FLUOROACETIC_ACID_TOXICITY	FA 2:0	Acetic acid	-	WP4966	C00033	HMDB0000042	RAMP_C_000218400
WIKIPATHWAYS_FLUOROACETIC_ACID_TOXICITY	Isocitric acid	Isocitric acid	-	WP4966	C00311	HMDB0000193	RAMP_C_000217206
WIKIPATHWAYS_FOLATE_ALCOHOL_AND_CANCER_PATHWAY_HYPOTHESES	AHCys	S-Adenosylhomocysteine	-	WP1589	C00021	HMDB0000939	RAMP_C_000218715
WIKIPATHWAYS_FOLATE_ALCOHOL_AND_CANCER_PATHWAY_HYPOTHESES	Cys	Cysteine	-	WP1589	C00097	HMDB0000574	RAMP_C_000218469
WIKIPATHWAYS_FOLATE_ALCOHOL_AND_CANCER_PATHWAY_HYPOTHESES	FA 2:0	Acetic acid	-	WP1589	C00033	HMDB0000042	RAMP_C_000218400
WIKIPATHWAYS_FOLATE_ALCOHOL_AND_CANCER_PATHWAY_HYPOTHESES	Folic acid (B9)	Folic acid (B9)	-	WP1589	C00504	HMDB0000121	RAMP_C_000220612
WIKIPATHWAYS_FOLATE_ALCOHOL_AND_CANCER_PATHWAY_HYPOTHESES	HCys	Homocysteine	-	WP1589	C00155	HMDB0000165	RAMP_C_000218762
WIKIPATHWAYS_FOLATE_ALCOHOL_AND_CANCER_PATHWAY_HYPOTHESES	Met	Methionine	-	WP1589	C00073	HMDB0000696	RAMP_C_000218711
WIKIPATHWAYS_FOLATE_METABOLISM	AHCys	S-Adenosylhomocysteine	-	WP176	C00021	HMDB0000939	RAMP_C_000218715
WIKIPATHWAYS_FOLATE_METABOLISM	Arg	Arginine	-	WP176	C00062	HMDB0000517	RAMP_C_000042003
WIKIPATHWAYS_FOLATE_METABOLISM	Cys	Cysteine	-	WP176	C00097	HMDB0000574	RAMP_C_000218469
WIKIPATHWAYS_FOLATE_METABOLISM	Folic acid (B9)	Folic acid (B9)	-	WP176	C00504	HMDB0000121	RAMP_C_000220612
WIKIPATHWAYS_FOLATE_METABOLISM	Glucose	Glucose	-	WP176	C00031	HMDB0000122	RAMP_C_000000077
WIKIPATHWAYS_FOLATE_METABOLISM	Gly	Glycine	-	WP176	C00037	HMDB0000123	RAMP_C_000000078
WIKIPATHWAYS_FOLATE_METABOLISM	HCys	Homocysteine	-	WP176	C00155	HMDB0000165	RAMP_C_000218762
WIKIPATHWAYS_FOLATE_METABOLISM	Met	Methionine	-	WP176	C00073	HMDB0000696	RAMP_C_000218711
WIKIPATHWAYS_FOLATE_METABOLISM	Nitro-Tyr	Nitrotyrosine	-	WP176		HMDB0001904	RAMP_C_000001250
WIKIPATHWAYS_FOLATE_METABOLISM	Riboflavin (B2)	Riboflavin (B2)	-	WP176	C00255	HMDB0000244	RAMP_C_000000164
WIKIPATHWAYS_FOLATE_METABOLISM	Ser	Serine	-	WP176	C00065	HMDB0000187	RAMP_C_000218440
WIKIPATHWAYS_GABA_METABOLISM_AKA_GHB	2-OH-Glutaric acid	2-Hydroxyglutaric acid	-	WP4157	C01087	HMDB0000606	RAMP_C_000219574
WIKIPATHWAYS_GABA_METABOLISM_AKA_GHB	GABA	gamma-Aminobutyric acid	-	WP4157	C00334	HMDB0000112	RAMP_C_000219510
WIKIPATHWAYS_GABA_METABOLISM_AKA_GHB	Glu	Glutamic acid	-	WP4157	C00025	HMDB0000148	RAMP_C_000218397
WIKIPATHWAYS_GABA_METABOLISM_AKA_GHB	Glycolic acid	Glycolic acid	-	WP4157	C00160	HMDB0000115	RAMP_C_000000073
WIKIPATHWAYS_GABA_METABOLISM_AKA_GHB	N-Ac-Putrescine	N-Acetylputrescine	-	WP4157	C02714	HMDB0002064	RAMP_C_000001365
WIKIPATHWAYS_GABA_METABOLISM_AKA_GHB	Putrescine	Putrescine	-	WP4157	C00134	HMDB0001414	RAMP_C_000001073
WIKIPATHWAYS_GABA_METABOLISM_AKA_GHB	Suc	Succinic acid	-	WP4157	C00042	HMDB0000254	RAMP_C_000218399
WIKIPATHWAYS_GABA_METABOLISM_AKA_GHB	Uracil	Uracil	-	WP4157	C00106	HMDB0000300	RAMP_C_000000203
WIKIPATHWAYS_GABA_METABOLISM_AKA_GHB	a-Ketoglutaric acid	alpha-Ketoglutaric acid	-	WP4157	C00026	HMDB0000208	RAMP_C_000274401
WIKIPATHWAYS_GABA_METABOLISM_AKA_GHB	beta-Ala	beta-Alanine	-	WP4157	C00099	HMDB0000056	RAMP_C_000218729
WIKIPATHWAYS_GABA_RECEPTOR_SIGNALING	GABA	gamma-Aminobutyric acid	-	WP4159	C00334	HMDB0000112	RAMP_C_000219510
WIKIPATHWAYS_GABA_RECEPTOR_SIGNALING	Glu	Glutamic acid	-	WP4159	C00025	HMDB0000148	RAMP_C_000218397
WIKIPATHWAYS_GABA_RECEPTOR_SIGNALING	Suc	Succinic acid	-	WP4159	C00042	HMDB0000254	RAMP_C_000218399
WIKIPATHWAYS_GLUCOSE_HOMEOSTASIS	2-Met-HipAcid	2-Methylhippuric acid	-	WP661	C01586	HMDB0000714	RAMP_C_000000556
WIKIPATHWAYS_GLUCOSE_HOMEOSTASIS	3-OH-Butyric acid	3-Hydroxybutyric acid	-	WP661	C01089	HMDB0000011	RAMP_C_000218499
WIKIPATHWAYS_GLUCOSE_HOMEOSTASIS	Arg	Arginine	-	WP661	C00062	HMDB0000517	RAMP_C_000042003
WIKIPATHWAYS_GLUCOSE_HOMEOSTASIS	Cit	Citrulline	-	WP661	C00327	HMDB0000904	RAMP_C_000218703
WIKIPATHWAYS_GLUCOSE_HOMEOSTASIS	GCA	Glycocholic acid	-	WP661	C01921	HMDB0000138	RAMP_C_000000089
WIKIPATHWAYS_GLUCOSE_HOMEOSTASIS	GCDCA	Glycochenodeoxycholic acid	-	WP661	C05462	HMDB0000637	RAMP_C_000002951
WIKIPATHWAYS_GLUCOSE_HOMEOSTASIS	Glucose	Glucose	-	WP661	C00031	HMDB0000122	RAMP_C_000000077
WIKIPATHWAYS_GLUCOSE_HOMEOSTASIS	HipAcid	Hippuric acid	-	WP661	C01586	HMDB0000714	RAMP_C_000000556
WIKIPATHWAYS_GLUCOSE_HOMEOSTASIS	His	Histidine	-	WP661	C00135	HMDB0000177	RAMP_C_000218426
WIKIPATHWAYS_GLUCOSE_HOMEOSTASIS	Hypoxanthine	Hypoxanthine	-	WP661	C00262	HMDB0000157	RAMP_C_000000101
WIKIPATHWAYS_GLUCOSE_HOMEOSTASIS	Ile	Isoleucine	-	WP661	C00407	HMDB0000172	RAMP_C_000218741
WIKIPATHWAYS_GLUCOSE_HOMEOSTASIS	Lac	Lactic acid	-	WP661	C00186	HMDB0000190	RAMP_C_000218078
WIKIPATHWAYS_GLUCOSE_HOMEOSTASIS	Lys	Lysine	-	WP661	C00047	HMDB0000182	RAMP_C_000000117
WIKIPATHWAYS_GLUCOSE_HOMEOSTASIS	Malic acid	Malic acid	-	WP661	C00149	HMDB0000156	RAMP_C_000218036
WIKIPATHWAYS_GLUCOSE_HOMEOSTASIS	Met	Methionine	-	WP661	C00073	HMDB0000696	RAMP_C_000218711
WIKIPATHWAYS_GLUCOSE_HOMEOSTASIS	Orn	Ornithine	-	WP661	C00077	HMDB0000214	RAMP_C_000218554
WIKIPATHWAYS_GLUCOSE_HOMEOSTASIS	Phe	Phenylalanine	-	WP661	C00079	HMDB0000159	RAMP_C_000218749
WIKIPATHWAYS_GLUCOSE_HOMEOSTASIS	Pyruvic acid	Pyruvic acid	-	WP661	C00022	HMDB0000243	RAMP_C_000218028
WIKIPATHWAYS_GLUCOSE_HOMEOSTASIS	TCDCA	Taurochenodeoxycholic acid	-	WP661	C05465	HMDB0000951	RAMP_C_000219362
WIKIPATHWAYS_GLUCOSE_HOMEOSTASIS	Tyr	Tyrosine	-	WP661	C00082	HMDB0000158	RAMP_C_000218778
WIKIPATHWAYS_GLUCOSE_HOMEOSTASIS	Val	Valine	-	WP661	C00183	HMDB0000883	RAMP_C_000218704
WIKIPATHWAYS_GLUTATHIONE_METABOLISM	5-Oxo-Pro	5-Oxoproline	-	WP100	C01879	HMDB0000267	RAMP_C_000263954
WIKIPATHWAYS_GLUTATHIONE_METABOLISM	Cys	Cysteine	-	WP100	C00097	HMDB0000574	RAMP_C_000218469
WIKIPATHWAYS_GLUTATHIONE_METABOLISM	Glu	Glutamic acid	-	WP100	C00025	HMDB0000148	RAMP_C_000218397
WIKIPATHWAYS_GLUTATHIONE_METABOLISM	Gly	Glycine	-	WP100	C00037	HMDB0000123	RAMP_C_000000078
WIKIPATHWAYS_GLYCEROPHOSPHOLIPID_BIOSYNTHETIC_PATHWAY	AHCys	S-Adenosylhomocysteine	-	WP2533	C00021	HMDB0000939	RAMP_C_000218715
WIKIPATHWAYS_GLYCEROPHOSPHOLIPID_BIOSYNTHETIC_PATHWAY	Choline	Choline	-	WP2533	C00114	HMDB0000097	RAMP_C_000000065
WIKIPATHWAYS_GLYCEROPHOSPHOLIPID_BIOSYNTHETIC_PATHWAY	PS 32:0	PS 32:0	-	WP2533	C02737	HMDB0000614	RAMP_C_000217830
WIKIPATHWAYS_GLYCEROPHOSPHOLIPID_BIOSYNTHETIC_PATHWAY	Ser	Serine	-	WP2533	C00065	HMDB0000187	RAMP_C_000218440
WIKIPATHWAYS_GLYCINE_METABOLISM	Creatine	Creatine	-	WP1495	C00300	HMDB0000064	RAMP_C_000000046
WIKIPATHWAYS_GLYCINE_METABOLISM	Gly	Glycine	-	WP1495	C00037	HMDB0000123	RAMP_C_000000078
WIKIPATHWAYS_GLYCINE_METABOLISM	Glyoxylic acid	Glyoxylic acid	-	WP1495	C00048	HMDB0000119	RAMP_C_000218495
WIKIPATHWAYS_GLYCINE_METABOLISM	Oxalic acid	Oxalic acid	-	WP1495	C00209	HMDB0002329	RAMP_C_000001542
WIKIPATHWAYS_GLYCINE_METABOLISM	Pyruvic acid	Pyruvic acid	-	WP1495	C00022	HMDB0000243	RAMP_C_000218028
WIKIPATHWAYS_GLYCINE_METABOLISM	Ser	Serine	-	WP1495	C00065	HMDB0000187	RAMP_C_000218440
WIKIPATHWAYS_GLYCINE_METABOLISM_INCLUDING_IMDS	Gly	Glycine	-	WP5028	C00037	HMDB0000123	RAMP_C_000000078
WIKIPATHWAYS_GLYCINE_METABOLISM_INCLUDING_IMDS	PMP	Pyridoxamine 5'-phosphate	-	WP5028	C00647	HMDB0001555	RAMP_C_000220901
WIKIPATHWAYS_GLYCINE_METABOLISM_INCLUDING_IMDS	Ser	Serine	-	WP5028	C00065	HMDB0000187	RAMP_C_000218440
WIKIPATHWAYS_GLYCOLYSIS_AND_GLUCONEOGENESIS	Asp	Aspartic acid	-	WP534	C00049	HMDB0000191	RAMP_C_000218398
WIKIPATHWAYS_GLYCOLYSIS_AND_GLUCONEOGENESIS	Glucose	Glucose	-	WP534	C00031	HMDB0000122	RAMP_C_000000077
WIKIPATHWAYS_GLYCOLYSIS_AND_GLUCONEOGENESIS	Lac	Lactic acid	-	WP534	C00186	HMDB0000190	RAMP_C_000218078
WIKIPATHWAYS_GLYCOLYSIS_AND_GLUCONEOGENESIS	Malic acid	Malic acid	-	WP534	C00149	HMDB0000156	RAMP_C_000218036
WIKIPATHWAYS_GLYCOLYSIS_AND_GLUCONEOGENESIS	Oxaloacetic acid	Oxaloacetic acid	-	WP534	C00036	HMDB0000223	RAMP_C_000262942
WIKIPATHWAYS_GLYCOLYSIS_AND_GLUCONEOGENESIS	Pyruvic acid	Pyruvic acid	-	WP534	C00022	HMDB0000243	RAMP_C_000218028
WIKIPATHWAYS_GLYOXYLATE_METABOLISM	Ala	Alanine	-	WP5166	C00041	HMDB0000161	RAMP_C_000000104
WIKIPATHWAYS_GLYOXYLATE_METABOLISM	Gly	Glycine	-	WP5166	C00037	HMDB0000123	RAMP_C_000000078
WIKIPATHWAYS_GLYOXYLATE_METABOLISM	Glyceric acid	Glyceric acid	-	WP5166	C00258	HMDB0000139	RAMP_C_000218080
WIKIPATHWAYS_GLYOXYLATE_METABOLISM	Glycolic acid	Glycolic acid	-	WP5166	C00160	HMDB0000115	RAMP_C_000000073
WIKIPATHWAYS_GLYOXYLATE_METABOLISM	Glyoxylic acid	Glyoxylic acid	-	WP5166	C00048	HMDB0000119	RAMP_C_000218495
WIKIPATHWAYS_GLYOXYLATE_METABOLISM	Oxalic acid	Oxalic acid	-	WP5166	C00209	HMDB0002329	RAMP_C_000001542
WIKIPATHWAYS_GLYOXYLATE_METABOLISM	Pyruvic acid	Pyruvic acid	-	WP5166	C00022	HMDB0000243	RAMP_C_000218028
WIKIPATHWAYS_GLYOXYLATE_METABOLISM	Ser	Serine	-	WP5166	C00065	HMDB0000187	RAMP_C_000218440
WIKIPATHWAYS_GLYOXYLATE_METABOLISM	t4-OH-Pro	trans-4-Hydroxyproline	-	WP5166	C01157	HMDB0000725	RAMP_C_000000565
WIKIPATHWAYS_GPCRS_CLASS_A_RHODOPSIN_LIKE	Dopamine	Dopamine	-	WP455	C03758	HMDB0000073	RAMP_C_000218860
WIKIPATHWAYS_GPCRS_CLASS_A_RHODOPSIN_LIKE	Histamine	Histamine	-	WP455	C00388	HMDB0000870	RAMP_C_000000678
WIKIPATHWAYS_GPCRS_CLASS_A_RHODOPSIN_LIKE	Melatonin	Melatonin	-	WP455	C01598	HMDB0001389	RAMP_C_000001056
WIKIPATHWAYS_GPCRS_CLASS_A_RHODOPSIN_LIKE	Serotonin	Serotonin	-	WP455	C00780	HMDB0000259	RAMP_C_000000177
WIKIPATHWAYS_GPR143_IN_MELANOCYTES_AND_RETINAL_PIGMENT_EPITHELIUM_CELLS	DOPA	Dihydroxyphenylalanine	-	WP4941	C00355	HMDB0000181	RAMP_C_000218668
WIKIPATHWAYS_GPR143_IN_MELANOCYTES_AND_RETINAL_PIGMENT_EPITHELIUM_CELLS	Dopamine	Dopamine	-	WP4941	C03758	HMDB0000073	RAMP_C_000218860
WIKIPATHWAYS_GPR143_IN_MELANOCYTES_AND_RETINAL_PIGMENT_EPITHELIUM_CELLS	Tyr	Tyrosine	-	WP4941	C00082	HMDB0000158	RAMP_C_000218778
WIKIPATHWAYS_GPR143_IN_MELANOCYTES_AND_RETINAL_PIGMENT_EPITHELIUM_CELLS	cAMP	Adenosine monophosphate, cyclic (cAMP)	-	WP4941	C00575	HMDB0000058	RAMP_C_000218758
WIKIPATHWAYS_HEREDITARY_LEIOMYOMATOSIS_AND_RENAL_CELL_CARCINOMA_PATHWAY	Citric acid	Citric acid	-	WP4206	C00158	HMDB0000094	RAMP_C_000218121
WIKIPATHWAYS_HEREDITARY_LEIOMYOMATOSIS_AND_RENAL_CELL_CARCINOMA_PATHWAY	Fumaric acid	Fumaric acid	-	WP4206	C00122	HMDB0000134	RAMP_C_000218394
WIKIPATHWAYS_HEREDITARY_LEIOMYOMATOSIS_AND_RENAL_CELL_CARCINOMA_PATHWAY	Isocitric acid	Isocitric acid	-	WP4206	C00311	HMDB0000193	RAMP_C_000217206
WIKIPATHWAYS_HEREDITARY_LEIOMYOMATOSIS_AND_RENAL_CELL_CARCINOMA_PATHWAY	Malic acid	Malic acid	-	WP4206	C00149	HMDB0000156	RAMP_C_000218036
WIKIPATHWAYS_HEREDITARY_LEIOMYOMATOSIS_AND_RENAL_CELL_CARCINOMA_PATHWAY	Oxaloacetic acid	Oxaloacetic acid	-	WP4206	C00036	HMDB0000223	RAMP_C_000262942
WIKIPATHWAYS_HEREDITARY_LEIOMYOMATOSIS_AND_RENAL_CELL_CARCINOMA_PATHWAY	Pyruvic acid	Pyruvic acid	-	WP4206	C00022	HMDB0000243	RAMP_C_000218028
WIKIPATHWAYS_HEREDITARY_LEIOMYOMATOSIS_AND_RENAL_CELL_CARCINOMA_PATHWAY	Suc	Succinic acid	-	WP4206	C00042	HMDB0000254	RAMP_C_000218399
WIKIPATHWAYS_HEREDITARY_LEIOMYOMATOSIS_AND_RENAL_CELL_CARCINOMA_PATHWAY	a-Ketoglutaric acid	alpha-Ketoglutaric acid	-	WP4206	C00026	HMDB0000208	RAMP_C_000274401
WIKIPATHWAYS_HIF1A_AND_PPARG_IN_CARDIAC_HYPERTROPTHY	DG 16:0_16:0	DG 16:0_16:0	-	WP2456	C00165	HMDB0007098	RAMP_C_000219428
WIKIPATHWAYS_HIF1A_AND_PPARG_IN_CARDIAC_HYPERTROPTHY	Glucose	Glucose	-	WP2456	C00031	HMDB0000122	RAMP_C_000000077
WIKIPATHWAYS_HIF1A_AND_PPARG_IN_CARDIAC_HYPERTROPTHY	Lac	Lactic acid	-	WP2456	C00186	HMDB0000190	RAMP_C_000218078
WIKIPATHWAYS_HIF1A_AND_PPARG_IN_CARDIAC_HYPERTROPTHY	Pyruvic acid	Pyruvic acid	-	WP2456	C00022	HMDB0000243	RAMP_C_000218028
WIKIPATHWAYS_IDO_METABOLIC_PATHWAY	3-OH-Anthranilic acid	3-Hydroxyanthranilic acid	-	WP5414	C00632	HMDB0001476	RAMP_C_000220389
WIKIPATHWAYS_IDO_METABOLIC_PATHWAY	3-OH-Kynurenine	3-Hydroxykynurenine	-	WP5414	C02794	HMDB0000732	RAMP_C_000000572
WIKIPATHWAYS_IDO_METABOLIC_PATHWAY	Anthranilic acid	Anthranilic acid	-	WP5414	C00108	HMDB0001123	RAMP_C_000219500
WIKIPATHWAYS_IDO_METABOLIC_PATHWAY	Kynurenic acid	Kynurenic acid	-	WP5414	C01717	HMDB0000715	RAMP_C_000219506
WIKIPATHWAYS_IDO_METABOLIC_PATHWAY	Kynurenine	Kynurenine	-	WP5414	C00328	HMDB0000183	RAMP_C_000000530
WIKIPATHWAYS_IDO_METABOLIC_PATHWAY	Picolinic acid	Picolinic acid	-	WP5414	C10164	HMDB0002243	RAMP_C_000001492
WIKIPATHWAYS_IDO_METABOLIC_PATHWAY	Quinolinic acid	Quinolinic acid	-	WP5414	C03722	HMDB0000232	RAMP_C_000000155
WIKIPATHWAYS_IDO_METABOLIC_PATHWAY	Trp	Tryptophan	-	WP5414	C00078	HMDB0000929	RAMP_C_000218721
WIKIPATHWAYS_KENNEDY_PATHWAY_FROM_SPHINGOLIPIDS	AHCys	S-Adenosylhomocysteine	-	WP3933	C00021	HMDB0000939	RAMP_C_000218715
WIKIPATHWAYS_KENNEDY_PATHWAY_FROM_SPHINGOLIPIDS	Choline	Choline	-	WP3933	C00114	HMDB0000097	RAMP_C_000000065
WIKIPATHWAYS_KENNEDY_PATHWAY_FROM_SPHINGOLIPIDS	DG 16:0_16:0	DG 16:0_16:0	-	WP3933	C00165	HMDB0007098	RAMP_C_000219428
WIKIPATHWAYS_KENNEDY_PATHWAY_FROM_SPHINGOLIPIDS	PS 32:0	PS 32:0	-	WP3933	C02737	HMDB0000614	RAMP_C_000217830
WIKIPATHWAYS_KENNEDY_PATHWAY_FROM_SPHINGOLIPIDS	Ser	Serine	-	WP3933	C00065	HMDB0000187	RAMP_C_000218440
WIKIPATHWAYS_KETOGENESIS_AND_KETOLYSIS	3-OH-Butyric acid	3-Hydroxybutyric acid	-	WP4742	C01089	HMDB0000011	RAMP_C_000218499
WIKIPATHWAYS_KETOGENESIS_AND_KETOLYSIS	Oxaloacetic acid	Oxaloacetic acid	-	WP4742	C00036	HMDB0000223	RAMP_C_000262942
WIKIPATHWAYS_KETOGENESIS_AND_KETOLYSIS	Pyruvic acid	Pyruvic acid	-	WP4742	C00022	HMDB0000243	RAMP_C_000218028
WIKIPATHWAYS_KREBS_CYCLE_DISORDERS	Ala	Alanine	-	WP4236	C00041	HMDB0000161	RAMP_C_000000104
WIKIPATHWAYS_KREBS_CYCLE_DISORDERS	C3	Propionylcarnitine	-	WP4236	C03017	HMDB0000824	RAMP_C_000000645
WIKIPATHWAYS_KREBS_CYCLE_DISORDERS	Fumaric acid	Fumaric acid	-	WP4236	C00122	HMDB0000134	RAMP_C_000218394
WIKIPATHWAYS_KREBS_CYCLE_DISORDERS	Malic acid	Malic acid	-	WP4236	C00149	HMDB0000156	RAMP_C_000218036
WIKIPATHWAYS_KREBS_CYCLE_DISORDERS	Methylmalonic acid	Methylmalonic acid	-	WP4236	C02170	HMDB0000202	RAMP_C_000220800
WIKIPATHWAYS_KREBS_CYCLE_DISORDERS	Oxaloacetic acid	Oxaloacetic acid	-	WP4236	C00036	HMDB0000223	RAMP_C_000262942
WIKIPATHWAYS_KREBS_CYCLE_DISORDERS	Pyruvic acid	Pyruvic acid	-	WP4236	C00022	HMDB0000243	RAMP_C_000218028
WIKIPATHWAYS_KREBS_CYCLE_DISORDERS	Suc	Succinic acid	-	WP4236	C00042	HMDB0000254	RAMP_C_000218399
WIKIPATHWAYS_KREBS_CYCLE_DISORDERS	a-Ketoglutaric acid	alpha-Ketoglutaric acid	-	WP4236	C00026	HMDB0000208	RAMP_C_000274401
WIKIPATHWAYS_KYNURENINE_PATHWAY_AND_LINKS_TO_CELL_SENESCENCE	3-OH-Anthranilic acid	3-Hydroxyanthranilic acid	-	WP5044	C00632	HMDB0001476	RAMP_C_000220389
WIKIPATHWAYS_KYNURENINE_PATHWAY_AND_LINKS_TO_CELL_SENESCENCE	3-OH-Kynurenine	3-Hydroxykynurenine	-	WP5044	C02794	HMDB0000732	RAMP_C_000000572
WIKIPATHWAYS_KYNURENINE_PATHWAY_AND_LINKS_TO_CELL_SENESCENCE	Anthranilic acid	Anthranilic acid	-	WP5044	C00108	HMDB0001123	RAMP_C_000219500
WIKIPATHWAYS_KYNURENINE_PATHWAY_AND_LINKS_TO_CELL_SENESCENCE	Kynurenic acid	Kynurenic acid	-	WP5044	C01717	HMDB0000715	RAMP_C_000219506
WIKIPATHWAYS_KYNURENINE_PATHWAY_AND_LINKS_TO_CELL_SENESCENCE	Melatonin	Melatonin	-	WP5044	C01598	HMDB0001389	RAMP_C_000001056
WIKIPATHWAYS_KYNURENINE_PATHWAY_AND_LINKS_TO_CELL_SENESCENCE	Picolinic acid	Picolinic acid	-	WP5044	C10164	HMDB0002243	RAMP_C_000001492
WIKIPATHWAYS_KYNURENINE_PATHWAY_AND_LINKS_TO_CELL_SENESCENCE	Quinolinic acid	Quinolinic acid	-	WP5044	C03722	HMDB0000232	RAMP_C_000000155
WIKIPATHWAYS_KYNURENINE_PATHWAY_AND_LINKS_TO_CELL_SENESCENCE	Xanthurenic acid	Xanthurenic acid	-	WP5044	C02470	HMDB0000881	RAMP_C_000000688
WIKIPATHWAYS_LEUCINE_ISOLEUCINE_AND_VALINE_METABOLISM	3-HMGA	3-Hydroxymethylglutaric acid	-	WP4686	C03761	HMDB0000355	RAMP_C_000262211
WIKIPATHWAYS_LEUCINE_ISOLEUCINE_AND_VALINE_METABOLISM	3-Met-2-oxovaleric acid	3-Methyl-2-oxovaleric acid	-	WP4686	C00671	HMDB0000491	RAMP_C_000000367
WIKIPATHWAYS_LEUCINE_ISOLEUCINE_AND_VALINE_METABOLISM	3-Met-glutaric acid	3-Methylglutaric acid	-	WP4686		HMDB0000752	RAMP_C_000000590
WIKIPATHWAYS_LEUCINE_ISOLEUCINE_AND_VALINE_METABOLISM	3-OH-Butyric acid	3-Hydroxybutyric acid	-	WP4686	C01089	HMDB0000011	RAMP_C_000218499
WIKIPATHWAYS_LEUCINE_ISOLEUCINE_AND_VALINE_METABOLISM	3-OH-Isobutyric acid	3-Hydroxyisobutyric acid	-	WP4686	C01188	HMDB0000023	RAMP_C_000000016
WIKIPATHWAYS_LEUCINE_ISOLEUCINE_AND_VALINE_METABOLISM	4-Met-2-oxovaleric acid	2-Oxoisocaproic acid	-	WP4686	C00233	HMDB0000695	RAMP_C_000218182
WIKIPATHWAYS_LEUCINE_ISOLEUCINE_AND_VALINE_METABOLISM	BAIBA	3-Aminoisobutyric acid	-	WP4686	C05145	HMDB0000485	RAMP_C_000001957
WIKIPATHWAYS_LEUCINE_ISOLEUCINE_AND_VALINE_METABOLISM	Biotin (B7)	Biotin (B7)	-	WP4686	C00120	HMDB0000030	RAMP_C_000261993
WIKIPATHWAYS_LEUCINE_ISOLEUCINE_AND_VALINE_METABOLISM	C3	Propionylcarnitine	-	WP4686	C03017	HMDB0000824	RAMP_C_000000645
WIKIPATHWAYS_LEUCINE_ISOLEUCINE_AND_VALINE_METABOLISM	C5:1	Tiglylcarnitine	-	WP4686		HMDB0002366	RAMP_C_000001570
WIKIPATHWAYS_LEUCINE_ISOLEUCINE_AND_VALINE_METABOLISM	Ethylmalonic acid	Ethylmalonic acid	-	WP4686		HMDB0000622	RAMP_C_000000476
WIKIPATHWAYS_LEUCINE_ISOLEUCINE_AND_VALINE_METABOLISM	FA 4:0-3M	Isovaleric acid	-	WP4686	C08262	HMDB0000718	RAMP_C_000267279
WIKIPATHWAYS_LEUCINE_ISOLEUCINE_AND_VALINE_METABOLISM	Ile	Isoleucine	-	WP4686	C00407	HMDB0000172	RAMP_C_000218741
WIKIPATHWAYS_LEUCINE_ISOLEUCINE_AND_VALINE_METABOLISM	Leu	Leucine	-	WP4686	C00123	HMDB0000687	RAMP_C_000000532
WIKIPATHWAYS_LEUCINE_ISOLEUCINE_AND_VALINE_METABOLISM	Malonic acid	Malonic acid	-	WP4686	C00383	HMDB0000691	RAMP_C_000220789
WIKIPATHWAYS_LEUCINE_ISOLEUCINE_AND_VALINE_METABOLISM	Methylmalonic acid	Methylmalonic acid	-	WP4686	C02170	HMDB0000202	RAMP_C_000220800
WIKIPATHWAYS_LEUCINE_ISOLEUCINE_AND_VALINE_METABOLISM	Val	Valine	-	WP4686	C00183	HMDB0000883	RAMP_C_000218704
WIKIPATHWAYS_LEUCINE_ISOLEUCINE_AND_VALINE_METABOLISM	a-Ketoisovaleric acid	alpha-Ketoisovaleric acid	-	WP4686	C00141	HMDB0000019	RAMP_C_000000012
WIKIPATHWAYS_LEUCINE_ISOLEUCINE_AND_VALINE_METABOLISM	beta-Ala	beta-Alanine	-	WP4686	C00099	HMDB0000056	RAMP_C_000218729
WIKIPATHWAYS_LINOLEIC_ACID_METABOLISM_AFFECTED_BY_SARS_COV_2	FA 16:0	Palmitic acid	-	WP4853	C00249	HMDB0000220	RAMP_C_000219234
WIKIPATHWAYS_LINOLEIC_ACID_METABOLISM_AFFECTED_BY_SARS_COV_2	FA 18:0	Stearic acid	-	WP4853	C01530	HMDB0000827	RAMP_C_000000648
WIKIPATHWAYS_LINOLEIC_ACID_METABOLISM_AFFECTED_BY_SARS_COV_2	FA 18:1	Oleic acid	-	WP4853	C00712	HMDB0000207	RAMP_C_000218407
WIKIPATHWAYS_LINOLEIC_ACID_METABOLISM_AFFECTED_BY_SARS_COV_2	FA 18:2	Linoleic acid	-	WP4853	C01595	HMDB0000673	RAMP_C_000263195
WIKIPATHWAYS_LINOLEIC_ACID_METABOLISM_AFFECTED_BY_SARS_COV_2	FA 20:3n-6	Dihomo-gamma-linolenic acid (omega6)	-	WP4853	C03242	HMDB0002925	RAMP_C_000266357
WIKIPATHWAYS_LINOLEIC_ACID_METABOLISM_AFFECTED_BY_SARS_COV_2	FA 20:4n-6 (AA)	Arachidonic acid (AA; omega6)	-	WP4853	C00219	HMDB0001043	RAMP_C_000000804
WIKIPATHWAYS_LINOLEIC_ACID_METABOLISM_AFFECTED_BY_SARS_COV_2	LPC 18:2	LPC 18:2	-	WP4853		HMDB0010386	RAMP_C_000006339
WIKIPATHWAYS_LIPID_METABOLISM_PATHWAY	DG 16:0_16:0	DG 16:0_16:0	-	WP3965	C00165	HMDB0007098	RAMP_C_000219428
WIKIPATHWAYS_LIPID_METABOLISM_PATHWAY	FA 16:0	Palmitic acid	-	WP3965	C00249	HMDB0000220	RAMP_C_000219234
WIKIPATHWAYS_LIPID_METABOLISM_PATHWAY	FA 2:0	Acetic acid	-	WP3965	C00033	HMDB0000042	RAMP_C_000218400
WIKIPATHWAYS_LIPID_METABOLISM_PATHWAY	Pyruvic acid	Pyruvic acid	-	WP3965	C00022	HMDB0000243	RAMP_C_000218028
WIKIPATHWAYS_MAJOR_RECEPTORS_TARGETED_BY_EPINEPHRINE_AND_NOREPINEPHRINE	DG 16:0_16:0	DG 16:0_16:0	-	WP4589	C00165	HMDB0007098	RAMP_C_000219428
WIKIPATHWAYS_MAJOR_RECEPTORS_TARGETED_BY_EPINEPHRINE_AND_NOREPINEPHRINE	Epinephrine	Epinephrine	-	WP4589	C00788	HMDB0000068	RAMP_C_000000048
WIKIPATHWAYS_MAJOR_RECEPTORS_TARGETED_BY_EPINEPHRINE_AND_NOREPINEPHRINE	Ser	Serine	-	WP4589	C00065	HMDB0000187	RAMP_C_000218440
WIKIPATHWAYS_MAJOR_RECEPTORS_TARGETED_BY_EPINEPHRINE_AND_NOREPINEPHRINE	Thr	Threonine	-	WP4589	C00188	HMDB0000167	RAMP_C_000218724
WIKIPATHWAYS_MAJOR_RECEPTORS_TARGETED_BY_EPINEPHRINE_AND_NOREPINEPHRINE	cAMP	Adenosine monophosphate, cyclic (cAMP)	-	WP4589	C00575	HMDB0000058	RAMP_C_000218758
WIKIPATHWAYS_MALATE_ASPARTATE_SHUTTLE	Glu	Glutamic acid	-	WP4315	C00025	HMDB0000148	RAMP_C_000218397
WIKIPATHWAYS_MALATE_ASPARTATE_SHUTTLE	Malic acid	Malic acid	-	WP4315	C00149	HMDB0000156	RAMP_C_000218036
WIKIPATHWAYS_MALATE_ASPARTATE_SHUTTLE	Oxaloacetic acid	Oxaloacetic acid	-	WP4315	C00036	HMDB0000223	RAMP_C_000262942
WIKIPATHWAYS_MALATE_ASPARTATE_SHUTTLE	a-Ketoglutaric acid	alpha-Ketoglutaric acid	-	WP4315	C00026	HMDB0000208	RAMP_C_000274401
WIKIPATHWAYS_MECP2_AND_ASSOCIATED_RETT_SYNDROME	Dopamine	Dopamine	-	WP3584	C03758	HMDB0000073	RAMP_C_000218860
WIKIPATHWAYS_MECP2_AND_ASSOCIATED_RETT_SYNDROME	GABA	gamma-Aminobutyric acid	-	WP3584	C00334	HMDB0000112	RAMP_C_000219510
WIKIPATHWAYS_MECP2_AND_ASSOCIATED_RETT_SYNDROME	Gly	Glycine	-	WP3584	C00037	HMDB0000123	RAMP_C_000000078
WIKIPATHWAYS_MECP2_AND_ASSOCIATED_RETT_SYNDROME	Melatonin	Melatonin	-	WP3584	C01598	HMDB0001389	RAMP_C_000001056
WIKIPATHWAYS_MECP2_AND_ASSOCIATED_RETT_SYNDROME	N-Met-Asp	N-Methylaspartic acid	-	WP3584	C12269	HMDB0002393	RAMP_C_000001590
WIKIPATHWAYS_MECP2_AND_ASSOCIATED_RETT_SYNDROME	Norepinephrine	Norepinephrine	-	WP3584	C00547	HMDB0000216	RAMP_C_000219112
WIKIPATHWAYS_MECP2_AND_ASSOCIATED_RETT_SYNDROME	Serotonin	Serotonin	-	WP3584	C00780	HMDB0000259	RAMP_C_000000177
WIKIPATHWAYS_MELATONIN_METABOLISM_AND_EFFECTS	5-HIAA	5-Hydroxyindoleacetic acid	-	WP3298	C05635	HMDB0000763	RAMP_C_000000599
WIKIPATHWAYS_MELATONIN_METABOLISM_AND_EFFECTS	Melatonin	Melatonin	-	WP3298	C01598	HMDB0001389	RAMP_C_000001056
WIKIPATHWAYS_MELATONIN_METABOLISM_AND_EFFECTS	Norepinephrine	Norepinephrine	-	WP3298	C00547	HMDB0000216	RAMP_C_000219112
WIKIPATHWAYS_MELATONIN_METABOLISM_AND_EFFECTS	Serotonin	Serotonin	-	WP3298	C00780	HMDB0000259	RAMP_C_000000177
WIKIPATHWAYS_MELATONIN_METABOLISM_AND_EFFECTS	cAMP	Adenosine monophosphate, cyclic (cAMP)	-	WP3298	C00575	HMDB0000058	RAMP_C_000218758
WIKIPATHWAYS_METABOLIC_EPILEPTIC_DISORDERS	AHCys	S-Adenosylhomocysteine	-	WP5355	C00021	HMDB0000939	RAMP_C_000218715
WIKIPATHWAYS_METABOLIC_EPILEPTIC_DISORDERS	Ala	Alanine	-	WP5355	C00041	HMDB0000161	RAMP_C_000000104
WIKIPATHWAYS_METABOLIC_EPILEPTIC_DISORDERS	Arginino-Suc	Argininosuccinic acid	-	WP5355	C03406	HMDB0000052	RAMP_C_000218664
WIKIPATHWAYS_METABOLIC_EPILEPTIC_DISORDERS	Asp	Aspartic acid	-	WP5355	C00049	HMDB0000191	RAMP_C_000218398
WIKIPATHWAYS_METABOLIC_EPILEPTIC_DISORDERS	Biotin (B7)	Biotin (B7)	-	WP5355	C00120	HMDB0000030	RAMP_C_000261993
WIKIPATHWAYS_METABOLIC_EPILEPTIC_DISORDERS	Carbamoyl-PO4	Carbamoylphosphate	-	WP5355	C00169	HMDB0001096	RAMP_C_000218766
WIKIPATHWAYS_METABOLIC_EPILEPTIC_DISORDERS	Cit	Citrulline	-	WP5355	C00327	HMDB0000904	RAMP_C_000218703
WIKIPATHWAYS_METABOLIC_EPILEPTIC_DISORDERS	Citric acid	Citric acid	-	WP5355	C00158	HMDB0000094	RAMP_C_000218121
WIKIPATHWAYS_METABOLIC_EPILEPTIC_DISORDERS	Creatine	Creatine	-	WP5355	C00300	HMDB0000064	RAMP_C_000000046
WIKIPATHWAYS_METABOLIC_EPILEPTIC_DISORDERS	Cys	Cysteine	-	WP5355	C00097	HMDB0000574	RAMP_C_000218469
WIKIPATHWAYS_METABOLIC_EPILEPTIC_DISORDERS	Fumaric acid	Fumaric acid	-	WP5355	C00122	HMDB0000134	RAMP_C_000218394
WIKIPATHWAYS_METABOLIC_EPILEPTIC_DISORDERS	Gln	Glutamine	-	WP5355	C00064	HMDB0000641	RAMP_C_000218784
WIKIPATHWAYS_METABOLIC_EPILEPTIC_DISORDERS	Glu	Glutamic acid	-	WP5355	C00025	HMDB0000148	RAMP_C_000218397
WIKIPATHWAYS_METABOLIC_EPILEPTIC_DISORDERS	Glucose	Glucose	-	WP5355	C00031	HMDB0000122	RAMP_C_000000077
WIKIPATHWAYS_METABOLIC_EPILEPTIC_DISORDERS	Gly	Glycine	-	WP5355	C00037	HMDB0000123	RAMP_C_000000078
WIKIPATHWAYS_METABOLIC_EPILEPTIC_DISORDERS	Guanidinoacetic acid	Guanidinoacetic acid	-	WP5355	C00581	HMDB0000128	RAMP_C_000219492
WIKIPATHWAYS_METABOLIC_EPILEPTIC_DISORDERS	HCys	Homocysteine	-	WP5355	C00155	HMDB0000165	RAMP_C_000218762
WIKIPATHWAYS_METABOLIC_EPILEPTIC_DISORDERS	Hypoxanthine	Hypoxanthine	-	WP5355	C00262	HMDB0000157	RAMP_C_000000101
WIKIPATHWAYS_METABOLIC_EPILEPTIC_DISORDERS	Lac	Lactic acid	-	WP5355	C00186	HMDB0000190	RAMP_C_000218078
WIKIPATHWAYS_METABOLIC_EPILEPTIC_DISORDERS	Lys	Lysine	-	WP5355	C00047	HMDB0000182	RAMP_C_000000117
WIKIPATHWAYS_METABOLIC_EPILEPTIC_DISORDERS	Malic acid	Malic acid	-	WP5355	C00149	HMDB0000156	RAMP_C_000218036
WIKIPATHWAYS_METABOLIC_EPILEPTIC_DISORDERS	Orn	Ornithine	-	WP5355	C00077	HMDB0000214	RAMP_C_000218554
WIKIPATHWAYS_METABOLIC_EPILEPTIC_DISORDERS	Oxaloacetic acid	Oxaloacetic acid	-	WP5355	C00036	HMDB0000223	RAMP_C_000262942
WIKIPATHWAYS_METABOLIC_EPILEPTIC_DISORDERS	Pyruvic acid	Pyruvic acid	-	WP5355	C00022	HMDB0000243	RAMP_C_000218028
WIKIPATHWAYS_METABOLIC_EPILEPTIC_DISORDERS	Ser	Serine	-	WP5355	C00065	HMDB0000187	RAMP_C_000218440
WIKIPATHWAYS_METABOLIC_EPILEPTIC_DISORDERS	Urea	Urea	-	WP5355	C00086	HMDB0000294	RAMP_C_000000199
WIKIPATHWAYS_METABOLIC_EPILEPTIC_DISORDERS	Uric acid	Uric acid	-	WP5355	C00366	HMDB0000289	RAMP_C_000000194
WIKIPATHWAYS_METABOLIC_EPILEPTIC_DISORDERS	a-Ketoglutaric acid	alpha-Ketoglutaric acid	-	WP5355	C00026	HMDB0000208	RAMP_C_000274401
WIKIPATHWAYS_METABOLIC_EPILEPTIC_DISORDERS	alpha-AAA	alpha-Aminoadipic acid	-	WP5355	C00956	HMDB0000510	RAMP_C_000218812
WIKIPATHWAYS_METABOLIC_PATHWAYS_OF_FIBROBLASTS	Gln	Glutamine	-	WP5312	C00064	HMDB0000641	RAMP_C_000218784
WIKIPATHWAYS_METABOLIC_PATHWAYS_OF_FIBROBLASTS	Glu	Glutamic acid	-	WP5312	C00025	HMDB0000148	RAMP_C_000218397
WIKIPATHWAYS_METABOLIC_PATHWAYS_OF_FIBROBLASTS	Glucose	Glucose	-	WP5312	C00031	HMDB0000122	RAMP_C_000000077
WIKIPATHWAYS_METABOLIC_PATHWAYS_OF_FIBROBLASTS	Gly	Glycine	-	WP5312	C00037	HMDB0000123	RAMP_C_000000078
WIKIPATHWAYS_METABOLIC_PATHWAYS_OF_FIBROBLASTS	Lac	Lactic acid	-	WP5312	C00186	HMDB0000190	RAMP_C_000218078
WIKIPATHWAYS_METABOLIC_PATHWAYS_OF_FIBROBLASTS	Pro	Proline	-	WP5312	C00148	HMDB0000162	RAMP_C_000218861
WIKIPATHWAYS_METABOLIC_PATHWAYS_OF_FIBROBLASTS	Pyruvic acid	Pyruvic acid	-	WP5312	C00022	HMDB0000243	RAMP_C_000218028
WIKIPATHWAYS_METABOLIC_PATHWAYS_OF_FIBROBLASTS	Ser	Serine	-	WP5312	C00065	HMDB0000187	RAMP_C_000218440
WIKIPATHWAYS_METABOLIC_PATHWAYS_OF_FIBROBLASTS	a-Ketoglutaric acid	alpha-Ketoglutaric acid	-	WP5312	C00026	HMDB0000208	RAMP_C_000274401
WIKIPATHWAYS_METABOLIC_REPROGRAMMING_IN_COLON_CANCER	Asn	Asparagine	-	WP4290	C00152	HMDB0000168	RAMP_C_000218742
WIKIPATHWAYS_METABOLIC_REPROGRAMMING_IN_COLON_CANCER	Citric acid	Citric acid	-	WP4290	C00158	HMDB0000094	RAMP_C_000218121
WIKIPATHWAYS_METABOLIC_REPROGRAMMING_IN_COLON_CANCER	Fumaric acid	Fumaric acid	-	WP4290	C00122	HMDB0000134	RAMP_C_000218394
WIKIPATHWAYS_METABOLIC_REPROGRAMMING_IN_COLON_CANCER	Gly	Glycine	-	WP4290	C00037	HMDB0000123	RAMP_C_000000078
WIKIPATHWAYS_METABOLIC_REPROGRAMMING_IN_COLON_CANCER	Isocitric acid	Isocitric acid	-	WP4290	C00311	HMDB0000193	RAMP_C_000217206
WIKIPATHWAYS_METABOLIC_REPROGRAMMING_IN_COLON_CANCER	Lac	Lactic acid	-	WP4290	C00186	HMDB0000190	RAMP_C_000218078
WIKIPATHWAYS_METABOLIC_REPROGRAMMING_IN_COLON_CANCER	Malic acid	Malic acid	-	WP4290	C00149	HMDB0000156	RAMP_C_000218036
WIKIPATHWAYS_METABOLIC_REPROGRAMMING_IN_COLON_CANCER	Oxaloacetic acid	Oxaloacetic acid	-	WP4290	C00036	HMDB0000223	RAMP_C_000262942
WIKIPATHWAYS_METABOLIC_REPROGRAMMING_IN_COLON_CANCER	Pyruvic acid	Pyruvic acid	-	WP4290	C00022	HMDB0000243	RAMP_C_000218028
WIKIPATHWAYS_METABOLIC_REPROGRAMMING_IN_COLON_CANCER	Ser	Serine	-	WP4290	C00065	HMDB0000187	RAMP_C_000218440
WIKIPATHWAYS_METABOLIC_REPROGRAMMING_IN_COLON_CANCER	a-Ketoglutaric acid	alpha-Ketoglutaric acid	-	WP4290	C00026	HMDB0000208	RAMP_C_000274401
WIKIPATHWAYS_METABOLIC_REPROGRAMMING_IN_PANCREATIC_CANCER	Oxaloacetic acid	Oxaloacetic acid	-	WP5220	C00036	HMDB0000223	RAMP_C_000262942
WIKIPATHWAYS_METABOLIC_REPROGRAMMING_IN_PANCREATIC_CANCER	Pyruvic acid	Pyruvic acid	-	WP5220	C00022	HMDB0000243	RAMP_C_000218028
WIKIPATHWAYS_METABOLIC_REPROGRAMMING_IN_PANCREATIC_CANCER	a-Ketoglutaric acid	alpha-Ketoglutaric acid	-	WP5220	C00026	HMDB0000208	RAMP_C_000274401
WIKIPATHWAYS_METABOLISM_OF_ALPHA_LINOLENIC_ACID	FA 18:2	Linoleic acid	-	WP4586	C01595	HMDB0000673	RAMP_C_000263195
WIKIPATHWAYS_METABOLISM_OF_ALPHA_LINOLENIC_ACID	FA 20:3n-6	Dihomo-gamma-linolenic acid (omega6)	-	WP4586	C03242	HMDB0002925	RAMP_C_000266357
WIKIPATHWAYS_METABOLISM_OF_ALPHA_LINOLENIC_ACID	FA 20:4n-6 (AA)	Arachidonic acid (AA; omega6)	-	WP4586	C00219	HMDB0001043	RAMP_C_000000804
WIKIPATHWAYS_METABOLISM_OVERVIEW	3-OH-Butyric acid	3-Hydroxybutyric acid	-	WP3602	C01089	HMDB0000011	RAMP_C_000218499
WIKIPATHWAYS_METABOLISM_OVERVIEW	Arg	Arginine	-	WP3602	C00062	HMDB0000517	RAMP_C_000042003
WIKIPATHWAYS_METABOLISM_OVERVIEW	Arginino-Suc	Argininosuccinic acid	-	WP3602	C03406	HMDB0000052	RAMP_C_000218664
WIKIPATHWAYS_METABOLISM_OVERVIEW	Asp	Aspartic acid	-	WP3602	C00049	HMDB0000191	RAMP_C_000218398
WIKIPATHWAYS_METABOLISM_OVERVIEW	C16	Hexadecanoylcarnitine	-	WP3602	C02990	HMDB0000222	RAMP_C_000000146
WIKIPATHWAYS_METABOLISM_OVERVIEW	Carbamoyl-PO4	Carbamoylphosphate	-	WP3602	C00169	HMDB0001096	RAMP_C_000218766
WIKIPATHWAYS_METABOLISM_OVERVIEW	Cit	Citrulline	-	WP3602	C00327	HMDB0000904	RAMP_C_000218703
WIKIPATHWAYS_METABOLISM_OVERVIEW	Citric acid	Citric acid	-	WP3602	C00158	HMDB0000094	RAMP_C_000218121
WIKIPATHWAYS_METABOLISM_OVERVIEW	FA 16:0	Palmitic acid	-	WP3602	C00249	HMDB0000220	RAMP_C_000219234
WIKIPATHWAYS_METABOLISM_OVERVIEW	Fumaric acid	Fumaric acid	-	WP3602	C00122	HMDB0000134	RAMP_C_000218394
WIKIPATHWAYS_METABOLISM_OVERVIEW	Gln	Glutamine	-	WP3602	C00064	HMDB0000641	RAMP_C_000218784
WIKIPATHWAYS_METABOLISM_OVERVIEW	Glu	Glutamic acid	-	WP3602	C00025	HMDB0000148	RAMP_C_000218397
WIKIPATHWAYS_METABOLISM_OVERVIEW	Glucose	Glucose	-	WP3602	C00031	HMDB0000122	RAMP_C_000000077
WIKIPATHWAYS_METABOLISM_OVERVIEW	Glyoxylic acid	Glyoxylic acid	-	WP3602	C00048	HMDB0000119	RAMP_C_000218495
WIKIPATHWAYS_METABOLISM_OVERVIEW	Isocitric acid	Isocitric acid	-	WP3602	C00311	HMDB0000193	RAMP_C_000217206
WIKIPATHWAYS_METABOLISM_OVERVIEW	LPA 18:2	LPA 18:2	-	WP3602	C00416	HMDB0007852	RAMP_C_000219537
WIKIPATHWAYS_METABOLISM_OVERVIEW	Malic acid	Malic acid	-	WP3602	C00149	HMDB0000156	RAMP_C_000218036
WIKIPATHWAYS_METABOLISM_OVERVIEW	Orn	Ornithine	-	WP3602	C00077	HMDB0000214	RAMP_C_000218554
WIKIPATHWAYS_METABOLISM_OVERVIEW	Oxaloacetic acid	Oxaloacetic acid	-	WP3602	C00036	HMDB0000223	RAMP_C_000262942
WIKIPATHWAYS_METABOLISM_OVERVIEW	Pyruvic acid	Pyruvic acid	-	WP3602	C00022	HMDB0000243	RAMP_C_000218028
WIKIPATHWAYS_METABOLISM_OVERVIEW	Suc	Succinic acid	-	WP3602	C00042	HMDB0000254	RAMP_C_000218399
WIKIPATHWAYS_METABOLISM_OVERVIEW	Urea	Urea	-	WP3602	C00086	HMDB0000294	RAMP_C_000000199
WIKIPATHWAYS_METABOLISM_OVERVIEW	a-Ketoglutaric acid	alpha-Ketoglutaric acid	-	WP3602	C00026	HMDB0000208	RAMP_C_000274401
WIKIPATHWAYS_METHIONINE_DE_NOVO_AND_SALVAGE_PATHWAY	AHCys	S-Adenosylhomocysteine	-	WP3580	C00021	HMDB0000939	RAMP_C_000218715
WIKIPATHWAYS_METHIONINE_DE_NOVO_AND_SALVAGE_PATHWAY	Adenine	Adenine	-	WP3580	C00147	HMDB0000034	RAMP_C_000000024
WIKIPATHWAYS_METHIONINE_DE_NOVO_AND_SALVAGE_PATHWAY	Adenosine	Adenosine	-	WP3580	C00212	HMDB0000050	RAMP_C_000000034
WIKIPATHWAYS_METHIONINE_DE_NOVO_AND_SALVAGE_PATHWAY	Betaine	Betaine	-	WP3580	C00719	HMDB0000043	RAMP_C_000000030
WIKIPATHWAYS_METHIONINE_DE_NOVO_AND_SALVAGE_PATHWAY	Choline	Choline	-	WP3580	C00114	HMDB0000097	RAMP_C_000000065
WIKIPATHWAYS_METHIONINE_DE_NOVO_AND_SALVAGE_PATHWAY	DMG	Dimethylglycine	-	WP3580	C01026	HMDB0000092	RAMP_C_000000062
WIKIPATHWAYS_METHIONINE_DE_NOVO_AND_SALVAGE_PATHWAY	Glu	Glutamic acid	-	WP3580	C00025	HMDB0000148	RAMP_C_000218397
WIKIPATHWAYS_METHIONINE_DE_NOVO_AND_SALVAGE_PATHWAY	HCys	Homocysteine	-	WP3580	C00155	HMDB0000165	RAMP_C_000218762
WIKIPATHWAYS_METHIONINE_DE_NOVO_AND_SALVAGE_PATHWAY	Met	Methionine	-	WP3580	C00073	HMDB0000696	RAMP_C_000218711
WIKIPATHWAYS_METHIONINE_DE_NOVO_AND_SALVAGE_PATHWAY	Met-SO	Methionine sulfoxide	-	WP3580	C02989	HMDB0002005	RAMP_C_000001320
WIKIPATHWAYS_METHIONINE_DE_NOVO_AND_SALVAGE_PATHWAY	Orn	Ornithine	-	WP3580	C00077	HMDB0000214	RAMP_C_000218554
WIKIPATHWAYS_METHIONINE_DE_NOVO_AND_SALVAGE_PATHWAY	Putrescine	Putrescine	-	WP3580	C00134	HMDB0001414	RAMP_C_000001073
WIKIPATHWAYS_METHIONINE_DE_NOVO_AND_SALVAGE_PATHWAY	Pyruvic acid	Pyruvic acid	-	WP3580	C00022	HMDB0000243	RAMP_C_000218028
WIKIPATHWAYS_METHIONINE_DE_NOVO_AND_SALVAGE_PATHWAY	Spermidine	Spermidine	-	WP3580	C00315	HMDB0001257	RAMP_C_000000954
WIKIPATHWAYS_METHIONINE_DE_NOVO_AND_SALVAGE_PATHWAY	Spermine	Spermine	-	WP3580	C00750	HMDB0001256	RAMP_C_000218544
WIKIPATHWAYS_METHIONINE_DE_NOVO_AND_SALVAGE_PATHWAY	a-Ketoglutaric acid	alpha-Ketoglutaric acid	-	WP3580	C00026	HMDB0000208	RAMP_C_000274401
WIKIPATHWAYS_METHIONINE_METABOLISM_LEADING_TO_SULFUR_AMINO_ACIDS_AND_RELATED_DISORDERS	AHCys	S-Adenosylhomocysteine	-	WP4292	C00021	HMDB0000939	RAMP_C_000218715
WIKIPATHWAYS_METHIONINE_METABOLISM_LEADING_TO_SULFUR_AMINO_ACIDS_AND_RELATED_DISORDERS	Adenosine	Adenosine	-	WP4292	C00212	HMDB0000050	RAMP_C_000000034
WIKIPATHWAYS_METHIONINE_METABOLISM_LEADING_TO_SULFUR_AMINO_ACIDS_AND_RELATED_DISORDERS	Betaine	Betaine	-	WP4292	C00719	HMDB0000043	RAMP_C_000000030
WIKIPATHWAYS_METHIONINE_METABOLISM_LEADING_TO_SULFUR_AMINO_ACIDS_AND_RELATED_DISORDERS	Gly	Glycine	-	WP4292	C00037	HMDB0000123	RAMP_C_000000078
WIKIPATHWAYS_METHIONINE_METABOLISM_LEADING_TO_SULFUR_AMINO_ACIDS_AND_RELATED_DISORDERS	HCys	Homocysteine	-	WP4292	C00155	HMDB0000165	RAMP_C_000218762
WIKIPATHWAYS_METHIONINE_METABOLISM_LEADING_TO_SULFUR_AMINO_ACIDS_AND_RELATED_DISORDERS	Hypotaurine	Hypotaurine	-	WP4292	C00519	HMDB0000965	RAMP_C_000000756
WIKIPATHWAYS_METHIONINE_METABOLISM_LEADING_TO_SULFUR_AMINO_ACIDS_AND_RELATED_DISORDERS	Met	Methionine	-	WP4292	C00073	HMDB0000696	RAMP_C_000218711
WIKIPATHWAYS_METHIONINE_METABOLISM_LEADING_TO_SULFUR_AMINO_ACIDS_AND_RELATED_DISORDERS	Sarcosine	Sarcosine	-	WP4292	C00213	HMDB0000271	RAMP_C_000218658
WIKIPATHWAYS_METHIONINE_METABOLISM_LEADING_TO_SULFUR_AMINO_ACIDS_AND_RELATED_DISORDERS	Taurine	Taurine	-	WP4292	C00245	HMDB0000251	RAMP_C_000218584
WIKIPATHWAYS_MITOCHONDRIAL_BETA_OXIDATION	FA 12:0	Lauric acid	-	WP5241	C02679	HMDB0000638	RAMP_C_000264780
WIKIPATHWAYS_MITOCHONDRIAL_BETA_OXIDATION	FA 14:0	Myristic acid	-	WP5241	C06424	HMDB0000806	RAMP_C_000264781
WIKIPATHWAYS_MITOCHONDRIAL_BETA_OXIDATION	FA 16:0	Palmitic acid	-	WP5241	C00249	HMDB0000220	RAMP_C_000219234
WIKIPATHWAYS_MITOCHONDRIAL_BETA_OXIDATION	FA 16:1	Palmitoleic acid	-	WP5241	C08362	HMDB0003229	RAMP_C_000001779
WIKIPATHWAYS_MITOCHONDRIAL_BETA_OXIDATION	FA 18:0	Stearic acid	-	WP5241	C01530	HMDB0000827	RAMP_C_000000648
WIKIPATHWAYS_MITOCHONDRIAL_BETA_OXIDATION	FA 18:1	Oleic acid	-	WP5241	C00712	HMDB0000207	RAMP_C_000218407
WIKIPATHWAYS_MITOCHONDRIAL_BETA_OXIDATION	FA 18:2	Linoleic acid	-	WP5241	C01595	HMDB0000673	RAMP_C_000263195
WIKIPATHWAYS_MITOCHONDRIAL_BETA_OXIDATION	FA 20:4n-6 (AA)	Arachidonic acid (AA; omega6)	-	WP5241	C00219	HMDB0001043	RAMP_C_000000804
WIKIPATHWAYS_MITOCHONDRIAL_BETA_OXIDATION	FA 20:5n-3 (EPA)	Eicosapentaenoic acid (EPA; omega3)	-	WP5241	C06428	HMDB0001999	RAMP_C_000001315
WIKIPATHWAYS_MITOCHONDRIAL_BETA_OXIDATION	FA 22:6n-3 (DHA)	Docosahexaenoic acid (DHA; omega3)	-	WP5241	C06429	HMDB0002183	RAMP_C_000001447
WIKIPATHWAYS_MODIFIED_NUCLEOSIDES_DERIVED_FROM_TRNA_AS_URINARY_CANCER_MARKERS	Adenosine	Adenosine	-	WP4485	C00212	HMDB0000050	RAMP_C_000000034
WIKIPATHWAYS_MODIFIED_NUCLEOSIDES_DERIVED_FROM_TRNA_AS_URINARY_CANCER_MARKERS	Cytidine	Cytidine	-	WP4485	C00475	HMDB0000089	RAMP_C_000000061
WIKIPATHWAYS_MODIFIED_NUCLEOSIDES_DERIVED_FROM_TRNA_AS_URINARY_CANCER_MARKERS	Guanosine	Guanosine	-	WP4485	C00387	HMDB0000133	RAMP_C_000000087
WIKIPATHWAYS_MODIFIED_NUCLEOSIDES_DERIVED_FROM_TRNA_AS_URINARY_CANCER_MARKERS	Inosine	Inosine	-	WP4485	C00294	HMDB0000195	RAMP_C_000000126
WIKIPATHWAYS_MODIFIED_NUCLEOSIDES_DERIVED_FROM_TRNA_AS_URINARY_CANCER_MARKERS	N-Ac-Cytidine	N4-Acetylcytidine	-	WP4485		HMDB0005923	RAMP_C_000002562
WIKIPATHWAYS_MODIFIED_NUCLEOSIDES_DERIVED_FROM_TRNA_AS_URINARY_CANCER_MARKERS	Uridine	Uridine	-	WP4485	C00299	HMDB0000296	RAMP_C_000000201
WIKIPATHWAYS_MONOAMINE_GPCRS	Dopamine	Dopamine	-	WP58	C03758	HMDB0000073	RAMP_C_000218860
WIKIPATHWAYS_MONOAMINE_GPCRS	Epinephrine	Epinephrine	-	WP58	C00788	HMDB0000068	RAMP_C_000000048
WIKIPATHWAYS_MONOAMINE_GPCRS	Histamine	Histamine	-	WP58	C00388	HMDB0000870	RAMP_C_000000678
WIKIPATHWAYS_MONOAMINE_GPCRS	Norepinephrine	Norepinephrine	-	WP58	C00547	HMDB0000216	RAMP_C_000219112
WIKIPATHWAYS_MONOAMINE_GPCRS	Serotonin	Serotonin	-	WP58	C00780	HMDB0000259	RAMP_C_000000177
WIKIPATHWAYS_MONOAMINE_TRANSPORT	Dopamine	Dopamine	-	WP727	C03758	HMDB0000073	RAMP_C_000218860
WIKIPATHWAYS_MONOAMINE_TRANSPORT	Epinephrine	Epinephrine	-	WP727	C00788	HMDB0000068	RAMP_C_000000048
WIKIPATHWAYS_MONOAMINE_TRANSPORT	GABA	gamma-Aminobutyric acid	-	WP727	C00334	HMDB0000112	RAMP_C_000219510
WIKIPATHWAYS_MONOAMINE_TRANSPORT	Norepinephrine	Norepinephrine	-	WP727	C00547	HMDB0000216	RAMP_C_000219112
WIKIPATHWAYS_MONOAMINE_TRANSPORT	Serotonin	Serotonin	-	WP727	C00780	HMDB0000259	RAMP_C_000000177
WIKIPATHWAYS_MONOAMINE_TRANSPORT	Trp	Tryptophan	-	WP727	C00078	HMDB0000929	RAMP_C_000218721
WIKIPATHWAYS_MRNA_PROTEIN_AND_METABOLITE_INDUCATION_PATHWAY_BY_CYCLOSPORIN_A	Ala	Alanine	-	WP3953	C00041	HMDB0000161	RAMP_C_000000104
WIKIPATHWAYS_MRNA_PROTEIN_AND_METABOLITE_INDUCATION_PATHWAY_BY_CYCLOSPORIN_A	Asn	Asparagine	-	WP3953	C00152	HMDB0000168	RAMP_C_000218742
WIKIPATHWAYS_MRNA_PROTEIN_AND_METABOLITE_INDUCATION_PATHWAY_BY_CYCLOSPORIN_A	Cys	Cysteine	-	WP3953	C00097	HMDB0000574	RAMP_C_000218469
WIKIPATHWAYS_MRNA_PROTEIN_AND_METABOLITE_INDUCATION_PATHWAY_BY_CYCLOSPORIN_A	Gln	Glutamine	-	WP3953	C00064	HMDB0000641	RAMP_C_000218784
WIKIPATHWAYS_MRNA_PROTEIN_AND_METABOLITE_INDUCATION_PATHWAY_BY_CYCLOSPORIN_A	Ile	Isoleucine	-	WP3953	C00407	HMDB0000172	RAMP_C_000218741
WIKIPATHWAYS_MRNA_PROTEIN_AND_METABOLITE_INDUCATION_PATHWAY_BY_CYCLOSPORIN_A	Leu	Leucine	-	WP3953	C00123	HMDB0000687	RAMP_C_000000532
WIKIPATHWAYS_MRNA_PROTEIN_AND_METABOLITE_INDUCATION_PATHWAY_BY_CYCLOSPORIN_A	Thr	Threonine	-	WP3953	C00188	HMDB0000167	RAMP_C_000218724
WIKIPATHWAYS_MRNA_PROTEIN_AND_METABOLITE_INDUCATION_PATHWAY_BY_CYCLOSPORIN_A	Trp	Tryptophan	-	WP3953	C00078	HMDB0000929	RAMP_C_000218721
WIKIPATHWAYS_MRNA_PROTEIN_AND_METABOLITE_INDUCATION_PATHWAY_BY_CYCLOSPORIN_A	Tyr	Tyrosine	-	WP3953	C00082	HMDB0000158	RAMP_C_000218778
WIKIPATHWAYS_MRNA_PROTEIN_AND_METABOLITE_INDUCATION_PATHWAY_BY_CYCLOSPORIN_A	Val	Valine	-	WP3953	C00183	HMDB0000883	RAMP_C_000218704
WIKIPATHWAYS_MTHFR_DEFICIENCY	AHCys	S-Adenosylhomocysteine	-	WP4288	C00021	HMDB0000939	RAMP_C_000218715
WIKIPATHWAYS_MTHFR_DEFICIENCY	Betaine	Betaine	-	WP4288	C00719	HMDB0000043	RAMP_C_000000030
WIKIPATHWAYS_MTHFR_DEFICIENCY	Cer d18:1/25:0	Cer d18:1/25:0	-	WP4288		HMDB0004953	RAMP_C_000002281
WIKIPATHWAYS_MTHFR_DEFICIENCY	Choline	Choline	-	WP4288	C00114	HMDB0000097	RAMP_C_000000065
WIKIPATHWAYS_MTHFR_DEFICIENCY	DG 16:0_16:0	DG 16:0_16:0	-	WP4288	C00165	HMDB0007098	RAMP_C_000219428
WIKIPATHWAYS_MTHFR_DEFICIENCY	DMG	Dimethylglycine	-	WP4288	C01026	HMDB0000092	RAMP_C_000000062
WIKIPATHWAYS_MTHFR_DEFICIENCY	HCys	Homocysteine	-	WP4288	C00155	HMDB0000165	RAMP_C_000218762
WIKIPATHWAYS_MTHFR_DEFICIENCY	Met	Methionine	-	WP4288	C00073	HMDB0000696	RAMP_C_000218711
WIKIPATHWAYS_NAD_BIOSYNTHESIS_II_FROM_TRYPTOPHAN	3-OH-Anthranilic acid	3-Hydroxyanthranilic acid	-	WP2485	C00632	HMDB0001476	RAMP_C_000220389
WIKIPATHWAYS_NAD_BIOSYNTHESIS_II_FROM_TRYPTOPHAN	Ala	Alanine	-	WP2485	C00041	HMDB0000161	RAMP_C_000000104
WIKIPATHWAYS_NAD_BIOSYNTHESIS_II_FROM_TRYPTOPHAN	Gln	Glutamine	-	WP2485	C00064	HMDB0000641	RAMP_C_000218784
WIKIPATHWAYS_NAD_BIOSYNTHESIS_II_FROM_TRYPTOPHAN	Glu	Glutamic acid	-	WP2485	C00025	HMDB0000148	RAMP_C_000218397
WIKIPATHWAYS_NAD_BIOSYNTHESIS_II_FROM_TRYPTOPHAN	Kynurenine	Kynurenine	-	WP2485	C00328	HMDB0000183	RAMP_C_000000530
WIKIPATHWAYS_NAD_BIOSYNTHESIS_II_FROM_TRYPTOPHAN	Quinolinic acid	Quinolinic acid	-	WP2485	C03722	HMDB0000232	RAMP_C_000000155
WIKIPATHWAYS_NAD_BIOSYNTHESIS_II_FROM_TRYPTOPHAN	Trp	Tryptophan	-	WP2485	C00078	HMDB0000929	RAMP_C_000218721
WIKIPATHWAYS_NAD_BIOSYNTHETIC_PATHWAYS	3-OH-Anthranilic acid	3-Hydroxyanthranilic acid	-	WP3645	C00632	HMDB0001476	RAMP_C_000220389
WIKIPATHWAYS_NAD_BIOSYNTHETIC_PATHWAYS	Kynurenine	Kynurenine	-	WP3645	C00328	HMDB0000183	RAMP_C_000000530
WIKIPATHWAYS_NAD_BIOSYNTHETIC_PATHWAYS	Nicotinamide (B3)	Nicotinamide (B3)	-	WP3645	C00153	HMDB0001406	RAMP_C_000001067
WIKIPATHWAYS_NAD_BIOSYNTHETIC_PATHWAYS	Nicotinic acid (B3)	Nicotinic acid (B3)	-	WP3645	C00253	HMDB0001488	RAMP_C_000218427
WIKIPATHWAYS_NAD_BIOSYNTHETIC_PATHWAYS	Quinolinic acid	Quinolinic acid	-	WP3645	C03722	HMDB0000232	RAMP_C_000000155
WIKIPATHWAYS_NAD_BIOSYNTHETIC_PATHWAYS	Trp	Tryptophan	-	WP3645	C00078	HMDB0000929	RAMP_C_000218721
WIKIPATHWAYS_NAD_METABOLISM	Lac	Lactic acid	-	WP3644	C00186	HMDB0000190	RAMP_C_000218078
WIKIPATHWAYS_NAD_METABOLISM	Nicotinamide (B3)	Nicotinamide (B3)	-	WP3644	C00153	HMDB0001406	RAMP_C_000001067
WIKIPATHWAYS_NAD_METABOLISM	Nicotinic acid (B3)	Nicotinic acid (B3)	-	WP3644	C00253	HMDB0001488	RAMP_C_000218427
WIKIPATHWAYS_NAD_METABOLISM	Pyruvic acid	Pyruvic acid	-	WP3644	C00022	HMDB0000243	RAMP_C_000218028
WIKIPATHWAYS_NAD_METABOLISM	Trp	Tryptophan	-	WP3644	C00078	HMDB0000929	RAMP_C_000218721
WIKIPATHWAYS_NAD_METABOLISM_IN_ONCOGENE_INDUCED_SENESCENCE_AND_MITOCHONDRIAL_DYSFUNCTION_ASSOCIATED_SENESCENCE	Malic acid	Malic acid	-	WP5046	C00149	HMDB0000156	RAMP_C_000218036
WIKIPATHWAYS_NAD_METABOLISM_IN_ONCOGENE_INDUCED_SENESCENCE_AND_MITOCHONDRIAL_DYSFUNCTION_ASSOCIATED_SENESCENCE	Nicotinamide (B3)	Nicotinamide (B3)	-	WP5046	C00153	HMDB0001406	RAMP_C_000001067
WIKIPATHWAYS_NAD_METABOLISM_IN_ONCOGENE_INDUCED_SENESCENCE_AND_MITOCHONDRIAL_DYSFUNCTION_ASSOCIATED_SENESCENCE	Pyruvic acid	Pyruvic acid	-	WP5046	C00022	HMDB0000243	RAMP_C_000218028
WIKIPATHWAYS_NEURODEGENERATION_WITH_BRAIN_IRON_ACCUMULATION_NBIA_SUBTYPES_PATHWAY	Cer d18:1/25:0	Cer d18:1/25:0	-	WP4577		HMDB0004953	RAMP_C_000002281
WIKIPATHWAYS_NEURODEGENERATION_WITH_BRAIN_IRON_ACCUMULATION_NBIA_SUBTYPES_PATHWAY	Cys	Cysteine	-	WP4577	C00097	HMDB0000574	RAMP_C_000218469
WIKIPATHWAYS_NEURODEGENERATION_WITH_BRAIN_IRON_ACCUMULATION_NBIA_SUBTYPES_PATHWAY	Pantothenic acid (B5)	Pantothenic acid (B5)	-	WP4577	C00864	HMDB0000210	RAMP_C_000218339
WIKIPATHWAYS_NEURODEGENERATION_WITH_BRAIN_IRON_ACCUMULATION_NBIA_SUBTYPES_PATHWAY	Ser	Serine	-	WP4577	C00065	HMDB0000187	RAMP_C_000218440
WIKIPATHWAYS_NEUROINFLAMMATION_AND_GLUTAMATERGIC_SIGNALING	Asp	Aspartic acid	-	WP5083	C00049	HMDB0000191	RAMP_C_000218398
WIKIPATHWAYS_NEUROINFLAMMATION_AND_GLUTAMATERGIC_SIGNALING	Gly	Glycine	-	WP5083	C00037	HMDB0000123	RAMP_C_000000078
WIKIPATHWAYS_NEUROINFLAMMATION_AND_GLUTAMATERGIC_SIGNALING	Pyruvic acid	Pyruvic acid	-	WP5083	C00022	HMDB0000243	RAMP_C_000218028
WIKIPATHWAYS_NEUROINFLAMMATION_AND_GLUTAMATERGIC_SIGNALING	Ser	Serine	-	WP5083	C00065	HMDB0000187	RAMP_C_000218440
WIKIPATHWAYS_NEUROINFLAMMATION_AND_GLUTAMATERGIC_SIGNALING	a-Ketoglutaric acid	alpha-Ketoglutaric acid	-	WP5083	C00026	HMDB0000208	RAMP_C_000274401
WIKIPATHWAYS_NEUROINFLAMMATION_AND_GLUTAMATERGIC_SIGNALING	cAMP	Adenosine monophosphate, cyclic (cAMP)	-	WP5083	C00575	HMDB0000058	RAMP_C_000218758
WIKIPATHWAYS_NEUROTRANSMITTER_DISORDERS	5-HIAA	5-Hydroxyindoleacetic acid	-	WP4220	C05635	HMDB0000763	RAMP_C_000000599
WIKIPATHWAYS_NEUROTRANSMITTER_DISORDERS	5-OH-Trp	5-Hydroxytryptophan	-	WP4220	C00643	HMDB0000472	RAMP_C_000218770
WIKIPATHWAYS_NEUROTRANSMITTER_DISORDERS	DOPA	Dihydroxyphenylalanine	-	WP4220	C00355	HMDB0000181	RAMP_C_000218668
WIKIPATHWAYS_NEUROTRANSMITTER_DISORDERS	DOPAC	3,4-Dihydroxyphenylacetic acid	-	WP4220	C01161	HMDB0001336	RAMP_C_000001011
WIKIPATHWAYS_NEUROTRANSMITTER_DISORDERS	Dopamine	Dopamine	-	WP4220	C03758	HMDB0000073	RAMP_C_000218860
WIKIPATHWAYS_NEUROTRANSMITTER_DISORDERS	Epinephrine	Epinephrine	-	WP4220	C00788	HMDB0000068	RAMP_C_000000048
WIKIPATHWAYS_NEUROTRANSMITTER_DISORDERS	Homovanillic acid	Homovanillic acid	-	WP4220	C05582	HMDB0000118	RAMP_C_000000074
WIKIPATHWAYS_NEUROTRANSMITTER_DISORDERS	Melatonin	Melatonin	-	WP4220	C01598	HMDB0001389	RAMP_C_000001056
WIKIPATHWAYS_NEUROTRANSMITTER_DISORDERS	Norepinephrine	Norepinephrine	-	WP4220	C00547	HMDB0000216	RAMP_C_000219112
WIKIPATHWAYS_NEUROTRANSMITTER_DISORDERS	Serotonin	Serotonin	-	WP4220	C00780	HMDB0000259	RAMP_C_000000177
WIKIPATHWAYS_NEUROTRANSMITTER_DISORDERS	Trp	Tryptophan	-	WP4220	C00078	HMDB0000929	RAMP_C_000218721
WIKIPATHWAYS_NEUROTRANSMITTER_DISORDERS	Tyr	Tyrosine	-	WP4220	C00082	HMDB0000158	RAMP_C_000218778
WIKIPATHWAYS_NEUROTRANSMITTER_DISORDERS	Vanillactic acid	Vanillactic acid	-	WP4220		HMDB0000913	RAMP_C_000000716
WIKIPATHWAYS_NEUROTRANSMITTER_DISORDERS	Vanillylmandelic acid	Vanillylmandelic acid	-	WP4220	C05584	HMDB0000291	RAMP_C_000217410
WIKIPATHWAYS_NICOTINE_EFFECT_ON_DOPAMINERGIC_NEURONS	DOPA	Dihydroxyphenylalanine	-	WP1602	C00355	HMDB0000181	RAMP_C_000218668
WIKIPATHWAYS_NICOTINE_EFFECT_ON_DOPAMINERGIC_NEURONS	Dopamine	Dopamine	-	WP1602	C03758	HMDB0000073	RAMP_C_000218860
WIKIPATHWAYS_NICOTINE_EFFECT_ON_DOPAMINERGIC_NEURONS	Nicotine	Nicotine	-	WP1602	C00745	HMDB0001001	RAMP_C_000158862
WIKIPATHWAYS_NICOTINE_EFFECT_ON_DOPAMINERGIC_NEURONS	Tyr	Tyrosine	-	WP1602	C00082	HMDB0000158	RAMP_C_000218778
WIKIPATHWAYS_NICOTINE_EFFECT_ON_DOPAMINERGIC_NEURONS	cAMP	Adenosine monophosphate, cyclic (cAMP)	-	WP1602	C00575	HMDB0000058	RAMP_C_000218758
WIKIPATHWAYS_NITRIC_OXIDE_METABOLISM_IN_CYSTIC_FIBROSIS	ADMA	Asymmetric dimethylarginine	-	WP4947	C03626	HMDB0001539	RAMP_C_000218780
WIKIPATHWAYS_NITRIC_OXIDE_METABOLISM_IN_CYSTIC_FIBROSIS	Arg	Arginine	-	WP4947	C00062	HMDB0000517	RAMP_C_000042003
WIKIPATHWAYS_NITRIC_OXIDE_METABOLISM_IN_CYSTIC_FIBROSIS	SDMA	Symmetric dimethylarginine	-	WP4947		HMDB0003334	RAMP_C_000001813
WIKIPATHWAYS_NO_CGMP_PKG_MEDIATED_NEUROPROTECTION	Arg	Arginine	-	WP4008	C00062	HMDB0000517	RAMP_C_000042003
WIKIPATHWAYS_NO_CGMP_PKG_MEDIATED_NEUROPROTECTION	Cit	Citrulline	-	WP4008	C00327	HMDB0000904	RAMP_C_000218703
WIKIPATHWAYS_NO_CGMP_PKG_MEDIATED_NEUROPROTECTION	Glu	Glutamic acid	-	WP4008	C00025	HMDB0000148	RAMP_C_000218397
WIKIPATHWAYS_NO_CGMP_PKG_MEDIATED_NEUROPROTECTION	cAMP	Adenosine monophosphate, cyclic (cAMP)	-	WP4008	C00575	HMDB0000058	RAMP_C_000218758
WIKIPATHWAYS_NO_CGMP_PKG_MEDIATED_NEUROPROTECTION	cGMP	Guanosine monophosphate, cyclic (cGMP)	-	WP4008	C00942	HMDB0001314	RAMP_C_000000995
WIKIPATHWAYS_OMEGA_3_OMEGA_6_FATTY_ACID_SYNTHESIS	FA 18:2	Linoleic acid	-	WP4723	C01595	HMDB0000673	RAMP_C_000263195
WIKIPATHWAYS_OMEGA_3_OMEGA_6_FATTY_ACID_SYNTHESIS	FA 20:2	Eicosadienoic acid	-	WP4723	C16525	HMDB0005060	RAMP_C_000002354
WIKIPATHWAYS_OMEGA_3_OMEGA_6_FATTY_ACID_SYNTHESIS	FA 20:3n-6	Dihomo-gamma-linolenic acid (omega6)	-	WP4723	C03242	HMDB0002925	RAMP_C_000266357
WIKIPATHWAYS_OMEGA_3_OMEGA_6_FATTY_ACID_SYNTHESIS	FA 20:4n-6 (AA)	Arachidonic acid (AA; omega6)	-	WP4723	C00219	HMDB0001043	RAMP_C_000000804
WIKIPATHWAYS_OMEGA_3_OMEGA_6_FATTY_ACID_SYNTHESIS	FA 20:5n-3 (EPA)	Eicosapentaenoic acid (EPA; omega3)	-	WP4723	C06428	HMDB0001999	RAMP_C_000001315
WIKIPATHWAYS_OMEGA_3_OMEGA_6_FATTY_ACID_SYNTHESIS	FA 22:5n-3 (DPA)	Docosapentaenoic acid (DPA, omega3)	-	WP4723	C16513	HMDB0006528	RAMP_C_000219179
WIKIPATHWAYS_OMEGA_3_OMEGA_6_FATTY_ACID_SYNTHESIS	FA 22:6n-3 (DHA)	Docosahexaenoic acid (DHA; omega3)	-	WP4723	C06429	HMDB0002183	RAMP_C_000001447
WIKIPATHWAYS_OMEGA_6_FATTY_ACIDS_IN_SENESCENCE	FA 18:2	Linoleic acid	-	WP5424	C01595	HMDB0000673	RAMP_C_000263195
WIKIPATHWAYS_OMEGA_6_FATTY_ACIDS_IN_SENESCENCE	FA 20:2	Eicosadienoic acid	-	WP5424	C16525	HMDB0005060	RAMP_C_000002354
WIKIPATHWAYS_OMEGA_6_FATTY_ACIDS_IN_SENESCENCE	FA 20:3n-6	Dihomo-gamma-linolenic acid (omega6)	-	WP5424	C03242	HMDB0002925	RAMP_C_000266357
WIKIPATHWAYS_OMEGA_6_FATTY_ACIDS_IN_SENESCENCE	FA 20:4n-6 (AA)	Arachidonic acid (AA; omega6)	-	WP5424	C00219	HMDB0001043	RAMP_C_000000804
WIKIPATHWAYS_OMEGA_6_FATTY_ACIDS_IN_SENESCENCE	FA 22:5n-3 (DPA)	Docosapentaenoic acid (DPA, omega3)	-	WP5424	C16513	HMDB0006528	RAMP_C_000219179
WIKIPATHWAYS_OMEGA_6_FATTY_ACIDS_IN_SENESCENCE	cAMP	Adenosine monophosphate, cyclic (cAMP)	-	WP5424	C00575	HMDB0000058	RAMP_C_000218758
WIKIPATHWAYS_OMEGA_9_FATTY_ACID_SYNTHESIS	FA 12:0	Lauric acid	-	WP4724	C02679	HMDB0000638	RAMP_C_000264780
WIKIPATHWAYS_OMEGA_9_FATTY_ACID_SYNTHESIS	FA 14:0	Myristic acid	-	WP4724	C06424	HMDB0000806	RAMP_C_000264781
WIKIPATHWAYS_OMEGA_9_FATTY_ACID_SYNTHESIS	FA 16:0	Palmitic acid	-	WP4724	C00249	HMDB0000220	RAMP_C_000219234
WIKIPATHWAYS_OMEGA_9_FATTY_ACID_SYNTHESIS	FA 16:1	Palmitoleic acid	-	WP4724	C08362	HMDB0003229	RAMP_C_000001779
WIKIPATHWAYS_OMEGA_9_FATTY_ACID_SYNTHESIS	FA 18:0	Stearic acid	-	WP4724	C01530	HMDB0000827	RAMP_C_000000648
WIKIPATHWAYS_OMEGA_9_FATTY_ACID_SYNTHESIS	FA 18:1	Oleic acid	-	WP4724	C00712	HMDB0000207	RAMP_C_000218407
WIKIPATHWAYS_OMEGA_9_FATTY_ACID_SYNTHESIS	FA 20:0	Arachidic acid	-	WP4724	C06425	HMDB0002212	RAMP_C_000001471
WIKIPATHWAYS_OMEGA_9_FATTY_ACID_SYNTHESIS	FA 20:3n-9	Mead acid	-	WP4724		HMDB0010378	RAMP_C_000266355
WIKIPATHWAYS_OMEGA_9_FATTY_ACID_SYNTHESIS	FA 22:0	Behenic acid	-	WP4724	C08281	HMDB0000944	RAMP_C_000217151
WIKIPATHWAYS_OMEGA_9_FATTY_ACID_SYNTHESIS	FA 24:0	Lignoceric acid	-	WP4724	C08320	HMDB0002003	RAMP_C_000001318
WIKIPATHWAYS_ONE_CARBON_METABOLISM	AHCys	S-Adenosylhomocysteine	-	WP241	C00021	HMDB0000939	RAMP_C_000218715
WIKIPATHWAYS_ONE_CARBON_METABOLISM	Betaine	Betaine	-	WP241	C00719	HMDB0000043	RAMP_C_000000030
WIKIPATHWAYS_ONE_CARBON_METABOLISM	Choline	Choline	-	WP241	C00114	HMDB0000097	RAMP_C_000000065
WIKIPATHWAYS_ONE_CARBON_METABOLISM	Folic acid (B9)	Folic acid (B9)	-	WP241	C00504	HMDB0000121	RAMP_C_000220612
WIKIPATHWAYS_ONE_CARBON_METABOLISM	Gly	Glycine	-	WP241	C00037	HMDB0000123	RAMP_C_000000078
WIKIPATHWAYS_ONE_CARBON_METABOLISM	HCys	Homocysteine	-	WP241	C00155	HMDB0000165	RAMP_C_000218762
WIKIPATHWAYS_ONE_CARBON_METABOLISM	Met	Methionine	-	WP241	C00073	HMDB0000696	RAMP_C_000218711
WIKIPATHWAYS_ONE_CARBON_METABOLISM	Riboflavin (B2)	Riboflavin (B2)	-	WP241	C00255	HMDB0000244	RAMP_C_000000164
WIKIPATHWAYS_ONE_CARBON_METABOLISM	Ser	Serine	-	WP241	C00065	HMDB0000187	RAMP_C_000218440
WIKIPATHWAYS_OREXIN_RECEPTOR_PATHWAY	Cortisol	Cortisol	-	WP5094	C00735	HMDB0000063	RAMP_C_000000045
WIKIPATHWAYS_OREXIN_RECEPTOR_PATHWAY	Epinephrine	Epinephrine	-	WP5094	C00788	HMDB0000068	RAMP_C_000000048
WIKIPATHWAYS_OREXIN_RECEPTOR_PATHWAY	FA 20:4n-6 (AA)	Arachidonic acid (AA; omega6)	-	WP5094	C00219	HMDB0001043	RAMP_C_000000804
WIKIPATHWAYS_OREXIN_RECEPTOR_PATHWAY	Glu	Glutamic acid	-	WP5094	C00025	HMDB0000148	RAMP_C_000218397
WIKIPATHWAYS_OREXIN_RECEPTOR_PATHWAY	Glucose	Glucose	-	WP5094	C00031	HMDB0000122	RAMP_C_000000077
WIKIPATHWAYS_OREXIN_RECEPTOR_PATHWAY	LPA 18:2	LPA 18:2	-	WP5094	C00416	HMDB0007852	RAMP_C_000219537
WIKIPATHWAYS_OREXIN_RECEPTOR_PATHWAY	MG 20:4	MG 20:4	-	WP5094	C13856	HMDB0004666	RAMP_C_000002127
WIKIPATHWAYS_OREXIN_RECEPTOR_PATHWAY	cAMP	Adenosine monophosphate, cyclic (cAMP)	-	WP5094	C00575	HMDB0000058	RAMP_C_000218758
WIKIPATHWAYS_OXYSTEROLS_DERIVED_FROM_CHOLESTEROL	CA	Cholic acid	-	WP4545	C00695	HMDB0000505	RAMP_C_000218390
WIKIPATHWAYS_OXYSTEROLS_DERIVED_FROM_CHOLESTEROL	CDCA	Chenodeoxycholic acid	-	WP4545	C02528	HMDB0000518	RAMP_C_000000390
WIKIPATHWAYS_OXYSTEROLS_DERIVED_FROM_CHOLESTEROL	Histamine	Histamine	-	WP4545	C00388	HMDB0000870	RAMP_C_000000678
WIKIPATHWAYS_PARKINSON_S_DISEASE_PATHWAY	DOPA	Dihydroxyphenylalanine	-	WP2371	C00355	HMDB0000181	RAMP_C_000218668
WIKIPATHWAYS_PARKINSON_S_DISEASE_PATHWAY	Dopamine	Dopamine	-	WP2371	C03758	HMDB0000073	RAMP_C_000218860
WIKIPATHWAYS_PARKINSON_S_DISEASE_PATHWAY	Tyr	Tyrosine	-	WP2371	C00082	HMDB0000158	RAMP_C_000218778
WIKIPATHWAYS_PGK1_PKM2_KHKC_KHKA_ACTING_AS_PROTEIN_KINASES	Fructose	Fructose	-	WP5433	C02336	HMDB0000660	RAMP_C_000000509
WIKIPATHWAYS_PGK1_PKM2_KHKC_KHKA_ACTING_AS_PROTEIN_KINASES	Glucose	Glucose	-	WP5433	C00031	HMDB0000122	RAMP_C_000000077
WIKIPATHWAYS_PGK1_PKM2_KHKC_KHKA_ACTING_AS_PROTEIN_KINASES	Lac	Lactic acid	-	WP5433	C00186	HMDB0000190	RAMP_C_000218078
WIKIPATHWAYS_PGK1_PKM2_KHKC_KHKA_ACTING_AS_PROTEIN_KINASES	Pyruvic acid	Pyruvic acid	-	WP5433	C00022	HMDB0000243	RAMP_C_000218028
WIKIPATHWAYS_PHOSPHATIDYLCHOLINE_CATABOLISM	Betaine	Betaine	-	WP4195	C00719	HMDB0000043	RAMP_C_000000030
WIKIPATHWAYS_PHOSPHATIDYLCHOLINE_CATABOLISM	Choline	Choline	-	WP4195	C00114	HMDB0000097	RAMP_C_000000065
WIKIPATHWAYS_PHOSPHATIDYLCHOLINE_CATABOLISM	FA 18:0	Stearic acid	-	WP4195	C01530	HMDB0000827	RAMP_C_000000648
WIKIPATHWAYS_PHOSPHATIDYLCHOLINE_CATABOLISM	FA 20:4n-6 (AA)	Arachidonic acid (AA; omega6)	-	WP4195	C00219	HMDB0001043	RAMP_C_000000804
WIKIPATHWAYS_PHOSPHATIDYLCHOLINE_CATABOLISM	PC 38:4	PC 38:4	-	WP4195		HMDB0008048	RAMP_C_000004045
WIKIPATHWAYS_PHOSPHODIESTERASES_IN_NEURONAL_FUNCTION	Dopamine	Dopamine	-	WP4222	C03758	HMDB0000073	RAMP_C_000218860
WIKIPATHWAYS_PHOSPHODIESTERASES_IN_NEURONAL_FUNCTION	Glu	Glutamic acid	-	WP4222	C00025	HMDB0000148	RAMP_C_000218397
WIKIPATHWAYS_PHOSPHODIESTERASES_IN_NEURONAL_FUNCTION	cAMP	Adenosine monophosphate, cyclic (cAMP)	-	WP4222	C00575	HMDB0000058	RAMP_C_000218758
WIKIPATHWAYS_PHOSPHODIESTERASES_IN_NEURONAL_FUNCTION	cGMP	Guanosine monophosphate, cyclic (cGMP)	-	WP4222	C00942	HMDB0001314	RAMP_C_000000995
WIKIPATHWAYS_PROLINE_AND_HYDROXYPROLINE_PATHWAYS	Arg	Arginine	-	WP5026	C00062	HMDB0000517	RAMP_C_000042003
WIKIPATHWAYS_PROLINE_AND_HYDROXYPROLINE_PATHWAYS	Arginino-Suc	Argininosuccinic acid	-	WP5026	C03406	HMDB0000052	RAMP_C_000218664
WIKIPATHWAYS_PROLINE_AND_HYDROXYPROLINE_PATHWAYS	Cit	Citrulline	-	WP5026	C00327	HMDB0000904	RAMP_C_000218703
WIKIPATHWAYS_PROLINE_AND_HYDROXYPROLINE_PATHWAYS	Glu	Glutamic acid	-	WP5026	C00025	HMDB0000148	RAMP_C_000218397
WIKIPATHWAYS_PROLINE_AND_HYDROXYPROLINE_PATHWAYS	Orn	Ornithine	-	WP5026	C00077	HMDB0000214	RAMP_C_000218554
WIKIPATHWAYS_PROLINE_AND_HYDROXYPROLINE_PATHWAYS	Pro	Proline	-	WP5026	C00148	HMDB0000162	RAMP_C_000218861
WIKIPATHWAYS_PROSTAGLANDIN_SYNTHESIS_AND_REGULATION	Cortisol	Cortisol	-	WP98	C00735	HMDB0000063	RAMP_C_000000045
WIKIPATHWAYS_PROSTAGLANDIN_SYNTHESIS_AND_REGULATION	Cortisone	Cortisone	-	WP98	C00762	HMDB0002802	RAMP_C_000001680
WIKIPATHWAYS_PROSTAGLANDIN_SYNTHESIS_AND_REGULATION	FA 20:4n-6 (AA)	Arachidonic acid (AA; omega6)	-	WP98	C00219	HMDB0001043	RAMP_C_000000804
WIKIPATHWAYS_PROXIMAL_TUBULE_TRANSPORT	Gly	Glycine	-	WP4917	C00037	HMDB0000123	RAMP_C_000000078
WIKIPATHWAYS_PROXIMAL_TUBULE_TRANSPORT	Oxalic acid	Oxalic acid	-	WP4917	C00209	HMDB0002329	RAMP_C_000001542
WIKIPATHWAYS_PROXIMAL_TUBULE_TRANSPORT	a-Ketoglutaric acid	alpha-Ketoglutaric acid	-	WP4917	C00026	HMDB0000208	RAMP_C_000274401
WIKIPATHWAYS_PURINE_METABOLISM	Adenine	Adenine	-	WP4792	C00147	HMDB0000034	RAMP_C_000000024
WIKIPATHWAYS_PURINE_METABOLISM	Adenosine	Adenosine	-	WP4792	C00212	HMDB0000050	RAMP_C_000000034
WIKIPATHWAYS_PURINE_METABOLISM	Deoxyguanosine	Deoxyguanosine	-	WP4792	C00330	HMDB0000085	RAMP_C_000000058
WIKIPATHWAYS_PURINE_METABOLISM	Guanine	Guanine	-	WP4792	C00242	HMDB0000132	RAMP_C_000000086
WIKIPATHWAYS_PURINE_METABOLISM	Guanosine	Guanosine	-	WP4792	C00387	HMDB0000133	RAMP_C_000000087
WIKIPATHWAYS_PURINE_METABOLISM	Hypoxanthine	Hypoxanthine	-	WP4792	C00262	HMDB0000157	RAMP_C_000000101
WIKIPATHWAYS_PURINE_METABOLISM	Inosine	Inosine	-	WP4792	C00294	HMDB0000195	RAMP_C_000000126
WIKIPATHWAYS_PURINE_METABOLISM	Uric acid	Uric acid	-	WP4792	C00366	HMDB0000289	RAMP_C_000000194
WIKIPATHWAYS_PURINE_METABOLISM	Xanthine	Xanthine	-	WP4792	C00385	HMDB0000292	RAMP_C_000000197
WIKIPATHWAYS_PURINE_METABOLISM_AND_RELATED_DISORDERS	Adenine	Adenine	-	WP4224	C00147	HMDB0000034	RAMP_C_000000024
WIKIPATHWAYS_PURINE_METABOLISM_AND_RELATED_DISORDERS	Adenosine	Adenosine	-	WP4224	C00212	HMDB0000050	RAMP_C_000000034
WIKIPATHWAYS_PURINE_METABOLISM_AND_RELATED_DISORDERS	Asp	Aspartic acid	-	WP4224	C00049	HMDB0000191	RAMP_C_000218398
WIKIPATHWAYS_PURINE_METABOLISM_AND_RELATED_DISORDERS	Deoxyguanosine	Deoxyguanosine	-	WP4224	C00330	HMDB0000085	RAMP_C_000000058
WIKIPATHWAYS_PURINE_METABOLISM_AND_RELATED_DISORDERS	Fumaric acid	Fumaric acid	-	WP4224	C00122	HMDB0000134	RAMP_C_000218394
WIKIPATHWAYS_PURINE_METABOLISM_AND_RELATED_DISORDERS	Gln	Glutamine	-	WP4224	C00064	HMDB0000641	RAMP_C_000218784
WIKIPATHWAYS_PURINE_METABOLISM_AND_RELATED_DISORDERS	Glu	Glutamic acid	-	WP4224	C00025	HMDB0000148	RAMP_C_000218397
WIKIPATHWAYS_PURINE_METABOLISM_AND_RELATED_DISORDERS	Guanine	Guanine	-	WP4224	C00242	HMDB0000132	RAMP_C_000000086
WIKIPATHWAYS_PURINE_METABOLISM_AND_RELATED_DISORDERS	Guanosine	Guanosine	-	WP4224	C00387	HMDB0000133	RAMP_C_000000087
WIKIPATHWAYS_PURINE_METABOLISM_AND_RELATED_DISORDERS	Hypoxanthine	Hypoxanthine	-	WP4224	C00262	HMDB0000157	RAMP_C_000000101
WIKIPATHWAYS_PURINE_METABOLISM_AND_RELATED_DISORDERS	Inosine	Inosine	-	WP4224	C00294	HMDB0000195	RAMP_C_000000126
WIKIPATHWAYS_PURINE_METABOLISM_AND_RELATED_DISORDERS	Met	Methionine	-	WP4224	C00073	HMDB0000696	RAMP_C_000218711
WIKIPATHWAYS_PURINE_METABOLISM_AND_RELATED_DISORDERS	Uric acid	Uric acid	-	WP4224	C00366	HMDB0000289	RAMP_C_000000194
WIKIPATHWAYS_PURINE_METABOLISM_AND_RELATED_DISORDERS	Xanthine	Xanthine	-	WP4224	C00385	HMDB0000292	RAMP_C_000000197
WIKIPATHWAYS_PYRIMIDINE_METABOLISM	Carbamoyl-PO4	Carbamoylphosphate	-	WP4022	C00169	HMDB0001096	RAMP_C_000218766
WIKIPATHWAYS_PYRIMIDINE_METABOLISM	Cytidine	Cytidine	-	WP4022	C00475	HMDB0000089	RAMP_C_000000061
WIKIPATHWAYS_PYRIMIDINE_METABOLISM	Deoxycytidine	Deoxycytidine	-	WP4022	C00881	HMDB0000014	RAMP_C_000000008
WIKIPATHWAYS_PYRIMIDINE_METABOLISM	Gln	Glutamine	-	WP4022	C00064	HMDB0000641	RAMP_C_000218784
WIKIPATHWAYS_PYRIMIDINE_METABOLISM	Orotic acid	Orotic acid	-	WP4022	C00295	HMDB0000226	RAMP_C_000000150
WIKIPATHWAYS_PYRIMIDINE_METABOLISM	Thymidine	Thymidine	-	WP4022	C00214	HMDB0000273	RAMP_C_000000186
WIKIPATHWAYS_PYRIMIDINE_METABOLISM	Thymine	Thymine	-	WP4022	C00178	HMDB0000262	RAMP_C_000000178
WIKIPATHWAYS_PYRIMIDINE_METABOLISM	Uracil	Uracil	-	WP4022	C00106	HMDB0000300	RAMP_C_000000203
WIKIPATHWAYS_PYRIMIDINE_METABOLISM	Uridine	Uridine	-	WP4022	C00299	HMDB0000296	RAMP_C_000000201
WIKIPATHWAYS_PYRIMIDINE_METABOLISM	beta-Ala	beta-Alanine	-	WP4022	C00099	HMDB0000056	RAMP_C_000218729
WIKIPATHWAYS_PYRIMIDINE_METABOLISM_AND_RELATED_DISEASES	Asp	Aspartic acid	-	WP4225	C00049	HMDB0000191	RAMP_C_000218398
WIKIPATHWAYS_PYRIMIDINE_METABOLISM_AND_RELATED_DISEASES	Carbamoyl-PO4	Carbamoylphosphate	-	WP4225	C00169	HMDB0001096	RAMP_C_000218766
WIKIPATHWAYS_PYRIMIDINE_METABOLISM_AND_RELATED_DISEASES	Cit	Citrulline	-	WP4225	C00327	HMDB0000904	RAMP_C_000218703
WIKIPATHWAYS_PYRIMIDINE_METABOLISM_AND_RELATED_DISEASES	Cytidine	Cytidine	-	WP4225	C00475	HMDB0000089	RAMP_C_000000061
WIKIPATHWAYS_PYRIMIDINE_METABOLISM_AND_RELATED_DISEASES	Gln	Glutamine	-	WP4225	C00064	HMDB0000641	RAMP_C_000218784
WIKIPATHWAYS_PYRIMIDINE_METABOLISM_AND_RELATED_DISEASES	Glu	Glutamic acid	-	WP4225	C00025	HMDB0000148	RAMP_C_000218397
WIKIPATHWAYS_PYRIMIDINE_METABOLISM_AND_RELATED_DISEASES	Orn	Ornithine	-	WP4225	C00077	HMDB0000214	RAMP_C_000218554
WIKIPATHWAYS_PYRIMIDINE_METABOLISM_AND_RELATED_DISEASES	Orotic acid	Orotic acid	-	WP4225	C00295	HMDB0000226	RAMP_C_000000150
WIKIPATHWAYS_PYRIMIDINE_METABOLISM_AND_RELATED_DISEASES	Thymidine	Thymidine	-	WP4225	C00214	HMDB0000273	RAMP_C_000000186
WIKIPATHWAYS_PYRIMIDINE_METABOLISM_AND_RELATED_DISEASES	Thymine	Thymine	-	WP4225	C00178	HMDB0000262	RAMP_C_000000178
WIKIPATHWAYS_PYRIMIDINE_METABOLISM_AND_RELATED_DISEASES	Uracil	Uracil	-	WP4225	C00106	HMDB0000300	RAMP_C_000000203
WIKIPATHWAYS_PYRIMIDINE_METABOLISM_AND_RELATED_DISEASES	Uridine	Uridine	-	WP4225	C00299	HMDB0000296	RAMP_C_000000201
WIKIPATHWAYS_PYRIMIDINE_METABOLISM_AND_RELATED_DISEASES	Val	Valine	-	WP4225	C00183	HMDB0000883	RAMP_C_000218704
WIKIPATHWAYS_PYRIMIDINE_METABOLISM_AND_RELATED_DISEASES	beta-Ala	beta-Alanine	-	WP4225	C00099	HMDB0000056	RAMP_C_000218729
WIKIPATHWAYS_RAS_AND_BRADYKININ_PATHWAYS_IN_COVID_19	Arg	Arginine	-	WP4969	C00062	HMDB0000517	RAMP_C_000042003
WIKIPATHWAYS_RAS_AND_BRADYKININ_PATHWAYS_IN_COVID_19	FA 20:4n-6 (AA)	Arachidonic acid (AA; omega6)	-	WP4969	C00219	HMDB0001043	RAMP_C_000000804
WIKIPATHWAYS_RAS_AND_BRADYKININ_PATHWAYS_IN_COVID_19	cGMP	Guanosine monophosphate, cyclic (cGMP)	-	WP4969	C00942	HMDB0001314	RAMP_C_000000995
WIKIPATHWAYS_REGUCALCIN_IN_PROXIMAL_TUBULE_EPITHELIAL_KIDNEY_CELLS	Arg	Arginine	-	WP4838	C00062	HMDB0000517	RAMP_C_000042003
WIKIPATHWAYS_REGUCALCIN_IN_PROXIMAL_TUBULE_EPITHELIAL_KIDNEY_CELLS	DG 16:0_16:0	DG 16:0_16:0	-	WP4838	C00165	HMDB0007098	RAMP_C_000219428
WIKIPATHWAYS_REGUCALCIN_IN_PROXIMAL_TUBULE_EPITHELIAL_KIDNEY_CELLS	cAMP	Adenosine monophosphate, cyclic (cAMP)	-	WP4838	C00575	HMDB0000058	RAMP_C_000218758
WIKIPATHWAYS_ROLE_OF_CARNOSINE_IN_MUSCLE_CONTRACTION	Anserine	Anserine	-	WP4486	C01262	HMDB0000194	RAMP_C_000000125
WIKIPATHWAYS_ROLE_OF_CARNOSINE_IN_MUSCLE_CONTRACTION	Carnosine	Carnosine	-	WP4486	C00386	HMDB0000033	RAMP_C_000218666
WIKIPATHWAYS_ROLE_OF_CARNOSINE_IN_MUSCLE_CONTRACTION	GABA	gamma-Aminobutyric acid	-	WP4486	C00334	HMDB0000112	RAMP_C_000219510
WIKIPATHWAYS_ROLE_OF_CARNOSINE_IN_MUSCLE_CONTRACTION	His	Histidine	-	WP4486	C00135	HMDB0000177	RAMP_C_000218426
WIKIPATHWAYS_ROLE_OF_CARNOSINE_IN_MUSCLE_CONTRACTION	Histamine	Histamine	-	WP4486	C00388	HMDB0000870	RAMP_C_000000678
WIKIPATHWAYS_ROLE_OF_CARNOSINE_IN_MUSCLE_CONTRACTION	beta-Ala	beta-Alanine	-	WP4486	C00099	HMDB0000056	RAMP_C_000218729
WIKIPATHWAYS_SCFA_AND_SKELETAL_MUSCLE_SUBSTRATE_METABOLISM	FA 2:0	Acetic acid	-	WP4030	C00033	HMDB0000042	RAMP_C_000218400
WIKIPATHWAYS_SCFA_AND_SKELETAL_MUSCLE_SUBSTRATE_METABOLISM	FA 3:0	Propanoic acid	-	WP4030	C00163	HMDB0000237	RAMP_C_000220356
WIKIPATHWAYS_SCFA_AND_SKELETAL_MUSCLE_SUBSTRATE_METABOLISM	FA 4:0	Butyric acid	-	WP4030	C00246	HMDB0000039	RAMP_C_000000028
WIKIPATHWAYS_SELENIUM_MICRONUTRIENT_NETWORK	3-OH-Kynurenine	3-Hydroxykynurenine	-	WP15	C02794	HMDB0000732	RAMP_C_000000572
WIKIPATHWAYS_SELENIUM_MICRONUTRIENT_NETWORK	Cys	Cysteine	-	WP15	C00097	HMDB0000574	RAMP_C_000218469
WIKIPATHWAYS_SELENIUM_MICRONUTRIENT_NETWORK	FA 18:2	Linoleic acid	-	WP15	C01595	HMDB0000673	RAMP_C_000263195
WIKIPATHWAYS_SELENIUM_MICRONUTRIENT_NETWORK	FA 20:3n-6	Dihomo-gamma-linolenic acid (omega6)	-	WP15	C03242	HMDB0002925	RAMP_C_000266357
WIKIPATHWAYS_SELENIUM_MICRONUTRIENT_NETWORK	FA 20:4n-6 (AA)	Arachidonic acid (AA; omega6)	-	WP15	C00219	HMDB0001043	RAMP_C_000000804
WIKIPATHWAYS_SELENIUM_MICRONUTRIENT_NETWORK	FA 20:5n-3 (EPA)	Eicosapentaenoic acid (EPA; omega3)	-	WP15	C06428	HMDB0001999	RAMP_C_000001315
WIKIPATHWAYS_SELENIUM_MICRONUTRIENT_NETWORK	FA 22:6n-3 (DHA)	Docosahexaenoic acid (DHA; omega3)	-	WP15	C06429	HMDB0002183	RAMP_C_000001447
WIKIPATHWAYS_SELENIUM_MICRONUTRIENT_NETWORK	Folic acid (B9)	Folic acid (B9)	-	WP15	C00504	HMDB0000121	RAMP_C_000220612
WIKIPATHWAYS_SELENIUM_MICRONUTRIENT_NETWORK	Glucose	Glucose	-	WP15	C00031	HMDB0000122	RAMP_C_000000077
WIKIPATHWAYS_SELENIUM_MICRONUTRIENT_NETWORK	HCys	Homocysteine	-	WP15	C00155	HMDB0000165	RAMP_C_000218762
WIKIPATHWAYS_SELENIUM_MICRONUTRIENT_NETWORK	Hypoxanthine	Hypoxanthine	-	WP15	C00262	HMDB0000157	RAMP_C_000000101
WIKIPATHWAYS_SELENIUM_MICRONUTRIENT_NETWORK	Kynurenine	Kynurenine	-	WP15	C00328	HMDB0000183	RAMP_C_000000530
WIKIPATHWAYS_SELENIUM_MICRONUTRIENT_NETWORK	Met	Methionine	-	WP15	C00073	HMDB0000696	RAMP_C_000218711
WIKIPATHWAYS_SELENIUM_MICRONUTRIENT_NETWORK	Met-SO	Methionine sulfoxide	-	WP15	C02989	HMDB0002005	RAMP_C_000001320
WIKIPATHWAYS_SELENIUM_MICRONUTRIENT_NETWORK	Nicotinamide (B3)	Nicotinamide (B3)	-	WP15	C00153	HMDB0001406	RAMP_C_000001067
WIKIPATHWAYS_SELENIUM_MICRONUTRIENT_NETWORK	Nicotinic acid (B3)	Nicotinic acid (B3)	-	WP15	C00253	HMDB0001488	RAMP_C_000218427
WIKIPATHWAYS_SELENIUM_MICRONUTRIENT_NETWORK	Nitro-Tyr	Nitrotyrosine	-	WP15		HMDB0001904	RAMP_C_000001250
WIKIPATHWAYS_SELENIUM_MICRONUTRIENT_NETWORK	PMP	Pyridoxamine 5'-phosphate	-	WP15	C00647	HMDB0001555	RAMP_C_000220901
WIKIPATHWAYS_SELENIUM_MICRONUTRIENT_NETWORK	Quinolinic acid	Quinolinic acid	-	WP15	C03722	HMDB0000232	RAMP_C_000000155
WIKIPATHWAYS_SELENIUM_MICRONUTRIENT_NETWORK	Riboflavin (B2)	Riboflavin (B2)	-	WP15	C00255	HMDB0000244	RAMP_C_000000164
WIKIPATHWAYS_SELENIUM_MICRONUTRIENT_NETWORK	Ser	Serine	-	WP15	C00065	HMDB0000187	RAMP_C_000218440
WIKIPATHWAYS_SELENIUM_MICRONUTRIENT_NETWORK	Trp	Tryptophan	-	WP15	C00078	HMDB0000929	RAMP_C_000218721
WIKIPATHWAYS_SELENIUM_MICRONUTRIENT_NETWORK	Uric acid	Uric acid	-	WP15	C00366	HMDB0000289	RAMP_C_000000194
WIKIPATHWAYS_SELENIUM_MICRONUTRIENT_NETWORK	Xanthine	Xanthine	-	WP15	C00385	HMDB0000292	RAMP_C_000000197
WIKIPATHWAYS_SERINE_METABOLISM	Cer d18:1/25:0	Cer d18:1/25:0	-	WP4688		HMDB0004953	RAMP_C_000002281
WIKIPATHWAYS_SERINE_METABOLISM	Glu	Glutamic acid	-	WP4688	C00025	HMDB0000148	RAMP_C_000218397
WIKIPATHWAYS_SERINE_METABOLISM	Gly	Glycine	-	WP4688	C00037	HMDB0000123	RAMP_C_000000078
WIKIPATHWAYS_SERINE_METABOLISM	Pyruvic acid	Pyruvic acid	-	WP4688	C00022	HMDB0000243	RAMP_C_000218028
WIKIPATHWAYS_SERINE_METABOLISM	Ser	Serine	-	WP4688	C00065	HMDB0000187	RAMP_C_000218440
WIKIPATHWAYS_SERINE_METABOLISM	a-Ketoglutaric acid	alpha-Ketoglutaric acid	-	WP4688	C00026	HMDB0000208	RAMP_C_000274401
WIKIPATHWAYS_SMITH_MAGENIS_AND_POTOCKI_LUPSKI_SYNDROME_COPY_NUMBER_VARIATION	Cortisol	Cortisol	-	WP5381	C00735	HMDB0000063	RAMP_C_000000045
WIKIPATHWAYS_SMITH_MAGENIS_AND_POTOCKI_LUPSKI_SYNDROME_COPY_NUMBER_VARIATION	Gly	Glycine	-	WP5381	C00037	HMDB0000123	RAMP_C_000000078
WIKIPATHWAYS_SMITH_MAGENIS_AND_POTOCKI_LUPSKI_SYNDROME_COPY_NUMBER_VARIATION	Melatonin	Melatonin	-	WP5381	C01598	HMDB0001389	RAMP_C_000001056
WIKIPATHWAYS_SMITH_MAGENIS_AND_POTOCKI_LUPSKI_SYNDROME_COPY_NUMBER_VARIATION	Ser	Serine	-	WP5381	C00065	HMDB0000187	RAMP_C_000218440
WIKIPATHWAYS_SMITH_MAGENIS_AND_POTOCKI_LUPSKI_SYNDROME_COPY_NUMBER_VARIATION	Thymine	Thymine	-	WP5381	C00178	HMDB0000262	RAMP_C_000000178
WIKIPATHWAYS_SMITH_MAGENIS_AND_POTOCKI_LUPSKI_SYNDROME_COPY_NUMBER_VARIATION	Uracil	Uracil	-	WP5381	C00106	HMDB0000300	RAMP_C_000000203
WIKIPATHWAYS_SPHINGOLIPID_METABOLISM_INTEGRATED_PATHWAY	Cer d18:0/18:0	Cer d18:0/18:0	-	WP4726		HMDB0011761	RAMP_C_000007269
WIKIPATHWAYS_SPHINGOLIPID_METABOLISM_INTEGRATED_PATHWAY	Cer d18:0/20:0	Cer d18:0/20:0	-	WP4726		HMDB0011764	RAMP_C_000007272
WIKIPATHWAYS_SPHINGOLIPID_METABOLISM_INTEGRATED_PATHWAY	Cer d18:0/22:0	Cer d18:0/22:0	-	WP4726		HMDB0011765	RAMP_C_000007273
WIKIPATHWAYS_SPHINGOLIPID_METABOLISM_INTEGRATED_PATHWAY	Cer d18:0/24:0	Cer d18:0/24:0	-	WP4726		HMDB0011768	RAMP_C_000007276
WIKIPATHWAYS_SPHINGOLIPID_METABOLISM_INTEGRATED_PATHWAY	Cer d18:1/16:0	Cer d18:1/16:0	-	WP4726		HMDB0000790	RAMP_C_000164181
WIKIPATHWAYS_SPHINGOLIPID_METABOLISM_INTEGRATED_PATHWAY	Cer d18:1/18:0	Cer d18:1/18:0	-	WP4726		HMDB0000829	RAMP_C_000002275
WIKIPATHWAYS_SPHINGOLIPID_METABOLISM_INTEGRATED_PATHWAY	Cer d18:1/20:0	Cer d18:1/20:0	-	WP4726		HMDB0004951	RAMP_C_000002276
WIKIPATHWAYS_SPHINGOLIPID_METABOLISM_INTEGRATED_PATHWAY	Cer d18:1/22:0	Cer d18:1/22:0	-	WP4726		HMDB0004952	RAMP_C_000002277
WIKIPATHWAYS_SPHINGOLIPID_METABOLISM_INTEGRATED_PATHWAY	Cer d18:1/24:0	Cer d18:1/24:0	-	WP4726		HMDB0000831	RAMP_C_000002280
WIKIPATHWAYS_SPHINGOLIPID_METABOLISM_INTEGRATED_PATHWAY	Cer d18:1/25:0	Cer d18:1/25:0	-	WP4726		HMDB0004953	RAMP_C_000002281
WIKIPATHWAYS_SPHINGOLIPID_METABOLISM_INTEGRATED_PATHWAY	Cer d18:1/26:0	Cer d18:1/26:0	-	WP4726		HMDB0004955	RAMP_C_000002279
WIKIPATHWAYS_SPHINGOLIPID_METABOLISM_INTEGRATED_PATHWAY	Ser	Serine	-	WP4726	C00065	HMDB0000187	RAMP_C_000218440
WIKIPATHWAYS_SPHINGOLIPID_METABOLISM_IN_SENESCENCE	Cer d18:1/25:0	Cer d18:1/25:0	-	WP5121		HMDB0004953	RAMP_C_000002281
WIKIPATHWAYS_SPHINGOLIPID_METABOLISM_IN_SENESCENCE	DG 16:0_16:0	DG 16:0_16:0	-	WP5121	C00165	HMDB0007098	RAMP_C_000219428
WIKIPATHWAYS_SPHINGOLIPID_METABOLISM_IN_SENESCENCE	Ser	Serine	-	WP5121	C00065	HMDB0000187	RAMP_C_000218440
WIKIPATHWAYS_SPINA_BIFIDA	AHCys	S-Adenosylhomocysteine	-	WP5150	C00021	HMDB0000939	RAMP_C_000218715
WIKIPATHWAYS_SPINA_BIFIDA	Folic acid (B9)	Folic acid (B9)	-	WP5150	C00504	HMDB0000121	RAMP_C_000220612
WIKIPATHWAYS_SPINA_BIFIDA	HCys	Homocysteine	-	WP5150	C00155	HMDB0000165	RAMP_C_000218762
WIKIPATHWAYS_SPINA_BIFIDA	Met	Methionine	-	WP5150	C00073	HMDB0000696	RAMP_C_000218711
WIKIPATHWAYS_SUDDEN_INFANT_DEATH_SYNDROME_SIDS_SUSCEPTIBILITY_PATHWAYS	5-HIAA	5-Hydroxyindoleacetic acid	-	WP706	C05635	HMDB0000763	RAMP_C_000000599
WIKIPATHWAYS_SUDDEN_INFANT_DEATH_SYNDROME_SIDS_SUSCEPTIBILITY_PATHWAYS	5-OH-Trp	5-Hydroxytryptophan	-	WP706	C00643	HMDB0000472	RAMP_C_000218770
WIKIPATHWAYS_SUDDEN_INFANT_DEATH_SYNDROME_SIDS_SUSCEPTIBILITY_PATHWAYS	Choline	Choline	-	WP706	C00114	HMDB0000097	RAMP_C_000000065
WIKIPATHWAYS_SUDDEN_INFANT_DEATH_SYNDROME_SIDS_SUSCEPTIBILITY_PATHWAYS	DOPA	Dihydroxyphenylalanine	-	WP706	C00355	HMDB0000181	RAMP_C_000218668
WIKIPATHWAYS_SUDDEN_INFANT_DEATH_SYNDROME_SIDS_SUSCEPTIBILITY_PATHWAYS	Dopamine	Dopamine	-	WP706	C03758	HMDB0000073	RAMP_C_000218860
WIKIPATHWAYS_SUDDEN_INFANT_DEATH_SYNDROME_SIDS_SUSCEPTIBILITY_PATHWAYS	GABA	gamma-Aminobutyric acid	-	WP706	C00334	HMDB0000112	RAMP_C_000219510
WIKIPATHWAYS_SUDDEN_INFANT_DEATH_SYNDROME_SIDS_SUSCEPTIBILITY_PATHWAYS	Nicotine	Nicotine	-	WP706	C00745	HMDB0001001	RAMP_C_000158862
WIKIPATHWAYS_SUDDEN_INFANT_DEATH_SYNDROME_SIDS_SUSCEPTIBILITY_PATHWAYS	Phe	Phenylalanine	-	WP706	C00079	HMDB0000159	RAMP_C_000218749
WIKIPATHWAYS_SUDDEN_INFANT_DEATH_SYNDROME_SIDS_SUSCEPTIBILITY_PATHWAYS	Serotonin	Serotonin	-	WP706	C00780	HMDB0000259	RAMP_C_000000177
WIKIPATHWAYS_SUDDEN_INFANT_DEATH_SYNDROME_SIDS_SUSCEPTIBILITY_PATHWAYS	Trp	Tryptophan	-	WP706	C00078	HMDB0000929	RAMP_C_000218721
WIKIPATHWAYS_SUDDEN_INFANT_DEATH_SYNDROME_SIDS_SUSCEPTIBILITY_PATHWAYS	Tyr	Tyrosine	-	WP706	C00082	HMDB0000158	RAMP_C_000218778
WIKIPATHWAYS_SYNAPTIC_VESICLE_PATHWAY	Dopamine	Dopamine	-	WP2267	C03758	HMDB0000073	RAMP_C_000218860
WIKIPATHWAYS_SYNAPTIC_VESICLE_PATHWAY	Gln	Glutamine	-	WP2267	C00064	HMDB0000641	RAMP_C_000218784
WIKIPATHWAYS_SYNAPTIC_VESICLE_PATHWAY	Serotonin	Serotonin	-	WP2267	C00780	HMDB0000259	RAMP_C_000000177
WIKIPATHWAYS_TCA_CYCLE_AKA_KREBS_OR_CITRIC_ACID_CYCLE	Citric acid	Citric acid	-	WP78	C00158	HMDB0000094	RAMP_C_000218121
WIKIPATHWAYS_TCA_CYCLE_AKA_KREBS_OR_CITRIC_ACID_CYCLE	Fumaric acid	Fumaric acid	-	WP78	C00122	HMDB0000134	RAMP_C_000218394
WIKIPATHWAYS_TCA_CYCLE_AKA_KREBS_OR_CITRIC_ACID_CYCLE	Isocitric acid	Isocitric acid	-	WP78	C00311	HMDB0000193	RAMP_C_000217206
WIKIPATHWAYS_TCA_CYCLE_AKA_KREBS_OR_CITRIC_ACID_CYCLE	Malic acid	Malic acid	-	WP78	C00149	HMDB0000156	RAMP_C_000218036
WIKIPATHWAYS_TCA_CYCLE_AKA_KREBS_OR_CITRIC_ACID_CYCLE	Oxaloacetic acid	Oxaloacetic acid	-	WP78	C00036	HMDB0000223	RAMP_C_000262942
WIKIPATHWAYS_TCA_CYCLE_AKA_KREBS_OR_CITRIC_ACID_CYCLE	Suc	Succinic acid	-	WP78	C00042	HMDB0000254	RAMP_C_000218399
WIKIPATHWAYS_TCA_CYCLE_AKA_KREBS_OR_CITRIC_ACID_CYCLE	a-Ketoglutaric acid	alpha-Ketoglutaric acid	-	WP78	C00026	HMDB0000208	RAMP_C_000274401
WIKIPATHWAYS_TCA_CYCLE_IN_SENESCENCE	Fumaric acid	Fumaric acid	-	WP5050	C00122	HMDB0000134	RAMP_C_000218394
WIKIPATHWAYS_TCA_CYCLE_IN_SENESCENCE	Malic acid	Malic acid	-	WP5050	C00149	HMDB0000156	RAMP_C_000218036
WIKIPATHWAYS_TCA_CYCLE_IN_SENESCENCE	Oxaloacetic acid	Oxaloacetic acid	-	WP5050	C00036	HMDB0000223	RAMP_C_000262942
WIKIPATHWAYS_TCA_CYCLE_IN_SENESCENCE	Pyruvic acid	Pyruvic acid	-	WP5050	C00022	HMDB0000243	RAMP_C_000218028
WIKIPATHWAYS_TCA_CYCLE_IN_SENESCENCE	a-Ketoglutaric acid	alpha-Ketoglutaric acid	-	WP5050	C00026	HMDB0000208	RAMP_C_000274401
WIKIPATHWAYS_THERMOGENESIS	C0	Carnitine	-	WP4321	C00318	HMDB0000062	RAMP_C_000274496
WIKIPATHWAYS_THERMOGENESIS	DG 16:0_16:0	DG 16:0_16:0	-	WP4321	C00165	HMDB0007098	RAMP_C_000219428
WIKIPATHWAYS_THERMOGENESIS	MG 20:4	MG 20:4	-	WP4321	C13856	HMDB0004666	RAMP_C_000002127
WIKIPATHWAYS_THERMOGENESIS	Nicotine	Nicotine	-	WP4321	C00745	HMDB0001001	RAMP_C_000158862
WIKIPATHWAYS_THERMOGENESIS	Norepinephrine	Norepinephrine	-	WP4321	C00547	HMDB0000216	RAMP_C_000219112
WIKIPATHWAYS_THERMOGENESIS	cAMP	Adenosine monophosphate, cyclic (cAMP)	-	WP4321	C00575	HMDB0000058	RAMP_C_000218758
WIKIPATHWAYS_THERMOGENESIS	cGMP	Guanosine monophosphate, cyclic (cGMP)	-	WP4321	C00942	HMDB0001314	RAMP_C_000000995
WIKIPATHWAYS_THIAMINE_METABOLIC_PATHWAYS	Isocitric acid	Isocitric acid	-	WP4297	C00311	HMDB0000193	RAMP_C_000217206
WIKIPATHWAYS_THIAMINE_METABOLIC_PATHWAYS	Oxaloacetic acid	Oxaloacetic acid	-	WP4297	C00036	HMDB0000223	RAMP_C_000262942
WIKIPATHWAYS_THIAMINE_METABOLIC_PATHWAYS	Pyruvic acid	Pyruvic acid	-	WP4297	C00022	HMDB0000243	RAMP_C_000218028
WIKIPATHWAYS_THIAMINE_METABOLIC_PATHWAYS	Ser	Serine	-	WP4297	C00065	HMDB0000187	RAMP_C_000218440
WIKIPATHWAYS_THIAMINE_METABOLIC_PATHWAYS	Suc	Succinic acid	-	WP4297	C00042	HMDB0000254	RAMP_C_000218399
WIKIPATHWAYS_THIAMINE_METABOLIC_PATHWAYS	a-Ketoglutaric acid	alpha-Ketoglutaric acid	-	WP4297	C00026	HMDB0000208	RAMP_C_000274401
WIKIPATHWAYS_THYROID_HORMONES_PRODUCTION_AND_PERIPHERAL_DOWNSTREAM_SIGNALING_EFFECTS	DG 16:0_16:0	DG 16:0_16:0	-	WP4746	C00165	HMDB0007098	RAMP_C_000219428
WIKIPATHWAYS_THYROID_HORMONES_PRODUCTION_AND_PERIPHERAL_DOWNSTREAM_SIGNALING_EFFECTS	Norepinephrine	Norepinephrine	-	WP4746	C00547	HMDB0000216	RAMP_C_000219112
WIKIPATHWAYS_THYROID_HORMONES_PRODUCTION_AND_PERIPHERAL_DOWNSTREAM_SIGNALING_EFFECTS	cAMP	Adenosine monophosphate, cyclic (cAMP)	-	WP4746	C00575	HMDB0000058	RAMP_C_000218758
WIKIPATHWAYS_THYROID_HORMONES_PRODUCTION_AND_PERIPHERAL_DOWNSTREAM_SIGNALING_EFFECTS	cGMP	Guanosine monophosphate, cyclic (cGMP)	-	WP4746	C00942	HMDB0001314	RAMP_C_000000995
WIKIPATHWAYS_THYROXINE_THYROID_HORMONE_PRODUCTION	DG 16:0_16:0	DG 16:0_16:0	-	WP1981	C00165	HMDB0007098	RAMP_C_000219428
WIKIPATHWAYS_THYROXINE_THYROID_HORMONE_PRODUCTION	Tyr	Tyrosine	-	WP1981	C00082	HMDB0000158	RAMP_C_000218778
WIKIPATHWAYS_THYROXINE_THYROID_HORMONE_PRODUCTION	cAMP	Adenosine monophosphate, cyclic (cAMP)	-	WP1981	C00575	HMDB0000058	RAMP_C_000218758
WIKIPATHWAYS_TRANS_SULFURATION_ONE_CARBON_METABOLISM_AND_RELATED_PATHWAYS	5-Oxo-Pro	5-Oxoproline	-	WP2525	C01879	HMDB0000267	RAMP_C_000263954
WIKIPATHWAYS_TRANS_SULFURATION_ONE_CARBON_METABOLISM_AND_RELATED_PATHWAYS	AHCys	S-Adenosylhomocysteine	-	WP2525	C00021	HMDB0000939	RAMP_C_000218715
WIKIPATHWAYS_TRANS_SULFURATION_ONE_CARBON_METABOLISM_AND_RELATED_PATHWAYS	Betaine	Betaine	-	WP2525	C00719	HMDB0000043	RAMP_C_000000030
WIKIPATHWAYS_TRANS_SULFURATION_ONE_CARBON_METABOLISM_AND_RELATED_PATHWAYS	Choline	Choline	-	WP2525	C00114	HMDB0000097	RAMP_C_000000065
WIKIPATHWAYS_TRANS_SULFURATION_ONE_CARBON_METABOLISM_AND_RELATED_PATHWAYS	Cys	Cysteine	-	WP2525	C00097	HMDB0000574	RAMP_C_000218469
WIKIPATHWAYS_TRANS_SULFURATION_ONE_CARBON_METABOLISM_AND_RELATED_PATHWAYS	DMG	Dimethylglycine	-	WP2525	C01026	HMDB0000092	RAMP_C_000000062
WIKIPATHWAYS_TRANS_SULFURATION_ONE_CARBON_METABOLISM_AND_RELATED_PATHWAYS	Folic acid (B9)	Folic acid (B9)	-	WP2525	C00504	HMDB0000121	RAMP_C_000220612
WIKIPATHWAYS_TRANS_SULFURATION_ONE_CARBON_METABOLISM_AND_RELATED_PATHWAYS	Gly	Glycine	-	WP2525	C00037	HMDB0000123	RAMP_C_000000078
WIKIPATHWAYS_TRANS_SULFURATION_ONE_CARBON_METABOLISM_AND_RELATED_PATHWAYS	HCys	Homocysteine	-	WP2525	C00155	HMDB0000165	RAMP_C_000218762
WIKIPATHWAYS_TRANS_SULFURATION_ONE_CARBON_METABOLISM_AND_RELATED_PATHWAYS	Hypotaurine	Hypotaurine	-	WP2525	C00519	HMDB0000965	RAMP_C_000000756
WIKIPATHWAYS_TRANS_SULFURATION_ONE_CARBON_METABOLISM_AND_RELATED_PATHWAYS	Met	Methionine	-	WP2525	C00073	HMDB0000696	RAMP_C_000218711
WIKIPATHWAYS_TRANS_SULFURATION_ONE_CARBON_METABOLISM_AND_RELATED_PATHWAYS	Orn	Ornithine	-	WP2525	C00077	HMDB0000214	RAMP_C_000218554
WIKIPATHWAYS_TRANS_SULFURATION_ONE_CARBON_METABOLISM_AND_RELATED_PATHWAYS	Putrescine	Putrescine	-	WP2525	C00134	HMDB0001414	RAMP_C_000001073
WIKIPATHWAYS_TRANS_SULFURATION_ONE_CARBON_METABOLISM_AND_RELATED_PATHWAYS	Sarcosine	Sarcosine	-	WP2525	C00213	HMDB0000271	RAMP_C_000218658
WIKIPATHWAYS_TRANS_SULFURATION_ONE_CARBON_METABOLISM_AND_RELATED_PATHWAYS	Ser	Serine	-	WP2525	C00065	HMDB0000187	RAMP_C_000218440
WIKIPATHWAYS_TRANS_SULFURATION_ONE_CARBON_METABOLISM_AND_RELATED_PATHWAYS	Spermidine	Spermidine	-	WP2525	C00315	HMDB0001257	RAMP_C_000000954
WIKIPATHWAYS_TRANS_SULFURATION_ONE_CARBON_METABOLISM_AND_RELATED_PATHWAYS	Spermine	Spermine	-	WP2525	C00750	HMDB0001256	RAMP_C_000218544
WIKIPATHWAYS_TRANS_SULFURATION_ONE_CARBON_METABOLISM_AND_RELATED_PATHWAYS	TCA	Taurocholic acid	-	WP2525	C05122	HMDB0000036	RAMP_C_000171306
WIKIPATHWAYS_TRANS_SULFURATION_ONE_CARBON_METABOLISM_AND_RELATED_PATHWAYS	TCDCA	Taurochenodeoxycholic acid	-	WP2525	C05465	HMDB0000951	RAMP_C_000219362
WIKIPATHWAYS_TRANS_SULFURATION_ONE_CARBON_METABOLISM_AND_RELATED_PATHWAYS	Taurine	Taurine	-	WP2525	C00245	HMDB0000251	RAMP_C_000218584
WIKIPATHWAYS_TRANS_SULFURATION_PATHWAY	AHCys	S-Adenosylhomocysteine	-	WP2333	C00021	HMDB0000939	RAMP_C_000218715
WIKIPATHWAYS_TRANS_SULFURATION_PATHWAY	Cys	Cysteine	-	WP2333	C00097	HMDB0000574	RAMP_C_000218469
WIKIPATHWAYS_TRANS_SULFURATION_PATHWAY	Glu	Glutamic acid	-	WP2333	C00025	HMDB0000148	RAMP_C_000218397
WIKIPATHWAYS_TRANS_SULFURATION_PATHWAY	HCys	Homocysteine	-	WP2333	C00155	HMDB0000165	RAMP_C_000218762
WIKIPATHWAYS_TRANS_SULFURATION_PATHWAY	Met	Methionine	-	WP2333	C00073	HMDB0000696	RAMP_C_000218711
WIKIPATHWAYS_TRANS_SULFURATION_PATHWAY	Pyruvic acid	Pyruvic acid	-	WP2333	C00022	HMDB0000243	RAMP_C_000218028
WIKIPATHWAYS_TRANS_SULFURATION_PATHWAY	Taurine	Taurine	-	WP2333	C00245	HMDB0000251	RAMP_C_000218584
WIKIPATHWAYS_TRYPTOPHAN_CATABOLISM_LEADING_TO_NAD_PRODUCTION	3-IAA	3-Indoleacetic acid	-	WP4210	C00954	HMDB0000197	RAMP_C_000000127
WIKIPATHWAYS_TRYPTOPHAN_CATABOLISM_LEADING_TO_NAD_PRODUCTION	3-OH-Anthranilic acid	3-Hydroxyanthranilic acid	-	WP4210	C00632	HMDB0001476	RAMP_C_000220389
WIKIPATHWAYS_TRYPTOPHAN_CATABOLISM_LEADING_TO_NAD_PRODUCTION	3-OH-Kynurenine	3-Hydroxykynurenine	-	WP4210	C02794	HMDB0000732	RAMP_C_000000572
WIKIPATHWAYS_TRYPTOPHAN_CATABOLISM_LEADING_TO_NAD_PRODUCTION	Ala	Alanine	-	WP4210	C00041	HMDB0000161	RAMP_C_000000104
WIKIPATHWAYS_TRYPTOPHAN_CATABOLISM_LEADING_TO_NAD_PRODUCTION	Anthranilic acid	Anthranilic acid	-	WP4210	C00108	HMDB0001123	RAMP_C_000219500
WIKIPATHWAYS_TRYPTOPHAN_CATABOLISM_LEADING_TO_NAD_PRODUCTION	Kynurenic acid	Kynurenic acid	-	WP4210	C01717	HMDB0000715	RAMP_C_000219506
WIKIPATHWAYS_TRYPTOPHAN_CATABOLISM_LEADING_TO_NAD_PRODUCTION	Kynurenine	Kynurenine	-	WP4210	C00328	HMDB0000183	RAMP_C_000000530
WIKIPATHWAYS_TRYPTOPHAN_CATABOLISM_LEADING_TO_NAD_PRODUCTION	Nicotinamide (B3)	Nicotinamide (B3)	-	WP4210	C00153	HMDB0001406	RAMP_C_000001067
WIKIPATHWAYS_TRYPTOPHAN_CATABOLISM_LEADING_TO_NAD_PRODUCTION	Nicotinuric acid	Nicotinuric acid	-	WP4210	C05380	HMDB0003269	RAMP_C_000001794
WIKIPATHWAYS_TRYPTOPHAN_CATABOLISM_LEADING_TO_NAD_PRODUCTION	Quinolinic acid	Quinolinic acid	-	WP4210	C03722	HMDB0000232	RAMP_C_000000155
WIKIPATHWAYS_TRYPTOPHAN_CATABOLISM_LEADING_TO_NAD_PRODUCTION	Serotonin	Serotonin	-	WP4210	C00780	HMDB0000259	RAMP_C_000000177
WIKIPATHWAYS_TRYPTOPHAN_CATABOLISM_LEADING_TO_NAD_PRODUCTION	Trp	Tryptophan	-	WP4210	C00078	HMDB0000929	RAMP_C_000218721
WIKIPATHWAYS_TRYPTOPHAN_CATABOLISM_LEADING_TO_NAD_PRODUCTION	Xanthurenic acid	Xanthurenic acid	-	WP4210	C02470	HMDB0000881	RAMP_C_000000688
WIKIPATHWAYS_TRYPTOPHAN_METABOLISM	3-IAA	3-Indoleacetic acid	-	WP465	C00954	HMDB0000197	RAMP_C_000000127
WIKIPATHWAYS_TRYPTOPHAN_METABOLISM	3-IPA	3-Indolepropionic acid	-	WP465		HMDB0002302	RAMP_C_000269741
WIKIPATHWAYS_TRYPTOPHAN_METABOLISM	3-OH-Anthranilic acid	3-Hydroxyanthranilic acid	-	WP465	C00632	HMDB0001476	RAMP_C_000220389
WIKIPATHWAYS_TRYPTOPHAN_METABOLISM	3-OH-Kynurenine	3-Hydroxykynurenine	-	WP465	C02794	HMDB0000732	RAMP_C_000000572
WIKIPATHWAYS_TRYPTOPHAN_METABOLISM	5-OH-Trp	5-Hydroxytryptophan	-	WP465	C00643	HMDB0000472	RAMP_C_000218770
WIKIPATHWAYS_TRYPTOPHAN_METABOLISM	Anthranilic acid	Anthranilic acid	-	WP465	C00108	HMDB0001123	RAMP_C_000219500
WIKIPATHWAYS_TRYPTOPHAN_METABOLISM	CA	Cholic acid	-	WP465	C00695	HMDB0000505	RAMP_C_000218390
WIKIPATHWAYS_TRYPTOPHAN_METABOLISM	FA 4:0	Butyric acid	-	WP465	C00246	HMDB0000039	RAMP_C_000000028
WIKIPATHWAYS_TRYPTOPHAN_METABOLISM	IAG	Indolylacryloylglycine	-	WP465		HMDB0006005	RAMP_C_000002574
WIKIPATHWAYS_TRYPTOPHAN_METABOLISM	Indole-3-acetamide	Indole-3-acetamide	-	WP465	C02693	HMDB0029739	RAMP_C_000010807
WIKIPATHWAYS_TRYPTOPHAN_METABOLISM	Indole-3-ethanol	Indole-3-ethanol	-	WP465	C00955	HMDB0003447	RAMP_C_000001860
WIKIPATHWAYS_TRYPTOPHAN_METABOLISM	Indole-Lac	Indolelactic acid	-	WP465	C02043	HMDB0000671	RAMP_C_000000520
WIKIPATHWAYS_TRYPTOPHAN_METABOLISM	Indoleacetaldehyde	Indoleacetaldehyde	-	WP465	C00637	HMDB0001190	RAMP_C_000000909
WIKIPATHWAYS_TRYPTOPHAN_METABOLISM	Indoleacrylic acid	Indoleacrylic acid	-	WP465	C21283	HMDB0000734	RAMP_C_000000574
WIKIPATHWAYS_TRYPTOPHAN_METABOLISM	Indolepyruvic acid	Indolepyruvic acid	-	WP465	C00331	HMDB0060484	RAMP_C_000262180
WIKIPATHWAYS_TRYPTOPHAN_METABOLISM	Kynurenic acid	Kynurenic acid	-	WP465	C01717	HMDB0000715	RAMP_C_000219506
WIKIPATHWAYS_TRYPTOPHAN_METABOLISM	Melatonin	Melatonin	-	WP465	C01598	HMDB0001389	RAMP_C_000001056
WIKIPATHWAYS_TRYPTOPHAN_METABOLISM	Picolinic acid	Picolinic acid	-	WP465	C10164	HMDB0002243	RAMP_C_000001492
WIKIPATHWAYS_TRYPTOPHAN_METABOLISM	Quinaldic acid	Quinaldic acid	-	WP465	C06325	HMDB0000842	RAMP_C_000220387
WIKIPATHWAYS_TRYPTOPHAN_METABOLISM	Serotonin	Serotonin	-	WP465	C00780	HMDB0000259	RAMP_C_000000177
WIKIPATHWAYS_TRYPTOPHAN_METABOLISM	Trp	Tryptophan	-	WP465	C00078	HMDB0000929	RAMP_C_000218721
WIKIPATHWAYS_TRYPTOPHAN_METABOLISM	Tryptamine	Tryptamine	-	WP465	C00398	HMDB0000303	RAMP_C_000262759
WIKIPATHWAYS_TRYPTOPHAN_METABOLISM	Tyramine	Tyramine	-	WP465	C00483	HMDB0000306	RAMP_C_000000209
WIKIPATHWAYS_TRYPTOPHAN_METABOLISM	Xanthurenic acid	Xanthurenic acid	-	WP465	C02470	HMDB0000881	RAMP_C_000000688
WIKIPATHWAYS_TYROSINE_METABOLISM_AND_RELATED_DISORDERS	4-OH-Phenylacetic acid	4-Hydroxyphenylacetic acid	-	WP4506	C13636	HMDB0060390	RAMP_C_000040342
WIKIPATHWAYS_TYROSINE_METABOLISM_AND_RELATED_DISORDERS	4-OH-Phenylpyruvic acid	4-Hydroxyphenylpyruvic acid	-	WP4506	C01179	HMDB0000707	RAMP_C_000000549
WIKIPATHWAYS_TYROSINE_METABOLISM_AND_RELATED_DISORDERS	5-Amino-4-oxovaleric acid	5-Amino-4-oxovaleric acid	-	WP4506	C00430	HMDB0001149	RAMP_C_000220903
WIKIPATHWAYS_TYROSINE_METABOLISM_AND_RELATED_DISORDERS	Fumaric acid	Fumaric acid	-	WP4506	C00122	HMDB0000134	RAMP_C_000218394
WIKIPATHWAYS_TYROSINE_METABOLISM_AND_RELATED_DISORDERS	OH-Phenyl-Lac	Hydroxyphenyllactic acid	-	WP4506	C03672	HMDB0000755	RAMP_C_000219718
WIKIPATHWAYS_TYROSINE_METABOLISM_AND_RELATED_DISORDERS	Phe	Phenylalanine	-	WP4506	C00079	HMDB0000159	RAMP_C_000218749
WIKIPATHWAYS_TYROSINE_METABOLISM_AND_RELATED_DISORDERS	Tyr	Tyrosine	-	WP4506	C00082	HMDB0000158	RAMP_C_000218778
WIKIPATHWAYS_T_CELL_MODULATION_IN_PANCREATIC_CANCER	Adenine	Adenine	-	WP5078	C00147	HMDB0000034	RAMP_C_000000024
WIKIPATHWAYS_T_CELL_MODULATION_IN_PANCREATIC_CANCER	Adenosine	Adenosine	-	WP5078	C00212	HMDB0000050	RAMP_C_000000034
WIKIPATHWAYS_T_CELL_MODULATION_IN_PANCREATIC_CANCER	Orn	Ornithine	-	WP5078	C00077	HMDB0000214	RAMP_C_000218554
WIKIPATHWAYS_T_CELL_MODULATION_IN_PANCREATIC_CANCER	Trp	Tryptophan	-	WP5078	C00078	HMDB0000929	RAMP_C_000218721
WIKIPATHWAYS_T_CELL_MODULATION_IN_PANCREATIC_CANCER	Urea	Urea	-	WP5078	C00086	HMDB0000294	RAMP_C_000000199
WIKIPATHWAYS_UREA_CYCLE_AND_ASSOCIATED_PATHWAYS	Ala	Alanine	-	WP4595	C00041	HMDB0000161	RAMP_C_000000104
WIKIPATHWAYS_UREA_CYCLE_AND_ASSOCIATED_PATHWAYS	Arg	Arginine	-	WP4595	C00062	HMDB0000517	RAMP_C_000042003
WIKIPATHWAYS_UREA_CYCLE_AND_ASSOCIATED_PATHWAYS	Arginino-Suc	Argininosuccinic acid	-	WP4595	C03406	HMDB0000052	RAMP_C_000218664
WIKIPATHWAYS_UREA_CYCLE_AND_ASSOCIATED_PATHWAYS	Asp	Aspartic acid	-	WP4595	C00049	HMDB0000191	RAMP_C_000218398
WIKIPATHWAYS_UREA_CYCLE_AND_ASSOCIATED_PATHWAYS	Carbamoyl-PO4	Carbamoylphosphate	-	WP4595	C00169	HMDB0001096	RAMP_C_000218766
WIKIPATHWAYS_UREA_CYCLE_AND_ASSOCIATED_PATHWAYS	Cit	Citrulline	-	WP4595	C00327	HMDB0000904	RAMP_C_000218703
WIKIPATHWAYS_UREA_CYCLE_AND_ASSOCIATED_PATHWAYS	Fumaric acid	Fumaric acid	-	WP4595	C00122	HMDB0000134	RAMP_C_000218394
WIKIPATHWAYS_UREA_CYCLE_AND_ASSOCIATED_PATHWAYS	Gln	Glutamine	-	WP4595	C00064	HMDB0000641	RAMP_C_000218784
WIKIPATHWAYS_UREA_CYCLE_AND_ASSOCIATED_PATHWAYS	Glu	Glutamic acid	-	WP4595	C00025	HMDB0000148	RAMP_C_000218397
WIKIPATHWAYS_UREA_CYCLE_AND_ASSOCIATED_PATHWAYS	Lac	Lactic acid	-	WP4595	C00186	HMDB0000190	RAMP_C_000218078
WIKIPATHWAYS_UREA_CYCLE_AND_ASSOCIATED_PATHWAYS	Malic acid	Malic acid	-	WP4595	C00149	HMDB0000156	RAMP_C_000218036
WIKIPATHWAYS_UREA_CYCLE_AND_ASSOCIATED_PATHWAYS	N-Ac-Glu	N-Acetylglutamic acid	-	WP4595	C00624	HMDB0001138	RAMP_C_000000871
WIKIPATHWAYS_UREA_CYCLE_AND_ASSOCIATED_PATHWAYS	Orn	Ornithine	-	WP4595	C00077	HMDB0000214	RAMP_C_000218554
WIKIPATHWAYS_UREA_CYCLE_AND_ASSOCIATED_PATHWAYS	Orotic acid	Orotic acid	-	WP4595	C00295	HMDB0000226	RAMP_C_000000150
WIKIPATHWAYS_UREA_CYCLE_AND_ASSOCIATED_PATHWAYS	Oxaloacetic acid	Oxaloacetic acid	-	WP4595	C00036	HMDB0000223	RAMP_C_000262942
WIKIPATHWAYS_UREA_CYCLE_AND_ASSOCIATED_PATHWAYS	Pro	Proline	-	WP4595	C00148	HMDB0000162	RAMP_C_000218861
WIKIPATHWAYS_UREA_CYCLE_AND_ASSOCIATED_PATHWAYS	Pyruvic acid	Pyruvic acid	-	WP4595	C00022	HMDB0000243	RAMP_C_000218028
WIKIPATHWAYS_UREA_CYCLE_AND_ASSOCIATED_PATHWAYS	Uracil	Uracil	-	WP4595	C00106	HMDB0000300	RAMP_C_000000203
WIKIPATHWAYS_UREA_CYCLE_AND_ASSOCIATED_PATHWAYS	Urea	Urea	-	WP4595	C00086	HMDB0000294	RAMP_C_000000199
WIKIPATHWAYS_UREA_CYCLE_AND_ASSOCIATED_PATHWAYS	Uridine	Uridine	-	WP4595	C00299	HMDB0000296	RAMP_C_000000201
WIKIPATHWAYS_UREA_CYCLE_AND_ASSOCIATED_PATHWAYS	a-Ketoglutaric acid	alpha-Ketoglutaric acid	-	WP4595	C00026	HMDB0000208	RAMP_C_000274401
WIKIPATHWAYS_UREA_CYCLE_AND_METABOLISM_OF_AMINO_GROUPS	Ac-Orn	Acetylornithine	-	WP497	C00437	HMDB0003357	RAMP_C_000001824
WIKIPATHWAYS_UREA_CYCLE_AND_METABOLISM_OF_AMINO_GROUPS	Arg	Arginine	-	WP497	C00062	HMDB0000517	RAMP_C_000042003
WIKIPATHWAYS_UREA_CYCLE_AND_METABOLISM_OF_AMINO_GROUPS	Arginino-Suc	Argininosuccinic acid	-	WP497	C03406	HMDB0000052	RAMP_C_000218664
WIKIPATHWAYS_UREA_CYCLE_AND_METABOLISM_OF_AMINO_GROUPS	Asp	Aspartic acid	-	WP497	C00049	HMDB0000191	RAMP_C_000218398
WIKIPATHWAYS_UREA_CYCLE_AND_METABOLISM_OF_AMINO_GROUPS	Carbamoyl-PO4	Carbamoylphosphate	-	WP497	C00169	HMDB0001096	RAMP_C_000218766
WIKIPATHWAYS_UREA_CYCLE_AND_METABOLISM_OF_AMINO_GROUPS	Cit	Citrulline	-	WP497	C00327	HMDB0000904	RAMP_C_000218703
WIKIPATHWAYS_UREA_CYCLE_AND_METABOLISM_OF_AMINO_GROUPS	Creatine	Creatine	-	WP497	C00300	HMDB0000064	RAMP_C_000000046
WIKIPATHWAYS_UREA_CYCLE_AND_METABOLISM_OF_AMINO_GROUPS	Creatinine	Creatinine	-	WP497	C00791	HMDB0000562	RAMP_C_000000431
WIKIPATHWAYS_UREA_CYCLE_AND_METABOLISM_OF_AMINO_GROUPS	Fumaric acid	Fumaric acid	-	WP497	C00122	HMDB0000134	RAMP_C_000218394
WIKIPATHWAYS_UREA_CYCLE_AND_METABOLISM_OF_AMINO_GROUPS	Glu	Glutamic acid	-	WP497	C00025	HMDB0000148	RAMP_C_000218397
WIKIPATHWAYS_UREA_CYCLE_AND_METABOLISM_OF_AMINO_GROUPS	Guanidinoacetic acid	Guanidinoacetic acid	-	WP497	C00581	HMDB0000128	RAMP_C_000219492
WIKIPATHWAYS_UREA_CYCLE_AND_METABOLISM_OF_AMINO_GROUPS	N-Ac-Glu	N-Acetylglutamic acid	-	WP497	C00624	HMDB0001138	RAMP_C_000000871
WIKIPATHWAYS_UREA_CYCLE_AND_METABOLISM_OF_AMINO_GROUPS	Orn	Ornithine	-	WP497	C00077	HMDB0000214	RAMP_C_000218554
WIKIPATHWAYS_UREA_CYCLE_AND_METABOLISM_OF_AMINO_GROUPS	Pro	Proline	-	WP497	C00148	HMDB0000162	RAMP_C_000218861
WIKIPATHWAYS_UREA_CYCLE_AND_METABOLISM_OF_AMINO_GROUPS	Putrescine	Putrescine	-	WP497	C00134	HMDB0001414	RAMP_C_000001073
WIKIPATHWAYS_UREA_CYCLE_AND_METABOLISM_OF_AMINO_GROUPS	Sarcosine	Sarcosine	-	WP497	C00213	HMDB0000271	RAMP_C_000218658
WIKIPATHWAYS_UREA_CYCLE_AND_METABOLISM_OF_AMINO_GROUPS	Spermidine	Spermidine	-	WP497	C00315	HMDB0001257	RAMP_C_000000954
WIKIPATHWAYS_UREA_CYCLE_AND_METABOLISM_OF_AMINO_GROUPS	Spermine	Spermine	-	WP497	C00750	HMDB0001256	RAMP_C_000218544
WIKIPATHWAYS_UREA_CYCLE_AND_METABOLISM_OF_AMINO_GROUPS	Urea	Urea	-	WP497	C00086	HMDB0000294	RAMP_C_000000199
WIKIPATHWAYS_UREA_CYCLE_AND_RELATED_DISEASES	Arg	Arginine	-	WP4571	C00062	HMDB0000517	RAMP_C_000042003
WIKIPATHWAYS_UREA_CYCLE_AND_RELATED_DISEASES	Arginino-Suc	Argininosuccinic acid	-	WP4571	C03406	HMDB0000052	RAMP_C_000218664
WIKIPATHWAYS_UREA_CYCLE_AND_RELATED_DISEASES	Asp	Aspartic acid	-	WP4571	C00049	HMDB0000191	RAMP_C_000218398
WIKIPATHWAYS_UREA_CYCLE_AND_RELATED_DISEASES	Carbamoyl-PO4	Carbamoylphosphate	-	WP4571	C00169	HMDB0001096	RAMP_C_000218766
WIKIPATHWAYS_UREA_CYCLE_AND_RELATED_DISEASES	Cit	Citrulline	-	WP4571	C00327	HMDB0000904	RAMP_C_000218703
WIKIPATHWAYS_UREA_CYCLE_AND_RELATED_DISEASES	Fumaric acid	Fumaric acid	-	WP4571	C00122	HMDB0000134	RAMP_C_000218394
WIKIPATHWAYS_UREA_CYCLE_AND_RELATED_DISEASES	Gln	Glutamine	-	WP4571	C00064	HMDB0000641	RAMP_C_000218784
WIKIPATHWAYS_UREA_CYCLE_AND_RELATED_DISEASES	Glu	Glutamic acid	-	WP4571	C00025	HMDB0000148	RAMP_C_000218397
WIKIPATHWAYS_UREA_CYCLE_AND_RELATED_DISEASES	N-Ac-Glu	N-Acetylglutamic acid	-	WP4571	C00624	HMDB0001138	RAMP_C_000000871
WIKIPATHWAYS_UREA_CYCLE_AND_RELATED_DISEASES	Orn	Ornithine	-	WP4571	C00077	HMDB0000214	RAMP_C_000218554
WIKIPATHWAYS_UREA_CYCLE_AND_RELATED_DISEASES	Urea	Urea	-	WP4571	C00086	HMDB0000294	RAMP_C_000000199
WIKIPATHWAYS_VITAMIN_B12_DISORDERS	AHCys	S-Adenosylhomocysteine	-	WP4271	C00021	HMDB0000939	RAMP_C_000218715
WIKIPATHWAYS_VITAMIN_B12_DISORDERS	HCys	Homocysteine	-	WP4271	C00155	HMDB0000165	RAMP_C_000218762
WIKIPATHWAYS_VITAMIN_B12_DISORDERS	Methylmalonic acid	Methylmalonic acid	-	WP4271	C02170	HMDB0000202	RAMP_C_000220800
WIKIPATHWAYS_VITAMIN_B12_METABOLISM	AHCys	S-Adenosylhomocysteine	-	WP1533	C00021	HMDB0000939	RAMP_C_000218715
WIKIPATHWAYS_VITAMIN_B12_METABOLISM	Creatinine	Creatinine	-	WP1533	C00791	HMDB0000562	RAMP_C_000000431
WIKIPATHWAYS_VITAMIN_B12_METABOLISM	Cys	Cysteine	-	WP1533	C00097	HMDB0000574	RAMP_C_000218469
WIKIPATHWAYS_VITAMIN_B12_METABOLISM	Glucose	Glucose	-	WP1533	C00031	HMDB0000122	RAMP_C_000000077
WIKIPATHWAYS_VITAMIN_B12_METABOLISM	HCys	Homocysteine	-	WP1533	C00155	HMDB0000165	RAMP_C_000218762
WIKIPATHWAYS_VITAMIN_B12_METABOLISM	Met	Methionine	-	WP1533	C00073	HMDB0000696	RAMP_C_000218711
WIKIPATHWAYS_VITAMIN_B12_METABOLISM	Methylmalonic acid	Methylmalonic acid	-	WP1533	C02170	HMDB0000202	RAMP_C_000220800
WIKIPATHWAYS_VITAMIN_B12_METABOLISM	Nitro-Tyr	Nitrotyrosine	-	WP1533		HMDB0001904	RAMP_C_000001250
WIKIPATHWAYS_VITAMIN_B12_METABOLISM	Riboflavin (B2)	Riboflavin (B2)	-	WP1533	C00255	HMDB0000244	RAMP_C_000000164
WIKIPATHWAYS_VITAMIN_B12_METABOLISM	Ser	Serine	-	WP1533	C00065	HMDB0000187	RAMP_C_000218440
WIKIPATHWAYS_VITAMIN_B6_DEPENDENT_AND_RESPONSIVE_DISORDERS	Glu	Glutamic acid	-	WP4228	C00025	HMDB0000148	RAMP_C_000218397
WIKIPATHWAYS_VITAMIN_B6_DEPENDENT_AND_RESPONSIVE_DISORDERS	Lys	Lysine	-	WP4228	C00047	HMDB0000182	RAMP_C_000000117
WIKIPATHWAYS_VITAMIN_B6_DEPENDENT_AND_RESPONSIVE_DISORDERS	PMP	Pyridoxamine 5'-phosphate	-	WP4228	C00647	HMDB0001555	RAMP_C_000220901
WIKIPATHWAYS_VITAMIN_B6_DEPENDENT_AND_RESPONSIVE_DISORDERS	Pro	Proline	-	WP4228	C00148	HMDB0000162	RAMP_C_000218861
WIKIPATHWAYS_VITAMIN_B6_DEPENDENT_AND_RESPONSIVE_DISORDERS	Pyridoxine (B6)	Pyridoxine (B6)	-	WP4228	C00314	HMDB0000239	RAMP_C_000000160
WIKIPATHWAYS_VITAMIN_B6_DEPENDENT_AND_RESPONSIVE_DISORDERS	alpha-AAA	alpha-Aminoadipic acid	-	WP4228	C00956	HMDB0000510	RAMP_C_000218812
