set_name	shortname	fullname	direction	lion_term_id
LION_1_1Z_ALKENYL_2_ACYLGLYCEROPHOSPHOETHANOLAMINES	PE P-16:0/14:0	PE P-16:0/14:0	-	LION:0000040
LION_1_1Z_ALKENYL_2_ACYLGLYCEROPHOSPHOETHANOLAMINES	PE P-16:0/15:0	PE P-16:0/15:0	-	LION:0000040
LION_1_1Z_ALKENYL_2_ACYLGLYCEROPHOSPHOETHANOLAMINES	PE P-16:0/16:0	PE P-16:0/16:0	-	LION:0000040
LION_1_1Z_ALKENYL_2_ACYLGLYCEROPHOSPHOETHANOLAMINES	PE P-16:0/16:1	PE P-16:0/16:1	-	LION:0000040
LION_1_1Z_ALKENYL_2_ACYLGLYCEROPHOSPHOETHANOLAMINES	PE P-16:0/18:1	PE P-16:0/18:1	-	LION:0000040
LION_1_1Z_ALKENYL_2_ACYLGLYCEROPHOSPHOETHANOLAMINES	PE P-16:0/18:2	PE P-16:0/18:2	-	LION:0000040
LION_1_1Z_ALKENYL_2_ACYLGLYCEROPHOSPHOETHANOLAMINES	PE P-16:0/18:3	PE P-16:0/18:3	-	LION:0000040
LION_1_1Z_ALKENYL_2_ACYLGLYCEROPHOSPHOETHANOLAMINES	PE P-16:0/20:3	PE P-16:0/20:3	-	LION:0000040
LION_1_1Z_ALKENYL_2_ACYLGLYCEROPHOSPHOETHANOLAMINES	PE P-16:0/20:4	PE P-16:0/20:4	-	LION:0000040
LION_1_1Z_ALKENYL_2_ACYLGLYCEROPHOSPHOETHANOLAMINES	PE P-16:0/20:5	PE P-16:0/20:5	-	LION:0000040
LION_1_1Z_ALKENYL_2_ACYLGLYCEROPHOSPHOETHANOLAMINES	PE P-16:0/22:4	PE P-16:0/22:4	-	LION:0000040
LION_1_1Z_ALKENYL_2_ACYLGLYCEROPHOSPHOETHANOLAMINES	PE P-16:0/22:5	PE P-16:0/22:5	-	LION:0000040
LION_1_1Z_ALKENYL_2_ACYLGLYCEROPHOSPHOETHANOLAMINES	PE P-16:0/22:6	PE P-16:0/22:6	-	LION:0000040
LION_1_1Z_ALKENYL_2_ACYLGLYCEROPHOSPHOETHANOLAMINES	PE P-18:0/14:0	PE P-18:0/14:0	-	LION:0000040
LION_1_1Z_ALKENYL_2_ACYLGLYCEROPHOSPHOETHANOLAMINES	PE P-18:0/16:0	PE P-18:0/16:0	-	LION:0000040
LION_1_1Z_ALKENYL_2_ACYLGLYCEROPHOSPHOETHANOLAMINES	PE P-18:0/16:1	PE P-18:0/16:1	-	LION:0000040
LION_1_1Z_ALKENYL_2_ACYLGLYCEROPHOSPHOETHANOLAMINES	PE P-18:0/17:1	PE P-18:0/17:1	-	LION:0000040
LION_1_1Z_ALKENYL_2_ACYLGLYCEROPHOSPHOETHANOLAMINES	PE P-18:0/18:0	PE P-18:0/18:0	-	LION:0000040
LION_1_1Z_ALKENYL_2_ACYLGLYCEROPHOSPHOETHANOLAMINES	PE P-18:0/18:1	PE P-18:0/18:1	-	LION:0000040
LION_1_1Z_ALKENYL_2_ACYLGLYCEROPHOSPHOETHANOLAMINES	PE P-18:0/18:2	PE P-18:0/18:2	-	LION:0000040
LION_1_1Z_ALKENYL_2_ACYLGLYCEROPHOSPHOETHANOLAMINES	PE P-18:0/18:3	PE P-18:0/18:3	-	LION:0000040
LION_1_1Z_ALKENYL_2_ACYLGLYCEROPHOSPHOETHANOLAMINES	PE P-18:0/19:1	PE P-18:0/19:1	-	LION:0000040
LION_1_1Z_ALKENYL_2_ACYLGLYCEROPHOSPHOETHANOLAMINES	PE P-18:0/20:1	PE P-18:0/20:1	-	LION:0000040
LION_1_1Z_ALKENYL_2_ACYLGLYCEROPHOSPHOETHANOLAMINES	PE P-18:0/20:2	PE P-18:0/20:2	-	LION:0000040
LION_1_1Z_ALKENYL_2_ACYLGLYCEROPHOSPHOETHANOLAMINES	PE P-18:0/20:3	PE P-18:0/20:3	-	LION:0000040
LION_1_1Z_ALKENYL_2_ACYLGLYCEROPHOSPHOETHANOLAMINES	PE P-18:0/20:4	PE P-18:0/20:4	-	LION:0000040
LION_1_1Z_ALKENYL_2_ACYLGLYCEROPHOSPHOETHANOLAMINES	PE P-18:0/20:5	PE P-18:0/20:5	-	LION:0000040
LION_1_1Z_ALKENYL_2_ACYLGLYCEROPHOSPHOETHANOLAMINES	PE P-18:0/22:1	PE P-18:0/22:1	-	LION:0000040
LION_1_1Z_ALKENYL_2_ACYLGLYCEROPHOSPHOETHANOLAMINES	PE P-18:0/22:2	PE P-18:0/22:2	-	LION:0000040
LION_1_1Z_ALKENYL_2_ACYLGLYCEROPHOSPHOETHANOLAMINES	PE P-18:0/22:3	PE P-18:0/22:3	-	LION:0000040
LION_1_1Z_ALKENYL_2_ACYLGLYCEROPHOSPHOETHANOLAMINES	PE P-18:0/22:4	PE P-18:0/22:4	-	LION:0000040
LION_1_1Z_ALKENYL_2_ACYLGLYCEROPHOSPHOETHANOLAMINES	PE P-18:0/22:5	PE P-18:0/22:5	-	LION:0000040
LION_1_1Z_ALKENYL_2_ACYLGLYCEROPHOSPHOETHANOLAMINES	PE P-18:0/22:6	PE P-18:0/22:6	-	LION:0000040
LION_1_1Z_ALKENYL_2_ACYLGLYCEROPHOSPHOETHANOLAMINES	PE P-18:1/18:1	PE P-18:1/18:1	-	LION:0000040
LION_1_1Z_ALKENYL_2_ACYLGLYCEROPHOSPHOETHANOLAMINES	PE P-18:1/18:2	PE P-18:1/18:2	-	LION:0000040
LION_1_1Z_ALKENYL_2_ACYLGLYCEROPHOSPHOETHANOLAMINES	PE P-18:1/20:4	PE P-18:1/20:4	-	LION:0000040
LION_1_1Z_ALKENYL_2_ACYLGLYCEROPHOSPHOETHANOLAMINES	PE P-18:1/20:5	PE P-18:1/20:5	-	LION:0000040
LION_1_1Z_ALKENYL_2_ACYLGLYCEROPHOSPHOETHANOLAMINES	PE P-18:1/22:6	PE P-18:1/22:6	-	LION:0000040
LION_1_1Z_ALKENYL_2_ACYLGLYCEROPHOSPHOETHANOLAMINES	PE P-20:0/14:0	PE P-20:0/14:0	-	LION:0000040
LION_1_1Z_ALKENYL_2_ACYLGLYCEROPHOSPHOETHANOLAMINES	PE P-20:0/16:0	PE P-20:0/16:0	-	LION:0000040
LION_1_1Z_ALKENYL_2_ACYLGLYCEROPHOSPHOETHANOLAMINES	PE P-20:0/16:1	PE P-20:0/16:1	-	LION:0000040
LION_1_1Z_ALKENYL_2_ACYLGLYCEROPHOSPHOETHANOLAMINES	PE P-20:0/17:1	PE P-20:0/17:1	-	LION:0000040
LION_1_1Z_ALKENYL_2_ACYLGLYCEROPHOSPHOETHANOLAMINES	PE P-20:0/18:1	PE P-20:0/18:1	-	LION:0000040
LION_1_1Z_ALKENYL_2_ACYLGLYCEROPHOSPHOETHANOLAMINES	PE P-20:0/18:2	PE P-20:0/18:2	-	LION:0000040
LION_1_1Z_ALKENYL_2_ACYLGLYCEROPHOSPHOETHANOLAMINES	PE P-20:0/20:0	PE P-20:0/20:0	-	LION:0000040
LION_1_1Z_ALKENYL_2_ACYLGLYCEROPHOSPHOETHANOLAMINES	PE P-20:0/20:4	PE P-20:0/20:4	-	LION:0000040
LION_1_1Z_ALKENYL_2_ACYLGLYCEROPHOSPHOETHANOLAMINES	PE P-20:0/20:5	PE P-20:0/20:5	-	LION:0000040
LION_1_ALKYL_2_ACYLGLYCEROPHOSPHOCHOLINES	PC O-28:0	PC O-28:0	-	LION:0000031
LION_1_ALKYL_2_ACYLGLYCEROPHOSPHOCHOLINES	PC O-28:1	PC O-28:1	-	LION:0000031
LION_1_ALKYL_2_ACYLGLYCEROPHOSPHOCHOLINES	PC O-30:0	PC O-30:0	-	LION:0000031
LION_1_ALKYL_2_ACYLGLYCEROPHOSPHOCHOLINES	PC O-30:1	PC O-30:1	-	LION:0000031
LION_1_ALKYL_2_ACYLGLYCEROPHOSPHOCHOLINES	PC O-30:2	PC O-30:2	-	LION:0000031
LION_1_ALKYL_2_ACYLGLYCEROPHOSPHOCHOLINES	PC O-32:1	PC O-32:1	-	LION:0000031
LION_1_ALKYL_2_ACYLGLYCEROPHOSPHOCHOLINES	PC O-32:2	PC O-32:2	-	LION:0000031
LION_1_ALKYL_2_ACYLGLYCEROPHOSPHOCHOLINES	PC O-34:0	PC O-34:0	-	LION:0000031
LION_1_ALKYL_2_ACYLGLYCEROPHOSPHOCHOLINES	PC O-34:1	PC O-34:1	-	LION:0000031
LION_1_ALKYL_2_ACYLGLYCEROPHOSPHOCHOLINES	PC O-34:2	PC O-34:2	-	LION:0000031
LION_1_ALKYL_2_ACYLGLYCEROPHOSPHOCHOLINES	PC O-34:3	PC O-34:3	-	LION:0000031
LION_1_ALKYL_2_ACYLGLYCEROPHOSPHOCHOLINES	PC O-36:0	PC O-36:0	-	LION:0000031
LION_1_ALKYL_2_ACYLGLYCEROPHOSPHOCHOLINES	PC O-36:1	PC O-36:1	-	LION:0000031
LION_1_ALKYL_2_ACYLGLYCEROPHOSPHOCHOLINES	PC O-36:2	PC O-36:2	-	LION:0000031
LION_1_ALKYL_2_ACYLGLYCEROPHOSPHOCHOLINES	PC O-36:3	PC O-36:3	-	LION:0000031
LION_1_ALKYL_2_ACYLGLYCEROPHOSPHOCHOLINES	PC O-36:4	PC O-36:4	-	LION:0000031
LION_1_ALKYL_2_ACYLGLYCEROPHOSPHOCHOLINES	PC O-36:5	PC O-36:5	-	LION:0000031
LION_1_ALKYL_2_ACYLGLYCEROPHOSPHOCHOLINES	PC O-38:0	PC O-38:0	-	LION:0000031
LION_1_ALKYL_2_ACYLGLYCEROPHOSPHOCHOLINES	PC O-38:1	PC O-38:1	-	LION:0000031
LION_1_ALKYL_2_ACYLGLYCEROPHOSPHOCHOLINES	PC O-38:2	PC O-38:2	-	LION:0000031
LION_1_ALKYL_2_ACYLGLYCEROPHOSPHOCHOLINES	PC O-38:3	PC O-38:3	-	LION:0000031
LION_1_ALKYL_2_ACYLGLYCEROPHOSPHOCHOLINES	PC O-38:4	PC O-38:4	-	LION:0000031
LION_1_ALKYL_2_ACYLGLYCEROPHOSPHOCHOLINES	PC O-38:5	PC O-38:5	-	LION:0000031
LION_1_ALKYL_2_ACYLGLYCEROPHOSPHOCHOLINES	PC O-38:6	PC O-38:6	-	LION:0000031
LION_1_ALKYL_2_ACYLGLYCEROPHOSPHOCHOLINES	PC O-40:1	PC O-40:1	-	LION:0000031
LION_1_ALKYL_2_ACYLGLYCEROPHOSPHOCHOLINES	PC O-40:2	PC O-40:2	-	LION:0000031
LION_1_ALKYL_2_ACYLGLYCEROPHOSPHOCHOLINES	PC O-40:3	PC O-40:3	-	LION:0000031
LION_1_ALKYL_2_ACYLGLYCEROPHOSPHOCHOLINES	PC O-40:4	PC O-40:4	-	LION:0000031
LION_1_ALKYL_2_ACYLGLYCEROPHOSPHOCHOLINES	PC O-40:5	PC O-40:5	-	LION:0000031
LION_1_ALKYL_2_ACYLGLYCEROPHOSPHOCHOLINES	PC O-40:6	PC O-40:6	-	LION:0000031
LION_1_ALKYL_2_ACYLGLYCEROPHOSPHOCHOLINES	PC O-42:0	PC O-42:0	-	LION:0000031
LION_1_ALKYL_2_ACYLGLYCEROPHOSPHOCHOLINES	PC O-42:1	PC O-42:1	-	LION:0000031
LION_1_ALKYL_2_ACYLGLYCEROPHOSPHOCHOLINES	PC O-42:2	PC O-42:2	-	LION:0000031
LION_1_ALKYL_2_ACYLGLYCEROPHOSPHOCHOLINES	PC O-42:3	PC O-42:3	-	LION:0000031
LION_1_ALKYL_2_ACYLGLYCEROPHOSPHOCHOLINES	PC O-42:4	PC O-42:4	-	LION:0000031
LION_1_ALKYL_2_ACYLGLYCEROPHOSPHOCHOLINES	PC O-42:5	PC O-42:5	-	LION:0000031
LION_1_ALKYL_2_ACYLGLYCEROPHOSPHOCHOLINES	PC O-44:3	PC O-44:3	-	LION:0000031
LION_1_ALKYL_2_ACYLGLYCEROPHOSPHOCHOLINES	PC O-44:4	PC O-44:4	-	LION:0000031
LION_1_ALKYL_2_ACYLGLYCEROPHOSPHOCHOLINES	PC O-44:5	PC O-44:5	-	LION:0000031
LION_1_ALKYL_2_ACYLGLYCEROPHOSPHOCHOLINES	PC O-44:6	PC O-44:6	-	LION:0000031
LION_ABOVE_AVERAGE_BILAYER_THICKNESS	PA 16:0_18:1	PA 16:0_18:1	-	LION:0080974
LION_ABOVE_AVERAGE_BILAYER_THICKNESS	PA 16:1_22:0	PA 16:1_22:0	-	LION:0080974
LION_ABOVE_AVERAGE_BILAYER_THICKNESS	PA 17:0_18:1	PA 17:0_18:1	-	LION:0080974
LION_ABOVE_AVERAGE_BILAYER_THICKNESS	PA 18:0_18:1	PA 18:0_18:1	-	LION:0080974
LION_ABOVE_AVERAGE_BILAYER_THICKNESS	PA 18:0_18:2	PA 18:0_18:2	-	LION:0080974
LION_ABOVE_AVERAGE_BILAYER_THICKNESS	PA 18:1_18:1	PA 18:1_18:1	-	LION:0080974
LION_ABOVE_AVERAGE_BILAYER_THICKNESS	PA 18:1_20:0	PA 18:1_20:0	-	LION:0080974
LION_ABOVE_AVERAGE_BILAYER_THICKNESS	PA 18:1_20:1	PA 18:1_20:1	-	LION:0080974
LION_ABOVE_AVERAGE_BILAYER_THICKNESS	PA 18:1_20:2	PA 18:1_20:2	-	LION:0080974
LION_ABOVE_AVERAGE_BILAYER_THICKNESS	PA 18:1_22:0	PA 18:1_22:0	-	LION:0080974
LION_ABOVE_AVERAGE_BILAYER_THICKNESS	PA 18:1_22:1	PA 18:1_22:1	-	LION:0080974
LION_ABOVE_AVERAGE_BILAYER_THICKNESS	PA 18:1_22:2	PA 18:1_22:2	-	LION:0080974
LION_ABOVE_AVERAGE_BILAYER_THICKNESS	PA 18:1_22:3	PA 18:1_22:3	-	LION:0080974
LION_ABOVE_AVERAGE_BILAYER_THICKNESS	PA 18:2_20:0	PA 18:2_20:0	-	LION:0080974
LION_ABOVE_AVERAGE_BILAYER_THICKNESS	PA 18:2_20:1	PA 18:2_20:1	-	LION:0080974
LION_ABOVE_AVERAGE_BILAYER_THICKNESS	PA 18:2_22:0	PA 18:2_22:0	-	LION:0080974
LION_ABOVE_AVERAGE_BILAYER_THICKNESS	PA 18:2_22:1	PA 18:2_22:1	-	LION:0080974
LION_ABOVE_AVERAGE_BILAYER_THICKNESS	PA 20:0_20:4	PA 20:0_20:4	-	LION:0080974
LION_ABOVE_AVERAGE_BILAYER_THICKNESS	PC 36:0	PC 36:0	-	LION:0080974
LION_ABOVE_AVERAGE_BILAYER_THICKNESS	PC 36:1	PC 36:1	-	LION:0080974
LION_ABOVE_AVERAGE_BILAYER_THICKNESS	PC 38:0	PC 38:0	-	LION:0080974
LION_ABOVE_AVERAGE_BILAYER_THICKNESS	PC 40:1	PC 40:1	-	LION:0080974
LION_ABOVE_AVERAGE_BILAYER_THICKNESS	PC 40:2	PC 40:2	-	LION:0080974
LION_ABOVE_AVERAGE_BILAYER_THICKNESS	PC 40:3	PC 40:3	-	LION:0080974
LION_ABOVE_AVERAGE_BILAYER_THICKNESS	PC 40:4	PC 40:4	-	LION:0080974
LION_ABOVE_AVERAGE_BILAYER_THICKNESS	PC 42:0	PC 42:0	-	LION:0080974
LION_ABOVE_AVERAGE_BILAYER_THICKNESS	PC 42:1	PC 42:1	-	LION:0080974
LION_ABOVE_AVERAGE_BILAYER_THICKNESS	PC 42:2	PC 42:2	-	LION:0080974
LION_ABOVE_AVERAGE_BILAYER_THICKNESS	PC 42:4	PC 42:4	-	LION:0080974
LION_ABOVE_AVERAGE_BILAYER_THICKNESS	PC 42:5	PC 42:5	-	LION:0080974
LION_ABOVE_AVERAGE_BILAYER_THICKNESS	PE 32:0	PE 32:0	-	LION:0080974
LION_ABOVE_AVERAGE_BILAYER_THICKNESS	PE 33:0	PE 33:0	-	LION:0080974
LION_ABOVE_AVERAGE_BILAYER_THICKNESS	PE 34:0	PE 34:0	-	LION:0080974
LION_ABOVE_AVERAGE_BILAYER_THICKNESS	PE 34:1	PE 34:1	-	LION:0080974
LION_ABOVE_AVERAGE_BILAYER_THICKNESS	PE 35:1	PE 35:1	-	LION:0080974
LION_ABOVE_AVERAGE_BILAYER_THICKNESS	PE 35:2	PE 35:2	-	LION:0080974
LION_ABOVE_AVERAGE_BILAYER_THICKNESS	PE 36:0	PE 36:0	-	LION:0080974
LION_ABOVE_AVERAGE_BILAYER_THICKNESS	PE 36:1	PE 36:1	-	LION:0080974
LION_ABOVE_AVERAGE_BILAYER_THICKNESS	PE 36:2	PE 36:2	-	LION:0080974
LION_ABOVE_AVERAGE_BILAYER_THICKNESS	PE 38:0	PE 38:0	-	LION:0080974
LION_ABOVE_AVERAGE_BILAYER_THICKNESS	PE 38:1	PE 38:1	-	LION:0080974
LION_ABOVE_AVERAGE_BILAYER_THICKNESS	PE 38:2	PE 38:2	-	LION:0080974
LION_ABOVE_AVERAGE_BILAYER_THICKNESS	PE 38:3	PE 38:3	-	LION:0080974
LION_ABOVE_AVERAGE_BILAYER_THICKNESS	PE 40:1	PE 40:1	-	LION:0080974
LION_ABOVE_AVERAGE_BILAYER_THICKNESS	PE 40:3	PE 40:3	-	LION:0080974
LION_ABOVE_AVERAGE_BILAYER_THICKNESS	PE 40:4	PE 40:4	-	LION:0080974
LION_ABOVE_AVERAGE_BILAYER_THICKNESS	PE 44:6	PE 44:6	-	LION:0080974
LION_ABOVE_AVERAGE_BILAYER_THICKNESS	PE 44:7	PE 44:7	-	LION:0080974
LION_ABOVE_AVERAGE_BILAYER_THICKNESS	PG 16:0_19:1	PG 16:0_19:1	-	LION:0080974
LION_ABOVE_AVERAGE_BILAYER_THICKNESS	PG 16:0_22:1	PG 16:0_22:1	-	LION:0080974
LION_ABOVE_AVERAGE_BILAYER_THICKNESS	PG 16:0_22:2	PG 16:0_22:2	-	LION:0080974
LION_ABOVE_AVERAGE_BILAYER_THICKNESS	PG 16:1_22:1	PG 16:1_22:1	-	LION:0080974
LION_ABOVE_AVERAGE_BILAYER_THICKNESS	PG 17:0_18:1	PG 17:0_18:1	-	LION:0080974
LION_ABOVE_AVERAGE_BILAYER_THICKNESS	PG 18:0_18:1	PG 18:0_18:1	-	LION:0080974
LION_ABOVE_AVERAGE_BILAYER_THICKNESS	PG 18:0_22:1	PG 18:0_22:1	-	LION:0080974
LION_ABOVE_AVERAGE_BILAYER_THICKNESS	PG 18:1_20:0	PG 18:1_20:0	-	LION:0080974
LION_ABOVE_AVERAGE_BILAYER_THICKNESS	PG 18:1_20:1	PG 18:1_20:1	-	LION:0080974
LION_ABOVE_AVERAGE_BILAYER_THICKNESS	PG 18:1_20:2	PG 18:1_20:2	-	LION:0080974
LION_ABOVE_AVERAGE_BILAYER_THICKNESS	PG 18:1_22:0	PG 18:1_22:0	-	LION:0080974
LION_ABOVE_AVERAGE_BILAYER_THICKNESS	PG 18:1_22:1	PG 18:1_22:1	-	LION:0080974
LION_ABOVE_AVERAGE_BILAYER_THICKNESS	PG 18:1_22:2	PG 18:1_22:2	-	LION:0080974
LION_ABOVE_AVERAGE_BILAYER_THICKNESS	PG 18:1_22:3	PG 18:1_22:3	-	LION:0080974
LION_ABOVE_AVERAGE_BILAYER_THICKNESS	PG 18:2_20:0	PG 18:2_20:0	-	LION:0080974
LION_ABOVE_AVERAGE_BILAYER_THICKNESS	PG 18:2_22:0	PG 18:2_22:0	-	LION:0080974
LION_ABOVE_AVERAGE_BILAYER_THICKNESS	PG 18:2_22:1	PG 18:2_22:1	-	LION:0080974
LION_ABOVE_AVERAGE_BILAYER_THICKNESS	PG 20:4_22:1	PG 20:4_22:1	-	LION:0080974
LION_ABOVE_AVERAGE_BILAYER_THICKNESS	PS 36:1	PS 36:1	-	LION:0080974
LION_ABOVE_AVERAGE_BILAYER_THICKNESS	PS 40:4	PS 40:4	-	LION:0080974
LION_ABOVE_AVERAGE_LATERAL_DIFFUSION	PA 14:0_14:1	PA 14:0_14:1	-	LION:0080982
LION_ABOVE_AVERAGE_LATERAL_DIFFUSION	PA 16:0_18:3	PA 16:0_18:3	-	LION:0080982
LION_ABOVE_AVERAGE_LATERAL_DIFFUSION	PA 16:1_18:2	PA 16:1_18:2	-	LION:0080982
LION_ABOVE_AVERAGE_LATERAL_DIFFUSION	PA 16:2_18:1	PA 16:2_18:1	-	LION:0080982
LION_ABOVE_AVERAGE_LATERAL_DIFFUSION	PA 17:0_18:3	PA 17:0_18:3	-	LION:0080982
LION_ABOVE_AVERAGE_LATERAL_DIFFUSION	PA 17:1_18:2	PA 17:1_18:2	-	LION:0080982
LION_ABOVE_AVERAGE_LATERAL_DIFFUSION	PA 17:2_18:1	PA 17:2_18:1	-	LION:0080982
LION_ABOVE_AVERAGE_LATERAL_DIFFUSION	PA 18:0_18:3	PA 18:0_18:3	-	LION:0080982
LION_ABOVE_AVERAGE_LATERAL_DIFFUSION	PA 18:1_18:2	PA 18:1_18:2	-	LION:0080982
LION_ABOVE_AVERAGE_LATERAL_DIFFUSION	PA 18:1_18:3	PA 18:1_18:3	-	LION:0080982
LION_ABOVE_AVERAGE_LATERAL_DIFFUSION	PA 18:1_18:4	PA 18:1_18:4	-	LION:0080982
LION_ABOVE_AVERAGE_LATERAL_DIFFUSION	PA 18:1_20:3	PA 18:1_20:3	-	LION:0080982
LION_ABOVE_AVERAGE_LATERAL_DIFFUSION	PA 18:2_18:2	PA 18:2_18:2	-	LION:0080982
LION_ABOVE_AVERAGE_LATERAL_DIFFUSION	PA 18:2_18:3	PA 18:2_18:3	-	LION:0080982
LION_ABOVE_AVERAGE_LATERAL_DIFFUSION	PA 18:2_20:2	PA 18:2_20:2	-	LION:0080982
LION_ABOVE_AVERAGE_LATERAL_DIFFUSION	PA 18:2_22:3	PA 18:2_22:3	-	LION:0080982
LION_ABOVE_AVERAGE_LATERAL_DIFFUSION	PA 18:2_22:4	PA 18:2_22:4	-	LION:0080982
LION_ABOVE_AVERAGE_LATERAL_DIFFUSION	PA 18:3_18:3	PA 18:3_18:3	-	LION:0080982
LION_ABOVE_AVERAGE_LATERAL_DIFFUSION	PC 24:0	PC 24:0	-	LION:0080982
LION_ABOVE_AVERAGE_LATERAL_DIFFUSION	PC 26:0	PC 26:0	-	LION:0080982
LION_ABOVE_AVERAGE_LATERAL_DIFFUSION	PC 28:1	PC 28:1	-	LION:0080982
LION_ABOVE_AVERAGE_LATERAL_DIFFUSION	PC 32:2	PC 32:2	-	LION:0080982
LION_ABOVE_AVERAGE_LATERAL_DIFFUSION	PC 32:3	PC 32:3	-	LION:0080982
LION_ABOVE_AVERAGE_LATERAL_DIFFUSION	PC 34:2	PC 34:2	-	LION:0080982
LION_ABOVE_AVERAGE_LATERAL_DIFFUSION	PC 34:3	PC 34:3	-	LION:0080982
LION_ABOVE_AVERAGE_LATERAL_DIFFUSION	PC 34:4	PC 34:4	-	LION:0080982
LION_ABOVE_AVERAGE_LATERAL_DIFFUSION	PC 36:3	PC 36:3	-	LION:0080982
LION_ABOVE_AVERAGE_LATERAL_DIFFUSION	PC 36:4	PC 36:4	-	LION:0080982
LION_ABOVE_AVERAGE_LATERAL_DIFFUSION	PC 36:5	PC 36:5	-	LION:0080982
LION_ABOVE_AVERAGE_LATERAL_DIFFUSION	PC 36:6	PC 36:6	-	LION:0080982
LION_ABOVE_AVERAGE_LATERAL_DIFFUSION	PC 38:4	PC 38:4	-	LION:0080982
LION_ABOVE_AVERAGE_LATERAL_DIFFUSION	PC 38:5	PC 38:5	-	LION:0080982
LION_ABOVE_AVERAGE_LATERAL_DIFFUSION	PC 38:6	PC 38:6	-	LION:0080982
LION_ABOVE_AVERAGE_LATERAL_DIFFUSION	PC 40:5	PC 40:5	-	LION:0080982
LION_ABOVE_AVERAGE_LATERAL_DIFFUSION	PC 40:6	PC 40:6	-	LION:0080982
LION_ABOVE_AVERAGE_LATERAL_DIFFUSION	PC 42:6	PC 42:6	-	LION:0080982
LION_ABOVE_AVERAGE_LATERAL_DIFFUSION	PE 34:3	PE 34:3	-	LION:0080982
LION_ABOVE_AVERAGE_LATERAL_DIFFUSION	PE 34:4	PE 34:4	-	LION:0080982
LION_ABOVE_AVERAGE_LATERAL_DIFFUSION	PE 36:4	PE 36:4	-	LION:0080982
LION_ABOVE_AVERAGE_LATERAL_DIFFUSION	PE 36:5	PE 36:5	-	LION:0080982
LION_ABOVE_AVERAGE_LATERAL_DIFFUSION	PE 36:6	PE 36:6	-	LION:0080982
LION_ABOVE_AVERAGE_LATERAL_DIFFUSION	PE 38:5	PE 38:5	-	LION:0080982
LION_ABOVE_AVERAGE_LATERAL_DIFFUSION	PE 38:6	PE 38:6	-	LION:0080982
LION_ABOVE_AVERAGE_LATERAL_DIFFUSION	PE 38:7	PE 38:7	-	LION:0080982
LION_ABOVE_AVERAGE_LATERAL_DIFFUSION	PE 40:6	PE 40:6	-	LION:0080982
LION_ABOVE_AVERAGE_LATERAL_DIFFUSION	PE 40:7	PE 40:7	-	LION:0080982
LION_ABOVE_AVERAGE_LATERAL_DIFFUSION	PE 40:8	PE 40:8	-	LION:0080982
LION_ABOVE_AVERAGE_LATERAL_DIFFUSION	PE 42:7	PE 42:7	-	LION:0080982
LION_ABOVE_AVERAGE_LATERAL_DIFFUSION	PE 42:8	PE 42:8	-	LION:0080982
LION_ABOVE_AVERAGE_LATERAL_DIFFUSION	PE 44:11	PE 44:11	-	LION:0080982
LION_ABOVE_AVERAGE_LATERAL_DIFFUSION	PE 44:12	PE 44:12	-	LION:0080982
LION_ABOVE_AVERAGE_LATERAL_DIFFUSION	PE 44:7	PE 44:7	-	LION:0080982
LION_ABOVE_AVERAGE_LATERAL_DIFFUSION	PG 16:0_20:4	PG 16:0_20:4	-	LION:0080982
LION_ABOVE_AVERAGE_LATERAL_DIFFUSION	PG 16:0_20:5	PG 16:0_20:5	-	LION:0080982
LION_ABOVE_AVERAGE_LATERAL_DIFFUSION	PG 16:1_20:4	PG 16:1_20:4	-	LION:0080982
LION_ABOVE_AVERAGE_LATERAL_DIFFUSION	PG 16:2_18:2	PG 16:2_18:2	-	LION:0080982
LION_ABOVE_AVERAGE_LATERAL_DIFFUSION	PG 16:3_18:1	PG 16:3_18:1	-	LION:0080982
LION_ABOVE_AVERAGE_LATERAL_DIFFUSION	PG 18:1_18:3	PG 18:1_18:3	-	LION:0080982
LION_ABOVE_AVERAGE_LATERAL_DIFFUSION	PG 18:1_20:4	PG 18:1_20:4	-	LION:0080982
LION_ABOVE_AVERAGE_LATERAL_DIFFUSION	PG 18:1_20:5	PG 18:1_20:5	-	LION:0080982
LION_ABOVE_AVERAGE_LATERAL_DIFFUSION	PG 18:1_22:5	PG 18:1_22:5	-	LION:0080982
LION_ABOVE_AVERAGE_LATERAL_DIFFUSION	PG 18:2_18:2	PG 18:2_18:2	-	LION:0080982
LION_ABOVE_AVERAGE_LATERAL_DIFFUSION	PG 18:2_18:3	PG 18:2_18:3	-	LION:0080982
LION_ABOVE_AVERAGE_LATERAL_DIFFUSION	PG 18:2_18:4	PG 18:2_18:4	-	LION:0080982
LION_ABOVE_AVERAGE_LATERAL_DIFFUSION	PG 18:2_20:3	PG 18:2_20:3	-	LION:0080982
LION_ABOVE_AVERAGE_LATERAL_DIFFUSION	PG 18:2_20:4	PG 18:2_20:4	-	LION:0080982
LION_ABOVE_AVERAGE_LATERAL_DIFFUSION	PG 18:2_20:5	PG 18:2_20:5	-	LION:0080982
LION_ABOVE_AVERAGE_LATERAL_DIFFUSION	PG 18:2_22:4	PG 18:2_22:4	-	LION:0080982
LION_ABOVE_AVERAGE_LATERAL_DIFFUSION	PG 20:3_20:4	PG 20:3_20:4	-	LION:0080982
LION_ABOVE_AVERAGE_LATERAL_DIFFUSION	PG 20:4_20:4	PG 20:4_20:4	-	LION:0080982
LION_ABOVE_AVERAGE_LATERAL_DIFFUSION	PG 20:4_22:3	PG 20:4_22:3	-	LION:0080982
LION_ABOVE_AVERAGE_LATERAL_DIFFUSION	PG 20:4_22:4	PG 20:4_22:4	-	LION:0080982
LION_ABOVE_AVERAGE_LATERAL_DIFFUSION	PG 22:4_22:6	PG 22:4_22:6	-	LION:0080982
LION_ABOVE_AVERAGE_LATERAL_DIFFUSION	PG 22:5_22:6	PG 22:5_22:6	-	LION:0080982
LION_ABOVE_AVERAGE_LATERAL_DIFFUSION	PG 22:6_22:6	PG 22:6_22:6	-	LION:0080982
LION_ABOVE_AVERAGE_LATERAL_DIFFUSION	PS 36:4	PS 36:4	-	LION:0080982
LION_ABOVE_AVERAGE_LATERAL_DIFFUSION	PS 36:5	PS 36:5	-	LION:0080982
LION_ABOVE_AVERAGE_LATERAL_DIFFUSION	PS 38:5	PS 38:5	-	LION:0080982
LION_ABOVE_AVERAGE_LATERAL_DIFFUSION	PS 38:6	PS 38:6	-	LION:0080982
LION_ABOVE_AVERAGE_LATERAL_DIFFUSION	PS 38:7	PS 38:7	-	LION:0080982
LION_ABOVE_AVERAGE_LATERAL_DIFFUSION	PS 40:6	PS 40:6	-	LION:0080982
LION_ABOVE_AVERAGE_LATERAL_DIFFUSION	PS 40:7	PS 40:7	-	LION:0080982
LION_ABOVE_AVERAGE_LATERAL_DIFFUSION	PS 40:8	PS 40:8	-	LION:0080982
LION_ABOVE_AVERAGE_TRANSITION_TEMPERATURE	PA 16:0_18:1	PA 16:0_18:1	-	LION:0001740
LION_ABOVE_AVERAGE_TRANSITION_TEMPERATURE	PA 16:1_22:0	PA 16:1_22:0	-	LION:0001740
LION_ABOVE_AVERAGE_TRANSITION_TEMPERATURE	PA 17:0_18:1	PA 17:0_18:1	-	LION:0001740
LION_ABOVE_AVERAGE_TRANSITION_TEMPERATURE	PA 18:0_18:1	PA 18:0_18:1	-	LION:0001740
LION_ABOVE_AVERAGE_TRANSITION_TEMPERATURE	PA 18:1_20:0	PA 18:1_20:0	-	LION:0001740
LION_ABOVE_AVERAGE_TRANSITION_TEMPERATURE	PA 18:1_22:0	PA 18:1_22:0	-	LION:0001740
LION_ABOVE_AVERAGE_TRANSITION_TEMPERATURE	PC 30:0	PC 30:0	-	LION:0001740
LION_ABOVE_AVERAGE_TRANSITION_TEMPERATURE	PC 32:0	PC 32:0	-	LION:0001740
LION_ABOVE_AVERAGE_TRANSITION_TEMPERATURE	PC 36:0	PC 36:0	-	LION:0001740
LION_ABOVE_AVERAGE_TRANSITION_TEMPERATURE	PC 38:0	PC 38:0	-	LION:0001740
LION_ABOVE_AVERAGE_TRANSITION_TEMPERATURE	PC 40:1	PC 40:1	-	LION:0001740
LION_ABOVE_AVERAGE_TRANSITION_TEMPERATURE	PC 42:0	PC 42:0	-	LION:0001740
LION_ABOVE_AVERAGE_TRANSITION_TEMPERATURE	PC 42:1	PC 42:1	-	LION:0001740
LION_ABOVE_AVERAGE_TRANSITION_TEMPERATURE	PC 42:2	PC 42:2	-	LION:0001740
LION_ABOVE_AVERAGE_TRANSITION_TEMPERATURE	PE 28:0	PE 28:0	-	LION:0001740
LION_ABOVE_AVERAGE_TRANSITION_TEMPERATURE	PE 30:0	PE 30:0	-	LION:0001740
LION_ABOVE_AVERAGE_TRANSITION_TEMPERATURE	PE 31:0	PE 31:0	-	LION:0001740
LION_ABOVE_AVERAGE_TRANSITION_TEMPERATURE	PE 32:0	PE 32:0	-	LION:0001740
LION_ABOVE_AVERAGE_TRANSITION_TEMPERATURE	PE 33:0	PE 33:0	-	LION:0001740
LION_ABOVE_AVERAGE_TRANSITION_TEMPERATURE	PE 34:0	PE 34:0	-	LION:0001740
LION_ABOVE_AVERAGE_TRANSITION_TEMPERATURE	PE 34:1	PE 34:1	-	LION:0001740
LION_ABOVE_AVERAGE_TRANSITION_TEMPERATURE	PE 35:1	PE 35:1	-	LION:0001740
LION_ABOVE_AVERAGE_TRANSITION_TEMPERATURE	PE 36:0	PE 36:0	-	LION:0001740
LION_ABOVE_AVERAGE_TRANSITION_TEMPERATURE	PE 36:1	PE 36:1	-	LION:0001740
LION_ABOVE_AVERAGE_TRANSITION_TEMPERATURE	PE 38:0	PE 38:0	-	LION:0001740
LION_ABOVE_AVERAGE_TRANSITION_TEMPERATURE	PE 38:1	PE 38:1	-	LION:0001740
LION_ABOVE_AVERAGE_TRANSITION_TEMPERATURE	PE 38:2	PE 38:2	-	LION:0001740
LION_ABOVE_AVERAGE_TRANSITION_TEMPERATURE	PE 40:1	PE 40:1	-	LION:0001740
LION_ABOVE_AVERAGE_TRANSITION_TEMPERATURE	PE 40:3	PE 40:3	-	LION:0001740
LION_ABOVE_AVERAGE_TRANSITION_TEMPERATURE	PE 42:7	PE 42:7	-	LION:0001740
LION_ABOVE_AVERAGE_TRANSITION_TEMPERATURE	PE 42:8	PE 42:8	-	LION:0001740
LION_ABOVE_AVERAGE_TRANSITION_TEMPERATURE	PE 44:11	PE 44:11	-	LION:0001740
LION_ABOVE_AVERAGE_TRANSITION_TEMPERATURE	PE 44:12	PE 44:12	-	LION:0001740
LION_ABOVE_AVERAGE_TRANSITION_TEMPERATURE	PE 44:6	PE 44:6	-	LION:0001740
LION_ABOVE_AVERAGE_TRANSITION_TEMPERATURE	PE 44:7	PE 44:7	-	LION:0001740
LION_ABOVE_AVERAGE_TRANSITION_TEMPERATURE	PG 14:0_16:0	PG 14:0_16:0	-	LION:0001740
LION_ABOVE_AVERAGE_TRANSITION_TEMPERATURE	PG 16:0_16:0	PG 16:0_16:0	-	LION:0001740
LION_ABOVE_AVERAGE_TRANSITION_TEMPERATURE	PG 16:0_22:1	PG 16:0_22:1	-	LION:0001740
LION_ABOVE_AVERAGE_TRANSITION_TEMPERATURE	PG 18:0_22:1	PG 18:0_22:1	-	LION:0001740
LION_ABOVE_AVERAGE_TRANSITION_TEMPERATURE	PG 18:1_20:0	PG 18:1_20:0	-	LION:0001740
LION_ABOVE_AVERAGE_TRANSITION_TEMPERATURE	PG 18:1_22:0	PG 18:1_22:0	-	LION:0001740
LION_ABOVE_AVERAGE_TRANSITION_TEMPERATURE	PG 18:1_22:1	PG 18:1_22:1	-	LION:0001740
LION_ABOVE_AVERAGE_TRANSITION_TEMPERATURE	PG 18:1_22:2	PG 18:1_22:2	-	LION:0001740
LION_ABOVE_AVERAGE_TRANSITION_TEMPERATURE	PG 18:2_22:0	PG 18:2_22:0	-	LION:0001740
LION_ABOVE_AVERAGE_TRANSITION_TEMPERATURE	PG 18:2_22:1	PG 18:2_22:1	-	LION:0001740
LION_ABOVE_AVERAGE_TRANSITION_TEMPERATURE	PG 20:4_22:1	PG 20:4_22:1	-	LION:0001740
LION_ABOVE_AVERAGE_TRANSITION_TEMPERATURE	PG 20:4_22:3	PG 20:4_22:3	-	LION:0001740
LION_ABOVE_AVERAGE_TRANSITION_TEMPERATURE	PG 20:4_22:4	PG 20:4_22:4	-	LION:0001740
LION_ABOVE_AVERAGE_TRANSITION_TEMPERATURE	PG 22:4_22:6	PG 22:4_22:6	-	LION:0001740
LION_ABOVE_AVERAGE_TRANSITION_TEMPERATURE	PG 22:5_22:6	PG 22:5_22:6	-	LION:0001740
LION_ABOVE_AVERAGE_TRANSITION_TEMPERATURE	PG 22:6_22:6	PG 22:6_22:6	-	LION:0001740
LION_ABOVE_AVERAGE_TRANSITION_TEMPERATURE	PS 30:0	PS 30:0	-	LION:0001740
LION_ABOVE_AVERAGE_TRANSITION_TEMPERATURE	PS 32:0	PS 32:0	-	LION:0001740
LION_ABOVE_AVERAGE_TRANSITION_TEMPERATURE	PS 36:1	PS 36:1	-	LION:0001740
LION_ABOVE_AVERAGE_TRANSITION_TEMPERATURE	SM 34:1	SM 34:1	-	LION:0001740
LION_ABOVE_AVERAGE_TRANSITION_TEMPERATURE	SM 35:1	SM 35:1	-	LION:0001740
LION_ABOVE_AVERAGE_TRANSITION_TEMPERATURE	SM 36:1	SM 36:1	-	LION:0001740
LION_ABOVE_AVERAGE_TRANSITION_TEMPERATURE	SM 41:1	SM 41:1	-	LION:0001740
LION_ABOVE_AVERAGE_TRANSITION_TEMPERATURE	SM 41:2	SM 41:2	-	LION:0001740
LION_ABOVE_AVERAGE_TRANSITION_TEMPERATURE	SM 42:1	SM 42:1	-	LION:0001740
LION_ABOVE_AVERAGE_TRANSITION_TEMPERATURE	SM 42:2	SM 42:2	-	LION:0001740
LION_ABOVE_AVERAGE_TRANSITION_TEMPERATURE	SM 43:1	SM 43:1	-	LION:0001740
LION_ABOVE_AVERAGE_TRANSITION_TEMPERATURE	SM 44:1	SM 44:1	-	LION:0001740
LION_ABOVE_AVERAGE_TRANSITION_TEMPERATURE	SM 44:2	SM 44:2	-	LION:0001740
LION_AVERAGE_BILAYER_THICKNESS	PA 16:0_18:2	PA 16:0_18:2	-	LION:0080970
LION_AVERAGE_BILAYER_THICKNESS	PA 16:0_19:2	PA 16:0_19:2	-	LION:0080970
LION_AVERAGE_BILAYER_THICKNESS	PA 16:1_18:1	PA 16:1_18:1	-	LION:0080970
LION_AVERAGE_BILAYER_THICKNESS	PA 17:0_18:2	PA 17:0_18:2	-	LION:0080970
LION_AVERAGE_BILAYER_THICKNESS	PA 17:0_18:3	PA 17:0_18:3	-	LION:0080970
LION_AVERAGE_BILAYER_THICKNESS	PA 17:1_18:1	PA 17:1_18:1	-	LION:0080970
LION_AVERAGE_BILAYER_THICKNESS	PA 17:1_18:2	PA 17:1_18:2	-	LION:0080970
LION_AVERAGE_BILAYER_THICKNESS	PA 17:2_18:1	PA 17:2_18:1	-	LION:0080970
LION_AVERAGE_BILAYER_THICKNESS	PA 18:0_18:3	PA 18:0_18:3	-	LION:0080970
LION_AVERAGE_BILAYER_THICKNESS	PA 18:1_18:2	PA 18:1_18:2	-	LION:0080970
LION_AVERAGE_BILAYER_THICKNESS	PA 18:1_20:3	PA 18:1_20:3	-	LION:0080970
LION_AVERAGE_BILAYER_THICKNESS	PA 18:2_20:2	PA 18:2_20:2	-	LION:0080970
LION_AVERAGE_BILAYER_THICKNESS	PA 18:2_22:3	PA 18:2_22:3	-	LION:0080970
LION_AVERAGE_BILAYER_THICKNESS	PA 18:2_22:4	PA 18:2_22:4	-	LION:0080970
LION_AVERAGE_BILAYER_THICKNESS	PC 32:0	PC 32:0	-	LION:0080970
LION_AVERAGE_BILAYER_THICKNESS	PC 34:1	PC 34:1	-	LION:0080970
LION_AVERAGE_BILAYER_THICKNESS	PC 36:2	PC 36:2	-	LION:0080970
LION_AVERAGE_BILAYER_THICKNESS	PC 36:3	PC 36:3	-	LION:0080970
LION_AVERAGE_BILAYER_THICKNESS	PC 38:3	PC 38:3	-	LION:0080970
LION_AVERAGE_BILAYER_THICKNESS	PC 38:4	PC 38:4	-	LION:0080970
LION_AVERAGE_BILAYER_THICKNESS	PC 40:5	PC 40:5	-	LION:0080970
LION_AVERAGE_BILAYER_THICKNESS	PC 42:6	PC 42:6	-	LION:0080970
LION_AVERAGE_BILAYER_THICKNESS	PE 30:0	PE 30:0	-	LION:0080970
LION_AVERAGE_BILAYER_THICKNESS	PE 31:0	PE 31:0	-	LION:0080970
LION_AVERAGE_BILAYER_THICKNESS	PE 32:1	PE 32:1	-	LION:0080970
LION_AVERAGE_BILAYER_THICKNESS	PE 33:1	PE 33:1	-	LION:0080970
LION_AVERAGE_BILAYER_THICKNESS	PE 33:2	PE 33:2	-	LION:0080970
LION_AVERAGE_BILAYER_THICKNESS	PE 34:2	PE 34:2	-	LION:0080970
LION_AVERAGE_BILAYER_THICKNESS	PE 35:3	PE 35:3	-	LION:0080970
LION_AVERAGE_BILAYER_THICKNESS	PE 36:3	PE 36:3	-	LION:0080970
LION_AVERAGE_BILAYER_THICKNESS	PE 38:4	PE 38:4	-	LION:0080970
LION_AVERAGE_BILAYER_THICKNESS	PE 38:5	PE 38:5	-	LION:0080970
LION_AVERAGE_BILAYER_THICKNESS	PE 40:5	PE 40:5	-	LION:0080970
LION_AVERAGE_BILAYER_THICKNESS	PE 40:6	PE 40:6	-	LION:0080970
LION_AVERAGE_BILAYER_THICKNESS	PE 42:7	PE 42:7	-	LION:0080970
LION_AVERAGE_BILAYER_THICKNESS	PG 15:0_18:1	PG 15:0_18:1	-	LION:0080970
LION_AVERAGE_BILAYER_THICKNESS	PG 16:0_16:0	PG 16:0_16:0	-	LION:0080970
LION_AVERAGE_BILAYER_THICKNESS	PG 16:0_16:1	PG 16:0_16:1	-	LION:0080970
LION_AVERAGE_BILAYER_THICKNESS	PG 16:0_18:1	PG 16:0_18:1	-	LION:0080970
LION_AVERAGE_BILAYER_THICKNESS	PG 16:0_18:2	PG 16:0_18:2	-	LION:0080970
LION_AVERAGE_BILAYER_THICKNESS	PG 16:0_20:3	PG 16:0_20:3	-	LION:0080970
LION_AVERAGE_BILAYER_THICKNESS	PG 16:1_18:0	PG 16:1_18:0	-	LION:0080970
LION_AVERAGE_BILAYER_THICKNESS	PG 16:1_18:1	PG 16:1_18:1	-	LION:0080970
LION_AVERAGE_BILAYER_THICKNESS	PG 17:0_18:2	PG 17:0_18:2	-	LION:0080970
LION_AVERAGE_BILAYER_THICKNESS	PG 17:1_18:1	PG 17:1_18:1	-	LION:0080970
LION_AVERAGE_BILAYER_THICKNESS	PG 18:0_18:2	PG 18:0_18:2	-	LION:0080970
LION_AVERAGE_BILAYER_THICKNESS	PG 18:0_18:3	PG 18:0_18:3	-	LION:0080970
LION_AVERAGE_BILAYER_THICKNESS	PG 18:1_18:1	PG 18:1_18:1	-	LION:0080970
LION_AVERAGE_BILAYER_THICKNESS	PG 18:1_18:2	PG 18:1_18:2	-	LION:0080970
LION_AVERAGE_BILAYER_THICKNESS	PG 18:1_20:3	PG 18:1_20:3	-	LION:0080970
LION_AVERAGE_BILAYER_THICKNESS	PG 18:1_22:4	PG 18:1_22:4	-	LION:0080970
LION_AVERAGE_BILAYER_THICKNESS	PG 18:2_20:2	PG 18:2_20:2	-	LION:0080970
LION_AVERAGE_BILAYER_THICKNESS	PG 18:2_22:3	PG 18:2_22:3	-	LION:0080970
LION_AVERAGE_BILAYER_THICKNESS	PG 20:4_22:3	PG 20:4_22:3	-	LION:0080970
LION_AVERAGE_BILAYER_THICKNESS	PS 32:0	PS 32:0	-	LION:0080970
LION_AVERAGE_BILAYER_THICKNESS	PS 34:1	PS 34:1	-	LION:0080970
LION_AVERAGE_BILAYER_THICKNESS	PS 34:2	PS 34:2	-	LION:0080970
LION_AVERAGE_BILAYER_THICKNESS	PS 36:2	PS 36:2	-	LION:0080970
LION_AVERAGE_BILAYER_THICKNESS	PS 36:3	PS 36:3	-	LION:0080970
LION_AVERAGE_BILAYER_THICKNESS	PS 38:4	PS 38:4	-	LION:0080970
LION_AVERAGE_BILAYER_THICKNESS	PS 40:5	PS 40:5	-	LION:0080970
LION_AVERAGE_BILAYER_THICKNESS	PS 40:6	PS 40:6	-	LION:0080970
LION_AVERAGE_LATERAL_DIFFUSION	PA 16:0_18:2	PA 16:0_18:2	-	LION:0080978
LION_AVERAGE_LATERAL_DIFFUSION	PA 16:0_19:2	PA 16:0_19:2	-	LION:0080978
LION_AVERAGE_LATERAL_DIFFUSION	PA 16:1_18:1	PA 16:1_18:1	-	LION:0080978
LION_AVERAGE_LATERAL_DIFFUSION	PA 17:0_18:2	PA 17:0_18:2	-	LION:0080978
LION_AVERAGE_LATERAL_DIFFUSION	PA 17:1_18:1	PA 17:1_18:1	-	LION:0080978
LION_AVERAGE_LATERAL_DIFFUSION	PA 18:0_18:2	PA 18:0_18:2	-	LION:0080978
LION_AVERAGE_LATERAL_DIFFUSION	PA 18:1_18:1	PA 18:1_18:1	-	LION:0080978
LION_AVERAGE_LATERAL_DIFFUSION	PA 18:1_20:2	PA 18:1_20:2	-	LION:0080978
LION_AVERAGE_LATERAL_DIFFUSION	PA 18:1_22:3	PA 18:1_22:3	-	LION:0080978
LION_AVERAGE_LATERAL_DIFFUSION	PA 18:2_20:1	PA 18:2_20:1	-	LION:0080978
LION_AVERAGE_LATERAL_DIFFUSION	PA 20:0_20:4	PA 20:0_20:4	-	LION:0080978
LION_AVERAGE_LATERAL_DIFFUSION	PC 30:0	PC 30:0	-	LION:0080978
LION_AVERAGE_LATERAL_DIFFUSION	PC 32:0	PC 32:0	-	LION:0080978
LION_AVERAGE_LATERAL_DIFFUSION	PC 32:1	PC 32:1	-	LION:0080978
LION_AVERAGE_LATERAL_DIFFUSION	PC 34:1	PC 34:1	-	LION:0080978
LION_AVERAGE_LATERAL_DIFFUSION	PC 34:2	PC 34:2	-	LION:0080978
LION_AVERAGE_LATERAL_DIFFUSION	PC 36:2	PC 36:2	-	LION:0080978
LION_AVERAGE_LATERAL_DIFFUSION	PC 38:3	PC 38:3	-	LION:0080978
LION_AVERAGE_LATERAL_DIFFUSION	PC 40:3	PC 40:3	-	LION:0080978
LION_AVERAGE_LATERAL_DIFFUSION	PC 40:4	PC 40:4	-	LION:0080978
LION_AVERAGE_LATERAL_DIFFUSION	PC 42:4	PC 42:4	-	LION:0080978
LION_AVERAGE_LATERAL_DIFFUSION	PC 42:5	PC 42:5	-	LION:0080978
LION_AVERAGE_LATERAL_DIFFUSION	PE 28:0	PE 28:0	-	LION:0080978
LION_AVERAGE_LATERAL_DIFFUSION	PE 28:1	PE 28:1	-	LION:0080978
LION_AVERAGE_LATERAL_DIFFUSION	PE 30:1	PE 30:1	-	LION:0080978
LION_AVERAGE_LATERAL_DIFFUSION	PE 32:1	PE 32:1	-	LION:0080978
LION_AVERAGE_LATERAL_DIFFUSION	PE 32:2	PE 32:2	-	LION:0080978
LION_AVERAGE_LATERAL_DIFFUSION	PE 33:2	PE 33:2	-	LION:0080978
LION_AVERAGE_LATERAL_DIFFUSION	PE 34:2	PE 34:2	-	LION:0080978
LION_AVERAGE_LATERAL_DIFFUSION	PE 34:3	PE 34:3	-	LION:0080978
LION_AVERAGE_LATERAL_DIFFUSION	PE 35:2	PE 35:2	-	LION:0080978
LION_AVERAGE_LATERAL_DIFFUSION	PE 35:3	PE 35:3	-	LION:0080978
LION_AVERAGE_LATERAL_DIFFUSION	PE 36:3	PE 36:3	-	LION:0080978
LION_AVERAGE_LATERAL_DIFFUSION	PE 38:3	PE 38:3	-	LION:0080978
LION_AVERAGE_LATERAL_DIFFUSION	PE 38:4	PE 38:4	-	LION:0080978
LION_AVERAGE_LATERAL_DIFFUSION	PE 40:4	PE 40:4	-	LION:0080978
LION_AVERAGE_LATERAL_DIFFUSION	PE 40:5	PE 40:5	-	LION:0080978
LION_AVERAGE_LATERAL_DIFFUSION	PE 44:6	PE 44:6	-	LION:0080978
LION_AVERAGE_LATERAL_DIFFUSION	PE 44:7	PE 44:7	-	LION:0080978
LION_AVERAGE_LATERAL_DIFFUSION	PG 16:0_18:2	PG 16:0_18:2	-	LION:0080978
LION_AVERAGE_LATERAL_DIFFUSION	PG 16:0_18:3	PG 16:0_18:3	-	LION:0080978
LION_AVERAGE_LATERAL_DIFFUSION	PG 16:0_20:3	PG 16:0_20:3	-	LION:0080978
LION_AVERAGE_LATERAL_DIFFUSION	PG 16:1_16:1	PG 16:1_16:1	-	LION:0080978
LION_AVERAGE_LATERAL_DIFFUSION	PG 16:1_18:1	PG 16:1_18:1	-	LION:0080978
LION_AVERAGE_LATERAL_DIFFUSION	PG 16:1_18:2	PG 16:1_18:2	-	LION:0080978
LION_AVERAGE_LATERAL_DIFFUSION	PG 16:2_18:1	PG 16:2_18:1	-	LION:0080978
LION_AVERAGE_LATERAL_DIFFUSION	PG 18:0_18:3	PG 18:0_18:3	-	LION:0080978
LION_AVERAGE_LATERAL_DIFFUSION	PG 18:1_18:2	PG 18:1_18:2	-	LION:0080978
LION_AVERAGE_LATERAL_DIFFUSION	PG 18:1_20:3	PG 18:1_20:3	-	LION:0080978
LION_AVERAGE_LATERAL_DIFFUSION	PG 18:1_22:3	PG 18:1_22:3	-	LION:0080978
LION_AVERAGE_LATERAL_DIFFUSION	PG 18:1_22:4	PG 18:1_22:4	-	LION:0080978
LION_AVERAGE_LATERAL_DIFFUSION	PG 18:2_20:2	PG 18:2_20:2	-	LION:0080978
LION_AVERAGE_LATERAL_DIFFUSION	PG 18:2_22:3	PG 18:2_22:3	-	LION:0080978
LION_AVERAGE_LATERAL_DIFFUSION	PG 20:4_22:1	PG 20:4_22:1	-	LION:0080978
LION_AVERAGE_LATERAL_DIFFUSION	PS 34:2	PS 34:2	-	LION:0080978
LION_AVERAGE_LATERAL_DIFFUSION	PS 36:3	PS 36:3	-	LION:0080978
LION_AVERAGE_LATERAL_DIFFUSION	PS 38:4	PS 38:4	-	LION:0080978
LION_AVERAGE_LATERAL_DIFFUSION	PS 40:5	PS 40:5	-	LION:0080978
LION_AVERAGE_TRANSITION_TEMPERATURE	PA 14:0_14:1	PA 14:0_14:1	-	LION:0001737
LION_AVERAGE_TRANSITION_TEMPERATURE	PA 16:0_19:2	PA 16:0_19:2	-	LION:0001737
LION_AVERAGE_TRANSITION_TEMPERATURE	PA 17:0_18:2	PA 17:0_18:2	-	LION:0001737
LION_AVERAGE_TRANSITION_TEMPERATURE	PA 17:1_18:1	PA 17:1_18:1	-	LION:0001737
LION_AVERAGE_TRANSITION_TEMPERATURE	PA 18:0_18:2	PA 18:0_18:2	-	LION:0001737
LION_AVERAGE_TRANSITION_TEMPERATURE	PA 18:1_18:1	PA 18:1_18:1	-	LION:0001737
LION_AVERAGE_TRANSITION_TEMPERATURE	PA 18:1_20:1	PA 18:1_20:1	-	LION:0001737
LION_AVERAGE_TRANSITION_TEMPERATURE	PA 18:1_22:1	PA 18:1_22:1	-	LION:0001737
LION_AVERAGE_TRANSITION_TEMPERATURE	PA 18:2_20:0	PA 18:2_20:0	-	LION:0001737
LION_AVERAGE_TRANSITION_TEMPERATURE	PA 18:2_22:0	PA 18:2_22:0	-	LION:0001737
LION_AVERAGE_TRANSITION_TEMPERATURE	PC 24:0	PC 24:0	-	LION:0001737
LION_AVERAGE_TRANSITION_TEMPERATURE	PC 26:0	PC 26:0	-	LION:0001737
LION_AVERAGE_TRANSITION_TEMPERATURE	PC 28:1	PC 28:1	-	LION:0001737
LION_AVERAGE_TRANSITION_TEMPERATURE	PC 32:1	PC 32:1	-	LION:0001737
LION_AVERAGE_TRANSITION_TEMPERATURE	PC 34:1	PC 34:1	-	LION:0001737
LION_AVERAGE_TRANSITION_TEMPERATURE	PC 34:2	PC 34:2	-	LION:0001737
LION_AVERAGE_TRANSITION_TEMPERATURE	PC 36:1	PC 36:1	-	LION:0001737
LION_AVERAGE_TRANSITION_TEMPERATURE	PC 36:2	PC 36:2	-	LION:0001737
LION_AVERAGE_TRANSITION_TEMPERATURE	PC 38:3	PC 38:3	-	LION:0001737
LION_AVERAGE_TRANSITION_TEMPERATURE	PC 40:2	PC 40:2	-	LION:0001737
LION_AVERAGE_TRANSITION_TEMPERATURE	PC 40:3	PC 40:3	-	LION:0001737
LION_AVERAGE_TRANSITION_TEMPERATURE	PC 40:4	PC 40:4	-	LION:0001737
LION_AVERAGE_TRANSITION_TEMPERATURE	PC 42:4	PC 42:4	-	LION:0001737
LION_AVERAGE_TRANSITION_TEMPERATURE	PC 42:5	PC 42:5	-	LION:0001737
LION_AVERAGE_TRANSITION_TEMPERATURE	PE 30:1	PE 30:1	-	LION:0001737
LION_AVERAGE_TRANSITION_TEMPERATURE	PE 32:1	PE 32:1	-	LION:0001737
LION_AVERAGE_TRANSITION_TEMPERATURE	PE 33:1	PE 33:1	-	LION:0001737
LION_AVERAGE_TRANSITION_TEMPERATURE	PE 35:2	PE 35:2	-	LION:0001737
LION_AVERAGE_TRANSITION_TEMPERATURE	PE 36:2	PE 36:2	-	LION:0001737
LION_AVERAGE_TRANSITION_TEMPERATURE	PE 38:3	PE 38:3	-	LION:0001737
LION_AVERAGE_TRANSITION_TEMPERATURE	PE 40:4	PE 40:4	-	LION:0001737
LION_AVERAGE_TRANSITION_TEMPERATURE	PE 40:5	PE 40:5	-	LION:0001737
LION_AVERAGE_TRANSITION_TEMPERATURE	PE 40:6	PE 40:6	-	LION:0001737
LION_AVERAGE_TRANSITION_TEMPERATURE	PG 16:0_18:1	PG 16:0_18:1	-	LION:0001737
LION_AVERAGE_TRANSITION_TEMPERATURE	PG 16:0_19:1	PG 16:0_19:1	-	LION:0001737
LION_AVERAGE_TRANSITION_TEMPERATURE	PG 16:0_22:2	PG 16:0_22:2	-	LION:0001737
LION_AVERAGE_TRANSITION_TEMPERATURE	PG 16:1_18:0	PG 16:1_18:0	-	LION:0001737
LION_AVERAGE_TRANSITION_TEMPERATURE	PG 16:1_22:1	PG 16:1_22:1	-	LION:0001737
LION_AVERAGE_TRANSITION_TEMPERATURE	PG 17:0_18:1	PG 17:0_18:1	-	LION:0001737
LION_AVERAGE_TRANSITION_TEMPERATURE	PG 18:0_18:1	PG 18:0_18:1	-	LION:0001737
LION_AVERAGE_TRANSITION_TEMPERATURE	PG 18:1_20:1	PG 18:1_20:1	-	LION:0001737
LION_AVERAGE_TRANSITION_TEMPERATURE	PG 18:1_20:2	PG 18:1_20:2	-	LION:0001737
LION_AVERAGE_TRANSITION_TEMPERATURE	PG 18:1_22:3	PG 18:1_22:3	-	LION:0001737
LION_AVERAGE_TRANSITION_TEMPERATURE	PG 18:1_22:4	PG 18:1_22:4	-	LION:0001737
LION_AVERAGE_TRANSITION_TEMPERATURE	PG 18:1_22:5	PG 18:1_22:5	-	LION:0001737
LION_AVERAGE_TRANSITION_TEMPERATURE	PG 18:2_20:0	PG 18:2_20:0	-	LION:0001737
LION_AVERAGE_TRANSITION_TEMPERATURE	PG 18:2_22:3	PG 18:2_22:3	-	LION:0001737
LION_AVERAGE_TRANSITION_TEMPERATURE	PG 18:2_22:4	PG 18:2_22:4	-	LION:0001737
LION_AVERAGE_TRANSITION_TEMPERATURE	PS 34:1	PS 34:1	-	LION:0001737
LION_AVERAGE_TRANSITION_TEMPERATURE	PS 36:2	PS 36:2	-	LION:0001737
LION_AVERAGE_TRANSITION_TEMPERATURE	SM 33:1	SM 33:1	-	LION:0001737
LION_AVERAGE_TRANSITION_TEMPERATURE	SM 34:2	SM 34:2	-	LION:0001737
LION_AVERAGE_TRANSITION_TEMPERATURE	SM 36:2	SM 36:2	-	LION:0001737
LION_AVERAGE_TRANSITION_TEMPERATURE	SM 38:3	SM 38:3	-	LION:0001737
LION_BELOW_AVERAGE_BILAYER_THICKNESS	PA 14:0_14:1	PA 14:0_14:1	-	LION:0080973
LION_BELOW_AVERAGE_BILAYER_THICKNESS	PA 16:0_18:3	PA 16:0_18:3	-	LION:0080973
LION_BELOW_AVERAGE_BILAYER_THICKNESS	PA 16:1_18:2	PA 16:1_18:2	-	LION:0080973
LION_BELOW_AVERAGE_BILAYER_THICKNESS	PA 16:2_18:1	PA 16:2_18:1	-	LION:0080973
LION_BELOW_AVERAGE_BILAYER_THICKNESS	PA 18:1_18:3	PA 18:1_18:3	-	LION:0080973
LION_BELOW_AVERAGE_BILAYER_THICKNESS	PA 18:1_18:4	PA 18:1_18:4	-	LION:0080973
LION_BELOW_AVERAGE_BILAYER_THICKNESS	PA 18:2_18:2	PA 18:2_18:2	-	LION:0080973
LION_BELOW_AVERAGE_BILAYER_THICKNESS	PA 18:2_18:3	PA 18:2_18:3	-	LION:0080973
LION_BELOW_AVERAGE_BILAYER_THICKNESS	PA 18:3_18:3	PA 18:3_18:3	-	LION:0080973
LION_BELOW_AVERAGE_BILAYER_THICKNESS	PC 24:0	PC 24:0	-	LION:0080973
LION_BELOW_AVERAGE_BILAYER_THICKNESS	PC 26:0	PC 26:0	-	LION:0080973
LION_BELOW_AVERAGE_BILAYER_THICKNESS	PC 28:1	PC 28:1	-	LION:0080973
LION_BELOW_AVERAGE_BILAYER_THICKNESS	PC 30:0	PC 30:0	-	LION:0080973
LION_BELOW_AVERAGE_BILAYER_THICKNESS	PC 32:1	PC 32:1	-	LION:0080973
LION_BELOW_AVERAGE_BILAYER_THICKNESS	PC 32:2	PC 32:2	-	LION:0080973
LION_BELOW_AVERAGE_BILAYER_THICKNESS	PC 32:3	PC 32:3	-	LION:0080973
LION_BELOW_AVERAGE_BILAYER_THICKNESS	PC 34:2	PC 34:2	-	LION:0080973
LION_BELOW_AVERAGE_BILAYER_THICKNESS	PC 34:3	PC 34:3	-	LION:0080973
LION_BELOW_AVERAGE_BILAYER_THICKNESS	PC 34:4	PC 34:4	-	LION:0080973
LION_BELOW_AVERAGE_BILAYER_THICKNESS	PC 36:4	PC 36:4	-	LION:0080973
LION_BELOW_AVERAGE_BILAYER_THICKNESS	PC 36:5	PC 36:5	-	LION:0080973
LION_BELOW_AVERAGE_BILAYER_THICKNESS	PC 36:6	PC 36:6	-	LION:0080973
LION_BELOW_AVERAGE_BILAYER_THICKNESS	PC 38:5	PC 38:5	-	LION:0080973
LION_BELOW_AVERAGE_BILAYER_THICKNESS	PC 38:6	PC 38:6	-	LION:0080973
LION_BELOW_AVERAGE_BILAYER_THICKNESS	PC 40:6	PC 40:6	-	LION:0080973
LION_BELOW_AVERAGE_BILAYER_THICKNESS	PE 28:0	PE 28:0	-	LION:0080973
LION_BELOW_AVERAGE_BILAYER_THICKNESS	PE 28:1	PE 28:1	-	LION:0080973
LION_BELOW_AVERAGE_BILAYER_THICKNESS	PE 30:1	PE 30:1	-	LION:0080973
LION_BELOW_AVERAGE_BILAYER_THICKNESS	PE 32:2	PE 32:2	-	LION:0080973
LION_BELOW_AVERAGE_BILAYER_THICKNESS	PE 34:3	PE 34:3	-	LION:0080973
LION_BELOW_AVERAGE_BILAYER_THICKNESS	PE 34:4	PE 34:4	-	LION:0080973
LION_BELOW_AVERAGE_BILAYER_THICKNESS	PE 36:4	PE 36:4	-	LION:0080973
LION_BELOW_AVERAGE_BILAYER_THICKNESS	PE 36:5	PE 36:5	-	LION:0080973
LION_BELOW_AVERAGE_BILAYER_THICKNESS	PE 36:6	PE 36:6	-	LION:0080973
LION_BELOW_AVERAGE_BILAYER_THICKNESS	PE 38:6	PE 38:6	-	LION:0080973
LION_BELOW_AVERAGE_BILAYER_THICKNESS	PE 38:7	PE 38:7	-	LION:0080973
LION_BELOW_AVERAGE_BILAYER_THICKNESS	PE 40:7	PE 40:7	-	LION:0080973
LION_BELOW_AVERAGE_BILAYER_THICKNESS	PE 40:8	PE 40:8	-	LION:0080973
LION_BELOW_AVERAGE_BILAYER_THICKNESS	PE 42:8	PE 42:8	-	LION:0080973
LION_BELOW_AVERAGE_BILAYER_THICKNESS	PE 44:11	PE 44:11	-	LION:0080973
LION_BELOW_AVERAGE_BILAYER_THICKNESS	PE 44:12	PE 44:12	-	LION:0080973
LION_BELOW_AVERAGE_BILAYER_THICKNESS	PG 14:0_16:0	PG 14:0_16:0	-	LION:0080973
LION_BELOW_AVERAGE_BILAYER_THICKNESS	PG 16:0_18:3	PG 16:0_18:3	-	LION:0080973
LION_BELOW_AVERAGE_BILAYER_THICKNESS	PG 16:0_20:4	PG 16:0_20:4	-	LION:0080973
LION_BELOW_AVERAGE_BILAYER_THICKNESS	PG 16:0_20:5	PG 16:0_20:5	-	LION:0080973
LION_BELOW_AVERAGE_BILAYER_THICKNESS	PG 16:1_16:1	PG 16:1_16:1	-	LION:0080973
LION_BELOW_AVERAGE_BILAYER_THICKNESS	PG 16:1_18:2	PG 16:1_18:2	-	LION:0080973
LION_BELOW_AVERAGE_BILAYER_THICKNESS	PG 16:1_20:4	PG 16:1_20:4	-	LION:0080973
LION_BELOW_AVERAGE_BILAYER_THICKNESS	PG 16:2_18:1	PG 16:2_18:1	-	LION:0080973
LION_BELOW_AVERAGE_BILAYER_THICKNESS	PG 16:2_18:2	PG 16:2_18:2	-	LION:0080973
LION_BELOW_AVERAGE_BILAYER_THICKNESS	PG 16:3_18:1	PG 16:3_18:1	-	LION:0080973
LION_BELOW_AVERAGE_BILAYER_THICKNESS	PG 18:1_18:3	PG 18:1_18:3	-	LION:0080973
LION_BELOW_AVERAGE_BILAYER_THICKNESS	PG 18:1_20:4	PG 18:1_20:4	-	LION:0080973
LION_BELOW_AVERAGE_BILAYER_THICKNESS	PG 18:1_20:5	PG 18:1_20:5	-	LION:0080973
LION_BELOW_AVERAGE_BILAYER_THICKNESS	PG 18:1_22:5	PG 18:1_22:5	-	LION:0080973
LION_BELOW_AVERAGE_BILAYER_THICKNESS	PG 18:2_18:2	PG 18:2_18:2	-	LION:0080973
LION_BELOW_AVERAGE_BILAYER_THICKNESS	PG 18:2_18:3	PG 18:2_18:3	-	LION:0080973
LION_BELOW_AVERAGE_BILAYER_THICKNESS	PG 18:2_18:4	PG 18:2_18:4	-	LION:0080973
LION_BELOW_AVERAGE_BILAYER_THICKNESS	PG 18:2_20:3	PG 18:2_20:3	-	LION:0080973
LION_BELOW_AVERAGE_BILAYER_THICKNESS	PG 18:2_20:4	PG 18:2_20:4	-	LION:0080973
LION_BELOW_AVERAGE_BILAYER_THICKNESS	PG 18:2_20:5	PG 18:2_20:5	-	LION:0080973
LION_BELOW_AVERAGE_BILAYER_THICKNESS	PG 18:2_22:4	PG 18:2_22:4	-	LION:0080973
LION_BELOW_AVERAGE_BILAYER_THICKNESS	PG 20:3_20:4	PG 20:3_20:4	-	LION:0080973
LION_BELOW_AVERAGE_BILAYER_THICKNESS	PG 20:4_20:4	PG 20:4_20:4	-	LION:0080973
LION_BELOW_AVERAGE_BILAYER_THICKNESS	PG 20:4_22:4	PG 20:4_22:4	-	LION:0080973
LION_BELOW_AVERAGE_BILAYER_THICKNESS	PG 22:4_22:6	PG 22:4_22:6	-	LION:0080973
LION_BELOW_AVERAGE_BILAYER_THICKNESS	PG 22:5_22:6	PG 22:5_22:6	-	LION:0080973
LION_BELOW_AVERAGE_BILAYER_THICKNESS	PG 22:6_22:6	PG 22:6_22:6	-	LION:0080973
LION_BELOW_AVERAGE_BILAYER_THICKNESS	PS 30:0	PS 30:0	-	LION:0080973
LION_BELOW_AVERAGE_BILAYER_THICKNESS	PS 36:4	PS 36:4	-	LION:0080973
LION_BELOW_AVERAGE_BILAYER_THICKNESS	PS 36:5	PS 36:5	-	LION:0080973
LION_BELOW_AVERAGE_BILAYER_THICKNESS	PS 38:5	PS 38:5	-	LION:0080973
LION_BELOW_AVERAGE_BILAYER_THICKNESS	PS 38:6	PS 38:6	-	LION:0080973
LION_BELOW_AVERAGE_BILAYER_THICKNESS	PS 38:7	PS 38:7	-	LION:0080973
LION_BELOW_AVERAGE_BILAYER_THICKNESS	PS 40:6	PS 40:6	-	LION:0080973
LION_BELOW_AVERAGE_BILAYER_THICKNESS	PS 40:7	PS 40:7	-	LION:0080973
LION_BELOW_AVERAGE_BILAYER_THICKNESS	PS 40:8	PS 40:8	-	LION:0080973
LION_BELOW_AVERAGE_LATERAL_DIFFUSION	PA 16:0_18:1	PA 16:0_18:1	-	LION:0080981
LION_BELOW_AVERAGE_LATERAL_DIFFUSION	PA 16:1_22:0	PA 16:1_22:0	-	LION:0080981
LION_BELOW_AVERAGE_LATERAL_DIFFUSION	PA 17:0_18:1	PA 17:0_18:1	-	LION:0080981
LION_BELOW_AVERAGE_LATERAL_DIFFUSION	PA 18:0_18:1	PA 18:0_18:1	-	LION:0080981
LION_BELOW_AVERAGE_LATERAL_DIFFUSION	PA 18:1_20:0	PA 18:1_20:0	-	LION:0080981
LION_BELOW_AVERAGE_LATERAL_DIFFUSION	PA 18:1_20:1	PA 18:1_20:1	-	LION:0080981
LION_BELOW_AVERAGE_LATERAL_DIFFUSION	PA 18:1_22:0	PA 18:1_22:0	-	LION:0080981
LION_BELOW_AVERAGE_LATERAL_DIFFUSION	PA 18:1_22:1	PA 18:1_22:1	-	LION:0080981
LION_BELOW_AVERAGE_LATERAL_DIFFUSION	PA 18:1_22:2	PA 18:1_22:2	-	LION:0080981
LION_BELOW_AVERAGE_LATERAL_DIFFUSION	PA 18:2_20:0	PA 18:2_20:0	-	LION:0080981
LION_BELOW_AVERAGE_LATERAL_DIFFUSION	PA 18:2_22:0	PA 18:2_22:0	-	LION:0080981
LION_BELOW_AVERAGE_LATERAL_DIFFUSION	PA 18:2_22:1	PA 18:2_22:1	-	LION:0080981
LION_BELOW_AVERAGE_LATERAL_DIFFUSION	PC 32:0	PC 32:0	-	LION:0080981
LION_BELOW_AVERAGE_LATERAL_DIFFUSION	PC 36:0	PC 36:0	-	LION:0080981
LION_BELOW_AVERAGE_LATERAL_DIFFUSION	PC 36:1	PC 36:1	-	LION:0080981
LION_BELOW_AVERAGE_LATERAL_DIFFUSION	PC 38:0	PC 38:0	-	LION:0080981
LION_BELOW_AVERAGE_LATERAL_DIFFUSION	PC 40:1	PC 40:1	-	LION:0080981
LION_BELOW_AVERAGE_LATERAL_DIFFUSION	PC 40:2	PC 40:2	-	LION:0080981
LION_BELOW_AVERAGE_LATERAL_DIFFUSION	PC 40:3	PC 40:3	-	LION:0080981
LION_BELOW_AVERAGE_LATERAL_DIFFUSION	PC 42:0	PC 42:0	-	LION:0080981
LION_BELOW_AVERAGE_LATERAL_DIFFUSION	PC 42:1	PC 42:1	-	LION:0080981
LION_BELOW_AVERAGE_LATERAL_DIFFUSION	PC 42:2	PC 42:2	-	LION:0080981
LION_BELOW_AVERAGE_LATERAL_DIFFUSION	PE 30:0	PE 30:0	-	LION:0080981
LION_BELOW_AVERAGE_LATERAL_DIFFUSION	PE 31:0	PE 31:0	-	LION:0080981
LION_BELOW_AVERAGE_LATERAL_DIFFUSION	PE 32:0	PE 32:0	-	LION:0080981
LION_BELOW_AVERAGE_LATERAL_DIFFUSION	PE 32:1	PE 32:1	-	LION:0080981
LION_BELOW_AVERAGE_LATERAL_DIFFUSION	PE 33:0	PE 33:0	-	LION:0080981
LION_BELOW_AVERAGE_LATERAL_DIFFUSION	PE 33:1	PE 33:1	-	LION:0080981
LION_BELOW_AVERAGE_LATERAL_DIFFUSION	PE 34:0	PE 34:0	-	LION:0080981
LION_BELOW_AVERAGE_LATERAL_DIFFUSION	PE 34:1	PE 34:1	-	LION:0080981
LION_BELOW_AVERAGE_LATERAL_DIFFUSION	PE 35:1	PE 35:1	-	LION:0080981
LION_BELOW_AVERAGE_LATERAL_DIFFUSION	PE 36:0	PE 36:0	-	LION:0080981
LION_BELOW_AVERAGE_LATERAL_DIFFUSION	PE 36:1	PE 36:1	-	LION:0080981
LION_BELOW_AVERAGE_LATERAL_DIFFUSION	PE 36:2	PE 36:2	-	LION:0080981
LION_BELOW_AVERAGE_LATERAL_DIFFUSION	PE 38:0	PE 38:0	-	LION:0080981
LION_BELOW_AVERAGE_LATERAL_DIFFUSION	PE 38:1	PE 38:1	-	LION:0080981
LION_BELOW_AVERAGE_LATERAL_DIFFUSION	PE 38:2	PE 38:2	-	LION:0080981
LION_BELOW_AVERAGE_LATERAL_DIFFUSION	PE 38:3	PE 38:3	-	LION:0080981
LION_BELOW_AVERAGE_LATERAL_DIFFUSION	PE 40:1	PE 40:1	-	LION:0080981
LION_BELOW_AVERAGE_LATERAL_DIFFUSION	PE 40:3	PE 40:3	-	LION:0080981
LION_BELOW_AVERAGE_LATERAL_DIFFUSION	PG 14:0_16:0	PG 14:0_16:0	-	LION:0080981
LION_BELOW_AVERAGE_LATERAL_DIFFUSION	PG 15:0_18:1	PG 15:0_18:1	-	LION:0080981
LION_BELOW_AVERAGE_LATERAL_DIFFUSION	PG 16:0_16:0	PG 16:0_16:0	-	LION:0080981
LION_BELOW_AVERAGE_LATERAL_DIFFUSION	PG 16:0_16:1	PG 16:0_16:1	-	LION:0080981
LION_BELOW_AVERAGE_LATERAL_DIFFUSION	PG 16:0_18:1	PG 16:0_18:1	-	LION:0080981
LION_BELOW_AVERAGE_LATERAL_DIFFUSION	PG 16:0_19:1	PG 16:0_19:1	-	LION:0080981
LION_BELOW_AVERAGE_LATERAL_DIFFUSION	PG 16:0_22:1	PG 16:0_22:1	-	LION:0080981
LION_BELOW_AVERAGE_LATERAL_DIFFUSION	PG 16:0_22:2	PG 16:0_22:2	-	LION:0080981
LION_BELOW_AVERAGE_LATERAL_DIFFUSION	PG 16:1_18:0	PG 16:1_18:0	-	LION:0080981
LION_BELOW_AVERAGE_LATERAL_DIFFUSION	PG 16:1_22:1	PG 16:1_22:1	-	LION:0080981
LION_BELOW_AVERAGE_LATERAL_DIFFUSION	PG 17:0_18:1	PG 17:0_18:1	-	LION:0080981
LION_BELOW_AVERAGE_LATERAL_DIFFUSION	PG 17:0_18:2	PG 17:0_18:2	-	LION:0080981
LION_BELOW_AVERAGE_LATERAL_DIFFUSION	PG 17:1_18:1	PG 17:1_18:1	-	LION:0080981
LION_BELOW_AVERAGE_LATERAL_DIFFUSION	PG 18:0_18:1	PG 18:0_18:1	-	LION:0080981
LION_BELOW_AVERAGE_LATERAL_DIFFUSION	PG 18:0_18:2	PG 18:0_18:2	-	LION:0080981
LION_BELOW_AVERAGE_LATERAL_DIFFUSION	PG 18:0_22:1	PG 18:0_22:1	-	LION:0080981
LION_BELOW_AVERAGE_LATERAL_DIFFUSION	PG 18:1_18:1	PG 18:1_18:1	-	LION:0080981
LION_BELOW_AVERAGE_LATERAL_DIFFUSION	PG 18:1_20:0	PG 18:1_20:0	-	LION:0080981
LION_BELOW_AVERAGE_LATERAL_DIFFUSION	PG 18:1_20:1	PG 18:1_20:1	-	LION:0080981
LION_BELOW_AVERAGE_LATERAL_DIFFUSION	PG 18:1_20:2	PG 18:1_20:2	-	LION:0080981
LION_BELOW_AVERAGE_LATERAL_DIFFUSION	PG 18:1_22:0	PG 18:1_22:0	-	LION:0080981
LION_BELOW_AVERAGE_LATERAL_DIFFUSION	PG 18:1_22:1	PG 18:1_22:1	-	LION:0080981
LION_BELOW_AVERAGE_LATERAL_DIFFUSION	PG 18:1_22:2	PG 18:1_22:2	-	LION:0080981
LION_BELOW_AVERAGE_LATERAL_DIFFUSION	PG 18:2_20:0	PG 18:2_20:0	-	LION:0080981
LION_BELOW_AVERAGE_LATERAL_DIFFUSION	PG 18:2_22:0	PG 18:2_22:0	-	LION:0080981
LION_BELOW_AVERAGE_LATERAL_DIFFUSION	PG 18:2_22:1	PG 18:2_22:1	-	LION:0080981
LION_BELOW_AVERAGE_LATERAL_DIFFUSION	PS 30:0	PS 30:0	-	LION:0080981
LION_BELOW_AVERAGE_LATERAL_DIFFUSION	PS 32:0	PS 32:0	-	LION:0080981
LION_BELOW_AVERAGE_LATERAL_DIFFUSION	PS 34:1	PS 34:1	-	LION:0080981
LION_BELOW_AVERAGE_LATERAL_DIFFUSION	PS 36:1	PS 36:1	-	LION:0080981
LION_BELOW_AVERAGE_LATERAL_DIFFUSION	PS 36:2	PS 36:2	-	LION:0080981
LION_BELOW_AVERAGE_LATERAL_DIFFUSION	PS 40:4	PS 40:4	-	LION:0080981
LION_BELOW_AVERAGE_TRANSITION_TEMPERATURE	PA 16:0_18:2	PA 16:0_18:2	-	LION:0001741
LION_BELOW_AVERAGE_TRANSITION_TEMPERATURE	PA 16:0_18:3	PA 16:0_18:3	-	LION:0001741
LION_BELOW_AVERAGE_TRANSITION_TEMPERATURE	PA 16:1_18:1	PA 16:1_18:1	-	LION:0001741
LION_BELOW_AVERAGE_TRANSITION_TEMPERATURE	PA 16:1_18:2	PA 16:1_18:2	-	LION:0001741
LION_BELOW_AVERAGE_TRANSITION_TEMPERATURE	PA 16:2_18:1	PA 16:2_18:1	-	LION:0001741
LION_BELOW_AVERAGE_TRANSITION_TEMPERATURE	PA 17:0_18:3	PA 17:0_18:3	-	LION:0001741
LION_BELOW_AVERAGE_TRANSITION_TEMPERATURE	PA 17:1_18:2	PA 17:1_18:2	-	LION:0001741
LION_BELOW_AVERAGE_TRANSITION_TEMPERATURE	PA 17:2_18:1	PA 17:2_18:1	-	LION:0001741
LION_BELOW_AVERAGE_TRANSITION_TEMPERATURE	PA 18:0_18:3	PA 18:0_18:3	-	LION:0001741
LION_BELOW_AVERAGE_TRANSITION_TEMPERATURE	PA 18:1_18:2	PA 18:1_18:2	-	LION:0001741
LION_BELOW_AVERAGE_TRANSITION_TEMPERATURE	PA 18:1_18:3	PA 18:1_18:3	-	LION:0001741
LION_BELOW_AVERAGE_TRANSITION_TEMPERATURE	PA 18:1_18:4	PA 18:1_18:4	-	LION:0001741
LION_BELOW_AVERAGE_TRANSITION_TEMPERATURE	PA 18:1_20:2	PA 18:1_20:2	-	LION:0001741
LION_BELOW_AVERAGE_TRANSITION_TEMPERATURE	PA 18:1_20:3	PA 18:1_20:3	-	LION:0001741
LION_BELOW_AVERAGE_TRANSITION_TEMPERATURE	PA 18:1_22:2	PA 18:1_22:2	-	LION:0001741
LION_BELOW_AVERAGE_TRANSITION_TEMPERATURE	PA 18:1_22:3	PA 18:1_22:3	-	LION:0001741
LION_BELOW_AVERAGE_TRANSITION_TEMPERATURE	PA 18:2_18:2	PA 18:2_18:2	-	LION:0001741
LION_BELOW_AVERAGE_TRANSITION_TEMPERATURE	PA 18:2_18:3	PA 18:2_18:3	-	LION:0001741
LION_BELOW_AVERAGE_TRANSITION_TEMPERATURE	PA 18:2_20:1	PA 18:2_20:1	-	LION:0001741
LION_BELOW_AVERAGE_TRANSITION_TEMPERATURE	PA 18:2_20:2	PA 18:2_20:2	-	LION:0001741
LION_BELOW_AVERAGE_TRANSITION_TEMPERATURE	PA 18:2_22:1	PA 18:2_22:1	-	LION:0001741
LION_BELOW_AVERAGE_TRANSITION_TEMPERATURE	PA 18:2_22:3	PA 18:2_22:3	-	LION:0001741
LION_BELOW_AVERAGE_TRANSITION_TEMPERATURE	PA 18:2_22:4	PA 18:2_22:4	-	LION:0001741
LION_BELOW_AVERAGE_TRANSITION_TEMPERATURE	PA 18:3_18:3	PA 18:3_18:3	-	LION:0001741
LION_BELOW_AVERAGE_TRANSITION_TEMPERATURE	PA 20:0_20:4	PA 20:0_20:4	-	LION:0001741
LION_BELOW_AVERAGE_TRANSITION_TEMPERATURE	PC 32:2	PC 32:2	-	LION:0001741
LION_BELOW_AVERAGE_TRANSITION_TEMPERATURE	PC 32:3	PC 32:3	-	LION:0001741
LION_BELOW_AVERAGE_TRANSITION_TEMPERATURE	PC 34:3	PC 34:3	-	LION:0001741
LION_BELOW_AVERAGE_TRANSITION_TEMPERATURE	PC 34:4	PC 34:4	-	LION:0001741
LION_BELOW_AVERAGE_TRANSITION_TEMPERATURE	PC 36:3	PC 36:3	-	LION:0001741
LION_BELOW_AVERAGE_TRANSITION_TEMPERATURE	PC 36:4	PC 36:4	-	LION:0001741
LION_BELOW_AVERAGE_TRANSITION_TEMPERATURE	PC 36:5	PC 36:5	-	LION:0001741
LION_BELOW_AVERAGE_TRANSITION_TEMPERATURE	PC 36:6	PC 36:6	-	LION:0001741
LION_BELOW_AVERAGE_TRANSITION_TEMPERATURE	PC 38:4	PC 38:4	-	LION:0001741
LION_BELOW_AVERAGE_TRANSITION_TEMPERATURE	PC 38:5	PC 38:5	-	LION:0001741
LION_BELOW_AVERAGE_TRANSITION_TEMPERATURE	PC 38:6	PC 38:6	-	LION:0001741
LION_BELOW_AVERAGE_TRANSITION_TEMPERATURE	PC 40:5	PC 40:5	-	LION:0001741
LION_BELOW_AVERAGE_TRANSITION_TEMPERATURE	PC 40:6	PC 40:6	-	LION:0001741
LION_BELOW_AVERAGE_TRANSITION_TEMPERATURE	PC 42:6	PC 42:6	-	LION:0001741
LION_BELOW_AVERAGE_TRANSITION_TEMPERATURE	PE 28:1	PE 28:1	-	LION:0001741
LION_BELOW_AVERAGE_TRANSITION_TEMPERATURE	PE 32:2	PE 32:2	-	LION:0001741
LION_BELOW_AVERAGE_TRANSITION_TEMPERATURE	PE 33:2	PE 33:2	-	LION:0001741
LION_BELOW_AVERAGE_TRANSITION_TEMPERATURE	PE 34:2	PE 34:2	-	LION:0001741
LION_BELOW_AVERAGE_TRANSITION_TEMPERATURE	PE 34:3	PE 34:3	-	LION:0001741
LION_BELOW_AVERAGE_TRANSITION_TEMPERATURE	PE 34:4	PE 34:4	-	LION:0001741
LION_BELOW_AVERAGE_TRANSITION_TEMPERATURE	PE 35:3	PE 35:3	-	LION:0001741
LION_BELOW_AVERAGE_TRANSITION_TEMPERATURE	PE 36:3	PE 36:3	-	LION:0001741
LION_BELOW_AVERAGE_TRANSITION_TEMPERATURE	PE 36:4	PE 36:4	-	LION:0001741
LION_BELOW_AVERAGE_TRANSITION_TEMPERATURE	PE 36:5	PE 36:5	-	LION:0001741
LION_BELOW_AVERAGE_TRANSITION_TEMPERATURE	PE 36:6	PE 36:6	-	LION:0001741
LION_BELOW_AVERAGE_TRANSITION_TEMPERATURE	PE 38:4	PE 38:4	-	LION:0001741
LION_BELOW_AVERAGE_TRANSITION_TEMPERATURE	PE 38:5	PE 38:5	-	LION:0001741
LION_BELOW_AVERAGE_TRANSITION_TEMPERATURE	PE 38:6	PE 38:6	-	LION:0001741
LION_BELOW_AVERAGE_TRANSITION_TEMPERATURE	PE 38:7	PE 38:7	-	LION:0001741
LION_BELOW_AVERAGE_TRANSITION_TEMPERATURE	PE 40:7	PE 40:7	-	LION:0001741
LION_BELOW_AVERAGE_TRANSITION_TEMPERATURE	PE 40:8	PE 40:8	-	LION:0001741
LION_BELOW_AVERAGE_TRANSITION_TEMPERATURE	PG 15:0_18:1	PG 15:0_18:1	-	LION:0001741
LION_BELOW_AVERAGE_TRANSITION_TEMPERATURE	PG 16:0_16:1	PG 16:0_16:1	-	LION:0001741
LION_BELOW_AVERAGE_TRANSITION_TEMPERATURE	PG 16:0_18:2	PG 16:0_18:2	-	LION:0001741
LION_BELOW_AVERAGE_TRANSITION_TEMPERATURE	PG 16:0_18:3	PG 16:0_18:3	-	LION:0001741
LION_BELOW_AVERAGE_TRANSITION_TEMPERATURE	PG 16:0_20:3	PG 16:0_20:3	-	LION:0001741
LION_BELOW_AVERAGE_TRANSITION_TEMPERATURE	PG 16:0_20:4	PG 16:0_20:4	-	LION:0001741
LION_BELOW_AVERAGE_TRANSITION_TEMPERATURE	PG 16:0_20:5	PG 16:0_20:5	-	LION:0001741
LION_BELOW_AVERAGE_TRANSITION_TEMPERATURE	PG 16:1_16:1	PG 16:1_16:1	-	LION:0001741
LION_BELOW_AVERAGE_TRANSITION_TEMPERATURE	PG 16:1_18:1	PG 16:1_18:1	-	LION:0001741
LION_BELOW_AVERAGE_TRANSITION_TEMPERATURE	PG 16:1_18:2	PG 16:1_18:2	-	LION:0001741
LION_BELOW_AVERAGE_TRANSITION_TEMPERATURE	PG 16:1_20:4	PG 16:1_20:4	-	LION:0001741
LION_BELOW_AVERAGE_TRANSITION_TEMPERATURE	PG 16:2_18:1	PG 16:2_18:1	-	LION:0001741
LION_BELOW_AVERAGE_TRANSITION_TEMPERATURE	PG 16:2_18:2	PG 16:2_18:2	-	LION:0001741
LION_BELOW_AVERAGE_TRANSITION_TEMPERATURE	PG 16:3_18:1	PG 16:3_18:1	-	LION:0001741
LION_BELOW_AVERAGE_TRANSITION_TEMPERATURE	PG 17:0_18:2	PG 17:0_18:2	-	LION:0001741
LION_BELOW_AVERAGE_TRANSITION_TEMPERATURE	PG 17:1_18:1	PG 17:1_18:1	-	LION:0001741
LION_BELOW_AVERAGE_TRANSITION_TEMPERATURE	PG 18:0_18:2	PG 18:0_18:2	-	LION:0001741
LION_BELOW_AVERAGE_TRANSITION_TEMPERATURE	PG 18:0_18:3	PG 18:0_18:3	-	LION:0001741
LION_BELOW_AVERAGE_TRANSITION_TEMPERATURE	PG 18:1_18:1	PG 18:1_18:1	-	LION:0001741
LION_BELOW_AVERAGE_TRANSITION_TEMPERATURE	PG 18:1_18:2	PG 18:1_18:2	-	LION:0001741
LION_BELOW_AVERAGE_TRANSITION_TEMPERATURE	PG 18:1_18:3	PG 18:1_18:3	-	LION:0001741
LION_BELOW_AVERAGE_TRANSITION_TEMPERATURE	PG 18:1_20:3	PG 18:1_20:3	-	LION:0001741
LION_BELOW_AVERAGE_TRANSITION_TEMPERATURE	PG 18:1_20:4	PG 18:1_20:4	-	LION:0001741
LION_BELOW_AVERAGE_TRANSITION_TEMPERATURE	PG 18:1_20:5	PG 18:1_20:5	-	LION:0001741
LION_BELOW_AVERAGE_TRANSITION_TEMPERATURE	PG 18:2_18:2	PG 18:2_18:2	-	LION:0001741
LION_BELOW_AVERAGE_TRANSITION_TEMPERATURE	PG 18:2_18:3	PG 18:2_18:3	-	LION:0001741
LION_BELOW_AVERAGE_TRANSITION_TEMPERATURE	PG 18:2_18:4	PG 18:2_18:4	-	LION:0001741
LION_BELOW_AVERAGE_TRANSITION_TEMPERATURE	PG 18:2_20:2	PG 18:2_20:2	-	LION:0001741
LION_BELOW_AVERAGE_TRANSITION_TEMPERATURE	PG 18:2_20:3	PG 18:2_20:3	-	LION:0001741
LION_BELOW_AVERAGE_TRANSITION_TEMPERATURE	PG 18:2_20:4	PG 18:2_20:4	-	LION:0001741
LION_BELOW_AVERAGE_TRANSITION_TEMPERATURE	PG 18:2_20:5	PG 18:2_20:5	-	LION:0001741
LION_BELOW_AVERAGE_TRANSITION_TEMPERATURE	PG 20:3_20:4	PG 20:3_20:4	-	LION:0001741
LION_BELOW_AVERAGE_TRANSITION_TEMPERATURE	PG 20:4_20:4	PG 20:4_20:4	-	LION:0001741
LION_BELOW_AVERAGE_TRANSITION_TEMPERATURE	PS 34:2	PS 34:2	-	LION:0001741
LION_BELOW_AVERAGE_TRANSITION_TEMPERATURE	PS 36:3	PS 36:3	-	LION:0001741
LION_BELOW_AVERAGE_TRANSITION_TEMPERATURE	PS 36:4	PS 36:4	-	LION:0001741
LION_BELOW_AVERAGE_TRANSITION_TEMPERATURE	PS 36:5	PS 36:5	-	LION:0001741
LION_BELOW_AVERAGE_TRANSITION_TEMPERATURE	PS 38:4	PS 38:4	-	LION:0001741
LION_BELOW_AVERAGE_TRANSITION_TEMPERATURE	PS 38:5	PS 38:5	-	LION:0001741
LION_BELOW_AVERAGE_TRANSITION_TEMPERATURE	PS 38:6	PS 38:6	-	LION:0001741
LION_BELOW_AVERAGE_TRANSITION_TEMPERATURE	PS 38:7	PS 38:7	-	LION:0001741
LION_BELOW_AVERAGE_TRANSITION_TEMPERATURE	PS 40:4	PS 40:4	-	LION:0001741
LION_BELOW_AVERAGE_TRANSITION_TEMPERATURE	PS 40:5	PS 40:5	-	LION:0001741
LION_BELOW_AVERAGE_TRANSITION_TEMPERATURE	PS 40:6	PS 40:6	-	LION:0001741
LION_BELOW_AVERAGE_TRANSITION_TEMPERATURE	PS 40:7	PS 40:7	-	LION:0001741
LION_BELOW_AVERAGE_TRANSITION_TEMPERATURE	PS 40:8	PS 40:8	-	LION:0001741
LION_C15_0	CE 15:0	CE 15:0	-	LION:0022229
LION_C15_0	LPA 15:0	LPA 15:0	-	LION:0022229
LION_C15_0	LPE 15:0	LPE 15:0	-	LION:0022229
LION_C16_1	CE 16:1	CE 16:1	-	LION:0002900
LION_C16_1	LPC 16:1	LPC 16:1	-	LION:0002900
LION_C16_1	LPE 16:1	LPE 16:1	-	LION:0002900
LION_C16_1	LPG 16:1	LPG 16:1	-	LION:0002900
LION_C16_1	LPI 16:1	LPI 16:1	-	LION:0002900
LION_C16_1	LPS 16:1	LPS 16:1	-	LION:0002900
LION_C16_1	PE P-16:0/16:1	PE P-16:0/16:1	-	LION:0002900
LION_C17_0	CE 17:0	CE 17:0	-	LION:0022231
LION_C17_0	LPC 17:0	LPC 17:0	-	LION:0022231
LION_C17_0	LPE 17:0	LPE 17:0	-	LION:0022231
LION_C17_0	LPG 17:0	LPG 17:0	-	LION:0022231
LION_C17_0	LPI 17:0	LPI 17:0	-	LION:0022231
LION_C17_1	CE 17:1	CE 17:1	-	LION:0022234
LION_C17_1	LPE 17:1	LPE 17:1	-	LION:0022234
LION_C17_1	LPG 17:1	LPG 17:1	-	LION:0022234
LION_C17_1	LPI 17:1	LPI 17:1	-	LION:0022234
LION_C18_0	CE 18:0	CE 18:0	-	LION:0002921
LION_C18_0	Cer d18:0/18:0	Cer d18:0/18:0	-	LION:0002921
LION_C18_0	Cer d18:1/18:0	Cer d18:1/18:0	-	LION:0002921
LION_C18_0	Hex-Cer d18:1/18:0	Hex-Cer d18:1/18:0	-	LION:0002921
LION_C18_0	Hex2Cer d18:1/18:0	Hex2Cer d18:1/18:0	-	LION:0002921
LION_C18_0	LPC 18:0	LPC 18:0	-	LION:0002921
LION_C18_0	LPE 18:0	LPE 18:0	-	LION:0002921
LION_C18_0	LPG 18:0	LPG 18:0	-	LION:0002921
LION_C18_0	LPI 18:0	LPI 18:0	-	LION:0002921
LION_C18_0	LPS 18:0	LPS 18:0	-	LION:0002921
LION_C18_0	PE P-18:0/18:0	PE P-18:0/18:0	-	LION:0002921
LION_C18_0	PE P-18:0/18:1	PE P-18:0/18:1	-	LION:0002921
LION_C18_0	PE P-18:0/18:2	PE P-18:0/18:2	-	LION:0002921
LION_C18_0	PE P-18:0/18:3	PE P-18:0/18:3	-	LION:0002921
LION_C18_0	PE P-18:0/19:1	PE P-18:0/19:1	-	LION:0002921
LION_C18_0	PE P-18:0/20:1	PE P-18:0/20:1	-	LION:0002921
LION_C18_0	PE P-18:0/20:2	PE P-18:0/20:2	-	LION:0002921
LION_C18_0	PE P-18:0/20:3	PE P-18:0/20:3	-	LION:0002921
LION_C18_0	PE P-18:0/20:4	PE P-18:0/20:4	-	LION:0002921
LION_C18_0	PE P-18:0/20:5	PE P-18:0/20:5	-	LION:0002921
LION_C18_0	PE P-18:0/22:1	PE P-18:0/22:1	-	LION:0002921
LION_C18_0	PE P-18:0/22:2	PE P-18:0/22:2	-	LION:0002921
LION_C18_0	PE P-18:0/22:3	PE P-18:0/22:3	-	LION:0002921
LION_C18_0	PE P-18:0/22:4	PE P-18:0/22:4	-	LION:0002921
LION_C18_0	PE P-18:0/22:5	PE P-18:0/22:5	-	LION:0002921
LION_C18_0	PE P-18:0/22:6	PE P-18:0/22:6	-	LION:0002921
LION_C18_1	CE 18:1	CE 18:1	-	LION:0002922
LION_C18_1	Cer d18:1/18:1	Cer d18:1/18:1	-	LION:0002922
LION_C18_1	Hex-Cer d18:1/18:1	Hex-Cer d18:1/18:1	-	LION:0002922
LION_C18_1	LPA 18:1	LPA 18:1	-	LION:0002922
LION_C18_1	LPC 18:1	LPC 18:1	-	LION:0002922
LION_C18_1	LPE 18:1	LPE 18:1	-	LION:0002922
LION_C18_1	LPG 18:1	LPG 18:1	-	LION:0002922
LION_C18_1	LPI 18:1	LPI 18:1	-	LION:0002922
LION_C18_1	LPS 18:1	LPS 18:1	-	LION:0002922
LION_C18_1	PE P-16:0/18:1	PE P-16:0/18:1	-	LION:0002922
LION_C18_1	PE P-18:0/18:1	PE P-18:0/18:1	-	LION:0002922
LION_C18_1	PE P-18:1/18:1	PE P-18:1/18:1	-	LION:0002922
LION_C18_1	PE P-18:1/18:2	PE P-18:1/18:2	-	LION:0002922
LION_C18_1	PE P-18:1/20:4	PE P-18:1/20:4	-	LION:0002922
LION_C18_1	PE P-18:1/20:5	PE P-18:1/20:5	-	LION:0002922
LION_C18_1	PE P-18:1/22:6	PE P-18:1/22:6	-	LION:0002922
LION_C18_2	CE 18:2	CE 18:2	-	LION:0002923
LION_C18_2	LPA 18:2	LPA 18:2	-	LION:0002923
LION_C18_2	LPC 18:2	LPC 18:2	-	LION:0002923
LION_C18_2	LPE 18:2	LPE 18:2	-	LION:0002923
LION_C18_2	LPG 18:2	LPG 18:2	-	LION:0002923
LION_C18_2	LPI 18:2	LPI 18:2	-	LION:0002923
LION_C18_2	LPS 18:2	LPS 18:2	-	LION:0002923
LION_C18_2	PE P-16:0/18:2	PE P-16:0/18:2	-	LION:0002923
LION_C18_2	PE P-18:0/18:2	PE P-18:0/18:2	-	LION:0002923
LION_C18_2	PE P-18:1/18:2	PE P-18:1/18:2	-	LION:0002923
LION_C18_3	CE 18:3	CE 18:3	-	LION:0002924
LION_C18_3	LPE 18:3	LPE 18:3	-	LION:0002924
LION_C18_3	LPI 18:3	LPI 18:3	-	LION:0002924
LION_C18_3	LPS 18:3	LPS 18:3	-	LION:0002924
LION_C18_3	PE P-16:0/18:3	PE P-16:0/18:3	-	LION:0002924
LION_C18_3	PE P-18:0/18:3	PE P-18:0/18:3	-	LION:0002924
LION_C20_0	CE 20:0	CE 20:0	-	LION:0002925
LION_C20_0	Cer d18:0/20:0	Cer d18:0/20:0	-	LION:0002925
LION_C20_0	Cer d18:1/20:0	Cer d18:1/20:0	-	LION:0002925
LION_C20_0	Hex-Cer d18:1/20:0	Hex-Cer d18:1/20:0	-	LION:0002925
LION_C20_0	Hex2Cer d18:1/20:0	Hex2Cer d18:1/20:0	-	LION:0002925
LION_C20_0	LPE 20:0	LPE 20:0	-	LION:0002925
LION_C20_0	LPS 20:0	LPS 20:0	-	LION:0002925
LION_C20_0	PE P-20:0/20:0	PE P-20:0/20:0	-	LION:0002925
LION_C20_0	PE P-20:0/20:4	PE P-20:0/20:4	-	LION:0002925
LION_C20_0	PE P-20:0/20:5	PE P-20:0/20:5	-	LION:0002925
LION_C20_1	CE 20:1	CE 20:1	-	LION:0002926
LION_C20_1	LPE 20:1	LPE 20:1	-	LION:0002926
LION_C20_1	LPG 20:1	LPG 20:1	-	LION:0002926
LION_C20_1	LPI 20:1	LPI 20:1	-	LION:0002926
LION_C20_1	LPS 20:1	LPS 20:1	-	LION:0002926
LION_C20_1	PE P-18:0/20:1	PE P-18:0/20:1	-	LION:0002926
LION_C20_3	CE 20:3	CE 20:3	-	LION:0002928
LION_C20_3	LPC 20:3	LPC 20:3	-	LION:0002928
LION_C20_3	LPE 20:3	LPE 20:3	-	LION:0002928
LION_C20_3	PE P-16:0/20:3	PE P-16:0/20:3	-	LION:0002928
LION_C20_3	PE P-18:0/20:3	PE P-18:0/20:3	-	LION:0002928
LION_C20_4	CE 20:4	CE 20:4	-	LION:0002929
LION_C20_4	LPC 20:4	LPC 20:4	-	LION:0002929
LION_C20_4	LPE 20:4	LPE 20:4	-	LION:0002929
LION_C20_4	LPI 20:4	LPI 20:4	-	LION:0002929
LION_C20_4	LPS 20:4	LPS 20:4	-	LION:0002929
LION_C20_4	PE P-16:0/20:4	PE P-16:0/20:4	-	LION:0002929
LION_C20_4	PE P-18:0/20:4	PE P-18:0/20:4	-	LION:0002929
LION_C20_4	PE P-18:1/20:4	PE P-18:1/20:4	-	LION:0002929
LION_C20_4	PE P-20:0/20:4	PE P-20:0/20:4	-	LION:0002929
LION_C20_5	CE 20:5	CE 20:5	-	LION:0002930
LION_C20_5	LPE 20:5	LPE 20:5	-	LION:0002930
LION_C20_5	LPS 20:5	LPS 20:5	-	LION:0002930
LION_C20_5	PE P-16:0/20:5	PE P-16:0/20:5	-	LION:0002930
LION_C20_5	PE P-18:0/20:5	PE P-18:0/20:5	-	LION:0002930
LION_C20_5	PE P-18:1/20:5	PE P-18:1/20:5	-	LION:0002930
LION_C20_5	PE P-20:0/20:5	PE P-20:0/20:5	-	LION:0002930
LION_C22_0	CE 22:0	CE 22:0	-	LION:0002931
LION_C22_0	Cer d18:0/22:0	Cer d18:0/22:0	-	LION:0002931
LION_C22_0	Cer d18:1/22:0	Cer d18:1/22:0	-	LION:0002931
LION_C22_0	Hex-Cer d18:1/22:0	Hex-Cer d18:1/22:0	-	LION:0002931
LION_C22_0	Hex2Cer d18:1/22:0	Hex2Cer d18:1/22:0	-	LION:0002931
LION_C22_0	LPE 22:0	LPE 22:0	-	LION:0002931
LION_C22_0	LPI 22:0	LPI 22:0	-	LION:0002931
LION_C22_0	LPS 22:0	LPS 22:0	-	LION:0002931
LION_C22_1	CE 22:1	CE 22:1	-	LION:0002932
LION_C22_1	LPE 22:1	LPE 22:1	-	LION:0002932
LION_C22_1	LPI 22:1	LPI 22:1	-	LION:0002932
LION_C22_1	PE P-18:0/22:1	PE P-18:0/22:1	-	LION:0002932
LION_C22_4	LPA 22:4	LPA 22:4	-	LION:0002935
LION_C22_4	LPE 22:4	LPE 22:4	-	LION:0002935
LION_C22_4	PE P-16:0/22:4	PE P-16:0/22:4	-	LION:0002935
LION_C22_4	PE P-18:0/22:4	PE P-18:0/22:4	-	LION:0002935
LION_C22_5	CE 22:5	CE 22:5	-	LION:0002936
LION_C22_5	LPE 22:5	LPE 22:5	-	LION:0002936
LION_C22_5	PE P-16:0/22:5	PE P-16:0/22:5	-	LION:0002936
LION_C22_5	PE P-18:0/22:5	PE P-18:0/22:5	-	LION:0002936
LION_C22_6	CE 22:6	CE 22:6	-	LION:0002937
LION_C22_6	LPE 22:6	LPE 22:6	-	LION:0002937
LION_C22_6	LPS 22:6	LPS 22:6	-	LION:0002937
LION_C22_6	PE P-16:0/22:6	PE P-16:0/22:6	-	LION:0002937
LION_C22_6	PE P-18:0/22:6	PE P-18:0/22:6	-	LION:0002937
LION_C22_6	PE P-18:1/22:6	PE P-18:1/22:6	-	LION:0002937
LION_C24_0	Cer d18:0/24:0	Cer d18:0/24:0	-	LION:0002938
LION_C24_0	Cer d18:1/24:0	Cer d18:1/24:0	-	LION:0002938
LION_C24_0	Hex-Cer d18:1/24:0	Hex-Cer d18:1/24:0	-	LION:0002938
LION_C24_0	Hex2Cer d18:1/24:0	Hex2Cer d18:1/24:0	-	LION:0002938
LION_C24_1	Cer d18:0/24:1	Cer d18:0/24:1	-	LION:0002939
LION_C24_1	Cer d18:1/24:1	Cer d18:1/24:1	-	LION:0002939
LION_C24_1	Hex-Cer d18:1/24:1	Hex-Cer d18:1/24:1	-	LION:0002939
LION_C24_1	Hex2Cer d18:1/24:1	Hex2Cer d18:1/24:1	-	LION:0002939
LION_C26_0	Cer d18:1/26:0	Cer d18:1/26:0	-	LION:0002979
LION_C26_0	Hex-Cer d18:1/26:0	Hex-Cer d18:1/26:0	-	LION:0002979
LION_C26_0	Hex2Cer d18:1/26:0	Hex2Cer d18:1/26:0	-	LION:0002979
LION_C26_1	Cer d18:0/26:1	Cer d18:0/26:1	-	LION:0002981
LION_C26_1	Cer d18:1/26:1	Cer d18:1/26:1	-	LION:0002981
LION_C26_1	Hex-Cer d18:1/26:1	Hex-Cer d18:1/26:1	-	LION:0002981
LION_C26_1	Hex2Cer d18:1/26:1	Hex2Cer d18:1/26:1	-	LION:0002981
LION_CERAMIDES	Cer d16:1/18:0	Cer d16:1/18:0	-	LION:0000077
LION_CERAMIDES	Cer d16:1/20:0	Cer d16:1/20:0	-	LION:0000077
LION_CERAMIDES	Cer d16:1/22:0	Cer d16:1/22:0	-	LION:0000077
LION_CERAMIDES	Cer d16:1/23:0	Cer d16:1/23:0	-	LION:0000077
LION_CERAMIDES	Cer d16:1/24:0	Cer d16:1/24:0	-	LION:0000077
LION_CERAMIDES	Cer d18:0/18:0	Cer d18:0/18:0	-	LION:0000077
LION_CERAMIDES	Cer d18:0/18:0-OH	Cer d18:0/18:0-OH	-	LION:0000077
LION_CERAMIDES	Cer d18:0/20:0	Cer d18:0/20:0	-	LION:0000077
LION_CERAMIDES	Cer d18:0/22:0	Cer d18:0/22:0	-	LION:0000077
LION_CERAMIDES	Cer d18:0/24:0	Cer d18:0/24:0	-	LION:0000077
LION_CERAMIDES	Cer d18:0/24:1	Cer d18:0/24:1	-	LION:0000077
LION_CERAMIDES	Cer d18:0/26:1	Cer d18:0/26:1	-	LION:0000077
LION_CERAMIDES	Cer d18:0/26:1-OH	Cer d18:0/26:1-OH	-	LION:0000077
LION_CERAMIDES	Cer d18:1/14:0	Cer d18:1/14:0	-	LION:0000077
LION_CERAMIDES	Cer d18:1/16:0	Cer d18:1/16:0	-	LION:0000077
LION_CERAMIDES	Cer d18:1/18:0	Cer d18:1/18:0	-	LION:0000077
LION_CERAMIDES	Cer d18:1/18:0-OH	Cer d18:1/18:0-OH	-	LION:0000077
LION_CERAMIDES	Cer d18:1/18:1	Cer d18:1/18:1	-	LION:0000077
LION_CERAMIDES	Cer d18:1/20:0	Cer d18:1/20:0	-	LION:0000077
LION_CERAMIDES	Cer d18:1/20:0-OH	Cer d18:1/20:0-OH	-	LION:0000077
LION_CERAMIDES	Cer d18:1/22:0	Cer d18:1/22:0	-	LION:0000077
LION_CERAMIDES	Cer d18:1/23:0	Cer d18:1/23:0	-	LION:0000077
LION_CERAMIDES	Cer d18:1/24:0	Cer d18:1/24:0	-	LION:0000077
LION_CERAMIDES	Cer d18:1/24:1	Cer d18:1/24:1	-	LION:0000077
LION_CERAMIDES	Cer d18:1/25:0	Cer d18:1/25:0	-	LION:0000077
LION_CERAMIDES	Cer d18:1/26:0	Cer d18:1/26:0	-	LION:0000077
LION_CERAMIDES	Cer d18:1/26:1	Cer d18:1/26:1	-	LION:0000077
LION_CERAMIDES	Cer d18:2/14:0	Cer d18:2/14:0	-	LION:0000077
LION_CERAMIDES	Cer d18:2/16:0	Cer d18:2/16:0	-	LION:0000077
LION_CERAMIDES	Cer d18:2/18:0	Cer d18:2/18:0	-	LION:0000077
LION_CERAMIDES	Cer d18:2/18:1	Cer d18:2/18:1	-	LION:0000077
LION_CERAMIDES	Cer d18:2/20:0	Cer d18:2/20:0	-	LION:0000077
LION_CERAMIDES	Cer d18:2/22:0	Cer d18:2/22:0	-	LION:0000077
LION_CERAMIDES	Cer d18:2/23:0	Cer d18:2/23:0	-	LION:0000077
LION_CERAMIDES	Cer d18:2/24:0	Cer d18:2/24:0	-	LION:0000077
LION_CERAMIDES	Cer d18:2/24:1	Cer d18:2/24:1	-	LION:0000077
LION_DIACYLGLYCEROPHOSPHATES	PA 14:0_14:1	PA 14:0_14:1	-	LION:0000069
LION_DIACYLGLYCEROPHOSPHATES	PA 16:0_18:1	PA 16:0_18:1	-	LION:0000069
LION_DIACYLGLYCEROPHOSPHATES	PA 16:0_18:2	PA 16:0_18:2	-	LION:0000069
LION_DIACYLGLYCEROPHOSPHATES	PA 16:0_18:3	PA 16:0_18:3	-	LION:0000069
LION_DIACYLGLYCEROPHOSPHATES	PA 16:0_19:2	PA 16:0_19:2	-	LION:0000069
LION_DIACYLGLYCEROPHOSPHATES	PA 16:1_18:1	PA 16:1_18:1	-	LION:0000069
LION_DIACYLGLYCEROPHOSPHATES	PA 16:1_18:2	PA 16:1_18:2	-	LION:0000069
LION_DIACYLGLYCEROPHOSPHATES	PA 16:1_22:0	PA 16:1_22:0	-	LION:0000069
LION_DIACYLGLYCEROPHOSPHATES	PA 16:2_18:1	PA 16:2_18:1	-	LION:0000069
LION_DIACYLGLYCEROPHOSPHATES	PA 17:0_18:1	PA 17:0_18:1	-	LION:0000069
LION_DIACYLGLYCEROPHOSPHATES	PA 17:0_18:2	PA 17:0_18:2	-	LION:0000069
LION_DIACYLGLYCEROPHOSPHATES	PA 17:0_18:3	PA 17:0_18:3	-	LION:0000069
LION_DIACYLGLYCEROPHOSPHATES	PA 17:1_18:1	PA 17:1_18:1	-	LION:0000069
LION_DIACYLGLYCEROPHOSPHATES	PA 17:1_18:2	PA 17:1_18:2	-	LION:0000069
LION_DIACYLGLYCEROPHOSPHATES	PA 17:2_18:1	PA 17:2_18:1	-	LION:0000069
LION_DIACYLGLYCEROPHOSPHATES	PA 18:0_18:1	PA 18:0_18:1	-	LION:0000069
LION_DIACYLGLYCEROPHOSPHATES	PA 18:0_18:2	PA 18:0_18:2	-	LION:0000069
LION_DIACYLGLYCEROPHOSPHATES	PA 18:0_18:3	PA 18:0_18:3	-	LION:0000069
LION_DIACYLGLYCEROPHOSPHATES	PA 18:1_18:1	PA 18:1_18:1	-	LION:0000069
LION_DIACYLGLYCEROPHOSPHATES	PA 18:1_18:2	PA 18:1_18:2	-	LION:0000069
LION_DIACYLGLYCEROPHOSPHATES	PA 18:1_18:3	PA 18:1_18:3	-	LION:0000069
LION_DIACYLGLYCEROPHOSPHATES	PA 18:1_18:4	PA 18:1_18:4	-	LION:0000069
LION_DIACYLGLYCEROPHOSPHATES	PA 18:1_20:0	PA 18:1_20:0	-	LION:0000069
LION_DIACYLGLYCEROPHOSPHATES	PA 18:1_20:1	PA 18:1_20:1	-	LION:0000069
LION_DIACYLGLYCEROPHOSPHATES	PA 18:1_20:2	PA 18:1_20:2	-	LION:0000069
LION_DIACYLGLYCEROPHOSPHATES	PA 18:1_20:3	PA 18:1_20:3	-	LION:0000069
LION_DIACYLGLYCEROPHOSPHATES	PA 18:1_22:0	PA 18:1_22:0	-	LION:0000069
LION_DIACYLGLYCEROPHOSPHATES	PA 18:1_22:1	PA 18:1_22:1	-	LION:0000069
LION_DIACYLGLYCEROPHOSPHATES	PA 18:1_22:2	PA 18:1_22:2	-	LION:0000069
LION_DIACYLGLYCEROPHOSPHATES	PA 18:1_22:3	PA 18:1_22:3	-	LION:0000069
LION_DIACYLGLYCEROPHOSPHATES	PA 18:2_18:2	PA 18:2_18:2	-	LION:0000069
LION_DIACYLGLYCEROPHOSPHATES	PA 18:2_18:3	PA 18:2_18:3	-	LION:0000069
LION_DIACYLGLYCEROPHOSPHATES	PA 18:2_20:0	PA 18:2_20:0	-	LION:0000069
LION_DIACYLGLYCEROPHOSPHATES	PA 18:2_20:1	PA 18:2_20:1	-	LION:0000069
LION_DIACYLGLYCEROPHOSPHATES	PA 18:2_20:2	PA 18:2_20:2	-	LION:0000069
LION_DIACYLGLYCEROPHOSPHATES	PA 18:2_22:0	PA 18:2_22:0	-	LION:0000069
LION_DIACYLGLYCEROPHOSPHATES	PA 18:2_22:1	PA 18:2_22:1	-	LION:0000069
LION_DIACYLGLYCEROPHOSPHATES	PA 18:2_22:3	PA 18:2_22:3	-	LION:0000069
LION_DIACYLGLYCEROPHOSPHATES	PA 18:2_22:4	PA 18:2_22:4	-	LION:0000069
LION_DIACYLGLYCEROPHOSPHATES	PA 18:3_18:3	PA 18:3_18:3	-	LION:0000069
LION_DIACYLGLYCEROPHOSPHATES	PA 20:0_20:4	PA 20:0_20:4	-	LION:0000069
LION_DIACYLGLYCEROPHOSPHOCHOLINES	PC 24:0	PC 24:0	-	LION:0000030
LION_DIACYLGLYCEROPHOSPHOCHOLINES	PC 26:0	PC 26:0	-	LION:0000030
LION_DIACYLGLYCEROPHOSPHOCHOLINES	PC 28:1	PC 28:1	-	LION:0000030
LION_DIACYLGLYCEROPHOSPHOCHOLINES	PC 30:0	PC 30:0	-	LION:0000030
LION_DIACYLGLYCEROPHOSPHOCHOLINES	PC 32:0	PC 32:0	-	LION:0000030
LION_DIACYLGLYCEROPHOSPHOCHOLINES	PC 32:1	PC 32:1	-	LION:0000030
LION_DIACYLGLYCEROPHOSPHOCHOLINES	PC 32:2	PC 32:2	-	LION:0000030
LION_DIACYLGLYCEROPHOSPHOCHOLINES	PC 32:3	PC 32:3	-	LION:0000030
LION_DIACYLGLYCEROPHOSPHOCHOLINES	PC 34:1	PC 34:1	-	LION:0000030
LION_DIACYLGLYCEROPHOSPHOCHOLINES	PC 34:2	PC 34:2	-	LION:0000030
LION_DIACYLGLYCEROPHOSPHOCHOLINES	PC 34:3	PC 34:3	-	LION:0000030
LION_DIACYLGLYCEROPHOSPHOCHOLINES	PC 34:4	PC 34:4	-	LION:0000030
LION_DIACYLGLYCEROPHOSPHOCHOLINES	PC 36:0	PC 36:0	-	LION:0000030
LION_DIACYLGLYCEROPHOSPHOCHOLINES	PC 36:1	PC 36:1	-	LION:0000030
LION_DIACYLGLYCEROPHOSPHOCHOLINES	PC 36:2	PC 36:2	-	LION:0000030
LION_DIACYLGLYCEROPHOSPHOCHOLINES	PC 36:3	PC 36:3	-	LION:0000030
LION_DIACYLGLYCEROPHOSPHOCHOLINES	PC 36:4	PC 36:4	-	LION:0000030
LION_DIACYLGLYCEROPHOSPHOCHOLINES	PC 36:5	PC 36:5	-	LION:0000030
LION_DIACYLGLYCEROPHOSPHOCHOLINES	PC 36:6	PC 36:6	-	LION:0000030
LION_DIACYLGLYCEROPHOSPHOCHOLINES	PC 38:0	PC 38:0	-	LION:0000030
LION_DIACYLGLYCEROPHOSPHOCHOLINES	PC 38:3	PC 38:3	-	LION:0000030
LION_DIACYLGLYCEROPHOSPHOCHOLINES	PC 38:4	PC 38:4	-	LION:0000030
LION_DIACYLGLYCEROPHOSPHOCHOLINES	PC 38:5	PC 38:5	-	LION:0000030
LION_DIACYLGLYCEROPHOSPHOCHOLINES	PC 38:6	PC 38:6	-	LION:0000030
LION_DIACYLGLYCEROPHOSPHOCHOLINES	PC 40:1	PC 40:1	-	LION:0000030
LION_DIACYLGLYCEROPHOSPHOCHOLINES	PC 40:2	PC 40:2	-	LION:0000030
LION_DIACYLGLYCEROPHOSPHOCHOLINES	PC 40:3	PC 40:3	-	LION:0000030
LION_DIACYLGLYCEROPHOSPHOCHOLINES	PC 40:4	PC 40:4	-	LION:0000030
LION_DIACYLGLYCEROPHOSPHOCHOLINES	PC 40:5	PC 40:5	-	LION:0000030
LION_DIACYLGLYCEROPHOSPHOCHOLINES	PC 40:6	PC 40:6	-	LION:0000030
LION_DIACYLGLYCEROPHOSPHOCHOLINES	PC 42:0	PC 42:0	-	LION:0000030
LION_DIACYLGLYCEROPHOSPHOCHOLINES	PC 42:1	PC 42:1	-	LION:0000030
LION_DIACYLGLYCEROPHOSPHOCHOLINES	PC 42:2	PC 42:2	-	LION:0000030
LION_DIACYLGLYCEROPHOSPHOCHOLINES	PC 42:4	PC 42:4	-	LION:0000030
LION_DIACYLGLYCEROPHOSPHOCHOLINES	PC 42:5	PC 42:5	-	LION:0000030
LION_DIACYLGLYCEROPHOSPHOCHOLINES	PC 42:6	PC 42:6	-	LION:0000030
LION_DIACYLGLYCEROPHOSPHOETHANOLAMINES	PE 28:0	PE 28:0	-	LION:0000038
LION_DIACYLGLYCEROPHOSPHOETHANOLAMINES	PE 28:1	PE 28:1	-	LION:0000038
LION_DIACYLGLYCEROPHOSPHOETHANOLAMINES	PE 30:0	PE 30:0	-	LION:0000038
LION_DIACYLGLYCEROPHOSPHOETHANOLAMINES	PE 30:1	PE 30:1	-	LION:0000038
LION_DIACYLGLYCEROPHOSPHOETHANOLAMINES	PE 31:0	PE 31:0	-	LION:0000038
LION_DIACYLGLYCEROPHOSPHOETHANOLAMINES	PE 32:0	PE 32:0	-	LION:0000038
LION_DIACYLGLYCEROPHOSPHOETHANOLAMINES	PE 32:1	PE 32:1	-	LION:0000038
LION_DIACYLGLYCEROPHOSPHOETHANOLAMINES	PE 32:2	PE 32:2	-	LION:0000038
LION_DIACYLGLYCEROPHOSPHOETHANOLAMINES	PE 33:0	PE 33:0	-	LION:0000038
LION_DIACYLGLYCEROPHOSPHOETHANOLAMINES	PE 33:1	PE 33:1	-	LION:0000038
LION_DIACYLGLYCEROPHOSPHOETHANOLAMINES	PE 33:2	PE 33:2	-	LION:0000038
LION_DIACYLGLYCEROPHOSPHOETHANOLAMINES	PE 34:0	PE 34:0	-	LION:0000038
LION_DIACYLGLYCEROPHOSPHOETHANOLAMINES	PE 34:1	PE 34:1	-	LION:0000038
LION_DIACYLGLYCEROPHOSPHOETHANOLAMINES	PE 34:2	PE 34:2	-	LION:0000038
LION_DIACYLGLYCEROPHOSPHOETHANOLAMINES	PE 34:3	PE 34:3	-	LION:0000038
LION_DIACYLGLYCEROPHOSPHOETHANOLAMINES	PE 34:4	PE 34:4	-	LION:0000038
LION_DIACYLGLYCEROPHOSPHOETHANOLAMINES	PE 35:1	PE 35:1	-	LION:0000038
LION_DIACYLGLYCEROPHOSPHOETHANOLAMINES	PE 35:2	PE 35:2	-	LION:0000038
LION_DIACYLGLYCEROPHOSPHOETHANOLAMINES	PE 35:3	PE 35:3	-	LION:0000038
LION_DIACYLGLYCEROPHOSPHOETHANOLAMINES	PE 36:0	PE 36:0	-	LION:0000038
LION_DIACYLGLYCEROPHOSPHOETHANOLAMINES	PE 36:1	PE 36:1	-	LION:0000038
LION_DIACYLGLYCEROPHOSPHOETHANOLAMINES	PE 36:2	PE 36:2	-	LION:0000038
LION_DIACYLGLYCEROPHOSPHOETHANOLAMINES	PE 36:3	PE 36:3	-	LION:0000038
LION_DIACYLGLYCEROPHOSPHOETHANOLAMINES	PE 36:4	PE 36:4	-	LION:0000038
LION_DIACYLGLYCEROPHOSPHOETHANOLAMINES	PE 36:5	PE 36:5	-	LION:0000038
LION_DIACYLGLYCEROPHOSPHOETHANOLAMINES	PE 36:6	PE 36:6	-	LION:0000038
LION_DIACYLGLYCEROPHOSPHOETHANOLAMINES	PE 38:0	PE 38:0	-	LION:0000038
LION_DIACYLGLYCEROPHOSPHOETHANOLAMINES	PE 38:1	PE 38:1	-	LION:0000038
LION_DIACYLGLYCEROPHOSPHOETHANOLAMINES	PE 38:2	PE 38:2	-	LION:0000038
LION_DIACYLGLYCEROPHOSPHOETHANOLAMINES	PE 38:3	PE 38:3	-	LION:0000038
LION_DIACYLGLYCEROPHOSPHOETHANOLAMINES	PE 38:4	PE 38:4	-	LION:0000038
LION_DIACYLGLYCEROPHOSPHOETHANOLAMINES	PE 38:5	PE 38:5	-	LION:0000038
LION_DIACYLGLYCEROPHOSPHOETHANOLAMINES	PE 38:6	PE 38:6	-	LION:0000038
LION_DIACYLGLYCEROPHOSPHOETHANOLAMINES	PE 38:7	PE 38:7	-	LION:0000038
LION_DIACYLGLYCEROPHOSPHOETHANOLAMINES	PE 40:1	PE 40:1	-	LION:0000038
LION_DIACYLGLYCEROPHOSPHOETHANOLAMINES	PE 40:3	PE 40:3	-	LION:0000038
LION_DIACYLGLYCEROPHOSPHOETHANOLAMINES	PE 40:4	PE 40:4	-	LION:0000038
LION_DIACYLGLYCEROPHOSPHOETHANOLAMINES	PE 40:5	PE 40:5	-	LION:0000038
LION_DIACYLGLYCEROPHOSPHOETHANOLAMINES	PE 40:6	PE 40:6	-	LION:0000038
LION_DIACYLGLYCEROPHOSPHOETHANOLAMINES	PE 40:7	PE 40:7	-	LION:0000038
LION_DIACYLGLYCEROPHOSPHOETHANOLAMINES	PE 40:8	PE 40:8	-	LION:0000038
LION_DIACYLGLYCEROPHOSPHOETHANOLAMINES	PE 42:7	PE 42:7	-	LION:0000038
LION_DIACYLGLYCEROPHOSPHOETHANOLAMINES	PE 42:8	PE 42:8	-	LION:0000038
LION_DIACYLGLYCEROPHOSPHOETHANOLAMINES	PE 44:11	PE 44:11	-	LION:0000038
LION_DIACYLGLYCEROPHOSPHOETHANOLAMINES	PE 44:12	PE 44:12	-	LION:0000038
LION_DIACYLGLYCEROPHOSPHOETHANOLAMINES	PE 44:6	PE 44:6	-	LION:0000038
LION_DIACYLGLYCEROPHOSPHOETHANOLAMINES	PE 44:7	PE 44:7	-	LION:0000038
LION_DIACYLGLYCEROPHOSPHOGLYCEROLS	PG 14:0_16:0	PG 14:0_16:0	-	LION:0000059
LION_DIACYLGLYCEROPHOSPHOGLYCEROLS	PG 15:0_18:1	PG 15:0_18:1	-	LION:0000059
LION_DIACYLGLYCEROPHOSPHOGLYCEROLS	PG 16:0_16:0	PG 16:0_16:0	-	LION:0000059
LION_DIACYLGLYCEROPHOSPHOGLYCEROLS	PG 16:0_16:1	PG 16:0_16:1	-	LION:0000059
LION_DIACYLGLYCEROPHOSPHOGLYCEROLS	PG 16:0_18:1	PG 16:0_18:1	-	LION:0000059
LION_DIACYLGLYCEROPHOSPHOGLYCEROLS	PG 16:0_18:2	PG 16:0_18:2	-	LION:0000059
LION_DIACYLGLYCEROPHOSPHOGLYCEROLS	PG 16:0_18:3	PG 16:0_18:3	-	LION:0000059
LION_DIACYLGLYCEROPHOSPHOGLYCEROLS	PG 16:0_19:1	PG 16:0_19:1	-	LION:0000059
LION_DIACYLGLYCEROPHOSPHOGLYCEROLS	PG 16:0_20:3	PG 16:0_20:3	-	LION:0000059
LION_DIACYLGLYCEROPHOSPHOGLYCEROLS	PG 16:0_20:4	PG 16:0_20:4	-	LION:0000059
LION_DIACYLGLYCEROPHOSPHOGLYCEROLS	PG 16:0_20:5	PG 16:0_20:5	-	LION:0000059
LION_DIACYLGLYCEROPHOSPHOGLYCEROLS	PG 16:0_22:1	PG 16:0_22:1	-	LION:0000059
LION_DIACYLGLYCEROPHOSPHOGLYCEROLS	PG 16:0_22:2	PG 16:0_22:2	-	LION:0000059
LION_DIACYLGLYCEROPHOSPHOGLYCEROLS	PG 16:1_16:1	PG 16:1_16:1	-	LION:0000059
LION_DIACYLGLYCEROPHOSPHOGLYCEROLS	PG 16:1_18:0	PG 16:1_18:0	-	LION:0000059
LION_DIACYLGLYCEROPHOSPHOGLYCEROLS	PG 16:1_18:1	PG 16:1_18:1	-	LION:0000059
LION_DIACYLGLYCEROPHOSPHOGLYCEROLS	PG 16:1_18:2	PG 16:1_18:2	-	LION:0000059
LION_DIACYLGLYCEROPHOSPHOGLYCEROLS	PG 16:1_20:4	PG 16:1_20:4	-	LION:0000059
LION_DIACYLGLYCEROPHOSPHOGLYCEROLS	PG 16:1_22:1	PG 16:1_22:1	-	LION:0000059
LION_DIACYLGLYCEROPHOSPHOGLYCEROLS	PG 16:2_18:1	PG 16:2_18:1	-	LION:0000059
LION_DIACYLGLYCEROPHOSPHOGLYCEROLS	PG 16:2_18:2	PG 16:2_18:2	-	LION:0000059
LION_DIACYLGLYCEROPHOSPHOGLYCEROLS	PG 16:3_18:1	PG 16:3_18:1	-	LION:0000059
LION_DIACYLGLYCEROPHOSPHOGLYCEROLS	PG 17:0_18:1	PG 17:0_18:1	-	LION:0000059
LION_DIACYLGLYCEROPHOSPHOGLYCEROLS	PG 17:0_18:2	PG 17:0_18:2	-	LION:0000059
LION_DIACYLGLYCEROPHOSPHOGLYCEROLS	PG 17:1_18:1	PG 17:1_18:1	-	LION:0000059
LION_DIACYLGLYCEROPHOSPHOGLYCEROLS	PG 18:0_18:1	PG 18:0_18:1	-	LION:0000059
LION_DIACYLGLYCEROPHOSPHOGLYCEROLS	PG 18:0_18:2	PG 18:0_18:2	-	LION:0000059
LION_DIACYLGLYCEROPHOSPHOGLYCEROLS	PG 18:0_18:3	PG 18:0_18:3	-	LION:0000059
LION_DIACYLGLYCEROPHOSPHOGLYCEROLS	PG 18:0_22:1	PG 18:0_22:1	-	LION:0000059
LION_DIACYLGLYCEROPHOSPHOGLYCEROLS	PG 18:1_18:1	PG 18:1_18:1	-	LION:0000059
LION_DIACYLGLYCEROPHOSPHOGLYCEROLS	PG 18:1_18:2	PG 18:1_18:2	-	LION:0000059
LION_DIACYLGLYCEROPHOSPHOGLYCEROLS	PG 18:1_18:3	PG 18:1_18:3	-	LION:0000059
LION_DIACYLGLYCEROPHOSPHOGLYCEROLS	PG 18:1_20:0	PG 18:1_20:0	-	LION:0000059
LION_DIACYLGLYCEROPHOSPHOGLYCEROLS	PG 18:1_20:1	PG 18:1_20:1	-	LION:0000059
LION_DIACYLGLYCEROPHOSPHOGLYCEROLS	PG 18:1_20:2	PG 18:1_20:2	-	LION:0000059
LION_DIACYLGLYCEROPHOSPHOGLYCEROLS	PG 18:1_20:3	PG 18:1_20:3	-	LION:0000059
LION_DIACYLGLYCEROPHOSPHOGLYCEROLS	PG 18:1_20:4	PG 18:1_20:4	-	LION:0000059
LION_DIACYLGLYCEROPHOSPHOGLYCEROLS	PG 18:1_20:5	PG 18:1_20:5	-	LION:0000059
LION_DIACYLGLYCEROPHOSPHOGLYCEROLS	PG 18:1_22:0	PG 18:1_22:0	-	LION:0000059
LION_DIACYLGLYCEROPHOSPHOGLYCEROLS	PG 18:1_22:1	PG 18:1_22:1	-	LION:0000059
LION_DIACYLGLYCEROPHOSPHOGLYCEROLS	PG 18:1_22:2	PG 18:1_22:2	-	LION:0000059
LION_DIACYLGLYCEROPHOSPHOGLYCEROLS	PG 18:1_22:3	PG 18:1_22:3	-	LION:0000059
LION_DIACYLGLYCEROPHOSPHOGLYCEROLS	PG 18:1_22:4	PG 18:1_22:4	-	LION:0000059
LION_DIACYLGLYCEROPHOSPHOGLYCEROLS	PG 18:1_22:5	PG 18:1_22:5	-	LION:0000059
LION_DIACYLGLYCEROPHOSPHOGLYCEROLS	PG 18:2_18:2	PG 18:2_18:2	-	LION:0000059
LION_DIACYLGLYCEROPHOSPHOGLYCEROLS	PG 18:2_18:3	PG 18:2_18:3	-	LION:0000059
LION_DIACYLGLYCEROPHOSPHOGLYCEROLS	PG 18:2_18:4	PG 18:2_18:4	-	LION:0000059
LION_DIACYLGLYCEROPHOSPHOGLYCEROLS	PG 18:2_20:0	PG 18:2_20:0	-	LION:0000059
LION_DIACYLGLYCEROPHOSPHOGLYCEROLS	PG 18:2_20:2	PG 18:2_20:2	-	LION:0000059
LION_DIACYLGLYCEROPHOSPHOGLYCEROLS	PG 18:2_20:3	PG 18:2_20:3	-	LION:0000059
LION_DIACYLGLYCEROPHOSPHOGLYCEROLS	PG 18:2_20:4	PG 18:2_20:4	-	LION:0000059
LION_DIACYLGLYCEROPHOSPHOGLYCEROLS	PG 18:2_20:5	PG 18:2_20:5	-	LION:0000059
LION_DIACYLGLYCEROPHOSPHOGLYCEROLS	PG 18:2_22:0	PG 18:2_22:0	-	LION:0000059
LION_DIACYLGLYCEROPHOSPHOGLYCEROLS	PG 18:2_22:1	PG 18:2_22:1	-	LION:0000059
LION_DIACYLGLYCEROPHOSPHOGLYCEROLS	PG 18:2_22:3	PG 18:2_22:3	-	LION:0000059
LION_DIACYLGLYCEROPHOSPHOGLYCEROLS	PG 18:2_22:4	PG 18:2_22:4	-	LION:0000059
LION_DIACYLGLYCEROPHOSPHOGLYCEROLS	PG 20:3_20:4	PG 20:3_20:4	-	LION:0000059
LION_DIACYLGLYCEROPHOSPHOGLYCEROLS	PG 20:4_20:4	PG 20:4_20:4	-	LION:0000059
LION_DIACYLGLYCEROPHOSPHOGLYCEROLS	PG 20:4_22:1	PG 20:4_22:1	-	LION:0000059
LION_DIACYLGLYCEROPHOSPHOGLYCEROLS	PG 20:4_22:3	PG 20:4_22:3	-	LION:0000059
LION_DIACYLGLYCEROPHOSPHOGLYCEROLS	PG 20:4_22:4	PG 20:4_22:4	-	LION:0000059
LION_DIACYLGLYCEROPHOSPHOGLYCEROLS	PG 22:4_22:6	PG 22:4_22:6	-	LION:0000059
LION_DIACYLGLYCEROPHOSPHOGLYCEROLS	PG 22:5_22:6	PG 22:5_22:6	-	LION:0000059
LION_DIACYLGLYCEROPHOSPHOGLYCEROLS	PG 22:6_22:6	PG 22:6_22:6	-	LION:0000059
LION_DIACYLGLYCEROPHOSPHOINOSITOLS	PI 14:0_18:1	PI 14:0_18:1	-	LION:0000047
LION_DIACYLGLYCEROPHOSPHOINOSITOLS	PI 14:0_18:2	PI 14:0_18:2	-	LION:0000047
LION_DIACYLGLYCEROPHOSPHOINOSITOLS	PI 15:0_16:0	PI 15:0_16:0	-	LION:0000047
LION_DIACYLGLYCEROPHOSPHOINOSITOLS	PI 15:1_16:0	PI 15:1_16:0	-	LION:0000047
LION_DIACYLGLYCEROPHOSPHOINOSITOLS	PI 16:0_16:0	PI 16:0_16:0	-	LION:0000047
LION_DIACYLGLYCEROPHOSPHOINOSITOLS	PI 16:0_17:0	PI 16:0_17:0	-	LION:0000047
LION_DIACYLGLYCEROPHOSPHOINOSITOLS	PI 16:0_17:1	PI 16:0_17:1	-	LION:0000047
LION_DIACYLGLYCEROPHOSPHOINOSITOLS	PI 16:0_17:2	PI 16:0_17:2	-	LION:0000047
LION_DIACYLGLYCEROPHOSPHOINOSITOLS	PI 16:0_18:1	PI 16:0_18:1	-	LION:0000047
LION_DIACYLGLYCEROPHOSPHOINOSITOLS	PI 16:0_18:2	PI 16:0_18:2	-	LION:0000047
LION_DIACYLGLYCEROPHOSPHOINOSITOLS	PI 16:0_18:3	PI 16:0_18:3	-	LION:0000047
LION_DIACYLGLYCEROPHOSPHOINOSITOLS	PI 16:0_20:0	PI 16:0_20:0	-	LION:0000047
LION_DIACYLGLYCEROPHOSPHOINOSITOLS	PI 16:0_20:3	PI 16:0_20:3	-	LION:0000047
LION_DIACYLGLYCEROPHOSPHOINOSITOLS	PI 16:0_20:4	PI 16:0_20:4	-	LION:0000047
LION_DIACYLGLYCEROPHOSPHOINOSITOLS	PI 16:0_22:1	PI 16:0_22:1	-	LION:0000047
LION_DIACYLGLYCEROPHOSPHOINOSITOLS	PI 16:1_18:0	PI 16:1_18:0	-	LION:0000047
LION_DIACYLGLYCEROPHOSPHOINOSITOLS	PI 16:1_18:1	PI 16:1_18:1	-	LION:0000047
LION_DIACYLGLYCEROPHOSPHOINOSITOLS	PI 16:1_18:2	PI 16:1_18:2	-	LION:0000047
LION_DIACYLGLYCEROPHOSPHOINOSITOLS	PI 17:0_18:1	PI 17:0_18:1	-	LION:0000047
LION_DIACYLGLYCEROPHOSPHOINOSITOLS	PI 17:1_18:1	PI 17:1_18:1	-	LION:0000047
LION_DIACYLGLYCEROPHOSPHOINOSITOLS	PI 17:1_18:2	PI 17:1_18:2	-	LION:0000047
LION_DIACYLGLYCEROPHOSPHOINOSITOLS	PI 18:0_18:0	PI 18:0_18:0	-	LION:0000047
LION_DIACYLGLYCEROPHOSPHOINOSITOLS	PI 18:0_18:1	PI 18:0_18:1	-	LION:0000047
LION_DIACYLGLYCEROPHOSPHOINOSITOLS	PI 18:0_18:2	PI 18:0_18:2	-	LION:0000047
LION_DIACYLGLYCEROPHOSPHOINOSITOLS	PI 18:0_18:3	PI 18:0_18:3	-	LION:0000047
LION_DIACYLGLYCEROPHOSPHOINOSITOLS	PI 18:0_20:0	PI 18:0_20:0	-	LION:0000047
LION_DIACYLGLYCEROPHOSPHOINOSITOLS	PI 18:0_20:3	PI 18:0_20:3	-	LION:0000047
LION_DIACYLGLYCEROPHOSPHOINOSITOLS	PI 18:0_20:4	PI 18:0_20:4	-	LION:0000047
LION_DIACYLGLYCEROPHOSPHOINOSITOLS	PI 18:0_22:0	PI 18:0_22:0	-	LION:0000047
LION_DIACYLGLYCEROPHOSPHOINOSITOLS	PI 18:1_18:1	PI 18:1_18:1	-	LION:0000047
LION_DIACYLGLYCEROPHOSPHOINOSITOLS	PI 18:1_18:2	PI 18:1_18:2	-	LION:0000047
LION_DIACYLGLYCEROPHOSPHOINOSITOLS	PI 18:1_18:3	PI 18:1_18:3	-	LION:0000047
LION_DIACYLGLYCEROPHOSPHOINOSITOLS	PI 18:1_20:0	PI 18:1_20:0	-	LION:0000047
LION_DIACYLGLYCEROPHOSPHOINOSITOLS	PI 18:1_20:1	PI 18:1_20:1	-	LION:0000047
LION_DIACYLGLYCEROPHOSPHOINOSITOLS	PI 18:1_20:2	PI 18:1_20:2	-	LION:0000047
LION_DIACYLGLYCEROPHOSPHOINOSITOLS	PI 18:1_20:3	PI 18:1_20:3	-	LION:0000047
LION_DIACYLGLYCEROPHOSPHOINOSITOLS	PI 18:1_20:4	PI 18:1_20:4	-	LION:0000047
LION_DIACYLGLYCEROPHOSPHOINOSITOLS	PI 18:1_20:5	PI 18:1_20:5	-	LION:0000047
LION_DIACYLGLYCEROPHOSPHOINOSITOLS	PI 18:1_22:0	PI 18:1_22:0	-	LION:0000047
LION_DIACYLGLYCEROPHOSPHOINOSITOLS	PI 18:1_22:1	PI 18:1_22:1	-	LION:0000047
LION_DIACYLGLYCEROPHOSPHOINOSITOLS	PI 18:1_22:2	PI 18:1_22:2	-	LION:0000047
LION_DIACYLGLYCEROPHOSPHOINOSITOLS	PI 18:1_22:3	PI 18:1_22:3	-	LION:0000047
LION_DIACYLGLYCEROPHOSPHOINOSITOLS	PI 18:1_22:4	PI 18:1_22:4	-	LION:0000047
LION_DIACYLGLYCEROPHOSPHOINOSITOLS	PI 18:1_22:5	PI 18:1_22:5	-	LION:0000047
LION_DIACYLGLYCEROPHOSPHOINOSITOLS	PI 18:1_22:6	PI 18:1_22:6	-	LION:0000047
LION_DIACYLGLYCEROPHOSPHOINOSITOLS	PI 18:2_18:3	PI 18:2_18:3	-	LION:0000047
LION_DIACYLGLYCEROPHOSPHOINOSITOLS	PI 18:2_20:0	PI 18:2_20:0	-	LION:0000047
LION_DIACYLGLYCEROPHOSPHOINOSITOLS	PI 18:2_20:1	PI 18:2_20:1	-	LION:0000047
LION_DIACYLGLYCEROPHOSPHOINOSITOLS	PI 18:2_20:4	PI 18:2_20:4	-	LION:0000047
LION_DIACYLGLYCEROPHOSPHOINOSITOLS	PI 18:2_20:5	PI 18:2_20:5	-	LION:0000047
LION_DIACYLGLYCEROPHOSPHOINOSITOLS	PI 18:2_22:0	PI 18:2_22:0	-	LION:0000047
LION_DIACYLGLYCEROPHOSPHOINOSITOLS	PI 18:2_22:1	PI 18:2_22:1	-	LION:0000047
LION_DIACYLGLYCEROPHOSPHOINOSITOLS	PI 18:2_22:6	PI 18:2_22:6	-	LION:0000047
LION_DIACYLGLYCEROPHOSPHOSERINES	PS 30:0	PS 30:0	-	LION:0000053
LION_DIACYLGLYCEROPHOSPHOSERINES	PS 32:0	PS 32:0	-	LION:0000053
LION_DIACYLGLYCEROPHOSPHOSERINES	PS 34:1	PS 34:1	-	LION:0000053
LION_DIACYLGLYCEROPHOSPHOSERINES	PS 34:2	PS 34:2	-	LION:0000053
LION_DIACYLGLYCEROPHOSPHOSERINES	PS 36:1	PS 36:1	-	LION:0000053
LION_DIACYLGLYCEROPHOSPHOSERINES	PS 36:2	PS 36:2	-	LION:0000053
LION_DIACYLGLYCEROPHOSPHOSERINES	PS 36:3	PS 36:3	-	LION:0000053
LION_DIACYLGLYCEROPHOSPHOSERINES	PS 36:4	PS 36:4	-	LION:0000053
LION_DIACYLGLYCEROPHOSPHOSERINES	PS 36:5	PS 36:5	-	LION:0000053
LION_DIACYLGLYCEROPHOSPHOSERINES	PS 38:4	PS 38:4	-	LION:0000053
LION_DIACYLGLYCEROPHOSPHOSERINES	PS 38:5	PS 38:5	-	LION:0000053
LION_DIACYLGLYCEROPHOSPHOSERINES	PS 38:6	PS 38:6	-	LION:0000053
LION_DIACYLGLYCEROPHOSPHOSERINES	PS 38:7	PS 38:7	-	LION:0000053
LION_DIACYLGLYCEROPHOSPHOSERINES	PS 40:4	PS 40:4	-	LION:0000053
LION_DIACYLGLYCEROPHOSPHOSERINES	PS 40:5	PS 40:5	-	LION:0000053
LION_DIACYLGLYCEROPHOSPHOSERINES	PS 40:6	PS 40:6	-	LION:0000053
LION_DIACYLGLYCEROPHOSPHOSERINES	PS 40:7	PS 40:7	-	LION:0000053
LION_DIACYLGLYCEROPHOSPHOSERINES	PS 40:8	PS 40:8	-	LION:0000053
LION_DIHEXOSYLCERAMIDES	Hex2Cer d18:1/14:0	Hex2Cer d18:1/14:0	-	LION:0012018
LION_DIHEXOSYLCERAMIDES	Hex2Cer d18:1/16:0	Hex2Cer d18:1/16:0	-	LION:0012018
LION_DIHEXOSYLCERAMIDES	Hex2Cer d18:1/18:0	Hex2Cer d18:1/18:0	-	LION:0012018
LION_DIHEXOSYLCERAMIDES	Hex2Cer d18:1/20:0	Hex2Cer d18:1/20:0	-	LION:0012018
LION_DIHEXOSYLCERAMIDES	Hex2Cer d18:1/22:0	Hex2Cer d18:1/22:0	-	LION:0012018
LION_DIHEXOSYLCERAMIDES	Hex2Cer d18:1/24:0	Hex2Cer d18:1/24:0	-	LION:0012018
LION_DIHEXOSYLCERAMIDES	Hex2Cer d18:1/24:1	Hex2Cer d18:1/24:1	-	LION:0012018
LION_DIHEXOSYLCERAMIDES	Hex2Cer d18:1/26:0	Hex2Cer d18:1/26:0	-	LION:0012018
LION_DIHEXOSYLCERAMIDES	Hex2Cer d18:1/26:1	Hex2Cer d18:1/26:1	-	LION:0012018
LION_DIRADYLGLYCEROLS	DG 14:0_14:0	DG 14:0_14:0	-	LION:0000603
LION_DIRADYLGLYCEROLS	DG 14:0_18:1	DG 14:0_18:1	-	LION:0000603
LION_DIRADYLGLYCEROLS	DG 14:0_18:2	DG 14:0_18:2	-	LION:0000603
LION_DIRADYLGLYCEROLS	DG 14:0_20:0	DG 14:0_20:0	-	LION:0000603
LION_DIRADYLGLYCEROLS	DG 14:1_18:1	DG 14:1_18:1	-	LION:0000603
LION_DIRADYLGLYCEROLS	DG 14:1_20:2	DG 14:1_20:2	-	LION:0000603
LION_DIRADYLGLYCEROLS	DG 16:0_16:0	DG 16:0_16:0	-	LION:0000603
LION_DIRADYLGLYCEROLS	DG 16:0_16:1	DG 16:0_16:1	-	LION:0000603
LION_DIRADYLGLYCEROLS	DG 16:0_18:1	DG 16:0_18:1	-	LION:0000603
LION_DIRADYLGLYCEROLS	DG 16:0_18:2	DG 16:0_18:2	-	LION:0000603
LION_DIRADYLGLYCEROLS	DG 16:0_20:0	DG 16:0_20:0	-	LION:0000603
LION_DIRADYLGLYCEROLS	DG 16:0_20:3	DG 16:0_20:3	-	LION:0000603
LION_DIRADYLGLYCEROLS	DG 16:0_20:4	DG 16:0_20:4	-	LION:0000603
LION_DIRADYLGLYCEROLS	DG 16:1_18:0	DG 16:1_18:0	-	LION:0000603
LION_DIRADYLGLYCEROLS	DG 16:1_18:1	DG 16:1_18:1	-	LION:0000603
LION_DIRADYLGLYCEROLS	DG 16:1_18:2	DG 16:1_18:2	-	LION:0000603
LION_DIRADYLGLYCEROLS	DG 16:1_20:0	DG 16:1_20:0	-	LION:0000603
LION_DIRADYLGLYCEROLS	DG 17:0_18:1	DG 17:0_18:1	-	LION:0000603
LION_DIRADYLGLYCEROLS	DG 18:0_20:4	DG 18:0_20:4	-	LION:0000603
LION_DIRADYLGLYCEROLS	DG 18:1_18:1	DG 18:1_18:1	-	LION:0000603
LION_DIRADYLGLYCEROLS	DG 18:1_18:2	DG 18:1_18:2	-	LION:0000603
LION_DIRADYLGLYCEROLS	DG 18:1_18:3	DG 18:1_18:3	-	LION:0000603
LION_DIRADYLGLYCEROLS	DG 18:1_18:4	DG 18:1_18:4	-	LION:0000603
LION_DIRADYLGLYCEROLS	DG 18:1_20:0	DG 18:1_20:0	-	LION:0000603
LION_DIRADYLGLYCEROLS	DG 18:1_20:1	DG 18:1_20:1	-	LION:0000603
LION_DIRADYLGLYCEROLS	DG 18:1_20:2	DG 18:1_20:2	-	LION:0000603
LION_DIRADYLGLYCEROLS	DG 18:1_20:3	DG 18:1_20:3	-	LION:0000603
LION_DIRADYLGLYCEROLS	DG 18:1_20:4	DG 18:1_20:4	-	LION:0000603
LION_DIRADYLGLYCEROLS	DG 18:1_22:5	DG 18:1_22:5	-	LION:0000603
LION_DIRADYLGLYCEROLS	DG 18:1_22:6	DG 18:1_22:6	-	LION:0000603
LION_DIRADYLGLYCEROLS	DG 18:2_18:2	DG 18:2_18:2	-	LION:0000603
LION_DIRADYLGLYCEROLS	DG 18:2_18:3	DG 18:2_18:3	-	LION:0000603
LION_DIRADYLGLYCEROLS	DG 18:2_18:4	DG 18:2_18:4	-	LION:0000603
LION_DIRADYLGLYCEROLS	DG 18:2_20:0	DG 18:2_20:0	-	LION:0000603
LION_DIRADYLGLYCEROLS	DG 18:2_20:4	DG 18:2_20:4	-	LION:0000603
LION_DIRADYLGLYCEROLS	DG 18:3_18:3	DG 18:3_18:3	-	LION:0000603
LION_DIRADYLGLYCEROLS	DG 18:3_20:2	DG 18:3_20:2	-	LION:0000603
LION_DIRADYLGLYCEROLS	DG 21:0_22:6	DG 21:0_22:6	-	LION:0000603
LION_DIRADYLGLYCEROLS	DG 22:1_22:2	DG 22:1_22:2	-	LION:0000603
LION_FATTY_ACIDS_WITH_19_CARBONS	LPE 19:0	LPE 19:0	-	LION:0002958
LION_FATTY_ACIDS_WITH_19_CARBONS	LPE 19:1	LPE 19:1	-	LION:0002958
LION_FATTY_ACIDS_WITH_19_CARBONS	LPE 19:2	LPE 19:2	-	LION:0002958
LION_FATTY_ACIDS_WITH_19_CARBONS	LPI 19:0	LPI 19:0	-	LION:0002958
LION_FATTY_ACIDS_WITH_19_CARBONS	PE P-18:0/19:1	PE P-18:0/19:1	-	LION:0002958
LION_FATTY_ACID_WITH_13_15_CARBONS	CE 14:0	CE 14:0	-	LION:0002947
LION_FATTY_ACID_WITH_13_15_CARBONS	CE 14:1	CE 14:1	-	LION:0002947
LION_FATTY_ACID_WITH_13_15_CARBONS	CE 15:0	CE 15:0	-	LION:0002947
LION_FATTY_ACID_WITH_13_15_CARBONS	CE 15:1	CE 15:1	-	LION:0002947
LION_FATTY_ACID_WITH_13_15_CARBONS	Cer d18:1/14:0	Cer d18:1/14:0	-	LION:0002947
LION_FATTY_ACID_WITH_13_15_CARBONS	Hex-Cer d18:1/14:0	Hex-Cer d18:1/14:0	-	LION:0002947
LION_FATTY_ACID_WITH_13_15_CARBONS	Hex2Cer d18:1/14:0	Hex2Cer d18:1/14:0	-	LION:0002947
LION_FATTY_ACID_WITH_13_15_CARBONS	LPA 14:0	LPA 14:0	-	LION:0002947
LION_FATTY_ACID_WITH_13_15_CARBONS	LPA 14:1	LPA 14:1	-	LION:0002947
LION_FATTY_ACID_WITH_13_15_CARBONS	LPA 15:0	LPA 15:0	-	LION:0002947
LION_FATTY_ACID_WITH_13_15_CARBONS	LPC 14:0	LPC 14:0	-	LION:0002947
LION_FATTY_ACID_WITH_13_15_CARBONS	LPE 14:0	LPE 14:0	-	LION:0002947
LION_FATTY_ACID_WITH_13_15_CARBONS	LPE 14:1	LPE 14:1	-	LION:0002947
LION_FATTY_ACID_WITH_13_15_CARBONS	LPE 15:0	LPE 15:0	-	LION:0002947
LION_FATTY_ACID_WITH_13_15_CARBONS	LPG 14:0	LPG 14:0	-	LION:0002947
LION_FATTY_ACID_WITH_13_15_CARBONS	LPG 14:1	LPG 14:1	-	LION:0002947
LION_FATTY_ACID_WITH_13_15_CARBONS	LPI 14:0	LPI 14:0	-	LION:0002947
LION_FATTY_ACID_WITH_13_15_CARBONS	LPI 14:1	LPI 14:1	-	LION:0002947
LION_FATTY_ACID_WITH_14_CARBONS	CE 14:0	CE 14:0	-	LION:0002953
LION_FATTY_ACID_WITH_14_CARBONS	CE 14:1	CE 14:1	-	LION:0002953
LION_FATTY_ACID_WITH_14_CARBONS	Cer d18:1/14:0	Cer d18:1/14:0	-	LION:0002953
LION_FATTY_ACID_WITH_14_CARBONS	Hex-Cer d18:1/14:0	Hex-Cer d18:1/14:0	-	LION:0002953
LION_FATTY_ACID_WITH_14_CARBONS	Hex2Cer d18:1/14:0	Hex2Cer d18:1/14:0	-	LION:0002953
LION_FATTY_ACID_WITH_14_CARBONS	LPA 14:0	LPA 14:0	-	LION:0002953
LION_FATTY_ACID_WITH_14_CARBONS	LPA 14:1	LPA 14:1	-	LION:0002953
LION_FATTY_ACID_WITH_14_CARBONS	LPC 14:0	LPC 14:0	-	LION:0002953
LION_FATTY_ACID_WITH_14_CARBONS	LPE 14:0	LPE 14:0	-	LION:0002953
LION_FATTY_ACID_WITH_14_CARBONS	LPE 14:1	LPE 14:1	-	LION:0002953
LION_FATTY_ACID_WITH_14_CARBONS	LPG 14:0	LPG 14:0	-	LION:0002953
LION_FATTY_ACID_WITH_14_CARBONS	LPG 14:1	LPG 14:1	-	LION:0002953
LION_FATTY_ACID_WITH_14_CARBONS	LPI 14:0	LPI 14:0	-	LION:0002953
LION_FATTY_ACID_WITH_14_CARBONS	LPI 14:1	LPI 14:1	-	LION:0002953
LION_FATTY_ACID_WITH_15_CARBONS	CE 15:0	CE 15:0	-	LION:0002954
LION_FATTY_ACID_WITH_15_CARBONS	CE 15:1	CE 15:1	-	LION:0002954
LION_FATTY_ACID_WITH_15_CARBONS	LPA 15:0	LPA 15:0	-	LION:0002954
LION_FATTY_ACID_WITH_15_CARBONS	LPE 15:0	LPE 15:0	-	LION:0002954
LION_FATTY_ACID_WITH_16_18_CARBONS	CE 16:0	CE 16:0	-	LION:0002948
LION_FATTY_ACID_WITH_16_18_CARBONS	CE 16:1	CE 16:1	-	LION:0002948
LION_FATTY_ACID_WITH_16_18_CARBONS	CE 17:0	CE 17:0	-	LION:0002948
LION_FATTY_ACID_WITH_16_18_CARBONS	CE 17:1	CE 17:1	-	LION:0002948
LION_FATTY_ACID_WITH_16_18_CARBONS	CE 18:0	CE 18:0	-	LION:0002948
LION_FATTY_ACID_WITH_16_18_CARBONS	CE 18:1	CE 18:1	-	LION:0002948
LION_FATTY_ACID_WITH_16_18_CARBONS	CE 18:2	CE 18:2	-	LION:0002948
LION_FATTY_ACID_WITH_16_18_CARBONS	CE 18:3	CE 18:3	-	LION:0002948
LION_FATTY_ACID_WITH_16_18_CARBONS	Cer d18:0/18:0	Cer d18:0/18:0	-	LION:0002948
LION_FATTY_ACID_WITH_16_18_CARBONS	Cer d18:1/16:0	Cer d18:1/16:0	-	LION:0002948
LION_FATTY_ACID_WITH_16_18_CARBONS	Cer d18:1/18:0	Cer d18:1/18:0	-	LION:0002948
LION_FATTY_ACID_WITH_16_18_CARBONS	Cer d18:1/18:1	Cer d18:1/18:1	-	LION:0002948
LION_FATTY_ACID_WITH_16_18_CARBONS	Hex-Cer d18:1/16:0	Hex-Cer d18:1/16:0	-	LION:0002948
LION_FATTY_ACID_WITH_16_18_CARBONS	Hex-Cer d18:1/18:0	Hex-Cer d18:1/18:0	-	LION:0002948
LION_FATTY_ACID_WITH_16_18_CARBONS	Hex-Cer d18:1/18:1	Hex-Cer d18:1/18:1	-	LION:0002948
LION_FATTY_ACID_WITH_16_18_CARBONS	Hex2Cer d18:1/16:0	Hex2Cer d18:1/16:0	-	LION:0002948
LION_FATTY_ACID_WITH_16_18_CARBONS	Hex2Cer d18:1/18:0	Hex2Cer d18:1/18:0	-	LION:0002948
LION_FATTY_ACID_WITH_16_18_CARBONS	LPA 16:0	LPA 16:0	-	LION:0002948
LION_FATTY_ACID_WITH_16_18_CARBONS	LPA 18:1	LPA 18:1	-	LION:0002948
LION_FATTY_ACID_WITH_16_18_CARBONS	LPA 18:2	LPA 18:2	-	LION:0002948
LION_FATTY_ACID_WITH_16_18_CARBONS	LPC 16:0	LPC 16:0	-	LION:0002948
LION_FATTY_ACID_WITH_16_18_CARBONS	LPC 16:1	LPC 16:1	-	LION:0002948
LION_FATTY_ACID_WITH_16_18_CARBONS	LPC 17:0	LPC 17:0	-	LION:0002948
LION_FATTY_ACID_WITH_16_18_CARBONS	LPC 18:0	LPC 18:0	-	LION:0002948
LION_FATTY_ACID_WITH_16_18_CARBONS	LPC 18:1	LPC 18:1	-	LION:0002948
LION_FATTY_ACID_WITH_16_18_CARBONS	LPC 18:2	LPC 18:2	-	LION:0002948
LION_FATTY_ACID_WITH_16_18_CARBONS	LPE 16:0	LPE 16:0	-	LION:0002948
LION_FATTY_ACID_WITH_16_18_CARBONS	LPE 16:1	LPE 16:1	-	LION:0002948
LION_FATTY_ACID_WITH_16_18_CARBONS	LPE 17:0	LPE 17:0	-	LION:0002948
LION_FATTY_ACID_WITH_16_18_CARBONS	LPE 17:1	LPE 17:1	-	LION:0002948
LION_FATTY_ACID_WITH_16_18_CARBONS	LPE 18:0	LPE 18:0	-	LION:0002948
LION_FATTY_ACID_WITH_16_18_CARBONS	LPE 18:1	LPE 18:1	-	LION:0002948
LION_FATTY_ACID_WITH_16_18_CARBONS	LPE 18:2	LPE 18:2	-	LION:0002948
LION_FATTY_ACID_WITH_16_18_CARBONS	LPE 18:3	LPE 18:3	-	LION:0002948
LION_FATTY_ACID_WITH_16_18_CARBONS	LPG 16:0	LPG 16:0	-	LION:0002948
LION_FATTY_ACID_WITH_16_18_CARBONS	LPG 16:1	LPG 16:1	-	LION:0002948
LION_FATTY_ACID_WITH_16_18_CARBONS	LPG 17:0	LPG 17:0	-	LION:0002948
LION_FATTY_ACID_WITH_16_18_CARBONS	LPG 17:1	LPG 17:1	-	LION:0002948
LION_FATTY_ACID_WITH_16_18_CARBONS	LPG 18:0	LPG 18:0	-	LION:0002948
LION_FATTY_ACID_WITH_16_18_CARBONS	LPG 18:1	LPG 18:1	-	LION:0002948
LION_FATTY_ACID_WITH_16_18_CARBONS	LPG 18:2	LPG 18:2	-	LION:0002948
LION_FATTY_ACID_WITH_16_18_CARBONS	LPI 16:0	LPI 16:0	-	LION:0002948
LION_FATTY_ACID_WITH_16_18_CARBONS	LPI 16:1	LPI 16:1	-	LION:0002948
LION_FATTY_ACID_WITH_16_18_CARBONS	LPI 17:0	LPI 17:0	-	LION:0002948
LION_FATTY_ACID_WITH_16_18_CARBONS	LPI 17:1	LPI 17:1	-	LION:0002948
LION_FATTY_ACID_WITH_16_18_CARBONS	LPI 18:0	LPI 18:0	-	LION:0002948
LION_FATTY_ACID_WITH_16_18_CARBONS	LPI 18:1	LPI 18:1	-	LION:0002948
LION_FATTY_ACID_WITH_16_18_CARBONS	LPI 18:2	LPI 18:2	-	LION:0002948
LION_FATTY_ACID_WITH_16_18_CARBONS	LPI 18:3	LPI 18:3	-	LION:0002948
LION_FATTY_ACID_WITH_16_18_CARBONS	LPS 16:0	LPS 16:0	-	LION:0002948
LION_FATTY_ACID_WITH_16_18_CARBONS	LPS 16:1	LPS 16:1	-	LION:0002948
LION_FATTY_ACID_WITH_16_18_CARBONS	LPS 18:0	LPS 18:0	-	LION:0002948
LION_FATTY_ACID_WITH_16_18_CARBONS	LPS 18:1	LPS 18:1	-	LION:0002948
LION_FATTY_ACID_WITH_16_18_CARBONS	LPS 18:2	LPS 18:2	-	LION:0002948
LION_FATTY_ACID_WITH_16_18_CARBONS	LPS 18:3	LPS 18:3	-	LION:0002948
LION_FATTY_ACID_WITH_16_18_CARBONS	PE P-16:0/16:0	PE P-16:0/16:0	-	LION:0002948
LION_FATTY_ACID_WITH_16_18_CARBONS	PE P-16:0/16:1	PE P-16:0/16:1	-	LION:0002948
LION_FATTY_ACID_WITH_16_18_CARBONS	PE P-16:0/18:1	PE P-16:0/18:1	-	LION:0002948
LION_FATTY_ACID_WITH_16_18_CARBONS	PE P-16:0/18:2	PE P-16:0/18:2	-	LION:0002948
LION_FATTY_ACID_WITH_16_18_CARBONS	PE P-16:0/18:3	PE P-16:0/18:3	-	LION:0002948
LION_FATTY_ACID_WITH_16_18_CARBONS	PE P-16:0/20:3	PE P-16:0/20:3	-	LION:0002948
LION_FATTY_ACID_WITH_16_18_CARBONS	PE P-16:0/20:4	PE P-16:0/20:4	-	LION:0002948
LION_FATTY_ACID_WITH_16_18_CARBONS	PE P-16:0/20:5	PE P-16:0/20:5	-	LION:0002948
LION_FATTY_ACID_WITH_16_18_CARBONS	PE P-16:0/22:4	PE P-16:0/22:4	-	LION:0002948
LION_FATTY_ACID_WITH_16_18_CARBONS	PE P-16:0/22:5	PE P-16:0/22:5	-	LION:0002948
LION_FATTY_ACID_WITH_16_18_CARBONS	PE P-16:0/22:6	PE P-16:0/22:6	-	LION:0002948
LION_FATTY_ACID_WITH_16_18_CARBONS	PE P-18:0/18:0	PE P-18:0/18:0	-	LION:0002948
LION_FATTY_ACID_WITH_16_18_CARBONS	PE P-18:0/18:1	PE P-18:0/18:1	-	LION:0002948
LION_FATTY_ACID_WITH_16_18_CARBONS	PE P-18:0/18:2	PE P-18:0/18:2	-	LION:0002948
LION_FATTY_ACID_WITH_16_18_CARBONS	PE P-18:0/18:3	PE P-18:0/18:3	-	LION:0002948
LION_FATTY_ACID_WITH_16_18_CARBONS	PE P-18:0/19:1	PE P-18:0/19:1	-	LION:0002948
LION_FATTY_ACID_WITH_16_18_CARBONS	PE P-18:0/20:1	PE P-18:0/20:1	-	LION:0002948
LION_FATTY_ACID_WITH_16_18_CARBONS	PE P-18:0/20:2	PE P-18:0/20:2	-	LION:0002948
LION_FATTY_ACID_WITH_16_18_CARBONS	PE P-18:0/20:3	PE P-18:0/20:3	-	LION:0002948
LION_FATTY_ACID_WITH_16_18_CARBONS	PE P-18:0/20:4	PE P-18:0/20:4	-	LION:0002948
LION_FATTY_ACID_WITH_16_18_CARBONS	PE P-18:0/20:5	PE P-18:0/20:5	-	LION:0002948
LION_FATTY_ACID_WITH_16_18_CARBONS	PE P-18:0/22:1	PE P-18:0/22:1	-	LION:0002948
LION_FATTY_ACID_WITH_16_18_CARBONS	PE P-18:0/22:2	PE P-18:0/22:2	-	LION:0002948
LION_FATTY_ACID_WITH_16_18_CARBONS	PE P-18:0/22:3	PE P-18:0/22:3	-	LION:0002948
LION_FATTY_ACID_WITH_16_18_CARBONS	PE P-18:0/22:4	PE P-18:0/22:4	-	LION:0002948
LION_FATTY_ACID_WITH_16_18_CARBONS	PE P-18:0/22:5	PE P-18:0/22:5	-	LION:0002948
LION_FATTY_ACID_WITH_16_18_CARBONS	PE P-18:0/22:6	PE P-18:0/22:6	-	LION:0002948
LION_FATTY_ACID_WITH_16_18_CARBONS	PE P-18:1/18:1	PE P-18:1/18:1	-	LION:0002948
LION_FATTY_ACID_WITH_16_18_CARBONS	PE P-18:1/18:2	PE P-18:1/18:2	-	LION:0002948
LION_FATTY_ACID_WITH_16_18_CARBONS	PE P-18:1/20:4	PE P-18:1/20:4	-	LION:0002948
LION_FATTY_ACID_WITH_16_18_CARBONS	PE P-18:1/20:5	PE P-18:1/20:5	-	LION:0002948
LION_FATTY_ACID_WITH_16_18_CARBONS	PE P-18:1/22:6	PE P-18:1/22:6	-	LION:0002948
LION_FATTY_ACID_WITH_16_CARBONS	CE 16:0	CE 16:0	-	LION:0002955
LION_FATTY_ACID_WITH_16_CARBONS	CE 16:1	CE 16:1	-	LION:0002955
LION_FATTY_ACID_WITH_16_CARBONS	Cer d18:1/16:0	Cer d18:1/16:0	-	LION:0002955
LION_FATTY_ACID_WITH_16_CARBONS	Hex-Cer d18:1/16:0	Hex-Cer d18:1/16:0	-	LION:0002955
LION_FATTY_ACID_WITH_16_CARBONS	Hex2Cer d18:1/16:0	Hex2Cer d18:1/16:0	-	LION:0002955
LION_FATTY_ACID_WITH_16_CARBONS	LPA 16:0	LPA 16:0	-	LION:0002955
LION_FATTY_ACID_WITH_16_CARBONS	LPC 16:0	LPC 16:0	-	LION:0002955
LION_FATTY_ACID_WITH_16_CARBONS	LPC 16:1	LPC 16:1	-	LION:0002955
LION_FATTY_ACID_WITH_16_CARBONS	LPE 16:0	LPE 16:0	-	LION:0002955
LION_FATTY_ACID_WITH_16_CARBONS	LPE 16:1	LPE 16:1	-	LION:0002955
LION_FATTY_ACID_WITH_16_CARBONS	LPG 16:0	LPG 16:0	-	LION:0002955
LION_FATTY_ACID_WITH_16_CARBONS	LPG 16:1	LPG 16:1	-	LION:0002955
LION_FATTY_ACID_WITH_16_CARBONS	LPI 16:0	LPI 16:0	-	LION:0002955
LION_FATTY_ACID_WITH_16_CARBONS	LPI 16:1	LPI 16:1	-	LION:0002955
LION_FATTY_ACID_WITH_16_CARBONS	LPS 16:0	LPS 16:0	-	LION:0002955
LION_FATTY_ACID_WITH_16_CARBONS	LPS 16:1	LPS 16:1	-	LION:0002955
LION_FATTY_ACID_WITH_16_CARBONS	PE P-16:0/16:0	PE P-16:0/16:0	-	LION:0002955
LION_FATTY_ACID_WITH_16_CARBONS	PE P-16:0/16:1	PE P-16:0/16:1	-	LION:0002955
LION_FATTY_ACID_WITH_16_CARBONS	PE P-16:0/18:1	PE P-16:0/18:1	-	LION:0002955
LION_FATTY_ACID_WITH_16_CARBONS	PE P-16:0/18:2	PE P-16:0/18:2	-	LION:0002955
LION_FATTY_ACID_WITH_16_CARBONS	PE P-16:0/18:3	PE P-16:0/18:3	-	LION:0002955
LION_FATTY_ACID_WITH_16_CARBONS	PE P-16:0/20:3	PE P-16:0/20:3	-	LION:0002955
LION_FATTY_ACID_WITH_16_CARBONS	PE P-16:0/20:4	PE P-16:0/20:4	-	LION:0002955
LION_FATTY_ACID_WITH_16_CARBONS	PE P-16:0/20:5	PE P-16:0/20:5	-	LION:0002955
LION_FATTY_ACID_WITH_16_CARBONS	PE P-16:0/22:4	PE P-16:0/22:4	-	LION:0002955
LION_FATTY_ACID_WITH_16_CARBONS	PE P-16:0/22:5	PE P-16:0/22:5	-	LION:0002955
LION_FATTY_ACID_WITH_16_CARBONS	PE P-16:0/22:6	PE P-16:0/22:6	-	LION:0002955
LION_FATTY_ACID_WITH_17_CARBONS	CE 17:0	CE 17:0	-	LION:0002956
LION_FATTY_ACID_WITH_17_CARBONS	CE 17:1	CE 17:1	-	LION:0002956
LION_FATTY_ACID_WITH_17_CARBONS	LPC 17:0	LPC 17:0	-	LION:0002956
LION_FATTY_ACID_WITH_17_CARBONS	LPE 17:0	LPE 17:0	-	LION:0002956
LION_FATTY_ACID_WITH_17_CARBONS	LPE 17:1	LPE 17:1	-	LION:0002956
LION_FATTY_ACID_WITH_17_CARBONS	LPG 17:0	LPG 17:0	-	LION:0002956
LION_FATTY_ACID_WITH_17_CARBONS	LPG 17:1	LPG 17:1	-	LION:0002956
LION_FATTY_ACID_WITH_17_CARBONS	LPI 17:0	LPI 17:0	-	LION:0002956
LION_FATTY_ACID_WITH_17_CARBONS	LPI 17:1	LPI 17:1	-	LION:0002956
LION_FATTY_ACID_WITH_18_CARBONS	CE 18:0	CE 18:0	-	LION:0002957
LION_FATTY_ACID_WITH_18_CARBONS	CE 18:1	CE 18:1	-	LION:0002957
LION_FATTY_ACID_WITH_18_CARBONS	CE 18:2	CE 18:2	-	LION:0002957
LION_FATTY_ACID_WITH_18_CARBONS	CE 18:3	CE 18:3	-	LION:0002957
LION_FATTY_ACID_WITH_18_CARBONS	Cer d18:0/18:0	Cer d18:0/18:0	-	LION:0002957
LION_FATTY_ACID_WITH_18_CARBONS	Cer d18:1/18:0	Cer d18:1/18:0	-	LION:0002957
LION_FATTY_ACID_WITH_18_CARBONS	Cer d18:1/18:1	Cer d18:1/18:1	-	LION:0002957
LION_FATTY_ACID_WITH_18_CARBONS	Hex-Cer d18:1/18:0	Hex-Cer d18:1/18:0	-	LION:0002957
LION_FATTY_ACID_WITH_18_CARBONS	Hex-Cer d18:1/18:1	Hex-Cer d18:1/18:1	-	LION:0002957
LION_FATTY_ACID_WITH_18_CARBONS	Hex2Cer d18:1/18:0	Hex2Cer d18:1/18:0	-	LION:0002957
LION_FATTY_ACID_WITH_18_CARBONS	LPA 18:1	LPA 18:1	-	LION:0002957
LION_FATTY_ACID_WITH_18_CARBONS	LPA 18:2	LPA 18:2	-	LION:0002957
LION_FATTY_ACID_WITH_18_CARBONS	LPC 18:0	LPC 18:0	-	LION:0002957
LION_FATTY_ACID_WITH_18_CARBONS	LPC 18:1	LPC 18:1	-	LION:0002957
LION_FATTY_ACID_WITH_18_CARBONS	LPC 18:2	LPC 18:2	-	LION:0002957
LION_FATTY_ACID_WITH_18_CARBONS	LPE 18:0	LPE 18:0	-	LION:0002957
LION_FATTY_ACID_WITH_18_CARBONS	LPE 18:1	LPE 18:1	-	LION:0002957
LION_FATTY_ACID_WITH_18_CARBONS	LPE 18:2	LPE 18:2	-	LION:0002957
LION_FATTY_ACID_WITH_18_CARBONS	LPE 18:3	LPE 18:3	-	LION:0002957
LION_FATTY_ACID_WITH_18_CARBONS	LPG 18:0	LPG 18:0	-	LION:0002957
LION_FATTY_ACID_WITH_18_CARBONS	LPG 18:1	LPG 18:1	-	LION:0002957
LION_FATTY_ACID_WITH_18_CARBONS	LPG 18:2	LPG 18:2	-	LION:0002957
LION_FATTY_ACID_WITH_18_CARBONS	LPI 18:0	LPI 18:0	-	LION:0002957
LION_FATTY_ACID_WITH_18_CARBONS	LPI 18:1	LPI 18:1	-	LION:0002957
LION_FATTY_ACID_WITH_18_CARBONS	LPI 18:2	LPI 18:2	-	LION:0002957
LION_FATTY_ACID_WITH_18_CARBONS	LPI 18:3	LPI 18:3	-	LION:0002957
LION_FATTY_ACID_WITH_18_CARBONS	LPS 18:0	LPS 18:0	-	LION:0002957
LION_FATTY_ACID_WITH_18_CARBONS	LPS 18:1	LPS 18:1	-	LION:0002957
LION_FATTY_ACID_WITH_18_CARBONS	LPS 18:2	LPS 18:2	-	LION:0002957
LION_FATTY_ACID_WITH_18_CARBONS	LPS 18:3	LPS 18:3	-	LION:0002957
LION_FATTY_ACID_WITH_18_CARBONS	PE P-16:0/18:1	PE P-16:0/18:1	-	LION:0002957
LION_FATTY_ACID_WITH_18_CARBONS	PE P-16:0/18:2	PE P-16:0/18:2	-	LION:0002957
LION_FATTY_ACID_WITH_18_CARBONS	PE P-16:0/18:3	PE P-16:0/18:3	-	LION:0002957
LION_FATTY_ACID_WITH_18_CARBONS	PE P-18:0/18:0	PE P-18:0/18:0	-	LION:0002957
LION_FATTY_ACID_WITH_18_CARBONS	PE P-18:0/18:1	PE P-18:0/18:1	-	LION:0002957
LION_FATTY_ACID_WITH_18_CARBONS	PE P-18:0/18:2	PE P-18:0/18:2	-	LION:0002957
LION_FATTY_ACID_WITH_18_CARBONS	PE P-18:0/18:3	PE P-18:0/18:3	-	LION:0002957
LION_FATTY_ACID_WITH_18_CARBONS	PE P-18:0/19:1	PE P-18:0/19:1	-	LION:0002957
LION_FATTY_ACID_WITH_18_CARBONS	PE P-18:0/20:1	PE P-18:0/20:1	-	LION:0002957
LION_FATTY_ACID_WITH_18_CARBONS	PE P-18:0/20:2	PE P-18:0/20:2	-	LION:0002957
LION_FATTY_ACID_WITH_18_CARBONS	PE P-18:0/20:3	PE P-18:0/20:3	-	LION:0002957
LION_FATTY_ACID_WITH_18_CARBONS	PE P-18:0/20:4	PE P-18:0/20:4	-	LION:0002957
LION_FATTY_ACID_WITH_18_CARBONS	PE P-18:0/20:5	PE P-18:0/20:5	-	LION:0002957
LION_FATTY_ACID_WITH_18_CARBONS	PE P-18:0/22:1	PE P-18:0/22:1	-	LION:0002957
LION_FATTY_ACID_WITH_18_CARBONS	PE P-18:0/22:2	PE P-18:0/22:2	-	LION:0002957
LION_FATTY_ACID_WITH_18_CARBONS	PE P-18:0/22:3	PE P-18:0/22:3	-	LION:0002957
LION_FATTY_ACID_WITH_18_CARBONS	PE P-18:0/22:4	PE P-18:0/22:4	-	LION:0002957
LION_FATTY_ACID_WITH_18_CARBONS	PE P-18:0/22:5	PE P-18:0/22:5	-	LION:0002957
LION_FATTY_ACID_WITH_18_CARBONS	PE P-18:0/22:6	PE P-18:0/22:6	-	LION:0002957
LION_FATTY_ACID_WITH_18_CARBONS	PE P-18:1/18:1	PE P-18:1/18:1	-	LION:0002957
LION_FATTY_ACID_WITH_18_CARBONS	PE P-18:1/18:2	PE P-18:1/18:2	-	LION:0002957
LION_FATTY_ACID_WITH_18_CARBONS	PE P-18:1/20:4	PE P-18:1/20:4	-	LION:0002957
LION_FATTY_ACID_WITH_18_CARBONS	PE P-18:1/20:5	PE P-18:1/20:5	-	LION:0002957
LION_FATTY_ACID_WITH_18_CARBONS	PE P-18:1/22:6	PE P-18:1/22:6	-	LION:0002957
LION_FATTY_ACID_WITH_18_CARBONS_OR_LESS	CE 14:0	CE 14:0	-	LION:0000100
LION_FATTY_ACID_WITH_18_CARBONS_OR_LESS	CE 14:1	CE 14:1	-	LION:0000100
LION_FATTY_ACID_WITH_18_CARBONS_OR_LESS	CE 15:0	CE 15:0	-	LION:0000100
LION_FATTY_ACID_WITH_18_CARBONS_OR_LESS	CE 15:1	CE 15:1	-	LION:0000100
LION_FATTY_ACID_WITH_18_CARBONS_OR_LESS	CE 16:0	CE 16:0	-	LION:0000100
LION_FATTY_ACID_WITH_18_CARBONS_OR_LESS	CE 16:1	CE 16:1	-	LION:0000100
LION_FATTY_ACID_WITH_18_CARBONS_OR_LESS	CE 17:0	CE 17:0	-	LION:0000100
LION_FATTY_ACID_WITH_18_CARBONS_OR_LESS	CE 17:1	CE 17:1	-	LION:0000100
LION_FATTY_ACID_WITH_18_CARBONS_OR_LESS	CE 18:0	CE 18:0	-	LION:0000100
LION_FATTY_ACID_WITH_18_CARBONS_OR_LESS	CE 18:1	CE 18:1	-	LION:0000100
LION_FATTY_ACID_WITH_18_CARBONS_OR_LESS	CE 18:2	CE 18:2	-	LION:0000100
LION_FATTY_ACID_WITH_18_CARBONS_OR_LESS	CE 18:3	CE 18:3	-	LION:0000100
LION_FATTY_ACID_WITH_18_CARBONS_OR_LESS	Cer d18:0/18:0	Cer d18:0/18:0	-	LION:0000100
LION_FATTY_ACID_WITH_18_CARBONS_OR_LESS	Cer d18:1/14:0	Cer d18:1/14:0	-	LION:0000100
LION_FATTY_ACID_WITH_18_CARBONS_OR_LESS	Cer d18:1/16:0	Cer d18:1/16:0	-	LION:0000100
LION_FATTY_ACID_WITH_18_CARBONS_OR_LESS	Cer d18:1/18:0	Cer d18:1/18:0	-	LION:0000100
LION_FATTY_ACID_WITH_18_CARBONS_OR_LESS	Cer d18:1/18:1	Cer d18:1/18:1	-	LION:0000100
LION_FATTY_ACID_WITH_18_CARBONS_OR_LESS	Hex-Cer d18:1/14:0	Hex-Cer d18:1/14:0	-	LION:0000100
LION_FATTY_ACID_WITH_18_CARBONS_OR_LESS	Hex-Cer d18:1/16:0	Hex-Cer d18:1/16:0	-	LION:0000100
LION_FATTY_ACID_WITH_18_CARBONS_OR_LESS	Hex-Cer d18:1/18:0	Hex-Cer d18:1/18:0	-	LION:0000100
LION_FATTY_ACID_WITH_18_CARBONS_OR_LESS	Hex-Cer d18:1/18:1	Hex-Cer d18:1/18:1	-	LION:0000100
LION_FATTY_ACID_WITH_18_CARBONS_OR_LESS	Hex2Cer d18:1/14:0	Hex2Cer d18:1/14:0	-	LION:0000100
LION_FATTY_ACID_WITH_18_CARBONS_OR_LESS	Hex2Cer d18:1/16:0	Hex2Cer d18:1/16:0	-	LION:0000100
LION_FATTY_ACID_WITH_18_CARBONS_OR_LESS	Hex2Cer d18:1/18:0	Hex2Cer d18:1/18:0	-	LION:0000100
LION_FATTY_ACID_WITH_18_CARBONS_OR_LESS	LPA 14:0	LPA 14:0	-	LION:0000100
LION_FATTY_ACID_WITH_18_CARBONS_OR_LESS	LPA 14:1	LPA 14:1	-	LION:0000100
LION_FATTY_ACID_WITH_18_CARBONS_OR_LESS	LPA 15:0	LPA 15:0	-	LION:0000100
LION_FATTY_ACID_WITH_18_CARBONS_OR_LESS	LPA 16:0	LPA 16:0	-	LION:0000100
LION_FATTY_ACID_WITH_18_CARBONS_OR_LESS	LPA 18:1	LPA 18:1	-	LION:0000100
LION_FATTY_ACID_WITH_18_CARBONS_OR_LESS	LPA 18:2	LPA 18:2	-	LION:0000100
LION_FATTY_ACID_WITH_18_CARBONS_OR_LESS	LPC 14:0	LPC 14:0	-	LION:0000100
LION_FATTY_ACID_WITH_18_CARBONS_OR_LESS	LPC 16:0	LPC 16:0	-	LION:0000100
LION_FATTY_ACID_WITH_18_CARBONS_OR_LESS	LPC 16:1	LPC 16:1	-	LION:0000100
LION_FATTY_ACID_WITH_18_CARBONS_OR_LESS	LPC 17:0	LPC 17:0	-	LION:0000100
LION_FATTY_ACID_WITH_18_CARBONS_OR_LESS	LPC 18:0	LPC 18:0	-	LION:0000100
LION_FATTY_ACID_WITH_18_CARBONS_OR_LESS	LPC 18:1	LPC 18:1	-	LION:0000100
LION_FATTY_ACID_WITH_18_CARBONS_OR_LESS	LPC 18:2	LPC 18:2	-	LION:0000100
LION_FATTY_ACID_WITH_18_CARBONS_OR_LESS	LPE 14:0	LPE 14:0	-	LION:0000100
LION_FATTY_ACID_WITH_18_CARBONS_OR_LESS	LPE 14:1	LPE 14:1	-	LION:0000100
LION_FATTY_ACID_WITH_18_CARBONS_OR_LESS	LPE 15:0	LPE 15:0	-	LION:0000100
LION_FATTY_ACID_WITH_18_CARBONS_OR_LESS	LPE 16:0	LPE 16:0	-	LION:0000100
LION_FATTY_ACID_WITH_18_CARBONS_OR_LESS	LPE 16:1	LPE 16:1	-	LION:0000100
LION_FATTY_ACID_WITH_18_CARBONS_OR_LESS	LPE 17:0	LPE 17:0	-	LION:0000100
LION_FATTY_ACID_WITH_18_CARBONS_OR_LESS	LPE 17:1	LPE 17:1	-	LION:0000100
LION_FATTY_ACID_WITH_18_CARBONS_OR_LESS	LPE 18:0	LPE 18:0	-	LION:0000100
LION_FATTY_ACID_WITH_18_CARBONS_OR_LESS	LPE 18:1	LPE 18:1	-	LION:0000100
LION_FATTY_ACID_WITH_18_CARBONS_OR_LESS	LPE 18:2	LPE 18:2	-	LION:0000100
LION_FATTY_ACID_WITH_18_CARBONS_OR_LESS	LPE 18:3	LPE 18:3	-	LION:0000100
LION_FATTY_ACID_WITH_18_CARBONS_OR_LESS	LPG 14:0	LPG 14:0	-	LION:0000100
LION_FATTY_ACID_WITH_18_CARBONS_OR_LESS	LPG 14:1	LPG 14:1	-	LION:0000100
LION_FATTY_ACID_WITH_18_CARBONS_OR_LESS	LPG 16:0	LPG 16:0	-	LION:0000100
LION_FATTY_ACID_WITH_18_CARBONS_OR_LESS	LPG 16:1	LPG 16:1	-	LION:0000100
LION_FATTY_ACID_WITH_18_CARBONS_OR_LESS	LPG 17:0	LPG 17:0	-	LION:0000100
LION_FATTY_ACID_WITH_18_CARBONS_OR_LESS	LPG 17:1	LPG 17:1	-	LION:0000100
LION_FATTY_ACID_WITH_18_CARBONS_OR_LESS	LPG 18:0	LPG 18:0	-	LION:0000100
LION_FATTY_ACID_WITH_18_CARBONS_OR_LESS	LPG 18:1	LPG 18:1	-	LION:0000100
LION_FATTY_ACID_WITH_18_CARBONS_OR_LESS	LPG 18:2	LPG 18:2	-	LION:0000100
LION_FATTY_ACID_WITH_18_CARBONS_OR_LESS	LPI 14:0	LPI 14:0	-	LION:0000100
LION_FATTY_ACID_WITH_18_CARBONS_OR_LESS	LPI 14:1	LPI 14:1	-	LION:0000100
LION_FATTY_ACID_WITH_18_CARBONS_OR_LESS	LPI 16:0	LPI 16:0	-	LION:0000100
LION_FATTY_ACID_WITH_18_CARBONS_OR_LESS	LPI 16:1	LPI 16:1	-	LION:0000100
LION_FATTY_ACID_WITH_18_CARBONS_OR_LESS	LPI 17:0	LPI 17:0	-	LION:0000100
LION_FATTY_ACID_WITH_18_CARBONS_OR_LESS	LPI 17:1	LPI 17:1	-	LION:0000100
LION_FATTY_ACID_WITH_18_CARBONS_OR_LESS	LPI 18:0	LPI 18:0	-	LION:0000100
LION_FATTY_ACID_WITH_18_CARBONS_OR_LESS	LPI 18:1	LPI 18:1	-	LION:0000100
LION_FATTY_ACID_WITH_18_CARBONS_OR_LESS	LPI 18:2	LPI 18:2	-	LION:0000100
LION_FATTY_ACID_WITH_18_CARBONS_OR_LESS	LPI 18:3	LPI 18:3	-	LION:0000100
LION_FATTY_ACID_WITH_18_CARBONS_OR_LESS	LPS 16:0	LPS 16:0	-	LION:0000100
LION_FATTY_ACID_WITH_18_CARBONS_OR_LESS	LPS 16:1	LPS 16:1	-	LION:0000100
LION_FATTY_ACID_WITH_18_CARBONS_OR_LESS	LPS 18:0	LPS 18:0	-	LION:0000100
LION_FATTY_ACID_WITH_18_CARBONS_OR_LESS	LPS 18:1	LPS 18:1	-	LION:0000100
LION_FATTY_ACID_WITH_18_CARBONS_OR_LESS	LPS 18:2	LPS 18:2	-	LION:0000100
LION_FATTY_ACID_WITH_18_CARBONS_OR_LESS	LPS 18:3	LPS 18:3	-	LION:0000100
LION_FATTY_ACID_WITH_18_CARBONS_OR_LESS	PE P-16:0/16:0	PE P-16:0/16:0	-	LION:0000100
LION_FATTY_ACID_WITH_18_CARBONS_OR_LESS	PE P-16:0/16:1	PE P-16:0/16:1	-	LION:0000100
LION_FATTY_ACID_WITH_18_CARBONS_OR_LESS	PE P-16:0/18:1	PE P-16:0/18:1	-	LION:0000100
LION_FATTY_ACID_WITH_18_CARBONS_OR_LESS	PE P-16:0/18:2	PE P-16:0/18:2	-	LION:0000100
LION_FATTY_ACID_WITH_18_CARBONS_OR_LESS	PE P-16:0/18:3	PE P-16:0/18:3	-	LION:0000100
LION_FATTY_ACID_WITH_18_CARBONS_OR_LESS	PE P-16:0/20:3	PE P-16:0/20:3	-	LION:0000100
LION_FATTY_ACID_WITH_18_CARBONS_OR_LESS	PE P-16:0/20:4	PE P-16:0/20:4	-	LION:0000100
LION_FATTY_ACID_WITH_18_CARBONS_OR_LESS	PE P-16:0/20:5	PE P-16:0/20:5	-	LION:0000100
LION_FATTY_ACID_WITH_18_CARBONS_OR_LESS	PE P-16:0/22:4	PE P-16:0/22:4	-	LION:0000100
LION_FATTY_ACID_WITH_18_CARBONS_OR_LESS	PE P-16:0/22:5	PE P-16:0/22:5	-	LION:0000100
LION_FATTY_ACID_WITH_18_CARBONS_OR_LESS	PE P-16:0/22:6	PE P-16:0/22:6	-	LION:0000100
LION_FATTY_ACID_WITH_18_CARBONS_OR_LESS	PE P-18:0/18:0	PE P-18:0/18:0	-	LION:0000100
LION_FATTY_ACID_WITH_18_CARBONS_OR_LESS	PE P-18:0/18:1	PE P-18:0/18:1	-	LION:0000100
LION_FATTY_ACID_WITH_18_CARBONS_OR_LESS	PE P-18:0/18:2	PE P-18:0/18:2	-	LION:0000100
LION_FATTY_ACID_WITH_18_CARBONS_OR_LESS	PE P-18:0/18:3	PE P-18:0/18:3	-	LION:0000100
LION_FATTY_ACID_WITH_18_CARBONS_OR_LESS	PE P-18:0/19:1	PE P-18:0/19:1	-	LION:0000100
LION_FATTY_ACID_WITH_18_CARBONS_OR_LESS	PE P-18:0/20:1	PE P-18:0/20:1	-	LION:0000100
LION_FATTY_ACID_WITH_18_CARBONS_OR_LESS	PE P-18:0/20:2	PE P-18:0/20:2	-	LION:0000100
LION_FATTY_ACID_WITH_18_CARBONS_OR_LESS	PE P-18:0/20:3	PE P-18:0/20:3	-	LION:0000100
LION_FATTY_ACID_WITH_18_CARBONS_OR_LESS	PE P-18:0/20:4	PE P-18:0/20:4	-	LION:0000100
LION_FATTY_ACID_WITH_18_CARBONS_OR_LESS	PE P-18:0/20:5	PE P-18:0/20:5	-	LION:0000100
LION_FATTY_ACID_WITH_18_CARBONS_OR_LESS	PE P-18:0/22:1	PE P-18:0/22:1	-	LION:0000100
LION_FATTY_ACID_WITH_18_CARBONS_OR_LESS	PE P-18:0/22:2	PE P-18:0/22:2	-	LION:0000100
LION_FATTY_ACID_WITH_18_CARBONS_OR_LESS	PE P-18:0/22:3	PE P-18:0/22:3	-	LION:0000100
LION_FATTY_ACID_WITH_18_CARBONS_OR_LESS	PE P-18:0/22:4	PE P-18:0/22:4	-	LION:0000100
LION_FATTY_ACID_WITH_18_CARBONS_OR_LESS	PE P-18:0/22:5	PE P-18:0/22:5	-	LION:0000100
LION_FATTY_ACID_WITH_18_CARBONS_OR_LESS	PE P-18:0/22:6	PE P-18:0/22:6	-	LION:0000100
LION_FATTY_ACID_WITH_18_CARBONS_OR_LESS	PE P-18:1/18:1	PE P-18:1/18:1	-	LION:0000100
LION_FATTY_ACID_WITH_18_CARBONS_OR_LESS	PE P-18:1/18:2	PE P-18:1/18:2	-	LION:0000100
LION_FATTY_ACID_WITH_18_CARBONS_OR_LESS	PE P-18:1/20:4	PE P-18:1/20:4	-	LION:0000100
LION_FATTY_ACID_WITH_18_CARBONS_OR_LESS	PE P-18:1/20:5	PE P-18:1/20:5	-	LION:0000100
LION_FATTY_ACID_WITH_18_CARBONS_OR_LESS	PE P-18:1/22:6	PE P-18:1/22:6	-	LION:0000100
LION_FATTY_ACID_WITH_19_21_CARBONS	CE 20:0	CE 20:0	-	LION:0002949
LION_FATTY_ACID_WITH_19_21_CARBONS	CE 20:1	CE 20:1	-	LION:0002949
LION_FATTY_ACID_WITH_19_21_CARBONS	CE 20:3	CE 20:3	-	LION:0002949
LION_FATTY_ACID_WITH_19_21_CARBONS	CE 20:4	CE 20:4	-	LION:0002949
LION_FATTY_ACID_WITH_19_21_CARBONS	CE 20:5	CE 20:5	-	LION:0002949
LION_FATTY_ACID_WITH_19_21_CARBONS	Cer d18:0/20:0	Cer d18:0/20:0	-	LION:0002949
LION_FATTY_ACID_WITH_19_21_CARBONS	Cer d18:1/20:0	Cer d18:1/20:0	-	LION:0002949
LION_FATTY_ACID_WITH_19_21_CARBONS	Hex-Cer d18:1/20:0	Hex-Cer d18:1/20:0	-	LION:0002949
LION_FATTY_ACID_WITH_19_21_CARBONS	Hex2Cer d18:1/20:0	Hex2Cer d18:1/20:0	-	LION:0002949
LION_FATTY_ACID_WITH_19_21_CARBONS	LPC 20:3	LPC 20:3	-	LION:0002949
LION_FATTY_ACID_WITH_19_21_CARBONS	LPC 20:4	LPC 20:4	-	LION:0002949
LION_FATTY_ACID_WITH_19_21_CARBONS	LPE 19:0	LPE 19:0	-	LION:0002949
LION_FATTY_ACID_WITH_19_21_CARBONS	LPE 19:1	LPE 19:1	-	LION:0002949
LION_FATTY_ACID_WITH_19_21_CARBONS	LPE 19:2	LPE 19:2	-	LION:0002949
LION_FATTY_ACID_WITH_19_21_CARBONS	LPE 20:0	LPE 20:0	-	LION:0002949
LION_FATTY_ACID_WITH_19_21_CARBONS	LPE 20:1	LPE 20:1	-	LION:0002949
LION_FATTY_ACID_WITH_19_21_CARBONS	LPE 20:2	LPE 20:2	-	LION:0002949
LION_FATTY_ACID_WITH_19_21_CARBONS	LPE 20:3	LPE 20:3	-	LION:0002949
LION_FATTY_ACID_WITH_19_21_CARBONS	LPE 20:4	LPE 20:4	-	LION:0002949
LION_FATTY_ACID_WITH_19_21_CARBONS	LPE 20:5	LPE 20:5	-	LION:0002949
LION_FATTY_ACID_WITH_19_21_CARBONS	LPG 20:1	LPG 20:1	-	LION:0002949
LION_FATTY_ACID_WITH_19_21_CARBONS	LPI 19:0	LPI 19:0	-	LION:0002949
LION_FATTY_ACID_WITH_19_21_CARBONS	LPI 20:1	LPI 20:1	-	LION:0002949
LION_FATTY_ACID_WITH_19_21_CARBONS	LPI 20:4	LPI 20:4	-	LION:0002949
LION_FATTY_ACID_WITH_19_21_CARBONS	LPS 20:0	LPS 20:0	-	LION:0002949
LION_FATTY_ACID_WITH_19_21_CARBONS	LPS 20:1	LPS 20:1	-	LION:0002949
LION_FATTY_ACID_WITH_19_21_CARBONS	LPS 20:4	LPS 20:4	-	LION:0002949
LION_FATTY_ACID_WITH_19_21_CARBONS	LPS 20:5	LPS 20:5	-	LION:0002949
LION_FATTY_ACID_WITH_19_21_CARBONS	PE P-16:0/20:3	PE P-16:0/20:3	-	LION:0002949
LION_FATTY_ACID_WITH_19_21_CARBONS	PE P-16:0/20:4	PE P-16:0/20:4	-	LION:0002949
LION_FATTY_ACID_WITH_19_21_CARBONS	PE P-16:0/20:5	PE P-16:0/20:5	-	LION:0002949
LION_FATTY_ACID_WITH_19_21_CARBONS	PE P-18:0/19:1	PE P-18:0/19:1	-	LION:0002949
LION_FATTY_ACID_WITH_19_21_CARBONS	PE P-18:0/20:1	PE P-18:0/20:1	-	LION:0002949
LION_FATTY_ACID_WITH_19_21_CARBONS	PE P-18:0/20:2	PE P-18:0/20:2	-	LION:0002949
LION_FATTY_ACID_WITH_19_21_CARBONS	PE P-18:0/20:3	PE P-18:0/20:3	-	LION:0002949
LION_FATTY_ACID_WITH_19_21_CARBONS	PE P-18:0/20:4	PE P-18:0/20:4	-	LION:0002949
LION_FATTY_ACID_WITH_19_21_CARBONS	PE P-18:0/20:5	PE P-18:0/20:5	-	LION:0002949
LION_FATTY_ACID_WITH_19_21_CARBONS	PE P-18:1/20:4	PE P-18:1/20:4	-	LION:0002949
LION_FATTY_ACID_WITH_19_21_CARBONS	PE P-18:1/20:5	PE P-18:1/20:5	-	LION:0002949
LION_FATTY_ACID_WITH_19_21_CARBONS	PE P-20:0/20:0	PE P-20:0/20:0	-	LION:0002949
LION_FATTY_ACID_WITH_19_21_CARBONS	PE P-20:0/20:4	PE P-20:0/20:4	-	LION:0002949
LION_FATTY_ACID_WITH_19_21_CARBONS	PE P-20:0/20:5	PE P-20:0/20:5	-	LION:0002949
LION_FATTY_ACID_WITH_20_CARBONS	CE 20:0	CE 20:0	-	LION:0002959
LION_FATTY_ACID_WITH_20_CARBONS	CE 20:1	CE 20:1	-	LION:0002959
LION_FATTY_ACID_WITH_20_CARBONS	CE 20:3	CE 20:3	-	LION:0002959
LION_FATTY_ACID_WITH_20_CARBONS	CE 20:4	CE 20:4	-	LION:0002959
LION_FATTY_ACID_WITH_20_CARBONS	CE 20:5	CE 20:5	-	LION:0002959
LION_FATTY_ACID_WITH_20_CARBONS	Cer d18:0/20:0	Cer d18:0/20:0	-	LION:0002959
LION_FATTY_ACID_WITH_20_CARBONS	Cer d18:1/20:0	Cer d18:1/20:0	-	LION:0002959
LION_FATTY_ACID_WITH_20_CARBONS	Hex-Cer d18:1/20:0	Hex-Cer d18:1/20:0	-	LION:0002959
LION_FATTY_ACID_WITH_20_CARBONS	Hex2Cer d18:1/20:0	Hex2Cer d18:1/20:0	-	LION:0002959
LION_FATTY_ACID_WITH_20_CARBONS	LPC 20:3	LPC 20:3	-	LION:0002959
LION_FATTY_ACID_WITH_20_CARBONS	LPC 20:4	LPC 20:4	-	LION:0002959
LION_FATTY_ACID_WITH_20_CARBONS	LPE 20:0	LPE 20:0	-	LION:0002959
LION_FATTY_ACID_WITH_20_CARBONS	LPE 20:1	LPE 20:1	-	LION:0002959
LION_FATTY_ACID_WITH_20_CARBONS	LPE 20:2	LPE 20:2	-	LION:0002959
LION_FATTY_ACID_WITH_20_CARBONS	LPE 20:3	LPE 20:3	-	LION:0002959
LION_FATTY_ACID_WITH_20_CARBONS	LPE 20:4	LPE 20:4	-	LION:0002959
LION_FATTY_ACID_WITH_20_CARBONS	LPE 20:5	LPE 20:5	-	LION:0002959
LION_FATTY_ACID_WITH_20_CARBONS	LPG 20:1	LPG 20:1	-	LION:0002959
LION_FATTY_ACID_WITH_20_CARBONS	LPI 20:1	LPI 20:1	-	LION:0002959
LION_FATTY_ACID_WITH_20_CARBONS	LPI 20:4	LPI 20:4	-	LION:0002959
LION_FATTY_ACID_WITH_20_CARBONS	LPS 20:0	LPS 20:0	-	LION:0002959
LION_FATTY_ACID_WITH_20_CARBONS	LPS 20:1	LPS 20:1	-	LION:0002959
LION_FATTY_ACID_WITH_20_CARBONS	LPS 20:4	LPS 20:4	-	LION:0002959
LION_FATTY_ACID_WITH_20_CARBONS	LPS 20:5	LPS 20:5	-	LION:0002959
LION_FATTY_ACID_WITH_20_CARBONS	PE P-16:0/20:3	PE P-16:0/20:3	-	LION:0002959
LION_FATTY_ACID_WITH_20_CARBONS	PE P-16:0/20:4	PE P-16:0/20:4	-	LION:0002959
LION_FATTY_ACID_WITH_20_CARBONS	PE P-16:0/20:5	PE P-16:0/20:5	-	LION:0002959
LION_FATTY_ACID_WITH_20_CARBONS	PE P-18:0/20:1	PE P-18:0/20:1	-	LION:0002959
LION_FATTY_ACID_WITH_20_CARBONS	PE P-18:0/20:2	PE P-18:0/20:2	-	LION:0002959
LION_FATTY_ACID_WITH_20_CARBONS	PE P-18:0/20:3	PE P-18:0/20:3	-	LION:0002959
LION_FATTY_ACID_WITH_20_CARBONS	PE P-18:0/20:4	PE P-18:0/20:4	-	LION:0002959
LION_FATTY_ACID_WITH_20_CARBONS	PE P-18:0/20:5	PE P-18:0/20:5	-	LION:0002959
LION_FATTY_ACID_WITH_20_CARBONS	PE P-18:1/20:4	PE P-18:1/20:4	-	LION:0002959
LION_FATTY_ACID_WITH_20_CARBONS	PE P-18:1/20:5	PE P-18:1/20:5	-	LION:0002959
LION_FATTY_ACID_WITH_20_CARBONS	PE P-20:0/20:0	PE P-20:0/20:0	-	LION:0002959
LION_FATTY_ACID_WITH_20_CARBONS	PE P-20:0/20:4	PE P-20:0/20:4	-	LION:0002959
LION_FATTY_ACID_WITH_20_CARBONS	PE P-20:0/20:5	PE P-20:0/20:5	-	LION:0002959
LION_FATTY_ACID_WITH_22_24_CARBONS	CE 22:0	CE 22:0	-	LION:0002950
LION_FATTY_ACID_WITH_22_24_CARBONS	CE 22:1	CE 22:1	-	LION:0002950
LION_FATTY_ACID_WITH_22_24_CARBONS	CE 22:2	CE 22:2	-	LION:0002950
LION_FATTY_ACID_WITH_22_24_CARBONS	CE 22:5	CE 22:5	-	LION:0002950
LION_FATTY_ACID_WITH_22_24_CARBONS	CE 22:6	CE 22:6	-	LION:0002950
LION_FATTY_ACID_WITH_22_24_CARBONS	Cer d18:0/22:0	Cer d18:0/22:0	-	LION:0002950
LION_FATTY_ACID_WITH_22_24_CARBONS	Cer d18:0/24:0	Cer d18:0/24:0	-	LION:0002950
LION_FATTY_ACID_WITH_22_24_CARBONS	Cer d18:0/24:1	Cer d18:0/24:1	-	LION:0002950
LION_FATTY_ACID_WITH_22_24_CARBONS	Cer d18:1/22:0	Cer d18:1/22:0	-	LION:0002950
LION_FATTY_ACID_WITH_22_24_CARBONS	Cer d18:1/23:0	Cer d18:1/23:0	-	LION:0002950
LION_FATTY_ACID_WITH_22_24_CARBONS	Cer d18:1/24:0	Cer d18:1/24:0	-	LION:0002950
LION_FATTY_ACID_WITH_22_24_CARBONS	Cer d18:1/24:1	Cer d18:1/24:1	-	LION:0002950
LION_FATTY_ACID_WITH_22_24_CARBONS	Hex-Cer d18:1/22:0	Hex-Cer d18:1/22:0	-	LION:0002950
LION_FATTY_ACID_WITH_22_24_CARBONS	Hex-Cer d18:1/23:0	Hex-Cer d18:1/23:0	-	LION:0002950
LION_FATTY_ACID_WITH_22_24_CARBONS	Hex-Cer d18:1/24:0	Hex-Cer d18:1/24:0	-	LION:0002950
LION_FATTY_ACID_WITH_22_24_CARBONS	Hex-Cer d18:1/24:1	Hex-Cer d18:1/24:1	-	LION:0002950
LION_FATTY_ACID_WITH_22_24_CARBONS	Hex2Cer d18:1/22:0	Hex2Cer d18:1/22:0	-	LION:0002950
LION_FATTY_ACID_WITH_22_24_CARBONS	Hex2Cer d18:1/24:0	Hex2Cer d18:1/24:0	-	LION:0002950
LION_FATTY_ACID_WITH_22_24_CARBONS	Hex2Cer d18:1/24:1	Hex2Cer d18:1/24:1	-	LION:0002950
LION_FATTY_ACID_WITH_22_24_CARBONS	LPA 22:3	LPA 22:3	-	LION:0002950
LION_FATTY_ACID_WITH_22_24_CARBONS	LPA 22:4	LPA 22:4	-	LION:0002950
LION_FATTY_ACID_WITH_22_24_CARBONS	LPE 22:0	LPE 22:0	-	LION:0002950
LION_FATTY_ACID_WITH_22_24_CARBONS	LPE 22:1	LPE 22:1	-	LION:0002950
LION_FATTY_ACID_WITH_22_24_CARBONS	LPE 22:4	LPE 22:4	-	LION:0002950
LION_FATTY_ACID_WITH_22_24_CARBONS	LPE 22:5	LPE 22:5	-	LION:0002950
LION_FATTY_ACID_WITH_22_24_CARBONS	LPE 22:6	LPE 22:6	-	LION:0002950
LION_FATTY_ACID_WITH_22_24_CARBONS	LPI 22:0	LPI 22:0	-	LION:0002950
LION_FATTY_ACID_WITH_22_24_CARBONS	LPI 22:1	LPI 22:1	-	LION:0002950
LION_FATTY_ACID_WITH_22_24_CARBONS	LPS 22:0	LPS 22:0	-	LION:0002950
LION_FATTY_ACID_WITH_22_24_CARBONS	LPS 22:6	LPS 22:6	-	LION:0002950
LION_FATTY_ACID_WITH_22_24_CARBONS	PE P-16:0/22:4	PE P-16:0/22:4	-	LION:0002950
LION_FATTY_ACID_WITH_22_24_CARBONS	PE P-16:0/22:5	PE P-16:0/22:5	-	LION:0002950
LION_FATTY_ACID_WITH_22_24_CARBONS	PE P-16:0/22:6	PE P-16:0/22:6	-	LION:0002950
LION_FATTY_ACID_WITH_22_24_CARBONS	PE P-18:0/22:1	PE P-18:0/22:1	-	LION:0002950
LION_FATTY_ACID_WITH_22_24_CARBONS	PE P-18:0/22:2	PE P-18:0/22:2	-	LION:0002950
LION_FATTY_ACID_WITH_22_24_CARBONS	PE P-18:0/22:3	PE P-18:0/22:3	-	LION:0002950
LION_FATTY_ACID_WITH_22_24_CARBONS	PE P-18:0/22:4	PE P-18:0/22:4	-	LION:0002950
LION_FATTY_ACID_WITH_22_24_CARBONS	PE P-18:0/22:5	PE P-18:0/22:5	-	LION:0002950
LION_FATTY_ACID_WITH_22_24_CARBONS	PE P-18:0/22:6	PE P-18:0/22:6	-	LION:0002950
LION_FATTY_ACID_WITH_22_24_CARBONS	PE P-18:1/22:6	PE P-18:1/22:6	-	LION:0002950
LION_FATTY_ACID_WITH_22_CARBONS	CE 22:0	CE 22:0	-	LION:0002961
LION_FATTY_ACID_WITH_22_CARBONS	CE 22:1	CE 22:1	-	LION:0002961
LION_FATTY_ACID_WITH_22_CARBONS	CE 22:2	CE 22:2	-	LION:0002961
LION_FATTY_ACID_WITH_22_CARBONS	CE 22:5	CE 22:5	-	LION:0002961
LION_FATTY_ACID_WITH_22_CARBONS	CE 22:6	CE 22:6	-	LION:0002961
LION_FATTY_ACID_WITH_22_CARBONS	Cer d18:0/22:0	Cer d18:0/22:0	-	LION:0002961
LION_FATTY_ACID_WITH_22_CARBONS	Cer d18:1/22:0	Cer d18:1/22:0	-	LION:0002961
LION_FATTY_ACID_WITH_22_CARBONS	Hex-Cer d18:1/22:0	Hex-Cer d18:1/22:0	-	LION:0002961
LION_FATTY_ACID_WITH_22_CARBONS	Hex2Cer d18:1/22:0	Hex2Cer d18:1/22:0	-	LION:0002961
LION_FATTY_ACID_WITH_22_CARBONS	LPA 22:3	LPA 22:3	-	LION:0002961
LION_FATTY_ACID_WITH_22_CARBONS	LPA 22:4	LPA 22:4	-	LION:0002961
LION_FATTY_ACID_WITH_22_CARBONS	LPE 22:0	LPE 22:0	-	LION:0002961
LION_FATTY_ACID_WITH_22_CARBONS	LPE 22:1	LPE 22:1	-	LION:0002961
LION_FATTY_ACID_WITH_22_CARBONS	LPE 22:4	LPE 22:4	-	LION:0002961
LION_FATTY_ACID_WITH_22_CARBONS	LPE 22:5	LPE 22:5	-	LION:0002961
LION_FATTY_ACID_WITH_22_CARBONS	LPE 22:6	LPE 22:6	-	LION:0002961
LION_FATTY_ACID_WITH_22_CARBONS	LPI 22:0	LPI 22:0	-	LION:0002961
LION_FATTY_ACID_WITH_22_CARBONS	LPI 22:1	LPI 22:1	-	LION:0002961
LION_FATTY_ACID_WITH_22_CARBONS	LPS 22:0	LPS 22:0	-	LION:0002961
LION_FATTY_ACID_WITH_22_CARBONS	LPS 22:6	LPS 22:6	-	LION:0002961
LION_FATTY_ACID_WITH_22_CARBONS	PE P-16:0/22:4	PE P-16:0/22:4	-	LION:0002961
LION_FATTY_ACID_WITH_22_CARBONS	PE P-16:0/22:5	PE P-16:0/22:5	-	LION:0002961
LION_FATTY_ACID_WITH_22_CARBONS	PE P-16:0/22:6	PE P-16:0/22:6	-	LION:0002961
LION_FATTY_ACID_WITH_22_CARBONS	PE P-18:0/22:1	PE P-18:0/22:1	-	LION:0002961
LION_FATTY_ACID_WITH_22_CARBONS	PE P-18:0/22:2	PE P-18:0/22:2	-	LION:0002961
LION_FATTY_ACID_WITH_22_CARBONS	PE P-18:0/22:3	PE P-18:0/22:3	-	LION:0002961
LION_FATTY_ACID_WITH_22_CARBONS	PE P-18:0/22:4	PE P-18:0/22:4	-	LION:0002961
LION_FATTY_ACID_WITH_22_CARBONS	PE P-18:0/22:5	PE P-18:0/22:5	-	LION:0002961
LION_FATTY_ACID_WITH_22_CARBONS	PE P-18:0/22:6	PE P-18:0/22:6	-	LION:0002961
LION_FATTY_ACID_WITH_22_CARBONS	PE P-18:1/22:6	PE P-18:1/22:6	-	LION:0002961
LION_FATTY_ACID_WITH_24_CARBONS	Cer d18:0/24:0	Cer d18:0/24:0	-	LION:0002963
LION_FATTY_ACID_WITH_24_CARBONS	Cer d18:0/24:1	Cer d18:0/24:1	-	LION:0002963
LION_FATTY_ACID_WITH_24_CARBONS	Cer d18:1/24:0	Cer d18:1/24:0	-	LION:0002963
LION_FATTY_ACID_WITH_24_CARBONS	Cer d18:1/24:1	Cer d18:1/24:1	-	LION:0002963
LION_FATTY_ACID_WITH_24_CARBONS	Hex-Cer d18:1/24:0	Hex-Cer d18:1/24:0	-	LION:0002963
LION_FATTY_ACID_WITH_24_CARBONS	Hex-Cer d18:1/24:1	Hex-Cer d18:1/24:1	-	LION:0002963
LION_FATTY_ACID_WITH_24_CARBONS	Hex2Cer d18:1/24:0	Hex2Cer d18:1/24:0	-	LION:0002963
LION_FATTY_ACID_WITH_24_CARBONS	Hex2Cer d18:1/24:1	Hex2Cer d18:1/24:1	-	LION:0002963
LION_FATTY_ACID_WITH_26_CARBONS	Cer d18:0/26:1	Cer d18:0/26:1	-	LION:0002965
LION_FATTY_ACID_WITH_26_CARBONS	Cer d18:1/26:0	Cer d18:1/26:0	-	LION:0002965
LION_FATTY_ACID_WITH_26_CARBONS	Cer d18:1/26:1	Cer d18:1/26:1	-	LION:0002965
LION_FATTY_ACID_WITH_26_CARBONS	Hex-Cer d18:1/26:0	Hex-Cer d18:1/26:0	-	LION:0002965
LION_FATTY_ACID_WITH_26_CARBONS	Hex-Cer d18:1/26:1	Hex-Cer d18:1/26:1	-	LION:0002965
LION_FATTY_ACID_WITH_26_CARBONS	Hex2Cer d18:1/26:0	Hex2Cer d18:1/26:0	-	LION:0002965
LION_FATTY_ACID_WITH_26_CARBONS	Hex2Cer d18:1/26:1	Hex2Cer d18:1/26:1	-	LION:0002965
LION_FATTY_ACID_WITH_2_DOUBLE_BONDS	CE 18:2	CE 18:2	-	LION:0002970
LION_FATTY_ACID_WITH_2_DOUBLE_BONDS	CE 22:2	CE 22:2	-	LION:0002970
LION_FATTY_ACID_WITH_2_DOUBLE_BONDS	LPA 18:2	LPA 18:2	-	LION:0002970
LION_FATTY_ACID_WITH_2_DOUBLE_BONDS	LPC 18:2	LPC 18:2	-	LION:0002970
LION_FATTY_ACID_WITH_2_DOUBLE_BONDS	LPE 18:2	LPE 18:2	-	LION:0002970
LION_FATTY_ACID_WITH_2_DOUBLE_BONDS	LPE 19:2	LPE 19:2	-	LION:0002970
LION_FATTY_ACID_WITH_2_DOUBLE_BONDS	LPE 20:2	LPE 20:2	-	LION:0002970
LION_FATTY_ACID_WITH_2_DOUBLE_BONDS	LPG 18:2	LPG 18:2	-	LION:0002970
LION_FATTY_ACID_WITH_2_DOUBLE_BONDS	LPI 18:2	LPI 18:2	-	LION:0002970
LION_FATTY_ACID_WITH_2_DOUBLE_BONDS	LPS 18:2	LPS 18:2	-	LION:0002970
LION_FATTY_ACID_WITH_2_DOUBLE_BONDS	PE P-16:0/18:2	PE P-16:0/18:2	-	LION:0002970
LION_FATTY_ACID_WITH_2_DOUBLE_BONDS	PE P-18:0/18:2	PE P-18:0/18:2	-	LION:0002970
LION_FATTY_ACID_WITH_2_DOUBLE_BONDS	PE P-18:0/20:2	PE P-18:0/20:2	-	LION:0002970
LION_FATTY_ACID_WITH_2_DOUBLE_BONDS	PE P-18:0/22:2	PE P-18:0/22:2	-	LION:0002970
LION_FATTY_ACID_WITH_2_DOUBLE_BONDS	PE P-18:1/18:2	PE P-18:1/18:2	-	LION:0002970
LION_FATTY_ACID_WITH_3_5_DOUBLE_BONDS	CE 18:3	CE 18:3	-	LION:0002977
LION_FATTY_ACID_WITH_3_5_DOUBLE_BONDS	CE 20:3	CE 20:3	-	LION:0002977
LION_FATTY_ACID_WITH_3_5_DOUBLE_BONDS	CE 20:4	CE 20:4	-	LION:0002977
LION_FATTY_ACID_WITH_3_5_DOUBLE_BONDS	CE 20:5	CE 20:5	-	LION:0002977
LION_FATTY_ACID_WITH_3_5_DOUBLE_BONDS	CE 22:5	CE 22:5	-	LION:0002977
LION_FATTY_ACID_WITH_3_5_DOUBLE_BONDS	LPA 22:3	LPA 22:3	-	LION:0002977
LION_FATTY_ACID_WITH_3_5_DOUBLE_BONDS	LPA 22:4	LPA 22:4	-	LION:0002977
LION_FATTY_ACID_WITH_3_5_DOUBLE_BONDS	LPC 20:3	LPC 20:3	-	LION:0002977
LION_FATTY_ACID_WITH_3_5_DOUBLE_BONDS	LPC 20:4	LPC 20:4	-	LION:0002977
LION_FATTY_ACID_WITH_3_5_DOUBLE_BONDS	LPE 18:3	LPE 18:3	-	LION:0002977
LION_FATTY_ACID_WITH_3_5_DOUBLE_BONDS	LPE 20:3	LPE 20:3	-	LION:0002977
LION_FATTY_ACID_WITH_3_5_DOUBLE_BONDS	LPE 20:4	LPE 20:4	-	LION:0002977
LION_FATTY_ACID_WITH_3_5_DOUBLE_BONDS	LPE 20:5	LPE 20:5	-	LION:0002977
LION_FATTY_ACID_WITH_3_5_DOUBLE_BONDS	LPE 22:4	LPE 22:4	-	LION:0002977
LION_FATTY_ACID_WITH_3_5_DOUBLE_BONDS	LPE 22:5	LPE 22:5	-	LION:0002977
LION_FATTY_ACID_WITH_3_5_DOUBLE_BONDS	LPI 18:3	LPI 18:3	-	LION:0002977
LION_FATTY_ACID_WITH_3_5_DOUBLE_BONDS	LPI 20:4	LPI 20:4	-	LION:0002977
LION_FATTY_ACID_WITH_3_5_DOUBLE_BONDS	LPS 18:3	LPS 18:3	-	LION:0002977
LION_FATTY_ACID_WITH_3_5_DOUBLE_BONDS	LPS 20:4	LPS 20:4	-	LION:0002977
LION_FATTY_ACID_WITH_3_5_DOUBLE_BONDS	LPS 20:5	LPS 20:5	-	LION:0002977
LION_FATTY_ACID_WITH_3_5_DOUBLE_BONDS	PE P-16:0/18:3	PE P-16:0/18:3	-	LION:0002977
LION_FATTY_ACID_WITH_3_5_DOUBLE_BONDS	PE P-16:0/20:3	PE P-16:0/20:3	-	LION:0002977
LION_FATTY_ACID_WITH_3_5_DOUBLE_BONDS	PE P-16:0/20:4	PE P-16:0/20:4	-	LION:0002977
LION_FATTY_ACID_WITH_3_5_DOUBLE_BONDS	PE P-16:0/20:5	PE P-16:0/20:5	-	LION:0002977
LION_FATTY_ACID_WITH_3_5_DOUBLE_BONDS	PE P-16:0/22:4	PE P-16:0/22:4	-	LION:0002977
LION_FATTY_ACID_WITH_3_5_DOUBLE_BONDS	PE P-16:0/22:5	PE P-16:0/22:5	-	LION:0002977
LION_FATTY_ACID_WITH_3_5_DOUBLE_BONDS	PE P-18:0/18:3	PE P-18:0/18:3	-	LION:0002977
LION_FATTY_ACID_WITH_3_5_DOUBLE_BONDS	PE P-18:0/20:3	PE P-18:0/20:3	-	LION:0002977
LION_FATTY_ACID_WITH_3_5_DOUBLE_BONDS	PE P-18:0/20:4	PE P-18:0/20:4	-	LION:0002977
LION_FATTY_ACID_WITH_3_5_DOUBLE_BONDS	PE P-18:0/20:5	PE P-18:0/20:5	-	LION:0002977
LION_FATTY_ACID_WITH_3_5_DOUBLE_BONDS	PE P-18:0/22:3	PE P-18:0/22:3	-	LION:0002977
LION_FATTY_ACID_WITH_3_5_DOUBLE_BONDS	PE P-18:0/22:4	PE P-18:0/22:4	-	LION:0002977
LION_FATTY_ACID_WITH_3_5_DOUBLE_BONDS	PE P-18:0/22:5	PE P-18:0/22:5	-	LION:0002977
LION_FATTY_ACID_WITH_3_5_DOUBLE_BONDS	PE P-18:1/20:4	PE P-18:1/20:4	-	LION:0002977
LION_FATTY_ACID_WITH_3_5_DOUBLE_BONDS	PE P-18:1/20:5	PE P-18:1/20:5	-	LION:0002977
LION_FATTY_ACID_WITH_3_5_DOUBLE_BONDS	PE P-20:0/20:4	PE P-20:0/20:4	-	LION:0002977
LION_FATTY_ACID_WITH_3_5_DOUBLE_BONDS	PE P-20:0/20:5	PE P-20:0/20:5	-	LION:0002977
LION_FATTY_ACID_WITH_3_DOUBLE_BONDS	CE 18:3	CE 18:3	-	LION:0002971
LION_FATTY_ACID_WITH_3_DOUBLE_BONDS	CE 20:3	CE 20:3	-	LION:0002971
LION_FATTY_ACID_WITH_3_DOUBLE_BONDS	LPA 22:3	LPA 22:3	-	LION:0002971
LION_FATTY_ACID_WITH_3_DOUBLE_BONDS	LPC 20:3	LPC 20:3	-	LION:0002971
LION_FATTY_ACID_WITH_3_DOUBLE_BONDS	LPE 18:3	LPE 18:3	-	LION:0002971
LION_FATTY_ACID_WITH_3_DOUBLE_BONDS	LPE 20:3	LPE 20:3	-	LION:0002971
LION_FATTY_ACID_WITH_3_DOUBLE_BONDS	LPI 18:3	LPI 18:3	-	LION:0002971
LION_FATTY_ACID_WITH_3_DOUBLE_BONDS	LPS 18:3	LPS 18:3	-	LION:0002971
LION_FATTY_ACID_WITH_3_DOUBLE_BONDS	PE P-16:0/18:3	PE P-16:0/18:3	-	LION:0002971
LION_FATTY_ACID_WITH_3_DOUBLE_BONDS	PE P-16:0/20:3	PE P-16:0/20:3	-	LION:0002971
LION_FATTY_ACID_WITH_3_DOUBLE_BONDS	PE P-18:0/18:3	PE P-18:0/18:3	-	LION:0002971
LION_FATTY_ACID_WITH_3_DOUBLE_BONDS	PE P-18:0/20:3	PE P-18:0/20:3	-	LION:0002971
LION_FATTY_ACID_WITH_3_DOUBLE_BONDS	PE P-18:0/22:3	PE P-18:0/22:3	-	LION:0002971
LION_FATTY_ACID_WITH_4_DOUBLE_BONDS	CE 20:4	CE 20:4	-	LION:0002972
LION_FATTY_ACID_WITH_4_DOUBLE_BONDS	LPA 22:4	LPA 22:4	-	LION:0002972
LION_FATTY_ACID_WITH_4_DOUBLE_BONDS	LPC 20:4	LPC 20:4	-	LION:0002972
LION_FATTY_ACID_WITH_4_DOUBLE_BONDS	LPE 20:4	LPE 20:4	-	LION:0002972
LION_FATTY_ACID_WITH_4_DOUBLE_BONDS	LPE 22:4	LPE 22:4	-	LION:0002972
LION_FATTY_ACID_WITH_4_DOUBLE_BONDS	LPI 20:4	LPI 20:4	-	LION:0002972
LION_FATTY_ACID_WITH_4_DOUBLE_BONDS	LPS 20:4	LPS 20:4	-	LION:0002972
LION_FATTY_ACID_WITH_4_DOUBLE_BONDS	PE P-16:0/20:4	PE P-16:0/20:4	-	LION:0002972
LION_FATTY_ACID_WITH_4_DOUBLE_BONDS	PE P-16:0/22:4	PE P-16:0/22:4	-	LION:0002972
LION_FATTY_ACID_WITH_4_DOUBLE_BONDS	PE P-18:0/20:4	PE P-18:0/20:4	-	LION:0002972
LION_FATTY_ACID_WITH_4_DOUBLE_BONDS	PE P-18:0/22:4	PE P-18:0/22:4	-	LION:0002972
LION_FATTY_ACID_WITH_4_DOUBLE_BONDS	PE P-18:1/20:4	PE P-18:1/20:4	-	LION:0002972
LION_FATTY_ACID_WITH_4_DOUBLE_BONDS	PE P-20:0/20:4	PE P-20:0/20:4	-	LION:0002972
LION_FATTY_ACID_WITH_5_DOUBLE_BONDS	CE 20:5	CE 20:5	-	LION:0002973
LION_FATTY_ACID_WITH_5_DOUBLE_BONDS	CE 22:5	CE 22:5	-	LION:0002973
LION_FATTY_ACID_WITH_5_DOUBLE_BONDS	LPE 20:5	LPE 20:5	-	LION:0002973
LION_FATTY_ACID_WITH_5_DOUBLE_BONDS	LPE 22:5	LPE 22:5	-	LION:0002973
LION_FATTY_ACID_WITH_5_DOUBLE_BONDS	LPS 20:5	LPS 20:5	-	LION:0002973
LION_FATTY_ACID_WITH_5_DOUBLE_BONDS	PE P-16:0/20:5	PE P-16:0/20:5	-	LION:0002973
LION_FATTY_ACID_WITH_5_DOUBLE_BONDS	PE P-16:0/22:5	PE P-16:0/22:5	-	LION:0002973
LION_FATTY_ACID_WITH_5_DOUBLE_BONDS	PE P-18:0/20:5	PE P-18:0/20:5	-	LION:0002973
LION_FATTY_ACID_WITH_5_DOUBLE_BONDS	PE P-18:0/22:5	PE P-18:0/22:5	-	LION:0002973
LION_FATTY_ACID_WITH_5_DOUBLE_BONDS	PE P-18:1/20:5	PE P-18:1/20:5	-	LION:0002973
LION_FATTY_ACID_WITH_5_DOUBLE_BONDS	PE P-20:0/20:5	PE P-20:0/20:5	-	LION:0002973
LION_FATTY_ACID_WITH_LESS_THAN_2_DOUBLE_BONDS	CE 14:0	CE 14:0	-	LION:0002966
LION_FATTY_ACID_WITH_LESS_THAN_2_DOUBLE_BONDS	CE 14:1	CE 14:1	-	LION:0002966
LION_FATTY_ACID_WITH_LESS_THAN_2_DOUBLE_BONDS	CE 15:0	CE 15:0	-	LION:0002966
LION_FATTY_ACID_WITH_LESS_THAN_2_DOUBLE_BONDS	CE 15:1	CE 15:1	-	LION:0002966
LION_FATTY_ACID_WITH_LESS_THAN_2_DOUBLE_BONDS	CE 16:0	CE 16:0	-	LION:0002966
LION_FATTY_ACID_WITH_LESS_THAN_2_DOUBLE_BONDS	CE 16:1	CE 16:1	-	LION:0002966
LION_FATTY_ACID_WITH_LESS_THAN_2_DOUBLE_BONDS	CE 17:0	CE 17:0	-	LION:0002966
LION_FATTY_ACID_WITH_LESS_THAN_2_DOUBLE_BONDS	CE 17:1	CE 17:1	-	LION:0002966
LION_FATTY_ACID_WITH_LESS_THAN_2_DOUBLE_BONDS	CE 18:0	CE 18:0	-	LION:0002966
LION_FATTY_ACID_WITH_LESS_THAN_2_DOUBLE_BONDS	CE 18:1	CE 18:1	-	LION:0002966
LION_FATTY_ACID_WITH_LESS_THAN_2_DOUBLE_BONDS	CE 20:0	CE 20:0	-	LION:0002966
LION_FATTY_ACID_WITH_LESS_THAN_2_DOUBLE_BONDS	CE 20:1	CE 20:1	-	LION:0002966
LION_FATTY_ACID_WITH_LESS_THAN_2_DOUBLE_BONDS	CE 22:0	CE 22:0	-	LION:0002966
LION_FATTY_ACID_WITH_LESS_THAN_2_DOUBLE_BONDS	CE 22:1	CE 22:1	-	LION:0002966
LION_FATTY_ACID_WITH_LESS_THAN_2_DOUBLE_BONDS	Cer d18:0/18:0	Cer d18:0/18:0	-	LION:0002966
LION_FATTY_ACID_WITH_LESS_THAN_2_DOUBLE_BONDS	Cer d18:0/20:0	Cer d18:0/20:0	-	LION:0002966
LION_FATTY_ACID_WITH_LESS_THAN_2_DOUBLE_BONDS	Cer d18:0/22:0	Cer d18:0/22:0	-	LION:0002966
LION_FATTY_ACID_WITH_LESS_THAN_2_DOUBLE_BONDS	Cer d18:0/24:0	Cer d18:0/24:0	-	LION:0002966
LION_FATTY_ACID_WITH_LESS_THAN_2_DOUBLE_BONDS	Cer d18:0/24:1	Cer d18:0/24:1	-	LION:0002966
LION_FATTY_ACID_WITH_LESS_THAN_2_DOUBLE_BONDS	Cer d18:0/26:1	Cer d18:0/26:1	-	LION:0002966
LION_FATTY_ACID_WITH_LESS_THAN_2_DOUBLE_BONDS	Cer d18:1/14:0	Cer d18:1/14:0	-	LION:0002966
LION_FATTY_ACID_WITH_LESS_THAN_2_DOUBLE_BONDS	Cer d18:1/16:0	Cer d18:1/16:0	-	LION:0002966
LION_FATTY_ACID_WITH_LESS_THAN_2_DOUBLE_BONDS	Cer d18:1/18:0	Cer d18:1/18:0	-	LION:0002966
LION_FATTY_ACID_WITH_LESS_THAN_2_DOUBLE_BONDS	Cer d18:1/18:1	Cer d18:1/18:1	-	LION:0002966
LION_FATTY_ACID_WITH_LESS_THAN_2_DOUBLE_BONDS	Cer d18:1/20:0	Cer d18:1/20:0	-	LION:0002966
LION_FATTY_ACID_WITH_LESS_THAN_2_DOUBLE_BONDS	Cer d18:1/22:0	Cer d18:1/22:0	-	LION:0002966
LION_FATTY_ACID_WITH_LESS_THAN_2_DOUBLE_BONDS	Cer d18:1/23:0	Cer d18:1/23:0	-	LION:0002966
LION_FATTY_ACID_WITH_LESS_THAN_2_DOUBLE_BONDS	Cer d18:1/24:0	Cer d18:1/24:0	-	LION:0002966
LION_FATTY_ACID_WITH_LESS_THAN_2_DOUBLE_BONDS	Cer d18:1/24:1	Cer d18:1/24:1	-	LION:0002966
LION_FATTY_ACID_WITH_LESS_THAN_2_DOUBLE_BONDS	Cer d18:1/25:0	Cer d18:1/25:0	-	LION:0002966
LION_FATTY_ACID_WITH_LESS_THAN_2_DOUBLE_BONDS	Cer d18:1/26:0	Cer d18:1/26:0	-	LION:0002966
LION_FATTY_ACID_WITH_LESS_THAN_2_DOUBLE_BONDS	Cer d18:1/26:1	Cer d18:1/26:1	-	LION:0002966
LION_FATTY_ACID_WITH_LESS_THAN_2_DOUBLE_BONDS	Hex-Cer d18:1/14:0	Hex-Cer d18:1/14:0	-	LION:0002966
LION_FATTY_ACID_WITH_LESS_THAN_2_DOUBLE_BONDS	Hex-Cer d18:1/16:0	Hex-Cer d18:1/16:0	-	LION:0002966
LION_FATTY_ACID_WITH_LESS_THAN_2_DOUBLE_BONDS	Hex-Cer d18:1/18:0	Hex-Cer d18:1/18:0	-	LION:0002966
LION_FATTY_ACID_WITH_LESS_THAN_2_DOUBLE_BONDS	Hex-Cer d18:1/18:1	Hex-Cer d18:1/18:1	-	LION:0002966
LION_FATTY_ACID_WITH_LESS_THAN_2_DOUBLE_BONDS	Hex-Cer d18:1/20:0	Hex-Cer d18:1/20:0	-	LION:0002966
LION_FATTY_ACID_WITH_LESS_THAN_2_DOUBLE_BONDS	Hex-Cer d18:1/22:0	Hex-Cer d18:1/22:0	-	LION:0002966
LION_FATTY_ACID_WITH_LESS_THAN_2_DOUBLE_BONDS	Hex-Cer d18:1/23:0	Hex-Cer d18:1/23:0	-	LION:0002966
LION_FATTY_ACID_WITH_LESS_THAN_2_DOUBLE_BONDS	Hex-Cer d18:1/24:0	Hex-Cer d18:1/24:0	-	LION:0002966
LION_FATTY_ACID_WITH_LESS_THAN_2_DOUBLE_BONDS	Hex-Cer d18:1/24:1	Hex-Cer d18:1/24:1	-	LION:0002966
LION_FATTY_ACID_WITH_LESS_THAN_2_DOUBLE_BONDS	Hex-Cer d18:1/26:0	Hex-Cer d18:1/26:0	-	LION:0002966
LION_FATTY_ACID_WITH_LESS_THAN_2_DOUBLE_BONDS	Hex-Cer d18:1/26:1	Hex-Cer d18:1/26:1	-	LION:0002966
LION_FATTY_ACID_WITH_LESS_THAN_2_DOUBLE_BONDS	Hex2Cer d18:1/14:0	Hex2Cer d18:1/14:0	-	LION:0002966
LION_FATTY_ACID_WITH_LESS_THAN_2_DOUBLE_BONDS	Hex2Cer d18:1/16:0	Hex2Cer d18:1/16:0	-	LION:0002966
LION_FATTY_ACID_WITH_LESS_THAN_2_DOUBLE_BONDS	Hex2Cer d18:1/18:0	Hex2Cer d18:1/18:0	-	LION:0002966
LION_FATTY_ACID_WITH_LESS_THAN_2_DOUBLE_BONDS	Hex2Cer d18:1/20:0	Hex2Cer d18:1/20:0	-	LION:0002966
LION_FATTY_ACID_WITH_LESS_THAN_2_DOUBLE_BONDS	Hex2Cer d18:1/22:0	Hex2Cer d18:1/22:0	-	LION:0002966
LION_FATTY_ACID_WITH_LESS_THAN_2_DOUBLE_BONDS	Hex2Cer d18:1/24:0	Hex2Cer d18:1/24:0	-	LION:0002966
LION_FATTY_ACID_WITH_LESS_THAN_2_DOUBLE_BONDS	Hex2Cer d18:1/24:1	Hex2Cer d18:1/24:1	-	LION:0002966
LION_FATTY_ACID_WITH_LESS_THAN_2_DOUBLE_BONDS	Hex2Cer d18:1/26:0	Hex2Cer d18:1/26:0	-	LION:0002966
LION_FATTY_ACID_WITH_LESS_THAN_2_DOUBLE_BONDS	Hex2Cer d18:1/26:1	Hex2Cer d18:1/26:1	-	LION:0002966
LION_FATTY_ACID_WITH_LESS_THAN_2_DOUBLE_BONDS	LPA 14:0	LPA 14:0	-	LION:0002966
LION_FATTY_ACID_WITH_LESS_THAN_2_DOUBLE_BONDS	LPA 14:1	LPA 14:1	-	LION:0002966
LION_FATTY_ACID_WITH_LESS_THAN_2_DOUBLE_BONDS	LPA 15:0	LPA 15:0	-	LION:0002966
LION_FATTY_ACID_WITH_LESS_THAN_2_DOUBLE_BONDS	LPA 16:0	LPA 16:0	-	LION:0002966
LION_FATTY_ACID_WITH_LESS_THAN_2_DOUBLE_BONDS	LPA 18:1	LPA 18:1	-	LION:0002966
LION_FATTY_ACID_WITH_LESS_THAN_2_DOUBLE_BONDS	LPC 14:0	LPC 14:0	-	LION:0002966
LION_FATTY_ACID_WITH_LESS_THAN_2_DOUBLE_BONDS	LPC 16:0	LPC 16:0	-	LION:0002966
LION_FATTY_ACID_WITH_LESS_THAN_2_DOUBLE_BONDS	LPC 16:1	LPC 16:1	-	LION:0002966
LION_FATTY_ACID_WITH_LESS_THAN_2_DOUBLE_BONDS	LPC 17:0	LPC 17:0	-	LION:0002966
LION_FATTY_ACID_WITH_LESS_THAN_2_DOUBLE_BONDS	LPC 18:0	LPC 18:0	-	LION:0002966
LION_FATTY_ACID_WITH_LESS_THAN_2_DOUBLE_BONDS	LPC 18:1	LPC 18:1	-	LION:0002966
LION_FATTY_ACID_WITH_LESS_THAN_2_DOUBLE_BONDS	LPE 14:0	LPE 14:0	-	LION:0002966
LION_FATTY_ACID_WITH_LESS_THAN_2_DOUBLE_BONDS	LPE 14:1	LPE 14:1	-	LION:0002966
LION_FATTY_ACID_WITH_LESS_THAN_2_DOUBLE_BONDS	LPE 15:0	LPE 15:0	-	LION:0002966
LION_FATTY_ACID_WITH_LESS_THAN_2_DOUBLE_BONDS	LPE 16:0	LPE 16:0	-	LION:0002966
LION_FATTY_ACID_WITH_LESS_THAN_2_DOUBLE_BONDS	LPE 16:1	LPE 16:1	-	LION:0002966
LION_FATTY_ACID_WITH_LESS_THAN_2_DOUBLE_BONDS	LPE 17:0	LPE 17:0	-	LION:0002966
LION_FATTY_ACID_WITH_LESS_THAN_2_DOUBLE_BONDS	LPE 17:1	LPE 17:1	-	LION:0002966
LION_FATTY_ACID_WITH_LESS_THAN_2_DOUBLE_BONDS	LPE 18:0	LPE 18:0	-	LION:0002966
LION_FATTY_ACID_WITH_LESS_THAN_2_DOUBLE_BONDS	LPE 18:1	LPE 18:1	-	LION:0002966
LION_FATTY_ACID_WITH_LESS_THAN_2_DOUBLE_BONDS	LPE 19:0	LPE 19:0	-	LION:0002966
LION_FATTY_ACID_WITH_LESS_THAN_2_DOUBLE_BONDS	LPE 19:1	LPE 19:1	-	LION:0002966
LION_FATTY_ACID_WITH_LESS_THAN_2_DOUBLE_BONDS	LPE 20:0	LPE 20:0	-	LION:0002966
LION_FATTY_ACID_WITH_LESS_THAN_2_DOUBLE_BONDS	LPE 20:1	LPE 20:1	-	LION:0002966
LION_FATTY_ACID_WITH_LESS_THAN_2_DOUBLE_BONDS	LPE 22:0	LPE 22:0	-	LION:0002966
LION_FATTY_ACID_WITH_LESS_THAN_2_DOUBLE_BONDS	LPE 22:1	LPE 22:1	-	LION:0002966
LION_FATTY_ACID_WITH_LESS_THAN_2_DOUBLE_BONDS	LPG 14:0	LPG 14:0	-	LION:0002966
LION_FATTY_ACID_WITH_LESS_THAN_2_DOUBLE_BONDS	LPG 14:1	LPG 14:1	-	LION:0002966
LION_FATTY_ACID_WITH_LESS_THAN_2_DOUBLE_BONDS	LPG 16:0	LPG 16:0	-	LION:0002966
LION_FATTY_ACID_WITH_LESS_THAN_2_DOUBLE_BONDS	LPG 16:1	LPG 16:1	-	LION:0002966
LION_FATTY_ACID_WITH_LESS_THAN_2_DOUBLE_BONDS	LPG 17:0	LPG 17:0	-	LION:0002966
LION_FATTY_ACID_WITH_LESS_THAN_2_DOUBLE_BONDS	LPG 17:1	LPG 17:1	-	LION:0002966
LION_FATTY_ACID_WITH_LESS_THAN_2_DOUBLE_BONDS	LPG 18:0	LPG 18:0	-	LION:0002966
LION_FATTY_ACID_WITH_LESS_THAN_2_DOUBLE_BONDS	LPG 18:1	LPG 18:1	-	LION:0002966
LION_FATTY_ACID_WITH_LESS_THAN_2_DOUBLE_BONDS	LPG 20:1	LPG 20:1	-	LION:0002966
LION_FATTY_ACID_WITH_LESS_THAN_2_DOUBLE_BONDS	LPI 14:0	LPI 14:0	-	LION:0002966
LION_FATTY_ACID_WITH_LESS_THAN_2_DOUBLE_BONDS	LPI 14:1	LPI 14:1	-	LION:0002966
LION_FATTY_ACID_WITH_LESS_THAN_2_DOUBLE_BONDS	LPI 16:0	LPI 16:0	-	LION:0002966
LION_FATTY_ACID_WITH_LESS_THAN_2_DOUBLE_BONDS	LPI 16:1	LPI 16:1	-	LION:0002966
LION_FATTY_ACID_WITH_LESS_THAN_2_DOUBLE_BONDS	LPI 17:0	LPI 17:0	-	LION:0002966
LION_FATTY_ACID_WITH_LESS_THAN_2_DOUBLE_BONDS	LPI 17:1	LPI 17:1	-	LION:0002966
LION_FATTY_ACID_WITH_LESS_THAN_2_DOUBLE_BONDS	LPI 18:0	LPI 18:0	-	LION:0002966
LION_FATTY_ACID_WITH_LESS_THAN_2_DOUBLE_BONDS	LPI 18:1	LPI 18:1	-	LION:0002966
LION_FATTY_ACID_WITH_LESS_THAN_2_DOUBLE_BONDS	LPI 19:0	LPI 19:0	-	LION:0002966
LION_FATTY_ACID_WITH_LESS_THAN_2_DOUBLE_BONDS	LPI 20:1	LPI 20:1	-	LION:0002966
LION_FATTY_ACID_WITH_LESS_THAN_2_DOUBLE_BONDS	LPI 22:0	LPI 22:0	-	LION:0002966
LION_FATTY_ACID_WITH_LESS_THAN_2_DOUBLE_BONDS	LPI 22:1	LPI 22:1	-	LION:0002966
LION_FATTY_ACID_WITH_LESS_THAN_2_DOUBLE_BONDS	LPS 16:0	LPS 16:0	-	LION:0002966
LION_FATTY_ACID_WITH_LESS_THAN_2_DOUBLE_BONDS	LPS 16:1	LPS 16:1	-	LION:0002966
LION_FATTY_ACID_WITH_LESS_THAN_2_DOUBLE_BONDS	LPS 18:0	LPS 18:0	-	LION:0002966
LION_FATTY_ACID_WITH_LESS_THAN_2_DOUBLE_BONDS	LPS 18:1	LPS 18:1	-	LION:0002966
LION_FATTY_ACID_WITH_LESS_THAN_2_DOUBLE_BONDS	LPS 20:0	LPS 20:0	-	LION:0002966
LION_FATTY_ACID_WITH_LESS_THAN_2_DOUBLE_BONDS	LPS 20:1	LPS 20:1	-	LION:0002966
LION_FATTY_ACID_WITH_LESS_THAN_2_DOUBLE_BONDS	LPS 22:0	LPS 22:0	-	LION:0002966
LION_FATTY_ACID_WITH_LESS_THAN_2_DOUBLE_BONDS	PE P-16:0/16:0	PE P-16:0/16:0	-	LION:0002966
LION_FATTY_ACID_WITH_LESS_THAN_2_DOUBLE_BONDS	PE P-16:0/16:1	PE P-16:0/16:1	-	LION:0002966
LION_FATTY_ACID_WITH_LESS_THAN_2_DOUBLE_BONDS	PE P-16:0/18:1	PE P-16:0/18:1	-	LION:0002966
LION_FATTY_ACID_WITH_LESS_THAN_2_DOUBLE_BONDS	PE P-16:0/18:2	PE P-16:0/18:2	-	LION:0002966
LION_FATTY_ACID_WITH_LESS_THAN_2_DOUBLE_BONDS	PE P-16:0/18:3	PE P-16:0/18:3	-	LION:0002966
LION_FATTY_ACID_WITH_LESS_THAN_2_DOUBLE_BONDS	PE P-16:0/20:3	PE P-16:0/20:3	-	LION:0002966
LION_FATTY_ACID_WITH_LESS_THAN_2_DOUBLE_BONDS	PE P-16:0/20:4	PE P-16:0/20:4	-	LION:0002966
LION_FATTY_ACID_WITH_LESS_THAN_2_DOUBLE_BONDS	PE P-16:0/20:5	PE P-16:0/20:5	-	LION:0002966
LION_FATTY_ACID_WITH_LESS_THAN_2_DOUBLE_BONDS	PE P-16:0/22:4	PE P-16:0/22:4	-	LION:0002966
LION_FATTY_ACID_WITH_LESS_THAN_2_DOUBLE_BONDS	PE P-16:0/22:5	PE P-16:0/22:5	-	LION:0002966
LION_FATTY_ACID_WITH_LESS_THAN_2_DOUBLE_BONDS	PE P-16:0/22:6	PE P-16:0/22:6	-	LION:0002966
LION_FATTY_ACID_WITH_LESS_THAN_2_DOUBLE_BONDS	PE P-18:0/18:0	PE P-18:0/18:0	-	LION:0002966
LION_FATTY_ACID_WITH_LESS_THAN_2_DOUBLE_BONDS	PE P-18:0/18:1	PE P-18:0/18:1	-	LION:0002966
LION_FATTY_ACID_WITH_LESS_THAN_2_DOUBLE_BONDS	PE P-18:0/18:2	PE P-18:0/18:2	-	LION:0002966
LION_FATTY_ACID_WITH_LESS_THAN_2_DOUBLE_BONDS	PE P-18:0/18:3	PE P-18:0/18:3	-	LION:0002966
LION_FATTY_ACID_WITH_LESS_THAN_2_DOUBLE_BONDS	PE P-18:0/19:1	PE P-18:0/19:1	-	LION:0002966
LION_FATTY_ACID_WITH_LESS_THAN_2_DOUBLE_BONDS	PE P-18:0/20:1	PE P-18:0/20:1	-	LION:0002966
LION_FATTY_ACID_WITH_LESS_THAN_2_DOUBLE_BONDS	PE P-18:0/20:2	PE P-18:0/20:2	-	LION:0002966
LION_FATTY_ACID_WITH_LESS_THAN_2_DOUBLE_BONDS	PE P-18:0/20:3	PE P-18:0/20:3	-	LION:0002966
LION_FATTY_ACID_WITH_LESS_THAN_2_DOUBLE_BONDS	PE P-18:0/20:4	PE P-18:0/20:4	-	LION:0002966
LION_FATTY_ACID_WITH_LESS_THAN_2_DOUBLE_BONDS	PE P-18:0/20:5	PE P-18:0/20:5	-	LION:0002966
LION_FATTY_ACID_WITH_LESS_THAN_2_DOUBLE_BONDS	PE P-18:0/22:1	PE P-18:0/22:1	-	LION:0002966
LION_FATTY_ACID_WITH_LESS_THAN_2_DOUBLE_BONDS	PE P-18:0/22:2	PE P-18:0/22:2	-	LION:0002966
LION_FATTY_ACID_WITH_LESS_THAN_2_DOUBLE_BONDS	PE P-18:0/22:3	PE P-18:0/22:3	-	LION:0002966
LION_FATTY_ACID_WITH_LESS_THAN_2_DOUBLE_BONDS	PE P-18:0/22:4	PE P-18:0/22:4	-	LION:0002966
LION_FATTY_ACID_WITH_LESS_THAN_2_DOUBLE_BONDS	PE P-18:0/22:5	PE P-18:0/22:5	-	LION:0002966
LION_FATTY_ACID_WITH_LESS_THAN_2_DOUBLE_BONDS	PE P-18:0/22:6	PE P-18:0/22:6	-	LION:0002966
LION_FATTY_ACID_WITH_LESS_THAN_2_DOUBLE_BONDS	PE P-18:1/18:1	PE P-18:1/18:1	-	LION:0002966
LION_FATTY_ACID_WITH_LESS_THAN_2_DOUBLE_BONDS	PE P-18:1/18:2	PE P-18:1/18:2	-	LION:0002966
LION_FATTY_ACID_WITH_LESS_THAN_2_DOUBLE_BONDS	PE P-18:1/20:4	PE P-18:1/20:4	-	LION:0002966
LION_FATTY_ACID_WITH_LESS_THAN_2_DOUBLE_BONDS	PE P-18:1/20:5	PE P-18:1/20:5	-	LION:0002966
LION_FATTY_ACID_WITH_LESS_THAN_2_DOUBLE_BONDS	PE P-18:1/22:6	PE P-18:1/22:6	-	LION:0002966
LION_FATTY_ACID_WITH_LESS_THAN_2_DOUBLE_BONDS	PE P-20:0/20:0	PE P-20:0/20:0	-	LION:0002966
LION_FATTY_ACID_WITH_LESS_THAN_2_DOUBLE_BONDS	PE P-20:0/20:4	PE P-20:0/20:4	-	LION:0002966
LION_FATTY_ACID_WITH_LESS_THAN_2_DOUBLE_BONDS	PE P-20:0/20:5	PE P-20:0/20:5	-	LION:0002966
LION_FATTY_ACID_WITH_MORE_THAN_18_CARBONS	CE 20:0	CE 20:0	-	LION:0002945
LION_FATTY_ACID_WITH_MORE_THAN_18_CARBONS	CE 20:1	CE 20:1	-	LION:0002945
LION_FATTY_ACID_WITH_MORE_THAN_18_CARBONS	CE 20:3	CE 20:3	-	LION:0002945
LION_FATTY_ACID_WITH_MORE_THAN_18_CARBONS	CE 20:4	CE 20:4	-	LION:0002945
LION_FATTY_ACID_WITH_MORE_THAN_18_CARBONS	CE 20:5	CE 20:5	-	LION:0002945
LION_FATTY_ACID_WITH_MORE_THAN_18_CARBONS	CE 22:0	CE 22:0	-	LION:0002945
LION_FATTY_ACID_WITH_MORE_THAN_18_CARBONS	CE 22:1	CE 22:1	-	LION:0002945
LION_FATTY_ACID_WITH_MORE_THAN_18_CARBONS	CE 22:2	CE 22:2	-	LION:0002945
LION_FATTY_ACID_WITH_MORE_THAN_18_CARBONS	CE 22:5	CE 22:5	-	LION:0002945
LION_FATTY_ACID_WITH_MORE_THAN_18_CARBONS	CE 22:6	CE 22:6	-	LION:0002945
LION_FATTY_ACID_WITH_MORE_THAN_18_CARBONS	Cer d18:0/20:0	Cer d18:0/20:0	-	LION:0002945
LION_FATTY_ACID_WITH_MORE_THAN_18_CARBONS	Cer d18:0/22:0	Cer d18:0/22:0	-	LION:0002945
LION_FATTY_ACID_WITH_MORE_THAN_18_CARBONS	Cer d18:0/24:0	Cer d18:0/24:0	-	LION:0002945
LION_FATTY_ACID_WITH_MORE_THAN_18_CARBONS	Cer d18:0/24:1	Cer d18:0/24:1	-	LION:0002945
LION_FATTY_ACID_WITH_MORE_THAN_18_CARBONS	Cer d18:0/26:1	Cer d18:0/26:1	-	LION:0002945
LION_FATTY_ACID_WITH_MORE_THAN_18_CARBONS	Cer d18:1/20:0	Cer d18:1/20:0	-	LION:0002945
LION_FATTY_ACID_WITH_MORE_THAN_18_CARBONS	Cer d18:1/22:0	Cer d18:1/22:0	-	LION:0002945
LION_FATTY_ACID_WITH_MORE_THAN_18_CARBONS	Cer d18:1/23:0	Cer d18:1/23:0	-	LION:0002945
LION_FATTY_ACID_WITH_MORE_THAN_18_CARBONS	Cer d18:1/24:0	Cer d18:1/24:0	-	LION:0002945
LION_FATTY_ACID_WITH_MORE_THAN_18_CARBONS	Cer d18:1/24:1	Cer d18:1/24:1	-	LION:0002945
LION_FATTY_ACID_WITH_MORE_THAN_18_CARBONS	Cer d18:1/25:0	Cer d18:1/25:0	-	LION:0002945
LION_FATTY_ACID_WITH_MORE_THAN_18_CARBONS	Cer d18:1/26:0	Cer d18:1/26:0	-	LION:0002945
LION_FATTY_ACID_WITH_MORE_THAN_18_CARBONS	Cer d18:1/26:1	Cer d18:1/26:1	-	LION:0002945
LION_FATTY_ACID_WITH_MORE_THAN_18_CARBONS	Hex-Cer d18:1/20:0	Hex-Cer d18:1/20:0	-	LION:0002945
LION_FATTY_ACID_WITH_MORE_THAN_18_CARBONS	Hex-Cer d18:1/22:0	Hex-Cer d18:1/22:0	-	LION:0002945
LION_FATTY_ACID_WITH_MORE_THAN_18_CARBONS	Hex-Cer d18:1/23:0	Hex-Cer d18:1/23:0	-	LION:0002945
LION_FATTY_ACID_WITH_MORE_THAN_18_CARBONS	Hex-Cer d18:1/24:0	Hex-Cer d18:1/24:0	-	LION:0002945
LION_FATTY_ACID_WITH_MORE_THAN_18_CARBONS	Hex-Cer d18:1/24:1	Hex-Cer d18:1/24:1	-	LION:0002945
LION_FATTY_ACID_WITH_MORE_THAN_18_CARBONS	Hex-Cer d18:1/26:0	Hex-Cer d18:1/26:0	-	LION:0002945
LION_FATTY_ACID_WITH_MORE_THAN_18_CARBONS	Hex-Cer d18:1/26:1	Hex-Cer d18:1/26:1	-	LION:0002945
LION_FATTY_ACID_WITH_MORE_THAN_18_CARBONS	Hex2Cer d18:1/20:0	Hex2Cer d18:1/20:0	-	LION:0002945
LION_FATTY_ACID_WITH_MORE_THAN_18_CARBONS	Hex2Cer d18:1/22:0	Hex2Cer d18:1/22:0	-	LION:0002945
LION_FATTY_ACID_WITH_MORE_THAN_18_CARBONS	Hex2Cer d18:1/24:0	Hex2Cer d18:1/24:0	-	LION:0002945
LION_FATTY_ACID_WITH_MORE_THAN_18_CARBONS	Hex2Cer d18:1/24:1	Hex2Cer d18:1/24:1	-	LION:0002945
LION_FATTY_ACID_WITH_MORE_THAN_18_CARBONS	Hex2Cer d18:1/26:0	Hex2Cer d18:1/26:0	-	LION:0002945
LION_FATTY_ACID_WITH_MORE_THAN_18_CARBONS	Hex2Cer d18:1/26:1	Hex2Cer d18:1/26:1	-	LION:0002945
LION_FATTY_ACID_WITH_MORE_THAN_18_CARBONS	LPA 22:3	LPA 22:3	-	LION:0002945
LION_FATTY_ACID_WITH_MORE_THAN_18_CARBONS	LPA 22:4	LPA 22:4	-	LION:0002945
LION_FATTY_ACID_WITH_MORE_THAN_18_CARBONS	LPC 20:3	LPC 20:3	-	LION:0002945
LION_FATTY_ACID_WITH_MORE_THAN_18_CARBONS	LPC 20:4	LPC 20:4	-	LION:0002945
LION_FATTY_ACID_WITH_MORE_THAN_18_CARBONS	LPE 19:0	LPE 19:0	-	LION:0002945
LION_FATTY_ACID_WITH_MORE_THAN_18_CARBONS	LPE 19:1	LPE 19:1	-	LION:0002945
LION_FATTY_ACID_WITH_MORE_THAN_18_CARBONS	LPE 19:2	LPE 19:2	-	LION:0002945
LION_FATTY_ACID_WITH_MORE_THAN_18_CARBONS	LPE 20:0	LPE 20:0	-	LION:0002945
LION_FATTY_ACID_WITH_MORE_THAN_18_CARBONS	LPE 20:1	LPE 20:1	-	LION:0002945
LION_FATTY_ACID_WITH_MORE_THAN_18_CARBONS	LPE 20:2	LPE 20:2	-	LION:0002945
LION_FATTY_ACID_WITH_MORE_THAN_18_CARBONS	LPE 20:3	LPE 20:3	-	LION:0002945
LION_FATTY_ACID_WITH_MORE_THAN_18_CARBONS	LPE 20:4	LPE 20:4	-	LION:0002945
LION_FATTY_ACID_WITH_MORE_THAN_18_CARBONS	LPE 20:5	LPE 20:5	-	LION:0002945
LION_FATTY_ACID_WITH_MORE_THAN_18_CARBONS	LPE 22:0	LPE 22:0	-	LION:0002945
LION_FATTY_ACID_WITH_MORE_THAN_18_CARBONS	LPE 22:1	LPE 22:1	-	LION:0002945
LION_FATTY_ACID_WITH_MORE_THAN_18_CARBONS	LPE 22:4	LPE 22:4	-	LION:0002945
LION_FATTY_ACID_WITH_MORE_THAN_18_CARBONS	LPE 22:5	LPE 22:5	-	LION:0002945
LION_FATTY_ACID_WITH_MORE_THAN_18_CARBONS	LPE 22:6	LPE 22:6	-	LION:0002945
LION_FATTY_ACID_WITH_MORE_THAN_18_CARBONS	LPG 20:1	LPG 20:1	-	LION:0002945
LION_FATTY_ACID_WITH_MORE_THAN_18_CARBONS	LPI 19:0	LPI 19:0	-	LION:0002945
LION_FATTY_ACID_WITH_MORE_THAN_18_CARBONS	LPI 20:1	LPI 20:1	-	LION:0002945
LION_FATTY_ACID_WITH_MORE_THAN_18_CARBONS	LPI 20:4	LPI 20:4	-	LION:0002945
LION_FATTY_ACID_WITH_MORE_THAN_18_CARBONS	LPI 22:0	LPI 22:0	-	LION:0002945
LION_FATTY_ACID_WITH_MORE_THAN_18_CARBONS	LPI 22:1	LPI 22:1	-	LION:0002945
LION_FATTY_ACID_WITH_MORE_THAN_18_CARBONS	LPS 20:0	LPS 20:0	-	LION:0002945
LION_FATTY_ACID_WITH_MORE_THAN_18_CARBONS	LPS 20:1	LPS 20:1	-	LION:0002945
LION_FATTY_ACID_WITH_MORE_THAN_18_CARBONS	LPS 20:4	LPS 20:4	-	LION:0002945
LION_FATTY_ACID_WITH_MORE_THAN_18_CARBONS	LPS 20:5	LPS 20:5	-	LION:0002945
LION_FATTY_ACID_WITH_MORE_THAN_18_CARBONS	LPS 22:0	LPS 22:0	-	LION:0002945
LION_FATTY_ACID_WITH_MORE_THAN_18_CARBONS	LPS 22:6	LPS 22:6	-	LION:0002945
LION_FATTY_ACID_WITH_MORE_THAN_18_CARBONS	PE P-16:0/20:3	PE P-16:0/20:3	-	LION:0002945
LION_FATTY_ACID_WITH_MORE_THAN_18_CARBONS	PE P-16:0/20:4	PE P-16:0/20:4	-	LION:0002945
LION_FATTY_ACID_WITH_MORE_THAN_18_CARBONS	PE P-16:0/20:5	PE P-16:0/20:5	-	LION:0002945
LION_FATTY_ACID_WITH_MORE_THAN_18_CARBONS	PE P-16:0/22:4	PE P-16:0/22:4	-	LION:0002945
LION_FATTY_ACID_WITH_MORE_THAN_18_CARBONS	PE P-16:0/22:5	PE P-16:0/22:5	-	LION:0002945
LION_FATTY_ACID_WITH_MORE_THAN_18_CARBONS	PE P-16:0/22:6	PE P-16:0/22:6	-	LION:0002945
LION_FATTY_ACID_WITH_MORE_THAN_18_CARBONS	PE P-18:0/19:1	PE P-18:0/19:1	-	LION:0002945
LION_FATTY_ACID_WITH_MORE_THAN_18_CARBONS	PE P-18:0/20:1	PE P-18:0/20:1	-	LION:0002945
LION_FATTY_ACID_WITH_MORE_THAN_18_CARBONS	PE P-18:0/20:2	PE P-18:0/20:2	-	LION:0002945
LION_FATTY_ACID_WITH_MORE_THAN_18_CARBONS	PE P-18:0/20:3	PE P-18:0/20:3	-	LION:0002945
LION_FATTY_ACID_WITH_MORE_THAN_18_CARBONS	PE P-18:0/20:4	PE P-18:0/20:4	-	LION:0002945
LION_FATTY_ACID_WITH_MORE_THAN_18_CARBONS	PE P-18:0/20:5	PE P-18:0/20:5	-	LION:0002945
LION_FATTY_ACID_WITH_MORE_THAN_18_CARBONS	PE P-18:0/22:1	PE P-18:0/22:1	-	LION:0002945
LION_FATTY_ACID_WITH_MORE_THAN_18_CARBONS	PE P-18:0/22:2	PE P-18:0/22:2	-	LION:0002945
LION_FATTY_ACID_WITH_MORE_THAN_18_CARBONS	PE P-18:0/22:3	PE P-18:0/22:3	-	LION:0002945
LION_FATTY_ACID_WITH_MORE_THAN_18_CARBONS	PE P-18:0/22:4	PE P-18:0/22:4	-	LION:0002945
LION_FATTY_ACID_WITH_MORE_THAN_18_CARBONS	PE P-18:0/22:5	PE P-18:0/22:5	-	LION:0002945
LION_FATTY_ACID_WITH_MORE_THAN_18_CARBONS	PE P-18:0/22:6	PE P-18:0/22:6	-	LION:0002945
LION_FATTY_ACID_WITH_MORE_THAN_18_CARBONS	PE P-18:1/20:4	PE P-18:1/20:4	-	LION:0002945
LION_FATTY_ACID_WITH_MORE_THAN_18_CARBONS	PE P-18:1/20:5	PE P-18:1/20:5	-	LION:0002945
LION_FATTY_ACID_WITH_MORE_THAN_18_CARBONS	PE P-18:1/22:6	PE P-18:1/22:6	-	LION:0002945
LION_FATTY_ACID_WITH_MORE_THAN_18_CARBONS	PE P-20:0/20:0	PE P-20:0/20:0	-	LION:0002945
LION_FATTY_ACID_WITH_MORE_THAN_18_CARBONS	PE P-20:0/20:4	PE P-20:0/20:4	-	LION:0002945
LION_FATTY_ACID_WITH_MORE_THAN_18_CARBONS	PE P-20:0/20:5	PE P-20:0/20:5	-	LION:0002945
LION_FATTY_ACID_WITH_MORE_THAN_24_CARBONS	Cer d18:0/26:1	Cer d18:0/26:1	-	LION:0002951
LION_FATTY_ACID_WITH_MORE_THAN_24_CARBONS	Cer d18:1/25:0	Cer d18:1/25:0	-	LION:0002951
LION_FATTY_ACID_WITH_MORE_THAN_24_CARBONS	Cer d18:1/26:0	Cer d18:1/26:0	-	LION:0002951
LION_FATTY_ACID_WITH_MORE_THAN_24_CARBONS	Cer d18:1/26:1	Cer d18:1/26:1	-	LION:0002951
LION_FATTY_ACID_WITH_MORE_THAN_24_CARBONS	Hex-Cer d18:1/26:0	Hex-Cer d18:1/26:0	-	LION:0002951
LION_FATTY_ACID_WITH_MORE_THAN_24_CARBONS	Hex-Cer d18:1/26:1	Hex-Cer d18:1/26:1	-	LION:0002951
LION_FATTY_ACID_WITH_MORE_THAN_24_CARBONS	Hex2Cer d18:1/26:0	Hex2Cer d18:1/26:0	-	LION:0002951
LION_FATTY_ACID_WITH_MORE_THAN_24_CARBONS	Hex2Cer d18:1/26:1	Hex2Cer d18:1/26:1	-	LION:0002951
LION_FATTY_ACID_WITH_MORE_THAN_3_DOUBLE_BONDS	CE 18:3	CE 18:3	-	LION:0002976
LION_FATTY_ACID_WITH_MORE_THAN_3_DOUBLE_BONDS	CE 20:3	CE 20:3	-	LION:0002976
LION_FATTY_ACID_WITH_MORE_THAN_3_DOUBLE_BONDS	CE 20:4	CE 20:4	-	LION:0002976
LION_FATTY_ACID_WITH_MORE_THAN_3_DOUBLE_BONDS	CE 20:5	CE 20:5	-	LION:0002976
LION_FATTY_ACID_WITH_MORE_THAN_3_DOUBLE_BONDS	CE 22:5	CE 22:5	-	LION:0002976
LION_FATTY_ACID_WITH_MORE_THAN_3_DOUBLE_BONDS	CE 22:6	CE 22:6	-	LION:0002976
LION_FATTY_ACID_WITH_MORE_THAN_3_DOUBLE_BONDS	LPA 22:3	LPA 22:3	-	LION:0002976
LION_FATTY_ACID_WITH_MORE_THAN_3_DOUBLE_BONDS	LPA 22:4	LPA 22:4	-	LION:0002976
LION_FATTY_ACID_WITH_MORE_THAN_3_DOUBLE_BONDS	LPC 20:3	LPC 20:3	-	LION:0002976
LION_FATTY_ACID_WITH_MORE_THAN_3_DOUBLE_BONDS	LPC 20:4	LPC 20:4	-	LION:0002976
LION_FATTY_ACID_WITH_MORE_THAN_3_DOUBLE_BONDS	LPE 18:3	LPE 18:3	-	LION:0002976
LION_FATTY_ACID_WITH_MORE_THAN_3_DOUBLE_BONDS	LPE 20:3	LPE 20:3	-	LION:0002976
LION_FATTY_ACID_WITH_MORE_THAN_3_DOUBLE_BONDS	LPE 20:4	LPE 20:4	-	LION:0002976
LION_FATTY_ACID_WITH_MORE_THAN_3_DOUBLE_BONDS	LPE 20:5	LPE 20:5	-	LION:0002976
LION_FATTY_ACID_WITH_MORE_THAN_3_DOUBLE_BONDS	LPE 22:4	LPE 22:4	-	LION:0002976
LION_FATTY_ACID_WITH_MORE_THAN_3_DOUBLE_BONDS	LPE 22:5	LPE 22:5	-	LION:0002976
LION_FATTY_ACID_WITH_MORE_THAN_3_DOUBLE_BONDS	LPE 22:6	LPE 22:6	-	LION:0002976
LION_FATTY_ACID_WITH_MORE_THAN_3_DOUBLE_BONDS	LPI 18:3	LPI 18:3	-	LION:0002976
LION_FATTY_ACID_WITH_MORE_THAN_3_DOUBLE_BONDS	LPI 20:4	LPI 20:4	-	LION:0002976
LION_FATTY_ACID_WITH_MORE_THAN_3_DOUBLE_BONDS	LPS 18:3	LPS 18:3	-	LION:0002976
LION_FATTY_ACID_WITH_MORE_THAN_3_DOUBLE_BONDS	LPS 20:4	LPS 20:4	-	LION:0002976
LION_FATTY_ACID_WITH_MORE_THAN_3_DOUBLE_BONDS	LPS 20:5	LPS 20:5	-	LION:0002976
LION_FATTY_ACID_WITH_MORE_THAN_3_DOUBLE_BONDS	LPS 22:6	LPS 22:6	-	LION:0002976
LION_FATTY_ACID_WITH_MORE_THAN_3_DOUBLE_BONDS	PE P-16:0/18:3	PE P-16:0/18:3	-	LION:0002976
LION_FATTY_ACID_WITH_MORE_THAN_3_DOUBLE_BONDS	PE P-16:0/20:3	PE P-16:0/20:3	-	LION:0002976
LION_FATTY_ACID_WITH_MORE_THAN_3_DOUBLE_BONDS	PE P-16:0/20:4	PE P-16:0/20:4	-	LION:0002976
LION_FATTY_ACID_WITH_MORE_THAN_3_DOUBLE_BONDS	PE P-16:0/20:5	PE P-16:0/20:5	-	LION:0002976
LION_FATTY_ACID_WITH_MORE_THAN_3_DOUBLE_BONDS	PE P-16:0/22:4	PE P-16:0/22:4	-	LION:0002976
LION_FATTY_ACID_WITH_MORE_THAN_3_DOUBLE_BONDS	PE P-16:0/22:5	PE P-16:0/22:5	-	LION:0002976
LION_FATTY_ACID_WITH_MORE_THAN_3_DOUBLE_BONDS	PE P-16:0/22:6	PE P-16:0/22:6	-	LION:0002976
LION_FATTY_ACID_WITH_MORE_THAN_3_DOUBLE_BONDS	PE P-18:0/18:3	PE P-18:0/18:3	-	LION:0002976
LION_FATTY_ACID_WITH_MORE_THAN_3_DOUBLE_BONDS	PE P-18:0/20:3	PE P-18:0/20:3	-	LION:0002976
LION_FATTY_ACID_WITH_MORE_THAN_3_DOUBLE_BONDS	PE P-18:0/20:4	PE P-18:0/20:4	-	LION:0002976
LION_FATTY_ACID_WITH_MORE_THAN_3_DOUBLE_BONDS	PE P-18:0/20:5	PE P-18:0/20:5	-	LION:0002976
LION_FATTY_ACID_WITH_MORE_THAN_3_DOUBLE_BONDS	PE P-18:0/22:3	PE P-18:0/22:3	-	LION:0002976
LION_FATTY_ACID_WITH_MORE_THAN_3_DOUBLE_BONDS	PE P-18:0/22:4	PE P-18:0/22:4	-	LION:0002976
LION_FATTY_ACID_WITH_MORE_THAN_3_DOUBLE_BONDS	PE P-18:0/22:5	PE P-18:0/22:5	-	LION:0002976
LION_FATTY_ACID_WITH_MORE_THAN_3_DOUBLE_BONDS	PE P-18:0/22:6	PE P-18:0/22:6	-	LION:0002976
LION_FATTY_ACID_WITH_MORE_THAN_3_DOUBLE_BONDS	PE P-18:1/20:4	PE P-18:1/20:4	-	LION:0002976
LION_FATTY_ACID_WITH_MORE_THAN_3_DOUBLE_BONDS	PE P-18:1/20:5	PE P-18:1/20:5	-	LION:0002976
LION_FATTY_ACID_WITH_MORE_THAN_3_DOUBLE_BONDS	PE P-18:1/22:6	PE P-18:1/22:6	-	LION:0002976
LION_FATTY_ACID_WITH_MORE_THAN_3_DOUBLE_BONDS	PE P-20:0/20:4	PE P-20:0/20:4	-	LION:0002976
LION_FATTY_ACID_WITH_MORE_THAN_3_DOUBLE_BONDS	PE P-20:0/20:5	PE P-20:0/20:5	-	LION:0002976
LION_GLYCEROLIPIDS	DG 14:0_14:0	DG 14:0_14:0	-	LION:0000002
LION_GLYCEROLIPIDS	DG 14:0_18:1	DG 14:0_18:1	-	LION:0000002
LION_GLYCEROLIPIDS	DG 14:0_18:2	DG 14:0_18:2	-	LION:0000002
LION_GLYCEROLIPIDS	DG 14:0_20:0	DG 14:0_20:0	-	LION:0000002
LION_GLYCEROLIPIDS	DG 14:1_18:1	DG 14:1_18:1	-	LION:0000002
LION_GLYCEROLIPIDS	DG 14:1_20:2	DG 14:1_20:2	-	LION:0000002
LION_GLYCEROLIPIDS	DG 16:0_16:0	DG 16:0_16:0	-	LION:0000002
LION_GLYCEROLIPIDS	DG 16:0_16:1	DG 16:0_16:1	-	LION:0000002
LION_GLYCEROLIPIDS	DG 16:0_18:1	DG 16:0_18:1	-	LION:0000002
LION_GLYCEROLIPIDS	DG 16:0_18:2	DG 16:0_18:2	-	LION:0000002
LION_GLYCEROLIPIDS	DG 16:0_20:0	DG 16:0_20:0	-	LION:0000002
LION_GLYCEROLIPIDS	DG 16:0_20:3	DG 16:0_20:3	-	LION:0000002
LION_GLYCEROLIPIDS	DG 16:0_20:4	DG 16:0_20:4	-	LION:0000002
LION_GLYCEROLIPIDS	DG 16:1_18:0	DG 16:1_18:0	-	LION:0000002
LION_GLYCEROLIPIDS	DG 16:1_18:1	DG 16:1_18:1	-	LION:0000002
LION_GLYCEROLIPIDS	DG 16:1_18:2	DG 16:1_18:2	-	LION:0000002
LION_GLYCEROLIPIDS	DG 16:1_20:0	DG 16:1_20:0	-	LION:0000002
LION_GLYCEROLIPIDS	DG 17:0_18:1	DG 17:0_18:1	-	LION:0000002
LION_GLYCEROLIPIDS	DG 18:0_20:4	DG 18:0_20:4	-	LION:0000002
LION_GLYCEROLIPIDS	DG 18:1_18:1	DG 18:1_18:1	-	LION:0000002
LION_GLYCEROLIPIDS	DG 18:1_18:2	DG 18:1_18:2	-	LION:0000002
LION_GLYCEROLIPIDS	DG 18:1_18:3	DG 18:1_18:3	-	LION:0000002
LION_GLYCEROLIPIDS	DG 18:1_18:4	DG 18:1_18:4	-	LION:0000002
LION_GLYCEROLIPIDS	DG 18:1_20:0	DG 18:1_20:0	-	LION:0000002
LION_GLYCEROLIPIDS	DG 18:1_20:1	DG 18:1_20:1	-	LION:0000002
LION_GLYCEROLIPIDS	DG 18:1_20:2	DG 18:1_20:2	-	LION:0000002
LION_GLYCEROLIPIDS	DG 18:1_20:3	DG 18:1_20:3	-	LION:0000002
LION_GLYCEROLIPIDS	DG 18:1_20:4	DG 18:1_20:4	-	LION:0000002
LION_GLYCEROLIPIDS	DG 18:1_22:5	DG 18:1_22:5	-	LION:0000002
LION_GLYCEROLIPIDS	DG 18:1_22:6	DG 18:1_22:6	-	LION:0000002
LION_GLYCEROLIPIDS	DG 18:2_18:2	DG 18:2_18:2	-	LION:0000002
LION_GLYCEROLIPIDS	DG 18:2_18:3	DG 18:2_18:3	-	LION:0000002
LION_GLYCEROLIPIDS	DG 18:2_18:4	DG 18:2_18:4	-	LION:0000002
LION_GLYCEROLIPIDS	DG 18:2_20:0	DG 18:2_20:0	-	LION:0000002
LION_GLYCEROLIPIDS	DG 18:2_20:4	DG 18:2_20:4	-	LION:0000002
LION_GLYCEROLIPIDS	DG 18:3_18:3	DG 18:3_18:3	-	LION:0000002
LION_GLYCEROLIPIDS	DG 18:3_20:2	DG 18:3_20:2	-	LION:0000002
LION_GLYCEROLIPIDS	DG 21:0_22:6	DG 21:0_22:6	-	LION:0000002
LION_GLYCEROLIPIDS	DG 22:1_22:2	DG 22:1_22:2	-	LION:0000002
LION_GLYCEROLIPIDS	TG 14:0_32:2	TG 14:0_32:2	-	LION:0000002
LION_GLYCEROLIPIDS	TG 14:0_34:0	TG 14:0_34:0	-	LION:0000002
LION_GLYCEROLIPIDS	TG 14:0_34:1	TG 14:0_34:1	-	LION:0000002
LION_GLYCEROLIPIDS	TG 14:0_34:2	TG 14:0_34:2	-	LION:0000002
LION_GLYCEROLIPIDS	TG 14:0_34:3	TG 14:0_34:3	-	LION:0000002
LION_GLYCEROLIPIDS	TG 14:0_35:1	TG 14:0_35:1	-	LION:0000002
LION_GLYCEROLIPIDS	TG 14:0_35:2	TG 14:0_35:2	-	LION:0000002
LION_GLYCEROLIPIDS	TG 14:0_36:1	TG 14:0_36:1	-	LION:0000002
LION_GLYCEROLIPIDS	TG 14:0_36:2	TG 14:0_36:2	-	LION:0000002
LION_GLYCEROLIPIDS	TG 14:0_36:3	TG 14:0_36:3	-	LION:0000002
LION_GLYCEROLIPIDS	TG 14:0_36:4	TG 14:0_36:4	-	LION:0000002
LION_GLYCEROLIPIDS	TG 14:0_38:4	TG 14:0_38:4	-	LION:0000002
LION_GLYCEROLIPIDS	TG 14:0_38:5	TG 14:0_38:5	-	LION:0000002
LION_GLYCEROLIPIDS	TG 14:0_39:3	TG 14:0_39:3	-	LION:0000002
LION_GLYCEROLIPIDS	TG 14:0_40:5	TG 14:0_40:5	-	LION:0000002
LION_GLYCEROLIPIDS	TG 16:0_28:1	TG 16:0_28:1	-	LION:0000002
LION_GLYCEROLIPIDS	TG 16:0_28:2	TG 16:0_28:2	-	LION:0000002
LION_GLYCEROLIPIDS	TG 16:0_30:2	TG 16:0_30:2	-	LION:0000002
LION_GLYCEROLIPIDS	TG 16:0_32:0	TG 16:0_32:0	-	LION:0000002
LION_GLYCEROLIPIDS	TG 16:0_32:1	TG 16:0_32:1	-	LION:0000002
LION_GLYCEROLIPIDS	TG 16:0_32:2	TG 16:0_32:2	-	LION:0000002
LION_GLYCEROLIPIDS	TG 16:0_32:3	TG 16:0_32:3	-	LION:0000002
LION_GLYCEROLIPIDS	TG 16:0_33:1	TG 16:0_33:1	-	LION:0000002
LION_GLYCEROLIPIDS	TG 16:0_33:2	TG 16:0_33:2	-	LION:0000002
LION_GLYCEROLIPIDS	TG 16:0_34:0	TG 16:0_34:0	-	LION:0000002
LION_GLYCEROLIPIDS	TG 16:0_34:1	TG 16:0_34:1	-	LION:0000002
LION_GLYCEROLIPIDS	TG 16:0_34:2	TG 16:0_34:2	-	LION:0000002
LION_GLYCEROLIPIDS	TG 16:0_34:3	TG 16:0_34:3	-	LION:0000002
LION_GLYCEROLIPIDS	TG 16:0_34:4	TG 16:0_34:4	-	LION:0000002
LION_GLYCEROLIPIDS	TG 16:0_35:1	TG 16:0_35:1	-	LION:0000002
LION_GLYCEROLIPIDS	TG 16:0_35:2	TG 16:0_35:2	-	LION:0000002
LION_GLYCEROLIPIDS	TG 16:0_35:3	TG 16:0_35:3	-	LION:0000002
LION_GLYCEROLIPIDS	TG 16:0_36:2	TG 16:0_36:2	-	LION:0000002
LION_GLYCEROLIPIDS	TG 16:0_36:3	TG 16:0_36:3	-	LION:0000002
LION_GLYCEROLIPIDS	TG 16:0_36:4	TG 16:0_36:4	-	LION:0000002
LION_GLYCEROLIPIDS	TG 16:0_36:5	TG 16:0_36:5	-	LION:0000002
LION_GLYCEROLIPIDS	TG 16:0_36:6	TG 16:0_36:6	-	LION:0000002
LION_GLYCEROLIPIDS	TG 16:0_37:3	TG 16:0_37:3	-	LION:0000002
LION_GLYCEROLIPIDS	TG 16:0_38:1	TG 16:0_38:1	-	LION:0000002
LION_GLYCEROLIPIDS	TG 16:0_38:2	TG 16:0_38:2	-	LION:0000002
LION_GLYCEROLIPIDS	TG 16:0_38:3	TG 16:0_38:3	-	LION:0000002
LION_GLYCEROLIPIDS	TG 16:0_38:4	TG 16:0_38:4	-	LION:0000002
LION_GLYCEROLIPIDS	TG 16:0_38:5	TG 16:0_38:5	-	LION:0000002
LION_GLYCEROLIPIDS	TG 16:0_38:6	TG 16:0_38:6	-	LION:0000002
LION_GLYCEROLIPIDS	TG 16:0_38:7	TG 16:0_38:7	-	LION:0000002
LION_GLYCEROLIPIDS	TG 16:0_40:6	TG 16:0_40:6	-	LION:0000002
LION_GLYCEROLIPIDS	TG 16:0_40:7	TG 16:0_40:7	-	LION:0000002
LION_GLYCEROLIPIDS	TG 16:0_40:8	TG 16:0_40:8	-	LION:0000002
LION_GLYCEROLIPIDS	TG 16:1_28:0	TG 16:1_28:0	-	LION:0000002
LION_GLYCEROLIPIDS	TG 16:1_30:1	TG 16:1_30:1	-	LION:0000002
LION_GLYCEROLIPIDS	TG 16:1_32:0	TG 16:1_32:0	-	LION:0000002
LION_GLYCEROLIPIDS	TG 16:1_32:1	TG 16:1_32:1	-	LION:0000002
LION_GLYCEROLIPIDS	TG 16:1_32:2	TG 16:1_32:2	-	LION:0000002
LION_GLYCEROLIPIDS	TG 16:1_33:1	TG 16:1_33:1	-	LION:0000002
LION_GLYCEROLIPIDS	TG 16:1_34:0	TG 16:1_34:0	-	LION:0000002
LION_GLYCEROLIPIDS	TG 16:1_34:1	TG 16:1_34:1	-	LION:0000002
LION_GLYCEROLIPIDS	TG 16:1_34:2	TG 16:1_34:2	-	LION:0000002
LION_GLYCEROLIPIDS	TG 16:1_34:3	TG 16:1_34:3	-	LION:0000002
LION_GLYCEROLIPIDS	TG 16:1_36:1	TG 16:1_36:1	-	LION:0000002
LION_GLYCEROLIPIDS	TG 16:1_36:2	TG 16:1_36:2	-	LION:0000002
LION_GLYCEROLIPIDS	TG 16:1_36:3	TG 16:1_36:3	-	LION:0000002
LION_GLYCEROLIPIDS	TG 16:1_36:4	TG 16:1_36:4	-	LION:0000002
LION_GLYCEROLIPIDS	TG 16:1_36:5	TG 16:1_36:5	-	LION:0000002
LION_GLYCEROLIPIDS	TG 16:1_38:3	TG 16:1_38:3	-	LION:0000002
LION_GLYCEROLIPIDS	TG 16:1_38:4	TG 16:1_38:4	-	LION:0000002
LION_GLYCEROLIPIDS	TG 16:1_38:5	TG 16:1_38:5	-	LION:0000002
LION_GLYCEROLIPIDS	TG 17:0_32:1	TG 17:0_32:1	-	LION:0000002
LION_GLYCEROLIPIDS	TG 17:0_34:1	TG 17:0_34:1	-	LION:0000002
LION_GLYCEROLIPIDS	TG 17:0_34:2	TG 17:0_34:2	-	LION:0000002
LION_GLYCEROLIPIDS	TG 17:0_34:3	TG 17:0_34:3	-	LION:0000002
LION_GLYCEROLIPIDS	TG 17:0_36:3	TG 17:0_36:3	-	LION:0000002
LION_GLYCEROLIPIDS	TG 17:0_36:4	TG 17:0_36:4	-	LION:0000002
LION_GLYCEROLIPIDS	TG 17:1_32:1	TG 17:1_32:1	-	LION:0000002
LION_GLYCEROLIPIDS	TG 17:1_34:1	TG 17:1_34:1	-	LION:0000002
LION_GLYCEROLIPIDS	TG 17:1_34:2	TG 17:1_34:2	-	LION:0000002
LION_GLYCEROLIPIDS	TG 17:1_34:3	TG 17:1_34:3	-	LION:0000002
LION_GLYCEROLIPIDS	TG 17:1_36:3	TG 17:1_36:3	-	LION:0000002
LION_GLYCEROLIPIDS	TG 17:1_36:4	TG 17:1_36:4	-	LION:0000002
LION_GLYCEROLIPIDS	TG 17:1_36:5	TG 17:1_36:5	-	LION:0000002
LION_GLYCEROLIPIDS	TG 17:1_38:5	TG 17:1_38:5	-	LION:0000002
LION_GLYCEROLIPIDS	TG 17:1_38:6	TG 17:1_38:6	-	LION:0000002
LION_GLYCEROLIPIDS	TG 17:1_38:7	TG 17:1_38:7	-	LION:0000002
LION_GLYCEROLIPIDS	TG 17:2_34:2	TG 17:2_34:2	-	LION:0000002
LION_GLYCEROLIPIDS	TG 17:2_34:3	TG 17:2_34:3	-	LION:0000002
LION_GLYCEROLIPIDS	TG 17:2_36:2	TG 17:2_36:2	-	LION:0000002
LION_GLYCEROLIPIDS	TG 17:2_36:3	TG 17:2_36:3	-	LION:0000002
LION_GLYCEROLIPIDS	TG 17:2_36:4	TG 17:2_36:4	-	LION:0000002
LION_GLYCEROLIPIDS	TG 17:2_38:5	TG 17:2_38:5	-	LION:0000002
LION_GLYCEROLIPIDS	TG 17:2_38:6	TG 17:2_38:6	-	LION:0000002
LION_GLYCEROLIPIDS	TG 17:2_38:7	TG 17:2_38:7	-	LION:0000002
LION_GLYCEROLIPIDS	TG 18:0_30:0	TG 18:0_30:0	-	LION:0000002
LION_GLYCEROLIPIDS	TG 18:0_30:1	TG 18:0_30:1	-	LION:0000002
LION_GLYCEROLIPIDS	TG 18:0_32:0	TG 18:0_32:0	-	LION:0000002
LION_GLYCEROLIPIDS	TG 18:0_32:1	TG 18:0_32:1	-	LION:0000002
LION_GLYCEROLIPIDS	TG 18:0_32:2	TG 18:0_32:2	-	LION:0000002
LION_GLYCEROLIPIDS	TG 18:0_34:2	TG 18:0_34:2	-	LION:0000002
LION_GLYCEROLIPIDS	TG 18:0_34:3	TG 18:0_34:3	-	LION:0000002
LION_GLYCEROLIPIDS	TG 18:0_36:1	TG 18:0_36:1	-	LION:0000002
LION_GLYCEROLIPIDS	TG 18:0_36:2	TG 18:0_36:2	-	LION:0000002
LION_GLYCEROLIPIDS	TG 18:0_36:3	TG 18:0_36:3	-	LION:0000002
LION_GLYCEROLIPIDS	TG 18:0_36:4	TG 18:0_36:4	-	LION:0000002
LION_GLYCEROLIPIDS	TG 18:0_36:5	TG 18:0_36:5	-	LION:0000002
LION_GLYCEROLIPIDS	TG 18:0_38:6	TG 18:0_38:6	-	LION:0000002
LION_GLYCEROLIPIDS	TG 18:0_38:7	TG 18:0_38:7	-	LION:0000002
LION_GLYCEROLIPIDS	TG 18:1_26:0	TG 18:1_26:0	-	LION:0000002
LION_GLYCEROLIPIDS	TG 18:1_28:1	TG 18:1_28:1	-	LION:0000002
LION_GLYCEROLIPIDS	TG 18:1_30:0	TG 18:1_30:0	-	LION:0000002
LION_GLYCEROLIPIDS	TG 18:1_30:1	TG 18:1_30:1	-	LION:0000002
LION_GLYCEROLIPIDS	TG 18:1_30:2	TG 18:1_30:2	-	LION:0000002
LION_GLYCEROLIPIDS	TG 18:1_31:0	TG 18:1_31:0	-	LION:0000002
LION_GLYCEROLIPIDS	TG 18:1_32:0	TG 18:1_32:0	-	LION:0000002
LION_GLYCEROLIPIDS	TG 18:1_32:1	TG 18:1_32:1	-	LION:0000002
LION_GLYCEROLIPIDS	TG 18:1_32:2	TG 18:1_32:2	-	LION:0000002
LION_GLYCEROLIPIDS	TG 18:1_32:3	TG 18:1_32:3	-	LION:0000002
LION_GLYCEROLIPIDS	TG 18:1_33:0	TG 18:1_33:0	-	LION:0000002
LION_GLYCEROLIPIDS	TG 18:1_33:1	TG 18:1_33:1	-	LION:0000002
LION_GLYCEROLIPIDS	TG 18:1_33:2	TG 18:1_33:2	-	LION:0000002
LION_GLYCEROLIPIDS	TG 18:1_33:3	TG 18:1_33:3	-	LION:0000002
LION_GLYCEROLIPIDS	TG 18:1_34:1	TG 18:1_34:1	-	LION:0000002
LION_GLYCEROLIPIDS	TG 18:1_34:2	TG 18:1_34:2	-	LION:0000002
LION_GLYCEROLIPIDS	TG 18:1_34:3	TG 18:1_34:3	-	LION:0000002
LION_GLYCEROLIPIDS	TG 18:1_34:4	TG 18:1_34:4	-	LION:0000002
LION_GLYCEROLIPIDS	TG 18:1_35:2	TG 18:1_35:2	-	LION:0000002
LION_GLYCEROLIPIDS	TG 18:1_35:3	TG 18:1_35:3	-	LION:0000002
LION_GLYCEROLIPIDS	TG 18:1_36:0	TG 18:1_36:0	-	LION:0000002
LION_GLYCEROLIPIDS	TG 18:1_36:1	TG 18:1_36:1	-	LION:0000002
LION_GLYCEROLIPIDS	TG 18:1_36:2	TG 18:1_36:2	-	LION:0000002
LION_GLYCEROLIPIDS	TG 18:1_36:3	TG 18:1_36:3	-	LION:0000002
LION_GLYCEROLIPIDS	TG 18:1_36:4	TG 18:1_36:4	-	LION:0000002
LION_GLYCEROLIPIDS	TG 18:1_36:5	TG 18:1_36:5	-	LION:0000002
LION_GLYCEROLIPIDS	TG 18:1_36:6	TG 18:1_36:6	-	LION:0000002
LION_GLYCEROLIPIDS	TG 18:1_38:5	TG 18:1_38:5	-	LION:0000002
LION_GLYCEROLIPIDS	TG 18:1_38:6	TG 18:1_38:6	-	LION:0000002
LION_GLYCEROLIPIDS	TG 18:1_38:7	TG 18:1_38:7	-	LION:0000002
LION_GLYCEROLIPIDS	TG 18:2_28:0	TG 18:2_28:0	-	LION:0000002
LION_GLYCEROLIPIDS	TG 18:2_30:0	TG 18:2_30:0	-	LION:0000002
LION_GLYCEROLIPIDS	TG 18:2_30:1	TG 18:2_30:1	-	LION:0000002
LION_GLYCEROLIPIDS	TG 18:2_31:0	TG 18:2_31:0	-	LION:0000002
LION_GLYCEROLIPIDS	TG 18:2_32:0	TG 18:2_32:0	-	LION:0000002
LION_GLYCEROLIPIDS	TG 18:2_32:1	TG 18:2_32:1	-	LION:0000002
LION_GLYCEROLIPIDS	TG 18:2_32:2	TG 18:2_32:2	-	LION:0000002
LION_GLYCEROLIPIDS	TG 18:2_33:0	TG 18:2_33:0	-	LION:0000002
LION_GLYCEROLIPIDS	TG 18:2_33:1	TG 18:2_33:1	-	LION:0000002
LION_GLYCEROLIPIDS	TG 18:2_33:2	TG 18:2_33:2	-	LION:0000002
LION_GLYCEROLIPIDS	TG 18:2_34:1	TG 18:2_34:1	-	LION:0000002
LION_GLYCEROLIPIDS	TG 18:2_34:2	TG 18:2_34:2	-	LION:0000002
LION_GLYCEROLIPIDS	TG 18:2_34:3	TG 18:2_34:3	-	LION:0000002
LION_GLYCEROLIPIDS	TG 18:2_34:4	TG 18:2_34:4	-	LION:0000002
LION_GLYCEROLIPIDS	TG 18:2_35:1	TG 18:2_35:1	-	LION:0000002
LION_GLYCEROLIPIDS	TG 18:2_35:2	TG 18:2_35:2	-	LION:0000002
LION_GLYCEROLIPIDS	TG 18:2_35:3	TG 18:2_35:3	-	LION:0000002
LION_GLYCEROLIPIDS	TG 18:2_36:0	TG 18:2_36:0	-	LION:0000002
LION_GLYCEROLIPIDS	TG 18:2_36:1	TG 18:2_36:1	-	LION:0000002
LION_GLYCEROLIPIDS	TG 18:2_36:2	TG 18:2_36:2	-	LION:0000002
LION_GLYCEROLIPIDS	TG 18:2_36:3	TG 18:2_36:3	-	LION:0000002
LION_GLYCEROLIPIDS	TG 18:2_36:4	TG 18:2_36:4	-	LION:0000002
LION_GLYCEROLIPIDS	TG 18:2_36:5	TG 18:2_36:5	-	LION:0000002
LION_GLYCEROLIPIDS	TG 18:2_38:4	TG 18:2_38:4	-	LION:0000002
LION_GLYCEROLIPIDS	TG 18:2_38:5	TG 18:2_38:5	-	LION:0000002
LION_GLYCEROLIPIDS	TG 18:2_38:6	TG 18:2_38:6	-	LION:0000002
LION_GLYCEROLIPIDS	TG 18:3_30:0	TG 18:3_30:0	-	LION:0000002
LION_GLYCEROLIPIDS	TG 18:3_32:0	TG 18:3_32:0	-	LION:0000002
LION_GLYCEROLIPIDS	TG 18:3_32:1	TG 18:3_32:1	-	LION:0000002
LION_GLYCEROLIPIDS	TG 18:3_33:2	TG 18:3_33:2	-	LION:0000002
LION_GLYCEROLIPIDS	TG 18:3_34:0	TG 18:3_34:0	-	LION:0000002
LION_GLYCEROLIPIDS	TG 18:3_34:1	TG 18:3_34:1	-	LION:0000002
LION_GLYCEROLIPIDS	TG 18:3_34:2	TG 18:3_34:2	-	LION:0000002
LION_GLYCEROLIPIDS	TG 18:3_34:3	TG 18:3_34:3	-	LION:0000002
LION_GLYCEROLIPIDS	TG 18:3_35:2	TG 18:3_35:2	-	LION:0000002
LION_GLYCEROLIPIDS	TG 18:3_36:1	TG 18:3_36:1	-	LION:0000002
LION_GLYCEROLIPIDS	TG 18:3_36:2	TG 18:3_36:2	-	LION:0000002
LION_GLYCEROLIPIDS	TG 18:3_36:3	TG 18:3_36:3	-	LION:0000002
LION_GLYCEROLIPIDS	TG 18:3_36:4	TG 18:3_36:4	-	LION:0000002
LION_GLYCEROLIPIDS	TG 18:3_38:5	TG 18:3_38:5	-	LION:0000002
LION_GLYCEROLIPIDS	TG 18:3_38:6	TG 18:3_38:6	-	LION:0000002
LION_GLYCEROLIPIDS	TG 20:0_32:3	TG 20:0_32:3	-	LION:0000002
LION_GLYCEROLIPIDS	TG 20:0_32:4	TG 20:0_32:4	-	LION:0000002
LION_GLYCEROLIPIDS	TG 20:0_34:1	TG 20:0_34:1	-	LION:0000002
LION_GLYCEROLIPIDS	TG 20:1_26:1	TG 20:1_26:1	-	LION:0000002
LION_GLYCEROLIPIDS	TG 20:1_30:1	TG 20:1_30:1	-	LION:0000002
LION_GLYCEROLIPIDS	TG 20:1_31:0	TG 20:1_31:0	-	LION:0000002
LION_GLYCEROLIPIDS	TG 20:1_32:0	TG 20:1_32:0	-	LION:0000002
LION_GLYCEROLIPIDS	TG 20:1_32:1	TG 20:1_32:1	-	LION:0000002
LION_GLYCEROLIPIDS	TG 20:1_32:2	TG 20:1_32:2	-	LION:0000002
LION_GLYCEROLIPIDS	TG 20:1_32:3	TG 20:1_32:3	-	LION:0000002
LION_GLYCEROLIPIDS	TG 20:1_34:0	TG 20:1_34:0	-	LION:0000002
LION_GLYCEROLIPIDS	TG 20:1_34:1	TG 20:1_34:1	-	LION:0000002
LION_GLYCEROLIPIDS	TG 20:1_34:2	TG 20:1_34:2	-	LION:0000002
LION_GLYCEROLIPIDS	TG 20:1_34:3	TG 20:1_34:3	-	LION:0000002
LION_GLYCEROLIPIDS	TG 20:2_32:0	TG 20:2_32:0	-	LION:0000002
LION_GLYCEROLIPIDS	TG 20:2_32:1	TG 20:2_32:1	-	LION:0000002
LION_GLYCEROLIPIDS	TG 20:2_34:1	TG 20:2_34:1	-	LION:0000002
LION_GLYCEROLIPIDS	TG 20:2_34:2	TG 20:2_34:2	-	LION:0000002
LION_GLYCEROLIPIDS	TG 20:2_34:3	TG 20:2_34:3	-	LION:0000002
LION_GLYCEROLIPIDS	TG 20:2_34:4	TG 20:2_34:4	-	LION:0000002
LION_GLYCEROLIPIDS	TG 20:2_36:5	TG 20:2_36:5	-	LION:0000002
LION_GLYCEROLIPIDS	TG 20:3_32:0	TG 20:3_32:0	-	LION:0000002
LION_GLYCEROLIPIDS	TG 20:3_32:1	TG 20:3_32:1	-	LION:0000002
LION_GLYCEROLIPIDS	TG 20:3_32:2	TG 20:3_32:2	-	LION:0000002
LION_GLYCEROLIPIDS	TG 20:3_34:0	TG 20:3_34:0	-	LION:0000002
LION_GLYCEROLIPIDS	TG 20:3_34:1	TG 20:3_34:1	-	LION:0000002
LION_GLYCEROLIPIDS	TG 20:3_34:2	TG 20:3_34:2	-	LION:0000002
LION_GLYCEROLIPIDS	TG 20:3_34:3	TG 20:3_34:3	-	LION:0000002
LION_GLYCEROLIPIDS	TG 20:3_36:3	TG 20:3_36:3	-	LION:0000002
LION_GLYCEROLIPIDS	TG 20:3_36:4	TG 20:3_36:4	-	LION:0000002
LION_GLYCEROLIPIDS	TG 20:3_36:5	TG 20:3_36:5	-	LION:0000002
LION_GLYCEROLIPIDS	TG 20:4_30:0	TG 20:4_30:0	-	LION:0000002
LION_GLYCEROLIPIDS	TG 20:4_32:0	TG 20:4_32:0	-	LION:0000002
LION_GLYCEROLIPIDS	TG 20:4_32:1	TG 20:4_32:1	-	LION:0000002
LION_GLYCEROLIPIDS	TG 20:4_32:2	TG 20:4_32:2	-	LION:0000002
LION_GLYCEROLIPIDS	TG 20:4_33:2	TG 20:4_33:2	-	LION:0000002
LION_GLYCEROLIPIDS	TG 20:4_34:0	TG 20:4_34:0	-	LION:0000002
LION_GLYCEROLIPIDS	TG 20:4_34:1	TG 20:4_34:1	-	LION:0000002
LION_GLYCEROLIPIDS	TG 20:4_34:2	TG 20:4_34:2	-	LION:0000002
LION_GLYCEROLIPIDS	TG 20:4_34:3	TG 20:4_34:3	-	LION:0000002
LION_GLYCEROLIPIDS	TG 20:4_35:3	TG 20:4_35:3	-	LION:0000002
LION_GLYCEROLIPIDS	TG 20:4_36:2	TG 20:4_36:2	-	LION:0000002
LION_GLYCEROLIPIDS	TG 20:4_36:3	TG 20:4_36:3	-	LION:0000002
LION_GLYCEROLIPIDS	TG 20:4_36:4	TG 20:4_36:4	-	LION:0000002
LION_GLYCEROLIPIDS	TG 20:4_36:5	TG 20:4_36:5	-	LION:0000002
LION_GLYCEROLIPIDS	TG 20:5_34:0	TG 20:5_34:0	-	LION:0000002
LION_GLYCEROLIPIDS	TG 20:5_34:1	TG 20:5_34:1	-	LION:0000002
LION_GLYCEROLIPIDS	TG 20:5_34:2	TG 20:5_34:2	-	LION:0000002
LION_GLYCEROLIPIDS	TG 20:5_36:2	TG 20:5_36:2	-	LION:0000002
LION_GLYCEROLIPIDS	TG 20:5_36:3	TG 20:5_36:3	-	LION:0000002
LION_GLYCEROLIPIDS	TG 22:0_32:4	TG 22:0_32:4	-	LION:0000002
LION_GLYCEROLIPIDS	TG 22:1_32:5	TG 22:1_32:5	-	LION:0000002
LION_GLYCEROLIPIDS	TG 22:2_32:4	TG 22:2_32:4	-	LION:0000002
LION_GLYCEROLIPIDS	TG 22:3_30:2	TG 22:3_30:2	-	LION:0000002
LION_GLYCEROLIPIDS	TG 22:4_32:0	TG 22:4_32:0	-	LION:0000002
LION_GLYCEROLIPIDS	TG 22:4_32:2	TG 22:4_32:2	-	LION:0000002
LION_GLYCEROLIPIDS	TG 22:4_34:2	TG 22:4_34:2	-	LION:0000002
LION_GLYCEROLIPIDS	TG 22:5_32:0	TG 22:5_32:0	-	LION:0000002
LION_GLYCEROLIPIDS	TG 22:5_32:1	TG 22:5_32:1	-	LION:0000002
LION_GLYCEROLIPIDS	TG 22:5_34:1	TG 22:5_34:1	-	LION:0000002
LION_GLYCEROLIPIDS	TG 22:5_34:2	TG 22:5_34:2	-	LION:0000002
LION_GLYCEROLIPIDS	TG 22:5_34:3	TG 22:5_34:3	-	LION:0000002
LION_GLYCEROLIPIDS	TG 22:6_32:0	TG 22:6_32:0	-	LION:0000002
LION_GLYCEROLIPIDS	TG 22:6_32:1	TG 22:6_32:1	-	LION:0000002
LION_GLYCEROLIPIDS	TG 22:6_34:1	TG 22:6_34:1	-	LION:0000002
LION_GLYCEROLIPIDS	TG 22:6_34:2	TG 22:6_34:2	-	LION:0000002
LION_GLYCEROLIPIDS	TG 22:6_34:3	TG 22:6_34:3	-	LION:0000002
LION_GLYCEROPHOSPHATES	LPA 14:0	LPA 14:0	-	LION:0000019
LION_GLYCEROPHOSPHATES	LPA 14:1	LPA 14:1	-	LION:0000019
LION_GLYCEROPHOSPHATES	LPA 15:0	LPA 15:0	-	LION:0000019
LION_GLYCEROPHOSPHATES	LPA 16:0	LPA 16:0	-	LION:0000019
LION_GLYCEROPHOSPHATES	LPA 18:1	LPA 18:1	-	LION:0000019
LION_GLYCEROPHOSPHATES	LPA 18:2	LPA 18:2	-	LION:0000019
LION_GLYCEROPHOSPHATES	LPA 22:3	LPA 22:3	-	LION:0000019
LION_GLYCEROPHOSPHATES	LPA 22:4	LPA 22:4	-	LION:0000019
LION_GLYCEROPHOSPHATES	PA 14:0_14:1	PA 14:0_14:1	-	LION:0000019
LION_GLYCEROPHOSPHATES	PA 16:0_18:1	PA 16:0_18:1	-	LION:0000019
LION_GLYCEROPHOSPHATES	PA 16:0_18:2	PA 16:0_18:2	-	LION:0000019
LION_GLYCEROPHOSPHATES	PA 16:0_18:3	PA 16:0_18:3	-	LION:0000019
LION_GLYCEROPHOSPHATES	PA 16:0_19:2	PA 16:0_19:2	-	LION:0000019
LION_GLYCEROPHOSPHATES	PA 16:1_18:1	PA 16:1_18:1	-	LION:0000019
LION_GLYCEROPHOSPHATES	PA 16:1_18:2	PA 16:1_18:2	-	LION:0000019
LION_GLYCEROPHOSPHATES	PA 16:1_22:0	PA 16:1_22:0	-	LION:0000019
LION_GLYCEROPHOSPHATES	PA 16:2_18:1	PA 16:2_18:1	-	LION:0000019
LION_GLYCEROPHOSPHATES	PA 17:0_18:1	PA 17:0_18:1	-	LION:0000019
LION_GLYCEROPHOSPHATES	PA 17:0_18:2	PA 17:0_18:2	-	LION:0000019
LION_GLYCEROPHOSPHATES	PA 17:0_18:3	PA 17:0_18:3	-	LION:0000019
LION_GLYCEROPHOSPHATES	PA 17:1_18:1	PA 17:1_18:1	-	LION:0000019
LION_GLYCEROPHOSPHATES	PA 17:1_18:2	PA 17:1_18:2	-	LION:0000019
LION_GLYCEROPHOSPHATES	PA 17:2_18:1	PA 17:2_18:1	-	LION:0000019
LION_GLYCEROPHOSPHATES	PA 18:0_18:1	PA 18:0_18:1	-	LION:0000019
LION_GLYCEROPHOSPHATES	PA 18:0_18:2	PA 18:0_18:2	-	LION:0000019
LION_GLYCEROPHOSPHATES	PA 18:0_18:3	PA 18:0_18:3	-	LION:0000019
LION_GLYCEROPHOSPHATES	PA 18:1_18:1	PA 18:1_18:1	-	LION:0000019
LION_GLYCEROPHOSPHATES	PA 18:1_18:2	PA 18:1_18:2	-	LION:0000019
LION_GLYCEROPHOSPHATES	PA 18:1_18:3	PA 18:1_18:3	-	LION:0000019
LION_GLYCEROPHOSPHATES	PA 18:1_18:4	PA 18:1_18:4	-	LION:0000019
LION_GLYCEROPHOSPHATES	PA 18:1_20:0	PA 18:1_20:0	-	LION:0000019
LION_GLYCEROPHOSPHATES	PA 18:1_20:1	PA 18:1_20:1	-	LION:0000019
LION_GLYCEROPHOSPHATES	PA 18:1_20:2	PA 18:1_20:2	-	LION:0000019
LION_GLYCEROPHOSPHATES	PA 18:1_20:3	PA 18:1_20:3	-	LION:0000019
LION_GLYCEROPHOSPHATES	PA 18:1_22:0	PA 18:1_22:0	-	LION:0000019
LION_GLYCEROPHOSPHATES	PA 18:1_22:1	PA 18:1_22:1	-	LION:0000019
LION_GLYCEROPHOSPHATES	PA 18:1_22:2	PA 18:1_22:2	-	LION:0000019
LION_GLYCEROPHOSPHATES	PA 18:1_22:3	PA 18:1_22:3	-	LION:0000019
LION_GLYCEROPHOSPHATES	PA 18:2_18:2	PA 18:2_18:2	-	LION:0000019
LION_GLYCEROPHOSPHATES	PA 18:2_18:3	PA 18:2_18:3	-	LION:0000019
LION_GLYCEROPHOSPHATES	PA 18:2_20:0	PA 18:2_20:0	-	LION:0000019
LION_GLYCEROPHOSPHATES	PA 18:2_20:1	PA 18:2_20:1	-	LION:0000019
LION_GLYCEROPHOSPHATES	PA 18:2_20:2	PA 18:2_20:2	-	LION:0000019
LION_GLYCEROPHOSPHATES	PA 18:2_22:0	PA 18:2_22:0	-	LION:0000019
LION_GLYCEROPHOSPHATES	PA 18:2_22:1	PA 18:2_22:1	-	LION:0000019
LION_GLYCEROPHOSPHATES	PA 18:2_22:3	PA 18:2_22:3	-	LION:0000019
LION_GLYCEROPHOSPHATES	PA 18:2_22:4	PA 18:2_22:4	-	LION:0000019
LION_GLYCEROPHOSPHATES	PA 18:3_18:3	PA 18:3_18:3	-	LION:0000019
LION_GLYCEROPHOSPHATES	PA 20:0_20:4	PA 20:0_20:4	-	LION:0000019
LION_GLYCEROPHOSPHOCHOLINES	LPC 14:0	LPC 14:0	-	LION:0000010
LION_GLYCEROPHOSPHOCHOLINES	LPC 16:0	LPC 16:0	-	LION:0000010
LION_GLYCEROPHOSPHOCHOLINES	LPC 16:1	LPC 16:1	-	LION:0000010
LION_GLYCEROPHOSPHOCHOLINES	LPC 17:0	LPC 17:0	-	LION:0000010
LION_GLYCEROPHOSPHOCHOLINES	LPC 18:0	LPC 18:0	-	LION:0000010
LION_GLYCEROPHOSPHOCHOLINES	LPC 18:1	LPC 18:1	-	LION:0000010
LION_GLYCEROPHOSPHOCHOLINES	LPC 18:2	LPC 18:2	-	LION:0000010
LION_GLYCEROPHOSPHOCHOLINES	LPC 20:3	LPC 20:3	-	LION:0000010
LION_GLYCEROPHOSPHOCHOLINES	LPC 20:4	LPC 20:4	-	LION:0000010
LION_GLYCEROPHOSPHOCHOLINES	PC 24:0	PC 24:0	-	LION:0000010
LION_GLYCEROPHOSPHOCHOLINES	PC 26:0	PC 26:0	-	LION:0000010
LION_GLYCEROPHOSPHOCHOLINES	PC 28:1	PC 28:1	-	LION:0000010
LION_GLYCEROPHOSPHOCHOLINES	PC 30:0	PC 30:0	-	LION:0000010
LION_GLYCEROPHOSPHOCHOLINES	PC 32:0	PC 32:0	-	LION:0000010
LION_GLYCEROPHOSPHOCHOLINES	PC 32:1	PC 32:1	-	LION:0000010
LION_GLYCEROPHOSPHOCHOLINES	PC 32:2	PC 32:2	-	LION:0000010
LION_GLYCEROPHOSPHOCHOLINES	PC 32:3	PC 32:3	-	LION:0000010
LION_GLYCEROPHOSPHOCHOLINES	PC 34:1	PC 34:1	-	LION:0000010
LION_GLYCEROPHOSPHOCHOLINES	PC 34:2	PC 34:2	-	LION:0000010
LION_GLYCEROPHOSPHOCHOLINES	PC 34:3	PC 34:3	-	LION:0000010
LION_GLYCEROPHOSPHOCHOLINES	PC 34:4	PC 34:4	-	LION:0000010
LION_GLYCEROPHOSPHOCHOLINES	PC 36:0	PC 36:0	-	LION:0000010
LION_GLYCEROPHOSPHOCHOLINES	PC 36:1	PC 36:1	-	LION:0000010
LION_GLYCEROPHOSPHOCHOLINES	PC 36:2	PC 36:2	-	LION:0000010
LION_GLYCEROPHOSPHOCHOLINES	PC 36:3	PC 36:3	-	LION:0000010
LION_GLYCEROPHOSPHOCHOLINES	PC 36:4	PC 36:4	-	LION:0000010
LION_GLYCEROPHOSPHOCHOLINES	PC 36:5	PC 36:5	-	LION:0000010
LION_GLYCEROPHOSPHOCHOLINES	PC 36:6	PC 36:6	-	LION:0000010
LION_GLYCEROPHOSPHOCHOLINES	PC 38:0	PC 38:0	-	LION:0000010
LION_GLYCEROPHOSPHOCHOLINES	PC 38:3	PC 38:3	-	LION:0000010
LION_GLYCEROPHOSPHOCHOLINES	PC 38:4	PC 38:4	-	LION:0000010
LION_GLYCEROPHOSPHOCHOLINES	PC 38:5	PC 38:5	-	LION:0000010
LION_GLYCEROPHOSPHOCHOLINES	PC 38:6	PC 38:6	-	LION:0000010
LION_GLYCEROPHOSPHOCHOLINES	PC 40:1	PC 40:1	-	LION:0000010
LION_GLYCEROPHOSPHOCHOLINES	PC 40:2	PC 40:2	-	LION:0000010
LION_GLYCEROPHOSPHOCHOLINES	PC 40:3	PC 40:3	-	LION:0000010
LION_GLYCEROPHOSPHOCHOLINES	PC 40:4	PC 40:4	-	LION:0000010
LION_GLYCEROPHOSPHOCHOLINES	PC 40:5	PC 40:5	-	LION:0000010
LION_GLYCEROPHOSPHOCHOLINES	PC 40:6	PC 40:6	-	LION:0000010
LION_GLYCEROPHOSPHOCHOLINES	PC 42:0	PC 42:0	-	LION:0000010
LION_GLYCEROPHOSPHOCHOLINES	PC 42:1	PC 42:1	-	LION:0000010
LION_GLYCEROPHOSPHOCHOLINES	PC 42:2	PC 42:2	-	LION:0000010
LION_GLYCEROPHOSPHOCHOLINES	PC 42:4	PC 42:4	-	LION:0000010
LION_GLYCEROPHOSPHOCHOLINES	PC 42:5	PC 42:5	-	LION:0000010
LION_GLYCEROPHOSPHOCHOLINES	PC 42:6	PC 42:6	-	LION:0000010
LION_GLYCEROPHOSPHOCHOLINES	PC O-28:0	PC O-28:0	-	LION:0000010
LION_GLYCEROPHOSPHOCHOLINES	PC O-28:1	PC O-28:1	-	LION:0000010
LION_GLYCEROPHOSPHOCHOLINES	PC O-30:0	PC O-30:0	-	LION:0000010
LION_GLYCEROPHOSPHOCHOLINES	PC O-30:1	PC O-30:1	-	LION:0000010
LION_GLYCEROPHOSPHOCHOLINES	PC O-30:2	PC O-30:2	-	LION:0000010
LION_GLYCEROPHOSPHOCHOLINES	PC O-32:1	PC O-32:1	-	LION:0000010
LION_GLYCEROPHOSPHOCHOLINES	PC O-32:2	PC O-32:2	-	LION:0000010
LION_GLYCEROPHOSPHOCHOLINES	PC O-34:0	PC O-34:0	-	LION:0000010
LION_GLYCEROPHOSPHOCHOLINES	PC O-34:1	PC O-34:1	-	LION:0000010
LION_GLYCEROPHOSPHOCHOLINES	PC O-34:2	PC O-34:2	-	LION:0000010
LION_GLYCEROPHOSPHOCHOLINES	PC O-34:3	PC O-34:3	-	LION:0000010
LION_GLYCEROPHOSPHOCHOLINES	PC O-36:0	PC O-36:0	-	LION:0000010
LION_GLYCEROPHOSPHOCHOLINES	PC O-36:1	PC O-36:1	-	LION:0000010
LION_GLYCEROPHOSPHOCHOLINES	PC O-36:2	PC O-36:2	-	LION:0000010
LION_GLYCEROPHOSPHOCHOLINES	PC O-36:3	PC O-36:3	-	LION:0000010
LION_GLYCEROPHOSPHOCHOLINES	PC O-36:4	PC O-36:4	-	LION:0000010
LION_GLYCEROPHOSPHOCHOLINES	PC O-36:5	PC O-36:5	-	LION:0000010
LION_GLYCEROPHOSPHOCHOLINES	PC O-38:0	PC O-38:0	-	LION:0000010
LION_GLYCEROPHOSPHOCHOLINES	PC O-38:1	PC O-38:1	-	LION:0000010
LION_GLYCEROPHOSPHOCHOLINES	PC O-38:2	PC O-38:2	-	LION:0000010
LION_GLYCEROPHOSPHOCHOLINES	PC O-38:3	PC O-38:3	-	LION:0000010
LION_GLYCEROPHOSPHOCHOLINES	PC O-38:4	PC O-38:4	-	LION:0000010
LION_GLYCEROPHOSPHOCHOLINES	PC O-38:5	PC O-38:5	-	LION:0000010
LION_GLYCEROPHOSPHOCHOLINES	PC O-38:6	PC O-38:6	-	LION:0000010
LION_GLYCEROPHOSPHOCHOLINES	PC O-40:1	PC O-40:1	-	LION:0000010
LION_GLYCEROPHOSPHOCHOLINES	PC O-40:2	PC O-40:2	-	LION:0000010
LION_GLYCEROPHOSPHOCHOLINES	PC O-40:3	PC O-40:3	-	LION:0000010
LION_GLYCEROPHOSPHOCHOLINES	PC O-40:4	PC O-40:4	-	LION:0000010
LION_GLYCEROPHOSPHOCHOLINES	PC O-40:5	PC O-40:5	-	LION:0000010
LION_GLYCEROPHOSPHOCHOLINES	PC O-40:6	PC O-40:6	-	LION:0000010
LION_GLYCEROPHOSPHOCHOLINES	PC O-42:0	PC O-42:0	-	LION:0000010
LION_GLYCEROPHOSPHOCHOLINES	PC O-42:1	PC O-42:1	-	LION:0000010
LION_GLYCEROPHOSPHOCHOLINES	PC O-42:2	PC O-42:2	-	LION:0000010
LION_GLYCEROPHOSPHOCHOLINES	PC O-42:3	PC O-42:3	-	LION:0000010
LION_GLYCEROPHOSPHOCHOLINES	PC O-42:4	PC O-42:4	-	LION:0000010
LION_GLYCEROPHOSPHOCHOLINES	PC O-42:5	PC O-42:5	-	LION:0000010
LION_GLYCEROPHOSPHOCHOLINES	PC O-44:3	PC O-44:3	-	LION:0000010
LION_GLYCEROPHOSPHOCHOLINES	PC O-44:4	PC O-44:4	-	LION:0000010
LION_GLYCEROPHOSPHOCHOLINES	PC O-44:5	PC O-44:5	-	LION:0000010
LION_GLYCEROPHOSPHOCHOLINES	PC O-44:6	PC O-44:6	-	LION:0000010
LION_GLYCEROPHOSPHOETHANOLAMINES	LPE 14:0	LPE 14:0	-	LION:0000011
LION_GLYCEROPHOSPHOETHANOLAMINES	LPE 14:1	LPE 14:1	-	LION:0000011
LION_GLYCEROPHOSPHOETHANOLAMINES	LPE 15:0	LPE 15:0	-	LION:0000011
LION_GLYCEROPHOSPHOETHANOLAMINES	LPE 16:0	LPE 16:0	-	LION:0000011
LION_GLYCEROPHOSPHOETHANOLAMINES	LPE 16:1	LPE 16:1	-	LION:0000011
LION_GLYCEROPHOSPHOETHANOLAMINES	LPE 17:0	LPE 17:0	-	LION:0000011
LION_GLYCEROPHOSPHOETHANOLAMINES	LPE 17:1	LPE 17:1	-	LION:0000011
LION_GLYCEROPHOSPHOETHANOLAMINES	LPE 18:0	LPE 18:0	-	LION:0000011
LION_GLYCEROPHOSPHOETHANOLAMINES	LPE 18:1	LPE 18:1	-	LION:0000011
LION_GLYCEROPHOSPHOETHANOLAMINES	LPE 18:2	LPE 18:2	-	LION:0000011
LION_GLYCEROPHOSPHOETHANOLAMINES	LPE 18:3	LPE 18:3	-	LION:0000011
LION_GLYCEROPHOSPHOETHANOLAMINES	LPE 19:0	LPE 19:0	-	LION:0000011
LION_GLYCEROPHOSPHOETHANOLAMINES	LPE 19:1	LPE 19:1	-	LION:0000011
LION_GLYCEROPHOSPHOETHANOLAMINES	LPE 19:2	LPE 19:2	-	LION:0000011
LION_GLYCEROPHOSPHOETHANOLAMINES	LPE 20:0	LPE 20:0	-	LION:0000011
LION_GLYCEROPHOSPHOETHANOLAMINES	LPE 20:1	LPE 20:1	-	LION:0000011
LION_GLYCEROPHOSPHOETHANOLAMINES	LPE 20:2	LPE 20:2	-	LION:0000011
LION_GLYCEROPHOSPHOETHANOLAMINES	LPE 20:3	LPE 20:3	-	LION:0000011
LION_GLYCEROPHOSPHOETHANOLAMINES	LPE 20:4	LPE 20:4	-	LION:0000011
LION_GLYCEROPHOSPHOETHANOLAMINES	LPE 20:5	LPE 20:5	-	LION:0000011
LION_GLYCEROPHOSPHOETHANOLAMINES	LPE 22:0	LPE 22:0	-	LION:0000011
LION_GLYCEROPHOSPHOETHANOLAMINES	LPE 22:1	LPE 22:1	-	LION:0000011
LION_GLYCEROPHOSPHOETHANOLAMINES	LPE 22:4	LPE 22:4	-	LION:0000011
LION_GLYCEROPHOSPHOETHANOLAMINES	LPE 22:5	LPE 22:5	-	LION:0000011
LION_GLYCEROPHOSPHOETHANOLAMINES	LPE 22:6	LPE 22:6	-	LION:0000011
LION_GLYCEROPHOSPHOETHANOLAMINES	PE 28:0	PE 28:0	-	LION:0000011
LION_GLYCEROPHOSPHOETHANOLAMINES	PE 28:1	PE 28:1	-	LION:0000011
LION_GLYCEROPHOSPHOETHANOLAMINES	PE 30:0	PE 30:0	-	LION:0000011
LION_GLYCEROPHOSPHOETHANOLAMINES	PE 30:1	PE 30:1	-	LION:0000011
LION_GLYCEROPHOSPHOETHANOLAMINES	PE 31:0	PE 31:0	-	LION:0000011
LION_GLYCEROPHOSPHOETHANOLAMINES	PE 32:0	PE 32:0	-	LION:0000011
LION_GLYCEROPHOSPHOETHANOLAMINES	PE 32:1	PE 32:1	-	LION:0000011
LION_GLYCEROPHOSPHOETHANOLAMINES	PE 32:2	PE 32:2	-	LION:0000011
LION_GLYCEROPHOSPHOETHANOLAMINES	PE 33:0	PE 33:0	-	LION:0000011
LION_GLYCEROPHOSPHOETHANOLAMINES	PE 33:1	PE 33:1	-	LION:0000011
LION_GLYCEROPHOSPHOETHANOLAMINES	PE 33:2	PE 33:2	-	LION:0000011
LION_GLYCEROPHOSPHOETHANOLAMINES	PE 34:0	PE 34:0	-	LION:0000011
LION_GLYCEROPHOSPHOETHANOLAMINES	PE 34:1	PE 34:1	-	LION:0000011
LION_GLYCEROPHOSPHOETHANOLAMINES	PE 34:2	PE 34:2	-	LION:0000011
LION_GLYCEROPHOSPHOETHANOLAMINES	PE 34:3	PE 34:3	-	LION:0000011
LION_GLYCEROPHOSPHOETHANOLAMINES	PE 34:4	PE 34:4	-	LION:0000011
LION_GLYCEROPHOSPHOETHANOLAMINES	PE 35:1	PE 35:1	-	LION:0000011
LION_GLYCEROPHOSPHOETHANOLAMINES	PE 35:2	PE 35:2	-	LION:0000011
LION_GLYCEROPHOSPHOETHANOLAMINES	PE 35:3	PE 35:3	-	LION:0000011
LION_GLYCEROPHOSPHOETHANOLAMINES	PE 36:0	PE 36:0	-	LION:0000011
LION_GLYCEROPHOSPHOETHANOLAMINES	PE 36:1	PE 36:1	-	LION:0000011
LION_GLYCEROPHOSPHOETHANOLAMINES	PE 36:2	PE 36:2	-	LION:0000011
LION_GLYCEROPHOSPHOETHANOLAMINES	PE 36:3	PE 36:3	-	LION:0000011
LION_GLYCEROPHOSPHOETHANOLAMINES	PE 36:4	PE 36:4	-	LION:0000011
LION_GLYCEROPHOSPHOETHANOLAMINES	PE 36:5	PE 36:5	-	LION:0000011
LION_GLYCEROPHOSPHOETHANOLAMINES	PE 36:6	PE 36:6	-	LION:0000011
LION_GLYCEROPHOSPHOETHANOLAMINES	PE 38:0	PE 38:0	-	LION:0000011
LION_GLYCEROPHOSPHOETHANOLAMINES	PE 38:1	PE 38:1	-	LION:0000011
LION_GLYCEROPHOSPHOETHANOLAMINES	PE 38:2	PE 38:2	-	LION:0000011
LION_GLYCEROPHOSPHOETHANOLAMINES	PE 38:3	PE 38:3	-	LION:0000011
LION_GLYCEROPHOSPHOETHANOLAMINES	PE 38:4	PE 38:4	-	LION:0000011
LION_GLYCEROPHOSPHOETHANOLAMINES	PE 38:5	PE 38:5	-	LION:0000011
LION_GLYCEROPHOSPHOETHANOLAMINES	PE 38:6	PE 38:6	-	LION:0000011
LION_GLYCEROPHOSPHOETHANOLAMINES	PE 38:7	PE 38:7	-	LION:0000011
LION_GLYCEROPHOSPHOETHANOLAMINES	PE 40:1	PE 40:1	-	LION:0000011
LION_GLYCEROPHOSPHOETHANOLAMINES	PE 40:3	PE 40:3	-	LION:0000011
LION_GLYCEROPHOSPHOETHANOLAMINES	PE 40:4	PE 40:4	-	LION:0000011
LION_GLYCEROPHOSPHOETHANOLAMINES	PE 40:5	PE 40:5	-	LION:0000011
LION_GLYCEROPHOSPHOETHANOLAMINES	PE 40:6	PE 40:6	-	LION:0000011
LION_GLYCEROPHOSPHOETHANOLAMINES	PE 40:7	PE 40:7	-	LION:0000011
LION_GLYCEROPHOSPHOETHANOLAMINES	PE 40:8	PE 40:8	-	LION:0000011
LION_GLYCEROPHOSPHOETHANOLAMINES	PE 42:7	PE 42:7	-	LION:0000011
LION_GLYCEROPHOSPHOETHANOLAMINES	PE 42:8	PE 42:8	-	LION:0000011
LION_GLYCEROPHOSPHOETHANOLAMINES	PE 44:11	PE 44:11	-	LION:0000011
LION_GLYCEROPHOSPHOETHANOLAMINES	PE 44:12	PE 44:12	-	LION:0000011
LION_GLYCEROPHOSPHOETHANOLAMINES	PE 44:6	PE 44:6	-	LION:0000011
LION_GLYCEROPHOSPHOETHANOLAMINES	PE 44:7	PE 44:7	-	LION:0000011
LION_GLYCEROPHOSPHOETHANOLAMINES	PE P-16:0/14:0	PE P-16:0/14:0	-	LION:0000011
LION_GLYCEROPHOSPHOETHANOLAMINES	PE P-16:0/15:0	PE P-16:0/15:0	-	LION:0000011
LION_GLYCEROPHOSPHOETHANOLAMINES	PE P-16:0/16:0	PE P-16:0/16:0	-	LION:0000011
LION_GLYCEROPHOSPHOETHANOLAMINES	PE P-16:0/16:1	PE P-16:0/16:1	-	LION:0000011
LION_GLYCEROPHOSPHOETHANOLAMINES	PE P-16:0/18:1	PE P-16:0/18:1	-	LION:0000011
LION_GLYCEROPHOSPHOETHANOLAMINES	PE P-16:0/18:2	PE P-16:0/18:2	-	LION:0000011
LION_GLYCEROPHOSPHOETHANOLAMINES	PE P-16:0/18:3	PE P-16:0/18:3	-	LION:0000011
LION_GLYCEROPHOSPHOETHANOLAMINES	PE P-16:0/20:3	PE P-16:0/20:3	-	LION:0000011
LION_GLYCEROPHOSPHOETHANOLAMINES	PE P-16:0/20:4	PE P-16:0/20:4	-	LION:0000011
LION_GLYCEROPHOSPHOETHANOLAMINES	PE P-16:0/20:5	PE P-16:0/20:5	-	LION:0000011
LION_GLYCEROPHOSPHOETHANOLAMINES	PE P-16:0/22:4	PE P-16:0/22:4	-	LION:0000011
LION_GLYCEROPHOSPHOETHANOLAMINES	PE P-16:0/22:5	PE P-16:0/22:5	-	LION:0000011
LION_GLYCEROPHOSPHOETHANOLAMINES	PE P-16:0/22:6	PE P-16:0/22:6	-	LION:0000011
LION_GLYCEROPHOSPHOETHANOLAMINES	PE P-18:0/14:0	PE P-18:0/14:0	-	LION:0000011
LION_GLYCEROPHOSPHOETHANOLAMINES	PE P-18:0/16:0	PE P-18:0/16:0	-	LION:0000011
LION_GLYCEROPHOSPHOETHANOLAMINES	PE P-18:0/16:1	PE P-18:0/16:1	-	LION:0000011
LION_GLYCEROPHOSPHOETHANOLAMINES	PE P-18:0/17:1	PE P-18:0/17:1	-	LION:0000011
LION_GLYCEROPHOSPHOETHANOLAMINES	PE P-18:0/18:0	PE P-18:0/18:0	-	LION:0000011
LION_GLYCEROPHOSPHOETHANOLAMINES	PE P-18:0/18:1	PE P-18:0/18:1	-	LION:0000011
LION_GLYCEROPHOSPHOETHANOLAMINES	PE P-18:0/18:2	PE P-18:0/18:2	-	LION:0000011
LION_GLYCEROPHOSPHOETHANOLAMINES	PE P-18:0/18:3	PE P-18:0/18:3	-	LION:0000011
LION_GLYCEROPHOSPHOETHANOLAMINES	PE P-18:0/19:1	PE P-18:0/19:1	-	LION:0000011
LION_GLYCEROPHOSPHOETHANOLAMINES	PE P-18:0/20:1	PE P-18:0/20:1	-	LION:0000011
LION_GLYCEROPHOSPHOETHANOLAMINES	PE P-18:0/20:2	PE P-18:0/20:2	-	LION:0000011
LION_GLYCEROPHOSPHOETHANOLAMINES	PE P-18:0/20:3	PE P-18:0/20:3	-	LION:0000011
LION_GLYCEROPHOSPHOETHANOLAMINES	PE P-18:0/20:4	PE P-18:0/20:4	-	LION:0000011
LION_GLYCEROPHOSPHOETHANOLAMINES	PE P-18:0/20:5	PE P-18:0/20:5	-	LION:0000011
LION_GLYCEROPHOSPHOETHANOLAMINES	PE P-18:0/22:1	PE P-18:0/22:1	-	LION:0000011
LION_GLYCEROPHOSPHOETHANOLAMINES	PE P-18:0/22:2	PE P-18:0/22:2	-	LION:0000011
LION_GLYCEROPHOSPHOETHANOLAMINES	PE P-18:0/22:3	PE P-18:0/22:3	-	LION:0000011
LION_GLYCEROPHOSPHOETHANOLAMINES	PE P-18:0/22:4	PE P-18:0/22:4	-	LION:0000011
LION_GLYCEROPHOSPHOETHANOLAMINES	PE P-18:0/22:5	PE P-18:0/22:5	-	LION:0000011
LION_GLYCEROPHOSPHOETHANOLAMINES	PE P-18:0/22:6	PE P-18:0/22:6	-	LION:0000011
LION_GLYCEROPHOSPHOETHANOLAMINES	PE P-18:1/18:1	PE P-18:1/18:1	-	LION:0000011
LION_GLYCEROPHOSPHOETHANOLAMINES	PE P-18:1/18:2	PE P-18:1/18:2	-	LION:0000011
LION_GLYCEROPHOSPHOETHANOLAMINES	PE P-18:1/20:4	PE P-18:1/20:4	-	LION:0000011
LION_GLYCEROPHOSPHOETHANOLAMINES	PE P-18:1/20:5	PE P-18:1/20:5	-	LION:0000011
LION_GLYCEROPHOSPHOETHANOLAMINES	PE P-18:1/22:6	PE P-18:1/22:6	-	LION:0000011
LION_GLYCEROPHOSPHOETHANOLAMINES	PE P-20:0/14:0	PE P-20:0/14:0	-	LION:0000011
LION_GLYCEROPHOSPHOETHANOLAMINES	PE P-20:0/16:0	PE P-20:0/16:0	-	LION:0000011
LION_GLYCEROPHOSPHOETHANOLAMINES	PE P-20:0/16:1	PE P-20:0/16:1	-	LION:0000011
LION_GLYCEROPHOSPHOETHANOLAMINES	PE P-20:0/17:1	PE P-20:0/17:1	-	LION:0000011
LION_GLYCEROPHOSPHOETHANOLAMINES	PE P-20:0/18:1	PE P-20:0/18:1	-	LION:0000011
LION_GLYCEROPHOSPHOETHANOLAMINES	PE P-20:0/18:2	PE P-20:0/18:2	-	LION:0000011
LION_GLYCEROPHOSPHOETHANOLAMINES	PE P-20:0/20:0	PE P-20:0/20:0	-	LION:0000011
LION_GLYCEROPHOSPHOETHANOLAMINES	PE P-20:0/20:4	PE P-20:0/20:4	-	LION:0000011
LION_GLYCEROPHOSPHOETHANOLAMINES	PE P-20:0/20:5	PE P-20:0/20:5	-	LION:0000011
LION_GLYCEROPHOSPHOGLYCEROLS	LPG 14:0	LPG 14:0	-	LION:0000014
LION_GLYCEROPHOSPHOGLYCEROLS	LPG 14:1	LPG 14:1	-	LION:0000014
LION_GLYCEROPHOSPHOGLYCEROLS	LPG 16:0	LPG 16:0	-	LION:0000014
LION_GLYCEROPHOSPHOGLYCEROLS	LPG 16:1	LPG 16:1	-	LION:0000014
LION_GLYCEROPHOSPHOGLYCEROLS	LPG 17:0	LPG 17:0	-	LION:0000014
LION_GLYCEROPHOSPHOGLYCEROLS	LPG 17:1	LPG 17:1	-	LION:0000014
LION_GLYCEROPHOSPHOGLYCEROLS	LPG 18:0	LPG 18:0	-	LION:0000014
LION_GLYCEROPHOSPHOGLYCEROLS	LPG 18:1	LPG 18:1	-	LION:0000014
LION_GLYCEROPHOSPHOGLYCEROLS	LPG 18:2	LPG 18:2	-	LION:0000014
LION_GLYCEROPHOSPHOGLYCEROLS	LPG 20:1	LPG 20:1	-	LION:0000014
LION_GLYCEROPHOSPHOGLYCEROLS	PG 14:0_16:0	PG 14:0_16:0	-	LION:0000014
LION_GLYCEROPHOSPHOGLYCEROLS	PG 15:0_18:1	PG 15:0_18:1	-	LION:0000014
LION_GLYCEROPHOSPHOGLYCEROLS	PG 16:0_16:0	PG 16:0_16:0	-	LION:0000014
LION_GLYCEROPHOSPHOGLYCEROLS	PG 16:0_16:1	PG 16:0_16:1	-	LION:0000014
LION_GLYCEROPHOSPHOGLYCEROLS	PG 16:0_18:1	PG 16:0_18:1	-	LION:0000014
LION_GLYCEROPHOSPHOGLYCEROLS	PG 16:0_18:2	PG 16:0_18:2	-	LION:0000014
LION_GLYCEROPHOSPHOGLYCEROLS	PG 16:0_18:3	PG 16:0_18:3	-	LION:0000014
LION_GLYCEROPHOSPHOGLYCEROLS	PG 16:0_19:1	PG 16:0_19:1	-	LION:0000014
LION_GLYCEROPHOSPHOGLYCEROLS	PG 16:0_20:3	PG 16:0_20:3	-	LION:0000014
LION_GLYCEROPHOSPHOGLYCEROLS	PG 16:0_20:4	PG 16:0_20:4	-	LION:0000014
LION_GLYCEROPHOSPHOGLYCEROLS	PG 16:0_20:5	PG 16:0_20:5	-	LION:0000014
LION_GLYCEROPHOSPHOGLYCEROLS	PG 16:0_22:1	PG 16:0_22:1	-	LION:0000014
LION_GLYCEROPHOSPHOGLYCEROLS	PG 16:0_22:2	PG 16:0_22:2	-	LION:0000014
LION_GLYCEROPHOSPHOGLYCEROLS	PG 16:1_16:1	PG 16:1_16:1	-	LION:0000014
LION_GLYCEROPHOSPHOGLYCEROLS	PG 16:1_18:0	PG 16:1_18:0	-	LION:0000014
LION_GLYCEROPHOSPHOGLYCEROLS	PG 16:1_18:1	PG 16:1_18:1	-	LION:0000014
LION_GLYCEROPHOSPHOGLYCEROLS	PG 16:1_18:2	PG 16:1_18:2	-	LION:0000014
LION_GLYCEROPHOSPHOGLYCEROLS	PG 16:1_20:4	PG 16:1_20:4	-	LION:0000014
LION_GLYCEROPHOSPHOGLYCEROLS	PG 16:1_22:1	PG 16:1_22:1	-	LION:0000014
LION_GLYCEROPHOSPHOGLYCEROLS	PG 16:2_18:1	PG 16:2_18:1	-	LION:0000014
LION_GLYCEROPHOSPHOGLYCEROLS	PG 16:2_18:2	PG 16:2_18:2	-	LION:0000014
LION_GLYCEROPHOSPHOGLYCEROLS	PG 16:3_18:1	PG 16:3_18:1	-	LION:0000014
LION_GLYCEROPHOSPHOGLYCEROLS	PG 17:0_18:1	PG 17:0_18:1	-	LION:0000014
LION_GLYCEROPHOSPHOGLYCEROLS	PG 17:0_18:2	PG 17:0_18:2	-	LION:0000014
LION_GLYCEROPHOSPHOGLYCEROLS	PG 17:1_18:1	PG 17:1_18:1	-	LION:0000014
LION_GLYCEROPHOSPHOGLYCEROLS	PG 18:0_18:1	PG 18:0_18:1	-	LION:0000014
LION_GLYCEROPHOSPHOGLYCEROLS	PG 18:0_18:2	PG 18:0_18:2	-	LION:0000014
LION_GLYCEROPHOSPHOGLYCEROLS	PG 18:0_18:3	PG 18:0_18:3	-	LION:0000014
LION_GLYCEROPHOSPHOGLYCEROLS	PG 18:0_22:1	PG 18:0_22:1	-	LION:0000014
LION_GLYCEROPHOSPHOGLYCEROLS	PG 18:1_18:1	PG 18:1_18:1	-	LION:0000014
LION_GLYCEROPHOSPHOGLYCEROLS	PG 18:1_18:2	PG 18:1_18:2	-	LION:0000014
LION_GLYCEROPHOSPHOGLYCEROLS	PG 18:1_18:3	PG 18:1_18:3	-	LION:0000014
LION_GLYCEROPHOSPHOGLYCEROLS	PG 18:1_20:0	PG 18:1_20:0	-	LION:0000014
LION_GLYCEROPHOSPHOGLYCEROLS	PG 18:1_20:1	PG 18:1_20:1	-	LION:0000014
LION_GLYCEROPHOSPHOGLYCEROLS	PG 18:1_20:2	PG 18:1_20:2	-	LION:0000014
LION_GLYCEROPHOSPHOGLYCEROLS	PG 18:1_20:3	PG 18:1_20:3	-	LION:0000014
LION_GLYCEROPHOSPHOGLYCEROLS	PG 18:1_20:4	PG 18:1_20:4	-	LION:0000014
LION_GLYCEROPHOSPHOGLYCEROLS	PG 18:1_20:5	PG 18:1_20:5	-	LION:0000014
LION_GLYCEROPHOSPHOGLYCEROLS	PG 18:1_22:0	PG 18:1_22:0	-	LION:0000014
LION_GLYCEROPHOSPHOGLYCEROLS	PG 18:1_22:1	PG 18:1_22:1	-	LION:0000014
LION_GLYCEROPHOSPHOGLYCEROLS	PG 18:1_22:2	PG 18:1_22:2	-	LION:0000014
LION_GLYCEROPHOSPHOGLYCEROLS	PG 18:1_22:3	PG 18:1_22:3	-	LION:0000014
LION_GLYCEROPHOSPHOGLYCEROLS	PG 18:1_22:4	PG 18:1_22:4	-	LION:0000014
LION_GLYCEROPHOSPHOGLYCEROLS	PG 18:1_22:5	PG 18:1_22:5	-	LION:0000014
LION_GLYCEROPHOSPHOGLYCEROLS	PG 18:2_18:2	PG 18:2_18:2	-	LION:0000014
LION_GLYCEROPHOSPHOGLYCEROLS	PG 18:2_18:3	PG 18:2_18:3	-	LION:0000014
LION_GLYCEROPHOSPHOGLYCEROLS	PG 18:2_18:4	PG 18:2_18:4	-	LION:0000014
LION_GLYCEROPHOSPHOGLYCEROLS	PG 18:2_20:0	PG 18:2_20:0	-	LION:0000014
LION_GLYCEROPHOSPHOGLYCEROLS	PG 18:2_20:2	PG 18:2_20:2	-	LION:0000014
LION_GLYCEROPHOSPHOGLYCEROLS	PG 18:2_20:3	PG 18:2_20:3	-	LION:0000014
LION_GLYCEROPHOSPHOGLYCEROLS	PG 18:2_20:4	PG 18:2_20:4	-	LION:0000014
LION_GLYCEROPHOSPHOGLYCEROLS	PG 18:2_20:5	PG 18:2_20:5	-	LION:0000014
LION_GLYCEROPHOSPHOGLYCEROLS	PG 18:2_22:0	PG 18:2_22:0	-	LION:0000014
LION_GLYCEROPHOSPHOGLYCEROLS	PG 18:2_22:1	PG 18:2_22:1	-	LION:0000014
LION_GLYCEROPHOSPHOGLYCEROLS	PG 18:2_22:3	PG 18:2_22:3	-	LION:0000014
LION_GLYCEROPHOSPHOGLYCEROLS	PG 18:2_22:4	PG 18:2_22:4	-	LION:0000014
LION_GLYCEROPHOSPHOGLYCEROLS	PG 20:3_20:4	PG 20:3_20:4	-	LION:0000014
LION_GLYCEROPHOSPHOGLYCEROLS	PG 20:4_20:4	PG 20:4_20:4	-	LION:0000014
LION_GLYCEROPHOSPHOGLYCEROLS	PG 20:4_22:1	PG 20:4_22:1	-	LION:0000014
LION_GLYCEROPHOSPHOGLYCEROLS	PG 20:4_22:3	PG 20:4_22:3	-	LION:0000014
LION_GLYCEROPHOSPHOGLYCEROLS	PG 20:4_22:4	PG 20:4_22:4	-	LION:0000014
LION_GLYCEROPHOSPHOGLYCEROLS	PG 22:4_22:6	PG 22:4_22:6	-	LION:0000014
LION_GLYCEROPHOSPHOGLYCEROLS	PG 22:5_22:6	PG 22:5_22:6	-	LION:0000014
LION_GLYCEROPHOSPHOGLYCEROLS	PG 22:6_22:6	PG 22:6_22:6	-	LION:0000014
LION_GLYCEROPHOSPHOINOSITOLS	LPI 14:0	LPI 14:0	-	LION:0000012
LION_GLYCEROPHOSPHOINOSITOLS	LPI 14:1	LPI 14:1	-	LION:0000012
LION_GLYCEROPHOSPHOINOSITOLS	LPI 16:0	LPI 16:0	-	LION:0000012
LION_GLYCEROPHOSPHOINOSITOLS	LPI 16:1	LPI 16:1	-	LION:0000012
LION_GLYCEROPHOSPHOINOSITOLS	LPI 17:0	LPI 17:0	-	LION:0000012
LION_GLYCEROPHOSPHOINOSITOLS	LPI 17:1	LPI 17:1	-	LION:0000012
LION_GLYCEROPHOSPHOINOSITOLS	LPI 18:0	LPI 18:0	-	LION:0000012
LION_GLYCEROPHOSPHOINOSITOLS	LPI 18:1	LPI 18:1	-	LION:0000012
LION_GLYCEROPHOSPHOINOSITOLS	LPI 18:2	LPI 18:2	-	LION:0000012
LION_GLYCEROPHOSPHOINOSITOLS	LPI 18:3	LPI 18:3	-	LION:0000012
LION_GLYCEROPHOSPHOINOSITOLS	LPI 19:0	LPI 19:0	-	LION:0000012
LION_GLYCEROPHOSPHOINOSITOLS	LPI 20:1	LPI 20:1	-	LION:0000012
LION_GLYCEROPHOSPHOINOSITOLS	LPI 20:4	LPI 20:4	-	LION:0000012
LION_GLYCEROPHOSPHOINOSITOLS	LPI 22:0	LPI 22:0	-	LION:0000012
LION_GLYCEROPHOSPHOINOSITOLS	LPI 22:1	LPI 22:1	-	LION:0000012
LION_GLYCEROPHOSPHOINOSITOLS	PI 14:0_18:1	PI 14:0_18:1	-	LION:0000012
LION_GLYCEROPHOSPHOINOSITOLS	PI 14:0_18:2	PI 14:0_18:2	-	LION:0000012
LION_GLYCEROPHOSPHOINOSITOLS	PI 15:0_16:0	PI 15:0_16:0	-	LION:0000012
LION_GLYCEROPHOSPHOINOSITOLS	PI 15:1_16:0	PI 15:1_16:0	-	LION:0000012
LION_GLYCEROPHOSPHOINOSITOLS	PI 16:0_16:0	PI 16:0_16:0	-	LION:0000012
LION_GLYCEROPHOSPHOINOSITOLS	PI 16:0_17:0	PI 16:0_17:0	-	LION:0000012
LION_GLYCEROPHOSPHOINOSITOLS	PI 16:0_17:1	PI 16:0_17:1	-	LION:0000012
LION_GLYCEROPHOSPHOINOSITOLS	PI 16:0_17:2	PI 16:0_17:2	-	LION:0000012
LION_GLYCEROPHOSPHOINOSITOLS	PI 16:0_18:1	PI 16:0_18:1	-	LION:0000012
LION_GLYCEROPHOSPHOINOSITOLS	PI 16:0_18:2	PI 16:0_18:2	-	LION:0000012
LION_GLYCEROPHOSPHOINOSITOLS	PI 16:0_18:3	PI 16:0_18:3	-	LION:0000012
LION_GLYCEROPHOSPHOINOSITOLS	PI 16:0_20:0	PI 16:0_20:0	-	LION:0000012
LION_GLYCEROPHOSPHOINOSITOLS	PI 16:0_20:3	PI 16:0_20:3	-	LION:0000012
LION_GLYCEROPHOSPHOINOSITOLS	PI 16:0_20:4	PI 16:0_20:4	-	LION:0000012
LION_GLYCEROPHOSPHOINOSITOLS	PI 16:0_22:1	PI 16:0_22:1	-	LION:0000012
LION_GLYCEROPHOSPHOINOSITOLS	PI 16:1_18:0	PI 16:1_18:0	-	LION:0000012
LION_GLYCEROPHOSPHOINOSITOLS	PI 16:1_18:1	PI 16:1_18:1	-	LION:0000012
LION_GLYCEROPHOSPHOINOSITOLS	PI 16:1_18:2	PI 16:1_18:2	-	LION:0000012
LION_GLYCEROPHOSPHOINOSITOLS	PI 17:0_18:1	PI 17:0_18:1	-	LION:0000012
LION_GLYCEROPHOSPHOINOSITOLS	PI 17:1_18:1	PI 17:1_18:1	-	LION:0000012
LION_GLYCEROPHOSPHOINOSITOLS	PI 17:1_18:2	PI 17:1_18:2	-	LION:0000012
LION_GLYCEROPHOSPHOINOSITOLS	PI 18:0_18:0	PI 18:0_18:0	-	LION:0000012
LION_GLYCEROPHOSPHOINOSITOLS	PI 18:0_18:1	PI 18:0_18:1	-	LION:0000012
LION_GLYCEROPHOSPHOINOSITOLS	PI 18:0_18:2	PI 18:0_18:2	-	LION:0000012
LION_GLYCEROPHOSPHOINOSITOLS	PI 18:0_18:3	PI 18:0_18:3	-	LION:0000012
LION_GLYCEROPHOSPHOINOSITOLS	PI 18:0_20:0	PI 18:0_20:0	-	LION:0000012
LION_GLYCEROPHOSPHOINOSITOLS	PI 18:0_20:3	PI 18:0_20:3	-	LION:0000012
LION_GLYCEROPHOSPHOINOSITOLS	PI 18:0_20:4	PI 18:0_20:4	-	LION:0000012
LION_GLYCEROPHOSPHOINOSITOLS	PI 18:0_22:0	PI 18:0_22:0	-	LION:0000012
LION_GLYCEROPHOSPHOINOSITOLS	PI 18:1_18:1	PI 18:1_18:1	-	LION:0000012
LION_GLYCEROPHOSPHOINOSITOLS	PI 18:1_18:2	PI 18:1_18:2	-	LION:0000012
LION_GLYCEROPHOSPHOINOSITOLS	PI 18:1_18:3	PI 18:1_18:3	-	LION:0000012
LION_GLYCEROPHOSPHOINOSITOLS	PI 18:1_20:0	PI 18:1_20:0	-	LION:0000012
LION_GLYCEROPHOSPHOINOSITOLS	PI 18:1_20:1	PI 18:1_20:1	-	LION:0000012
LION_GLYCEROPHOSPHOINOSITOLS	PI 18:1_20:2	PI 18:1_20:2	-	LION:0000012
LION_GLYCEROPHOSPHOINOSITOLS	PI 18:1_20:3	PI 18:1_20:3	-	LION:0000012
LION_GLYCEROPHOSPHOINOSITOLS	PI 18:1_20:4	PI 18:1_20:4	-	LION:0000012
LION_GLYCEROPHOSPHOINOSITOLS	PI 18:1_20:5	PI 18:1_20:5	-	LION:0000012
LION_GLYCEROPHOSPHOINOSITOLS	PI 18:1_22:0	PI 18:1_22:0	-	LION:0000012
LION_GLYCEROPHOSPHOINOSITOLS	PI 18:1_22:1	PI 18:1_22:1	-	LION:0000012
LION_GLYCEROPHOSPHOINOSITOLS	PI 18:1_22:2	PI 18:1_22:2	-	LION:0000012
LION_GLYCEROPHOSPHOINOSITOLS	PI 18:1_22:3	PI 18:1_22:3	-	LION:0000012
LION_GLYCEROPHOSPHOINOSITOLS	PI 18:1_22:4	PI 18:1_22:4	-	LION:0000012
LION_GLYCEROPHOSPHOINOSITOLS	PI 18:1_22:5	PI 18:1_22:5	-	LION:0000012
LION_GLYCEROPHOSPHOINOSITOLS	PI 18:1_22:6	PI 18:1_22:6	-	LION:0000012
LION_GLYCEROPHOSPHOINOSITOLS	PI 18:2_18:3	PI 18:2_18:3	-	LION:0000012
LION_GLYCEROPHOSPHOINOSITOLS	PI 18:2_20:0	PI 18:2_20:0	-	LION:0000012
LION_GLYCEROPHOSPHOINOSITOLS	PI 18:2_20:1	PI 18:2_20:1	-	LION:0000012
LION_GLYCEROPHOSPHOINOSITOLS	PI 18:2_20:4	PI 18:2_20:4	-	LION:0000012
LION_GLYCEROPHOSPHOINOSITOLS	PI 18:2_20:5	PI 18:2_20:5	-	LION:0000012
LION_GLYCEROPHOSPHOINOSITOLS	PI 18:2_22:0	PI 18:2_22:0	-	LION:0000012
LION_GLYCEROPHOSPHOINOSITOLS	PI 18:2_22:1	PI 18:2_22:1	-	LION:0000012
LION_GLYCEROPHOSPHOINOSITOLS	PI 18:2_22:6	PI 18:2_22:6	-	LION:0000012
LION_GLYCEROPHOSPHOLIPIDS	LPA 14:0	LPA 14:0	-	LION:0000003
LION_GLYCEROPHOSPHOLIPIDS	LPA 14:1	LPA 14:1	-	LION:0000003
LION_GLYCEROPHOSPHOLIPIDS	LPA 15:0	LPA 15:0	-	LION:0000003
LION_GLYCEROPHOSPHOLIPIDS	LPA 16:0	LPA 16:0	-	LION:0000003
LION_GLYCEROPHOSPHOLIPIDS	LPA 18:1	LPA 18:1	-	LION:0000003
LION_GLYCEROPHOSPHOLIPIDS	LPA 18:2	LPA 18:2	-	LION:0000003
LION_GLYCEROPHOSPHOLIPIDS	LPA 22:3	LPA 22:3	-	LION:0000003
LION_GLYCEROPHOSPHOLIPIDS	LPA 22:4	LPA 22:4	-	LION:0000003
LION_GLYCEROPHOSPHOLIPIDS	LPC 14:0	LPC 14:0	-	LION:0000003
LION_GLYCEROPHOSPHOLIPIDS	LPC 16:0	LPC 16:0	-	LION:0000003
LION_GLYCEROPHOSPHOLIPIDS	LPC 16:1	LPC 16:1	-	LION:0000003
LION_GLYCEROPHOSPHOLIPIDS	LPC 17:0	LPC 17:0	-	LION:0000003
LION_GLYCEROPHOSPHOLIPIDS	LPC 18:0	LPC 18:0	-	LION:0000003
LION_GLYCEROPHOSPHOLIPIDS	LPC 18:1	LPC 18:1	-	LION:0000003
LION_GLYCEROPHOSPHOLIPIDS	LPC 18:2	LPC 18:2	-	LION:0000003
LION_GLYCEROPHOSPHOLIPIDS	LPC 20:3	LPC 20:3	-	LION:0000003
LION_GLYCEROPHOSPHOLIPIDS	LPC 20:4	LPC 20:4	-	LION:0000003
LION_GLYCEROPHOSPHOLIPIDS	LPE 14:0	LPE 14:0	-	LION:0000003
LION_GLYCEROPHOSPHOLIPIDS	LPE 14:1	LPE 14:1	-	LION:0000003
LION_GLYCEROPHOSPHOLIPIDS	LPE 15:0	LPE 15:0	-	LION:0000003
LION_GLYCEROPHOSPHOLIPIDS	LPE 16:0	LPE 16:0	-	LION:0000003
LION_GLYCEROPHOSPHOLIPIDS	LPE 16:1	LPE 16:1	-	LION:0000003
LION_GLYCEROPHOSPHOLIPIDS	LPE 17:0	LPE 17:0	-	LION:0000003
LION_GLYCEROPHOSPHOLIPIDS	LPE 17:1	LPE 17:1	-	LION:0000003
LION_GLYCEROPHOSPHOLIPIDS	LPE 18:0	LPE 18:0	-	LION:0000003
LION_GLYCEROPHOSPHOLIPIDS	LPE 18:1	LPE 18:1	-	LION:0000003
LION_GLYCEROPHOSPHOLIPIDS	LPE 18:2	LPE 18:2	-	LION:0000003
LION_GLYCEROPHOSPHOLIPIDS	LPE 18:3	LPE 18:3	-	LION:0000003
LION_GLYCEROPHOSPHOLIPIDS	LPE 19:0	LPE 19:0	-	LION:0000003
LION_GLYCEROPHOSPHOLIPIDS	LPE 19:1	LPE 19:1	-	LION:0000003
LION_GLYCEROPHOSPHOLIPIDS	LPE 19:2	LPE 19:2	-	LION:0000003
LION_GLYCEROPHOSPHOLIPIDS	LPE 20:0	LPE 20:0	-	LION:0000003
LION_GLYCEROPHOSPHOLIPIDS	LPE 20:1	LPE 20:1	-	LION:0000003
LION_GLYCEROPHOSPHOLIPIDS	LPE 20:2	LPE 20:2	-	LION:0000003
LION_GLYCEROPHOSPHOLIPIDS	LPE 20:3	LPE 20:3	-	LION:0000003
LION_GLYCEROPHOSPHOLIPIDS	LPE 20:4	LPE 20:4	-	LION:0000003
LION_GLYCEROPHOSPHOLIPIDS	LPE 20:5	LPE 20:5	-	LION:0000003
LION_GLYCEROPHOSPHOLIPIDS	LPE 22:0	LPE 22:0	-	LION:0000003
LION_GLYCEROPHOSPHOLIPIDS	LPE 22:1	LPE 22:1	-	LION:0000003
LION_GLYCEROPHOSPHOLIPIDS	LPE 22:4	LPE 22:4	-	LION:0000003
LION_GLYCEROPHOSPHOLIPIDS	LPE 22:5	LPE 22:5	-	LION:0000003
LION_GLYCEROPHOSPHOLIPIDS	LPE 22:6	LPE 22:6	-	LION:0000003
LION_GLYCEROPHOSPHOLIPIDS	LPG 14:0	LPG 14:0	-	LION:0000003
LION_GLYCEROPHOSPHOLIPIDS	LPG 14:1	LPG 14:1	-	LION:0000003
LION_GLYCEROPHOSPHOLIPIDS	LPG 16:0	LPG 16:0	-	LION:0000003
LION_GLYCEROPHOSPHOLIPIDS	LPG 16:1	LPG 16:1	-	LION:0000003
LION_GLYCEROPHOSPHOLIPIDS	LPG 17:0	LPG 17:0	-	LION:0000003
LION_GLYCEROPHOSPHOLIPIDS	LPG 17:1	LPG 17:1	-	LION:0000003
LION_GLYCEROPHOSPHOLIPIDS	LPG 18:0	LPG 18:0	-	LION:0000003
LION_GLYCEROPHOSPHOLIPIDS	LPG 18:1	LPG 18:1	-	LION:0000003
LION_GLYCEROPHOSPHOLIPIDS	LPG 18:2	LPG 18:2	-	LION:0000003
LION_GLYCEROPHOSPHOLIPIDS	LPG 20:1	LPG 20:1	-	LION:0000003
LION_GLYCEROPHOSPHOLIPIDS	LPI 14:0	LPI 14:0	-	LION:0000003
LION_GLYCEROPHOSPHOLIPIDS	LPI 14:1	LPI 14:1	-	LION:0000003
LION_GLYCEROPHOSPHOLIPIDS	LPI 16:0	LPI 16:0	-	LION:0000003
LION_GLYCEROPHOSPHOLIPIDS	LPI 16:1	LPI 16:1	-	LION:0000003
LION_GLYCEROPHOSPHOLIPIDS	LPI 17:0	LPI 17:0	-	LION:0000003
LION_GLYCEROPHOSPHOLIPIDS	LPI 17:1	LPI 17:1	-	LION:0000003
LION_GLYCEROPHOSPHOLIPIDS	LPI 18:0	LPI 18:0	-	LION:0000003
LION_GLYCEROPHOSPHOLIPIDS	LPI 18:1	LPI 18:1	-	LION:0000003
LION_GLYCEROPHOSPHOLIPIDS	LPI 18:2	LPI 18:2	-	LION:0000003
LION_GLYCEROPHOSPHOLIPIDS	LPI 18:3	LPI 18:3	-	LION:0000003
LION_GLYCEROPHOSPHOLIPIDS	LPI 19:0	LPI 19:0	-	LION:0000003
LION_GLYCEROPHOSPHOLIPIDS	LPI 20:1	LPI 20:1	-	LION:0000003
LION_GLYCEROPHOSPHOLIPIDS	LPI 20:4	LPI 20:4	-	LION:0000003
LION_GLYCEROPHOSPHOLIPIDS	LPI 22:0	LPI 22:0	-	LION:0000003
LION_GLYCEROPHOSPHOLIPIDS	LPI 22:1	LPI 22:1	-	LION:0000003
LION_GLYCEROPHOSPHOLIPIDS	LPS 16:0	LPS 16:0	-	LION:0000003
LION_GLYCEROPHOSPHOLIPIDS	LPS 16:1	LPS 16:1	-	LION:0000003
LION_GLYCEROPHOSPHOLIPIDS	LPS 18:0	LPS 18:0	-	LION:0000003
LION_GLYCEROPHOSPHOLIPIDS	LPS 18:1	LPS 18:1	-	LION:0000003
LION_GLYCEROPHOSPHOLIPIDS	LPS 18:2	LPS 18:2	-	LION:0000003
LION_GLYCEROPHOSPHOLIPIDS	LPS 18:3	LPS 18:3	-	LION:0000003
LION_GLYCEROPHOSPHOLIPIDS	LPS 20:0	LPS 20:0	-	LION:0000003
LION_GLYCEROPHOSPHOLIPIDS	LPS 20:1	LPS 20:1	-	LION:0000003
LION_GLYCEROPHOSPHOLIPIDS	LPS 20:4	LPS 20:4	-	LION:0000003
LION_GLYCEROPHOSPHOLIPIDS	LPS 20:5	LPS 20:5	-	LION:0000003
LION_GLYCEROPHOSPHOLIPIDS	LPS 22:0	LPS 22:0	-	LION:0000003
LION_GLYCEROPHOSPHOLIPIDS	LPS 22:6	LPS 22:6	-	LION:0000003
LION_GLYCEROPHOSPHOLIPIDS	PA 14:0_14:1	PA 14:0_14:1	-	LION:0000003
LION_GLYCEROPHOSPHOLIPIDS	PA 16:0_18:1	PA 16:0_18:1	-	LION:0000003
LION_GLYCEROPHOSPHOLIPIDS	PA 16:0_18:2	PA 16:0_18:2	-	LION:0000003
LION_GLYCEROPHOSPHOLIPIDS	PA 16:0_18:3	PA 16:0_18:3	-	LION:0000003
LION_GLYCEROPHOSPHOLIPIDS	PA 16:0_19:2	PA 16:0_19:2	-	LION:0000003
LION_GLYCEROPHOSPHOLIPIDS	PA 16:1_18:1	PA 16:1_18:1	-	LION:0000003
LION_GLYCEROPHOSPHOLIPIDS	PA 16:1_18:2	PA 16:1_18:2	-	LION:0000003
LION_GLYCEROPHOSPHOLIPIDS	PA 16:1_22:0	PA 16:1_22:0	-	LION:0000003
LION_GLYCEROPHOSPHOLIPIDS	PA 16:2_18:1	PA 16:2_18:1	-	LION:0000003
LION_GLYCEROPHOSPHOLIPIDS	PA 17:0_18:1	PA 17:0_18:1	-	LION:0000003
LION_GLYCEROPHOSPHOLIPIDS	PA 17:0_18:2	PA 17:0_18:2	-	LION:0000003
LION_GLYCEROPHOSPHOLIPIDS	PA 17:0_18:3	PA 17:0_18:3	-	LION:0000003
LION_GLYCEROPHOSPHOLIPIDS	PA 17:1_18:1	PA 17:1_18:1	-	LION:0000003
LION_GLYCEROPHOSPHOLIPIDS	PA 17:1_18:2	PA 17:1_18:2	-	LION:0000003
LION_GLYCEROPHOSPHOLIPIDS	PA 17:2_18:1	PA 17:2_18:1	-	LION:0000003
LION_GLYCEROPHOSPHOLIPIDS	PA 18:0_18:1	PA 18:0_18:1	-	LION:0000003
LION_GLYCEROPHOSPHOLIPIDS	PA 18:0_18:2	PA 18:0_18:2	-	LION:0000003
LION_GLYCEROPHOSPHOLIPIDS	PA 18:0_18:3	PA 18:0_18:3	-	LION:0000003
LION_GLYCEROPHOSPHOLIPIDS	PA 18:1_18:1	PA 18:1_18:1	-	LION:0000003
LION_GLYCEROPHOSPHOLIPIDS	PA 18:1_18:2	PA 18:1_18:2	-	LION:0000003
LION_GLYCEROPHOSPHOLIPIDS	PA 18:1_18:3	PA 18:1_18:3	-	LION:0000003
LION_GLYCEROPHOSPHOLIPIDS	PA 18:1_18:4	PA 18:1_18:4	-	LION:0000003
LION_GLYCEROPHOSPHOLIPIDS	PA 18:1_20:0	PA 18:1_20:0	-	LION:0000003
LION_GLYCEROPHOSPHOLIPIDS	PA 18:1_20:1	PA 18:1_20:1	-	LION:0000003
LION_GLYCEROPHOSPHOLIPIDS	PA 18:1_20:2	PA 18:1_20:2	-	LION:0000003
LION_GLYCEROPHOSPHOLIPIDS	PA 18:1_20:3	PA 18:1_20:3	-	LION:0000003
LION_GLYCEROPHOSPHOLIPIDS	PA 18:1_22:0	PA 18:1_22:0	-	LION:0000003
LION_GLYCEROPHOSPHOLIPIDS	PA 18:1_22:1	PA 18:1_22:1	-	LION:0000003
LION_GLYCEROPHOSPHOLIPIDS	PA 18:1_22:2	PA 18:1_22:2	-	LION:0000003
LION_GLYCEROPHOSPHOLIPIDS	PA 18:1_22:3	PA 18:1_22:3	-	LION:0000003
LION_GLYCEROPHOSPHOLIPIDS	PA 18:2_18:2	PA 18:2_18:2	-	LION:0000003
LION_GLYCEROPHOSPHOLIPIDS	PA 18:2_18:3	PA 18:2_18:3	-	LION:0000003
LION_GLYCEROPHOSPHOLIPIDS	PA 18:2_20:0	PA 18:2_20:0	-	LION:0000003
LION_GLYCEROPHOSPHOLIPIDS	PA 18:2_20:1	PA 18:2_20:1	-	LION:0000003
LION_GLYCEROPHOSPHOLIPIDS	PA 18:2_20:2	PA 18:2_20:2	-	LION:0000003
LION_GLYCEROPHOSPHOLIPIDS	PA 18:2_22:0	PA 18:2_22:0	-	LION:0000003
LION_GLYCEROPHOSPHOLIPIDS	PA 18:2_22:1	PA 18:2_22:1	-	LION:0000003
LION_GLYCEROPHOSPHOLIPIDS	PA 18:2_22:3	PA 18:2_22:3	-	LION:0000003
LION_GLYCEROPHOSPHOLIPIDS	PA 18:2_22:4	PA 18:2_22:4	-	LION:0000003
LION_GLYCEROPHOSPHOLIPIDS	PA 18:3_18:3	PA 18:3_18:3	-	LION:0000003
LION_GLYCEROPHOSPHOLIPIDS	PA 20:0_20:4	PA 20:0_20:4	-	LION:0000003
LION_GLYCEROPHOSPHOLIPIDS	PC 24:0	PC 24:0	-	LION:0000003
LION_GLYCEROPHOSPHOLIPIDS	PC 26:0	PC 26:0	-	LION:0000003
LION_GLYCEROPHOSPHOLIPIDS	PC 28:1	PC 28:1	-	LION:0000003
LION_GLYCEROPHOSPHOLIPIDS	PC 30:0	PC 30:0	-	LION:0000003
LION_GLYCEROPHOSPHOLIPIDS	PC 32:0	PC 32:0	-	LION:0000003
LION_GLYCEROPHOSPHOLIPIDS	PC 32:1	PC 32:1	-	LION:0000003
LION_GLYCEROPHOSPHOLIPIDS	PC 32:2	PC 32:2	-	LION:0000003
LION_GLYCEROPHOSPHOLIPIDS	PC 32:3	PC 32:3	-	LION:0000003
LION_GLYCEROPHOSPHOLIPIDS	PC 34:1	PC 34:1	-	LION:0000003
LION_GLYCEROPHOSPHOLIPIDS	PC 34:2	PC 34:2	-	LION:0000003
LION_GLYCEROPHOSPHOLIPIDS	PC 34:3	PC 34:3	-	LION:0000003
LION_GLYCEROPHOSPHOLIPIDS	PC 34:4	PC 34:4	-	LION:0000003
LION_GLYCEROPHOSPHOLIPIDS	PC 36:0	PC 36:0	-	LION:0000003
LION_GLYCEROPHOSPHOLIPIDS	PC 36:1	PC 36:1	-	LION:0000003
LION_GLYCEROPHOSPHOLIPIDS	PC 36:2	PC 36:2	-	LION:0000003
LION_GLYCEROPHOSPHOLIPIDS	PC 36:3	PC 36:3	-	LION:0000003
LION_GLYCEROPHOSPHOLIPIDS	PC 36:4	PC 36:4	-	LION:0000003
LION_GLYCEROPHOSPHOLIPIDS	PC 36:5	PC 36:5	-	LION:0000003
LION_GLYCEROPHOSPHOLIPIDS	PC 36:6	PC 36:6	-	LION:0000003
LION_GLYCEROPHOSPHOLIPIDS	PC 38:0	PC 38:0	-	LION:0000003
LION_GLYCEROPHOSPHOLIPIDS	PC 38:3	PC 38:3	-	LION:0000003
LION_GLYCEROPHOSPHOLIPIDS	PC 38:4	PC 38:4	-	LION:0000003
LION_GLYCEROPHOSPHOLIPIDS	PC 38:5	PC 38:5	-	LION:0000003
LION_GLYCEROPHOSPHOLIPIDS	PC 38:6	PC 38:6	-	LION:0000003
LION_GLYCEROPHOSPHOLIPIDS	PC 40:1	PC 40:1	-	LION:0000003
LION_GLYCEROPHOSPHOLIPIDS	PC 40:2	PC 40:2	-	LION:0000003
LION_GLYCEROPHOSPHOLIPIDS	PC 40:3	PC 40:3	-	LION:0000003
LION_GLYCEROPHOSPHOLIPIDS	PC 40:4	PC 40:4	-	LION:0000003
LION_GLYCEROPHOSPHOLIPIDS	PC 40:5	PC 40:5	-	LION:0000003
LION_GLYCEROPHOSPHOLIPIDS	PC 40:6	PC 40:6	-	LION:0000003
LION_GLYCEROPHOSPHOLIPIDS	PC 42:0	PC 42:0	-	LION:0000003
LION_GLYCEROPHOSPHOLIPIDS	PC 42:1	PC 42:1	-	LION:0000003
LION_GLYCEROPHOSPHOLIPIDS	PC 42:2	PC 42:2	-	LION:0000003
LION_GLYCEROPHOSPHOLIPIDS	PC 42:4	PC 42:4	-	LION:0000003
LION_GLYCEROPHOSPHOLIPIDS	PC 42:5	PC 42:5	-	LION:0000003
LION_GLYCEROPHOSPHOLIPIDS	PC 42:6	PC 42:6	-	LION:0000003
LION_GLYCEROPHOSPHOLIPIDS	PC O-28:0	PC O-28:0	-	LION:0000003
LION_GLYCEROPHOSPHOLIPIDS	PC O-28:1	PC O-28:1	-	LION:0000003
LION_GLYCEROPHOSPHOLIPIDS	PC O-30:0	PC O-30:0	-	LION:0000003
LION_GLYCEROPHOSPHOLIPIDS	PC O-30:1	PC O-30:1	-	LION:0000003
LION_GLYCEROPHOSPHOLIPIDS	PC O-30:2	PC O-30:2	-	LION:0000003
LION_GLYCEROPHOSPHOLIPIDS	PC O-32:1	PC O-32:1	-	LION:0000003
LION_GLYCEROPHOSPHOLIPIDS	PC O-32:2	PC O-32:2	-	LION:0000003
LION_GLYCEROPHOSPHOLIPIDS	PC O-34:0	PC O-34:0	-	LION:0000003
LION_GLYCEROPHOSPHOLIPIDS	PC O-34:1	PC O-34:1	-	LION:0000003
LION_GLYCEROPHOSPHOLIPIDS	PC O-34:2	PC O-34:2	-	LION:0000003
LION_GLYCEROPHOSPHOLIPIDS	PC O-34:3	PC O-34:3	-	LION:0000003
LION_GLYCEROPHOSPHOLIPIDS	PC O-36:0	PC O-36:0	-	LION:0000003
LION_GLYCEROPHOSPHOLIPIDS	PC O-36:1	PC O-36:1	-	LION:0000003
LION_GLYCEROPHOSPHOLIPIDS	PC O-36:2	PC O-36:2	-	LION:0000003
LION_GLYCEROPHOSPHOLIPIDS	PC O-36:3	PC O-36:3	-	LION:0000003
LION_GLYCEROPHOSPHOLIPIDS	PC O-36:4	PC O-36:4	-	LION:0000003
LION_GLYCEROPHOSPHOLIPIDS	PC O-36:5	PC O-36:5	-	LION:0000003
LION_GLYCEROPHOSPHOLIPIDS	PC O-38:0	PC O-38:0	-	LION:0000003
LION_GLYCEROPHOSPHOLIPIDS	PC O-38:1	PC O-38:1	-	LION:0000003
LION_GLYCEROPHOSPHOLIPIDS	PC O-38:2	PC O-38:2	-	LION:0000003
LION_GLYCEROPHOSPHOLIPIDS	PC O-38:3	PC O-38:3	-	LION:0000003
LION_GLYCEROPHOSPHOLIPIDS	PC O-38:4	PC O-38:4	-	LION:0000003
LION_GLYCEROPHOSPHOLIPIDS	PC O-38:5	PC O-38:5	-	LION:0000003
LION_GLYCEROPHOSPHOLIPIDS	PC O-38:6	PC O-38:6	-	LION:0000003
LION_GLYCEROPHOSPHOLIPIDS	PC O-40:1	PC O-40:1	-	LION:0000003
LION_GLYCEROPHOSPHOLIPIDS	PC O-40:2	PC O-40:2	-	LION:0000003
LION_GLYCEROPHOSPHOLIPIDS	PC O-40:3	PC O-40:3	-	LION:0000003
LION_GLYCEROPHOSPHOLIPIDS	PC O-40:4	PC O-40:4	-	LION:0000003
LION_GLYCEROPHOSPHOLIPIDS	PC O-40:5	PC O-40:5	-	LION:0000003
LION_GLYCEROPHOSPHOLIPIDS	PC O-40:6	PC O-40:6	-	LION:0000003
LION_GLYCEROPHOSPHOLIPIDS	PC O-42:0	PC O-42:0	-	LION:0000003
LION_GLYCEROPHOSPHOLIPIDS	PC O-42:1	PC O-42:1	-	LION:0000003
LION_GLYCEROPHOSPHOLIPIDS	PC O-42:2	PC O-42:2	-	LION:0000003
LION_GLYCEROPHOSPHOLIPIDS	PC O-42:3	PC O-42:3	-	LION:0000003
LION_GLYCEROPHOSPHOLIPIDS	PC O-42:4	PC O-42:4	-	LION:0000003
LION_GLYCEROPHOSPHOLIPIDS	PC O-42:5	PC O-42:5	-	LION:0000003
LION_GLYCEROPHOSPHOLIPIDS	PC O-44:3	PC O-44:3	-	LION:0000003
LION_GLYCEROPHOSPHOLIPIDS	PC O-44:4	PC O-44:4	-	LION:0000003
LION_GLYCEROPHOSPHOLIPIDS	PC O-44:5	PC O-44:5	-	LION:0000003
LION_GLYCEROPHOSPHOLIPIDS	PC O-44:6	PC O-44:6	-	LION:0000003
LION_GLYCEROPHOSPHOLIPIDS	PE 28:0	PE 28:0	-	LION:0000003
LION_GLYCEROPHOSPHOLIPIDS	PE 28:1	PE 28:1	-	LION:0000003
LION_GLYCEROPHOSPHOLIPIDS	PE 30:0	PE 30:0	-	LION:0000003
LION_GLYCEROPHOSPHOLIPIDS	PE 30:1	PE 30:1	-	LION:0000003
LION_GLYCEROPHOSPHOLIPIDS	PE 31:0	PE 31:0	-	LION:0000003
LION_GLYCEROPHOSPHOLIPIDS	PE 32:0	PE 32:0	-	LION:0000003
LION_GLYCEROPHOSPHOLIPIDS	PE 32:1	PE 32:1	-	LION:0000003
LION_GLYCEROPHOSPHOLIPIDS	PE 32:2	PE 32:2	-	LION:0000003
LION_GLYCEROPHOSPHOLIPIDS	PE 33:0	PE 33:0	-	LION:0000003
LION_GLYCEROPHOSPHOLIPIDS	PE 33:1	PE 33:1	-	LION:0000003
LION_GLYCEROPHOSPHOLIPIDS	PE 33:2	PE 33:2	-	LION:0000003
LION_GLYCEROPHOSPHOLIPIDS	PE 34:0	PE 34:0	-	LION:0000003
LION_GLYCEROPHOSPHOLIPIDS	PE 34:1	PE 34:1	-	LION:0000003
LION_GLYCEROPHOSPHOLIPIDS	PE 34:2	PE 34:2	-	LION:0000003
LION_GLYCEROPHOSPHOLIPIDS	PE 34:3	PE 34:3	-	LION:0000003
LION_GLYCEROPHOSPHOLIPIDS	PE 34:4	PE 34:4	-	LION:0000003
LION_GLYCEROPHOSPHOLIPIDS	PE 35:1	PE 35:1	-	LION:0000003
LION_GLYCEROPHOSPHOLIPIDS	PE 35:2	PE 35:2	-	LION:0000003
LION_GLYCEROPHOSPHOLIPIDS	PE 35:3	PE 35:3	-	LION:0000003
LION_GLYCEROPHOSPHOLIPIDS	PE 36:0	PE 36:0	-	LION:0000003
LION_GLYCEROPHOSPHOLIPIDS	PE 36:1	PE 36:1	-	LION:0000003
LION_GLYCEROPHOSPHOLIPIDS	PE 36:2	PE 36:2	-	LION:0000003
LION_GLYCEROPHOSPHOLIPIDS	PE 36:3	PE 36:3	-	LION:0000003
LION_GLYCEROPHOSPHOLIPIDS	PE 36:4	PE 36:4	-	LION:0000003
LION_GLYCEROPHOSPHOLIPIDS	PE 36:5	PE 36:5	-	LION:0000003
LION_GLYCEROPHOSPHOLIPIDS	PE 36:6	PE 36:6	-	LION:0000003
LION_GLYCEROPHOSPHOLIPIDS	PE 38:0	PE 38:0	-	LION:0000003
LION_GLYCEROPHOSPHOLIPIDS	PE 38:1	PE 38:1	-	LION:0000003
LION_GLYCEROPHOSPHOLIPIDS	PE 38:2	PE 38:2	-	LION:0000003
LION_GLYCEROPHOSPHOLIPIDS	PE 38:3	PE 38:3	-	LION:0000003
LION_GLYCEROPHOSPHOLIPIDS	PE 38:4	PE 38:4	-	LION:0000003
LION_GLYCEROPHOSPHOLIPIDS	PE 38:5	PE 38:5	-	LION:0000003
LION_GLYCEROPHOSPHOLIPIDS	PE 38:6	PE 38:6	-	LION:0000003
LION_GLYCEROPHOSPHOLIPIDS	PE 38:7	PE 38:7	-	LION:0000003
LION_GLYCEROPHOSPHOLIPIDS	PE 40:1	PE 40:1	-	LION:0000003
LION_GLYCEROPHOSPHOLIPIDS	PE 40:3	PE 40:3	-	LION:0000003
LION_GLYCEROPHOSPHOLIPIDS	PE 40:4	PE 40:4	-	LION:0000003
LION_GLYCEROPHOSPHOLIPIDS	PE 40:5	PE 40:5	-	LION:0000003
LION_GLYCEROPHOSPHOLIPIDS	PE 40:6	PE 40:6	-	LION:0000003
LION_GLYCEROPHOSPHOLIPIDS	PE 40:7	PE 40:7	-	LION:0000003
LION_GLYCEROPHOSPHOLIPIDS	PE 40:8	PE 40:8	-	LION:0000003
LION_GLYCEROPHOSPHOLIPIDS	PE 42:7	PE 42:7	-	LION:0000003
LION_GLYCEROPHOSPHOLIPIDS	PE 42:8	PE 42:8	-	LION:0000003
LION_GLYCEROPHOSPHOLIPIDS	PE 44:11	PE 44:11	-	LION:0000003
LION_GLYCEROPHOSPHOLIPIDS	PE 44:12	PE 44:12	-	LION:0000003
LION_GLYCEROPHOSPHOLIPIDS	PE 44:6	PE 44:6	-	LION:0000003
LION_GLYCEROPHOSPHOLIPIDS	PE 44:7	PE 44:7	-	LION:0000003
LION_GLYCEROPHOSPHOLIPIDS	PE P-16:0/14:0	PE P-16:0/14:0	-	LION:0000003
LION_GLYCEROPHOSPHOLIPIDS	PE P-16:0/15:0	PE P-16:0/15:0	-	LION:0000003
LION_GLYCEROPHOSPHOLIPIDS	PE P-16:0/16:0	PE P-16:0/16:0	-	LION:0000003
LION_GLYCEROPHOSPHOLIPIDS	PE P-16:0/16:1	PE P-16:0/16:1	-	LION:0000003
LION_GLYCEROPHOSPHOLIPIDS	PE P-16:0/18:1	PE P-16:0/18:1	-	LION:0000003
LION_GLYCEROPHOSPHOLIPIDS	PE P-16:0/18:2	PE P-16:0/18:2	-	LION:0000003
LION_GLYCEROPHOSPHOLIPIDS	PE P-16:0/18:3	PE P-16:0/18:3	-	LION:0000003
LION_GLYCEROPHOSPHOLIPIDS	PE P-16:0/20:3	PE P-16:0/20:3	-	LION:0000003
LION_GLYCEROPHOSPHOLIPIDS	PE P-16:0/20:4	PE P-16:0/20:4	-	LION:0000003
LION_GLYCEROPHOSPHOLIPIDS	PE P-16:0/20:5	PE P-16:0/20:5	-	LION:0000003
LION_GLYCEROPHOSPHOLIPIDS	PE P-16:0/22:4	PE P-16:0/22:4	-	LION:0000003
LION_GLYCEROPHOSPHOLIPIDS	PE P-16:0/22:5	PE P-16:0/22:5	-	LION:0000003
LION_GLYCEROPHOSPHOLIPIDS	PE P-16:0/22:6	PE P-16:0/22:6	-	LION:0000003
LION_GLYCEROPHOSPHOLIPIDS	PE P-18:0/14:0	PE P-18:0/14:0	-	LION:0000003
LION_GLYCEROPHOSPHOLIPIDS	PE P-18:0/16:0	PE P-18:0/16:0	-	LION:0000003
LION_GLYCEROPHOSPHOLIPIDS	PE P-18:0/16:1	PE P-18:0/16:1	-	LION:0000003
LION_GLYCEROPHOSPHOLIPIDS	PE P-18:0/17:1	PE P-18:0/17:1	-	LION:0000003
LION_GLYCEROPHOSPHOLIPIDS	PE P-18:0/18:0	PE P-18:0/18:0	-	LION:0000003
LION_GLYCEROPHOSPHOLIPIDS	PE P-18:0/18:1	PE P-18:0/18:1	-	LION:0000003
LION_GLYCEROPHOSPHOLIPIDS	PE P-18:0/18:2	PE P-18:0/18:2	-	LION:0000003
LION_GLYCEROPHOSPHOLIPIDS	PE P-18:0/18:3	PE P-18:0/18:3	-	LION:0000003
LION_GLYCEROPHOSPHOLIPIDS	PE P-18:0/19:1	PE P-18:0/19:1	-	LION:0000003
LION_GLYCEROPHOSPHOLIPIDS	PE P-18:0/20:1	PE P-18:0/20:1	-	LION:0000003
LION_GLYCEROPHOSPHOLIPIDS	PE P-18:0/20:2	PE P-18:0/20:2	-	LION:0000003
LION_GLYCEROPHOSPHOLIPIDS	PE P-18:0/20:3	PE P-18:0/20:3	-	LION:0000003
LION_GLYCEROPHOSPHOLIPIDS	PE P-18:0/20:4	PE P-18:0/20:4	-	LION:0000003
LION_GLYCEROPHOSPHOLIPIDS	PE P-18:0/20:5	PE P-18:0/20:5	-	LION:0000003
LION_GLYCEROPHOSPHOLIPIDS	PE P-18:0/22:1	PE P-18:0/22:1	-	LION:0000003
LION_GLYCEROPHOSPHOLIPIDS	PE P-18:0/22:2	PE P-18:0/22:2	-	LION:0000003
LION_GLYCEROPHOSPHOLIPIDS	PE P-18:0/22:3	PE P-18:0/22:3	-	LION:0000003
LION_GLYCEROPHOSPHOLIPIDS	PE P-18:0/22:4	PE P-18:0/22:4	-	LION:0000003
LION_GLYCEROPHOSPHOLIPIDS	PE P-18:0/22:5	PE P-18:0/22:5	-	LION:0000003
LION_GLYCEROPHOSPHOLIPIDS	PE P-18:0/22:6	PE P-18:0/22:6	-	LION:0000003
LION_GLYCEROPHOSPHOLIPIDS	PE P-18:1/18:1	PE P-18:1/18:1	-	LION:0000003
LION_GLYCEROPHOSPHOLIPIDS	PE P-18:1/18:2	PE P-18:1/18:2	-	LION:0000003
LION_GLYCEROPHOSPHOLIPIDS	PE P-18:1/20:4	PE P-18:1/20:4	-	LION:0000003
LION_GLYCEROPHOSPHOLIPIDS	PE P-18:1/20:5	PE P-18:1/20:5	-	LION:0000003
LION_GLYCEROPHOSPHOLIPIDS	PE P-18:1/22:6	PE P-18:1/22:6	-	LION:0000003
LION_GLYCEROPHOSPHOLIPIDS	PE P-20:0/14:0	PE P-20:0/14:0	-	LION:0000003
LION_GLYCEROPHOSPHOLIPIDS	PE P-20:0/16:0	PE P-20:0/16:0	-	LION:0000003
LION_GLYCEROPHOSPHOLIPIDS	PE P-20:0/16:1	PE P-20:0/16:1	-	LION:0000003
LION_GLYCEROPHOSPHOLIPIDS	PE P-20:0/17:1	PE P-20:0/17:1	-	LION:0000003
LION_GLYCEROPHOSPHOLIPIDS	PE P-20:0/18:1	PE P-20:0/18:1	-	LION:0000003
LION_GLYCEROPHOSPHOLIPIDS	PE P-20:0/18:2	PE P-20:0/18:2	-	LION:0000003
LION_GLYCEROPHOSPHOLIPIDS	PE P-20:0/20:0	PE P-20:0/20:0	-	LION:0000003
LION_GLYCEROPHOSPHOLIPIDS	PE P-20:0/20:4	PE P-20:0/20:4	-	LION:0000003
LION_GLYCEROPHOSPHOLIPIDS	PE P-20:0/20:5	PE P-20:0/20:5	-	LION:0000003
LION_GLYCEROPHOSPHOLIPIDS	PG 14:0_16:0	PG 14:0_16:0	-	LION:0000003
LION_GLYCEROPHOSPHOLIPIDS	PG 15:0_18:1	PG 15:0_18:1	-	LION:0000003
LION_GLYCEROPHOSPHOLIPIDS	PG 16:0_16:0	PG 16:0_16:0	-	LION:0000003
LION_GLYCEROPHOSPHOLIPIDS	PG 16:0_16:1	PG 16:0_16:1	-	LION:0000003
LION_GLYCEROPHOSPHOLIPIDS	PG 16:0_18:1	PG 16:0_18:1	-	LION:0000003
LION_GLYCEROPHOSPHOLIPIDS	PG 16:0_18:2	PG 16:0_18:2	-	LION:0000003
LION_GLYCEROPHOSPHOLIPIDS	PG 16:0_18:3	PG 16:0_18:3	-	LION:0000003
LION_GLYCEROPHOSPHOLIPIDS	PG 16:0_19:1	PG 16:0_19:1	-	LION:0000003
LION_GLYCEROPHOSPHOLIPIDS	PG 16:0_20:3	PG 16:0_20:3	-	LION:0000003
LION_GLYCEROPHOSPHOLIPIDS	PG 16:0_20:4	PG 16:0_20:4	-	LION:0000003
LION_GLYCEROPHOSPHOLIPIDS	PG 16:0_20:5	PG 16:0_20:5	-	LION:0000003
LION_GLYCEROPHOSPHOLIPIDS	PG 16:0_22:1	PG 16:0_22:1	-	LION:0000003
LION_GLYCEROPHOSPHOLIPIDS	PG 16:0_22:2	PG 16:0_22:2	-	LION:0000003
LION_GLYCEROPHOSPHOLIPIDS	PG 16:1_16:1	PG 16:1_16:1	-	LION:0000003
LION_GLYCEROPHOSPHOLIPIDS	PG 16:1_18:0	PG 16:1_18:0	-	LION:0000003
LION_GLYCEROPHOSPHOLIPIDS	PG 16:1_18:1	PG 16:1_18:1	-	LION:0000003
LION_GLYCEROPHOSPHOLIPIDS	PG 16:1_18:2	PG 16:1_18:2	-	LION:0000003
LION_GLYCEROPHOSPHOLIPIDS	PG 16:1_20:4	PG 16:1_20:4	-	LION:0000003
LION_GLYCEROPHOSPHOLIPIDS	PG 16:1_22:1	PG 16:1_22:1	-	LION:0000003
LION_GLYCEROPHOSPHOLIPIDS	PG 16:2_18:1	PG 16:2_18:1	-	LION:0000003
LION_GLYCEROPHOSPHOLIPIDS	PG 16:2_18:2	PG 16:2_18:2	-	LION:0000003
LION_GLYCEROPHOSPHOLIPIDS	PG 16:3_18:1	PG 16:3_18:1	-	LION:0000003
LION_GLYCEROPHOSPHOLIPIDS	PG 17:0_18:1	PG 17:0_18:1	-	LION:0000003
LION_GLYCEROPHOSPHOLIPIDS	PG 17:0_18:2	PG 17:0_18:2	-	LION:0000003
LION_GLYCEROPHOSPHOLIPIDS	PG 17:1_18:1	PG 17:1_18:1	-	LION:0000003
LION_GLYCEROPHOSPHOLIPIDS	PG 18:0_18:1	PG 18:0_18:1	-	LION:0000003
LION_GLYCEROPHOSPHOLIPIDS	PG 18:0_18:2	PG 18:0_18:2	-	LION:0000003
LION_GLYCEROPHOSPHOLIPIDS	PG 18:0_18:3	PG 18:0_18:3	-	LION:0000003
LION_GLYCEROPHOSPHOLIPIDS	PG 18:0_22:1	PG 18:0_22:1	-	LION:0000003
LION_GLYCEROPHOSPHOLIPIDS	PG 18:1_18:1	PG 18:1_18:1	-	LION:0000003
LION_GLYCEROPHOSPHOLIPIDS	PG 18:1_18:2	PG 18:1_18:2	-	LION:0000003
LION_GLYCEROPHOSPHOLIPIDS	PG 18:1_18:3	PG 18:1_18:3	-	LION:0000003
LION_GLYCEROPHOSPHOLIPIDS	PG 18:1_20:0	PG 18:1_20:0	-	LION:0000003
LION_GLYCEROPHOSPHOLIPIDS	PG 18:1_20:1	PG 18:1_20:1	-	LION:0000003
LION_GLYCEROPHOSPHOLIPIDS	PG 18:1_20:2	PG 18:1_20:2	-	LION:0000003
LION_GLYCEROPHOSPHOLIPIDS	PG 18:1_20:3	PG 18:1_20:3	-	LION:0000003
LION_GLYCEROPHOSPHOLIPIDS	PG 18:1_20:4	PG 18:1_20:4	-	LION:0000003
LION_GLYCEROPHOSPHOLIPIDS	PG 18:1_20:5	PG 18:1_20:5	-	LION:0000003
LION_GLYCEROPHOSPHOLIPIDS	PG 18:1_22:0	PG 18:1_22:0	-	LION:0000003
LION_GLYCEROPHOSPHOLIPIDS	PG 18:1_22:1	PG 18:1_22:1	-	LION:0000003
LION_GLYCEROPHOSPHOLIPIDS	PG 18:1_22:2	PG 18:1_22:2	-	LION:0000003
LION_GLYCEROPHOSPHOLIPIDS	PG 18:1_22:3	PG 18:1_22:3	-	LION:0000003
LION_GLYCEROPHOSPHOLIPIDS	PG 18:1_22:4	PG 18:1_22:4	-	LION:0000003
LION_GLYCEROPHOSPHOLIPIDS	PG 18:1_22:5	PG 18:1_22:5	-	LION:0000003
LION_GLYCEROPHOSPHOLIPIDS	PG 18:2_18:2	PG 18:2_18:2	-	LION:0000003
LION_GLYCEROPHOSPHOLIPIDS	PG 18:2_18:3	PG 18:2_18:3	-	LION:0000003
LION_GLYCEROPHOSPHOLIPIDS	PG 18:2_18:4	PG 18:2_18:4	-	LION:0000003
LION_GLYCEROPHOSPHOLIPIDS	PG 18:2_20:0	PG 18:2_20:0	-	LION:0000003
LION_GLYCEROPHOSPHOLIPIDS	PG 18:2_20:2	PG 18:2_20:2	-	LION:0000003
LION_GLYCEROPHOSPHOLIPIDS	PG 18:2_20:3	PG 18:2_20:3	-	LION:0000003
LION_GLYCEROPHOSPHOLIPIDS	PG 18:2_20:4	PG 18:2_20:4	-	LION:0000003
LION_GLYCEROPHOSPHOLIPIDS	PG 18:2_20:5	PG 18:2_20:5	-	LION:0000003
LION_GLYCEROPHOSPHOLIPIDS	PG 18:2_22:0	PG 18:2_22:0	-	LION:0000003
LION_GLYCEROPHOSPHOLIPIDS	PG 18:2_22:1	PG 18:2_22:1	-	LION:0000003
LION_GLYCEROPHOSPHOLIPIDS	PG 18:2_22:3	PG 18:2_22:3	-	LION:0000003
LION_GLYCEROPHOSPHOLIPIDS	PG 18:2_22:4	PG 18:2_22:4	-	LION:0000003
LION_GLYCEROPHOSPHOLIPIDS	PG 20:3_20:4	PG 20:3_20:4	-	LION:0000003
LION_GLYCEROPHOSPHOLIPIDS	PG 20:4_20:4	PG 20:4_20:4	-	LION:0000003
LION_GLYCEROPHOSPHOLIPIDS	PG 20:4_22:1	PG 20:4_22:1	-	LION:0000003
LION_GLYCEROPHOSPHOLIPIDS	PG 20:4_22:3	PG 20:4_22:3	-	LION:0000003
LION_GLYCEROPHOSPHOLIPIDS	PG 20:4_22:4	PG 20:4_22:4	-	LION:0000003
LION_GLYCEROPHOSPHOLIPIDS	PG 22:4_22:6	PG 22:4_22:6	-	LION:0000003
LION_GLYCEROPHOSPHOLIPIDS	PG 22:5_22:6	PG 22:5_22:6	-	LION:0000003
LION_GLYCEROPHOSPHOLIPIDS	PG 22:6_22:6	PG 22:6_22:6	-	LION:0000003
LION_GLYCEROPHOSPHOLIPIDS	PI 14:0_18:1	PI 14:0_18:1	-	LION:0000003
LION_GLYCEROPHOSPHOLIPIDS	PI 14:0_18:2	PI 14:0_18:2	-	LION:0000003
LION_GLYCEROPHOSPHOLIPIDS	PI 15:0_16:0	PI 15:0_16:0	-	LION:0000003
LION_GLYCEROPHOSPHOLIPIDS	PI 15:1_16:0	PI 15:1_16:0	-	LION:0000003
LION_GLYCEROPHOSPHOLIPIDS	PI 16:0_16:0	PI 16:0_16:0	-	LION:0000003
LION_GLYCEROPHOSPHOLIPIDS	PI 16:0_17:0	PI 16:0_17:0	-	LION:0000003
LION_GLYCEROPHOSPHOLIPIDS	PI 16:0_17:1	PI 16:0_17:1	-	LION:0000003
LION_GLYCEROPHOSPHOLIPIDS	PI 16:0_17:2	PI 16:0_17:2	-	LION:0000003
LION_GLYCEROPHOSPHOLIPIDS	PI 16:0_18:1	PI 16:0_18:1	-	LION:0000003
LION_GLYCEROPHOSPHOLIPIDS	PI 16:0_18:2	PI 16:0_18:2	-	LION:0000003
LION_GLYCEROPHOSPHOLIPIDS	PI 16:0_18:3	PI 16:0_18:3	-	LION:0000003
LION_GLYCEROPHOSPHOLIPIDS	PI 16:0_20:0	PI 16:0_20:0	-	LION:0000003
LION_GLYCEROPHOSPHOLIPIDS	PI 16:0_20:3	PI 16:0_20:3	-	LION:0000003
LION_GLYCEROPHOSPHOLIPIDS	PI 16:0_20:4	PI 16:0_20:4	-	LION:0000003
LION_GLYCEROPHOSPHOLIPIDS	PI 16:0_22:1	PI 16:0_22:1	-	LION:0000003
LION_GLYCEROPHOSPHOLIPIDS	PI 16:1_18:0	PI 16:1_18:0	-	LION:0000003
LION_GLYCEROPHOSPHOLIPIDS	PI 16:1_18:1	PI 16:1_18:1	-	LION:0000003
LION_GLYCEROPHOSPHOLIPIDS	PI 16:1_18:2	PI 16:1_18:2	-	LION:0000003
LION_GLYCEROPHOSPHOLIPIDS	PI 17:0_18:1	PI 17:0_18:1	-	LION:0000003
LION_GLYCEROPHOSPHOLIPIDS	PI 17:1_18:1	PI 17:1_18:1	-	LION:0000003
LION_GLYCEROPHOSPHOLIPIDS	PI 17:1_18:2	PI 17:1_18:2	-	LION:0000003
LION_GLYCEROPHOSPHOLIPIDS	PI 18:0_18:0	PI 18:0_18:0	-	LION:0000003
LION_GLYCEROPHOSPHOLIPIDS	PI 18:0_18:1	PI 18:0_18:1	-	LION:0000003
LION_GLYCEROPHOSPHOLIPIDS	PI 18:0_18:2	PI 18:0_18:2	-	LION:0000003
LION_GLYCEROPHOSPHOLIPIDS	PI 18:0_18:3	PI 18:0_18:3	-	LION:0000003
LION_GLYCEROPHOSPHOLIPIDS	PI 18:0_20:0	PI 18:0_20:0	-	LION:0000003
LION_GLYCEROPHOSPHOLIPIDS	PI 18:0_20:3	PI 18:0_20:3	-	LION:0000003
LION_GLYCEROPHOSPHOLIPIDS	PI 18:0_20:4	PI 18:0_20:4	-	LION:0000003
LION_GLYCEROPHOSPHOLIPIDS	PI 18:0_22:0	PI 18:0_22:0	-	LION:0000003
LION_GLYCEROPHOSPHOLIPIDS	PI 18:1_18:1	PI 18:1_18:1	-	LION:0000003
LION_GLYCEROPHOSPHOLIPIDS	PI 18:1_18:2	PI 18:1_18:2	-	LION:0000003
LION_GLYCEROPHOSPHOLIPIDS	PI 18:1_18:3	PI 18:1_18:3	-	LION:0000003
LION_GLYCEROPHOSPHOLIPIDS	PI 18:1_20:0	PI 18:1_20:0	-	LION:0000003
LION_GLYCEROPHOSPHOLIPIDS	PI 18:1_20:1	PI 18:1_20:1	-	LION:0000003
LION_GLYCEROPHOSPHOLIPIDS	PI 18:1_20:2	PI 18:1_20:2	-	LION:0000003
LION_GLYCEROPHOSPHOLIPIDS	PI 18:1_20:3	PI 18:1_20:3	-	LION:0000003
LION_GLYCEROPHOSPHOLIPIDS	PI 18:1_20:4	PI 18:1_20:4	-	LION:0000003
LION_GLYCEROPHOSPHOLIPIDS	PI 18:1_20:5	PI 18:1_20:5	-	LION:0000003
LION_GLYCEROPHOSPHOLIPIDS	PI 18:1_22:0	PI 18:1_22:0	-	LION:0000003
LION_GLYCEROPHOSPHOLIPIDS	PI 18:1_22:1	PI 18:1_22:1	-	LION:0000003
LION_GLYCEROPHOSPHOLIPIDS	PI 18:1_22:2	PI 18:1_22:2	-	LION:0000003
LION_GLYCEROPHOSPHOLIPIDS	PI 18:1_22:3	PI 18:1_22:3	-	LION:0000003
LION_GLYCEROPHOSPHOLIPIDS	PI 18:1_22:4	PI 18:1_22:4	-	LION:0000003
LION_GLYCEROPHOSPHOLIPIDS	PI 18:1_22:5	PI 18:1_22:5	-	LION:0000003
LION_GLYCEROPHOSPHOLIPIDS	PI 18:1_22:6	PI 18:1_22:6	-	LION:0000003
LION_GLYCEROPHOSPHOLIPIDS	PI 18:2_18:3	PI 18:2_18:3	-	LION:0000003
LION_GLYCEROPHOSPHOLIPIDS	PI 18:2_20:0	PI 18:2_20:0	-	LION:0000003
LION_GLYCEROPHOSPHOLIPIDS	PI 18:2_20:1	PI 18:2_20:1	-	LION:0000003
LION_GLYCEROPHOSPHOLIPIDS	PI 18:2_20:4	PI 18:2_20:4	-	LION:0000003
LION_GLYCEROPHOSPHOLIPIDS	PI 18:2_20:5	PI 18:2_20:5	-	LION:0000003
LION_GLYCEROPHOSPHOLIPIDS	PI 18:2_22:0	PI 18:2_22:0	-	LION:0000003
LION_GLYCEROPHOSPHOLIPIDS	PI 18:2_22:1	PI 18:2_22:1	-	LION:0000003
LION_GLYCEROPHOSPHOLIPIDS	PI 18:2_22:6	PI 18:2_22:6	-	LION:0000003
LION_GLYCEROPHOSPHOLIPIDS	PS 30:0	PS 30:0	-	LION:0000003
LION_GLYCEROPHOSPHOLIPIDS	PS 32:0	PS 32:0	-	LION:0000003
LION_GLYCEROPHOSPHOLIPIDS	PS 34:1	PS 34:1	-	LION:0000003
LION_GLYCEROPHOSPHOLIPIDS	PS 34:2	PS 34:2	-	LION:0000003
LION_GLYCEROPHOSPHOLIPIDS	PS 36:1	PS 36:1	-	LION:0000003
LION_GLYCEROPHOSPHOLIPIDS	PS 36:2	PS 36:2	-	LION:0000003
LION_GLYCEROPHOSPHOLIPIDS	PS 36:3	PS 36:3	-	LION:0000003
LION_GLYCEROPHOSPHOLIPIDS	PS 36:4	PS 36:4	-	LION:0000003
LION_GLYCEROPHOSPHOLIPIDS	PS 36:5	PS 36:5	-	LION:0000003
LION_GLYCEROPHOSPHOLIPIDS	PS 38:4	PS 38:4	-	LION:0000003
LION_GLYCEROPHOSPHOLIPIDS	PS 38:5	PS 38:5	-	LION:0000003
LION_GLYCEROPHOSPHOLIPIDS	PS 38:6	PS 38:6	-	LION:0000003
LION_GLYCEROPHOSPHOLIPIDS	PS 38:7	PS 38:7	-	LION:0000003
LION_GLYCEROPHOSPHOLIPIDS	PS 40:4	PS 40:4	-	LION:0000003
LION_GLYCEROPHOSPHOLIPIDS	PS 40:5	PS 40:5	-	LION:0000003
LION_GLYCEROPHOSPHOLIPIDS	PS 40:6	PS 40:6	-	LION:0000003
LION_GLYCEROPHOSPHOLIPIDS	PS 40:7	PS 40:7	-	LION:0000003
LION_GLYCEROPHOSPHOLIPIDS	PS 40:8	PS 40:8	-	LION:0000003
LION_GLYCEROPHOSPHOSERINES	LPS 16:0	LPS 16:0	-	LION:0000013
LION_GLYCEROPHOSPHOSERINES	LPS 16:1	LPS 16:1	-	LION:0000013
LION_GLYCEROPHOSPHOSERINES	LPS 18:0	LPS 18:0	-	LION:0000013
LION_GLYCEROPHOSPHOSERINES	LPS 18:1	LPS 18:1	-	LION:0000013
LION_GLYCEROPHOSPHOSERINES	LPS 18:2	LPS 18:2	-	LION:0000013
LION_GLYCEROPHOSPHOSERINES	LPS 18:3	LPS 18:3	-	LION:0000013
LION_GLYCEROPHOSPHOSERINES	LPS 20:0	LPS 20:0	-	LION:0000013
LION_GLYCEROPHOSPHOSERINES	LPS 20:1	LPS 20:1	-	LION:0000013
LION_GLYCEROPHOSPHOSERINES	LPS 20:4	LPS 20:4	-	LION:0000013
LION_GLYCEROPHOSPHOSERINES	LPS 20:5	LPS 20:5	-	LION:0000013
LION_GLYCEROPHOSPHOSERINES	LPS 22:0	LPS 22:0	-	LION:0000013
LION_GLYCEROPHOSPHOSERINES	LPS 22:6	LPS 22:6	-	LION:0000013
LION_GLYCEROPHOSPHOSERINES	PS 30:0	PS 30:0	-	LION:0000013
LION_GLYCEROPHOSPHOSERINES	PS 32:0	PS 32:0	-	LION:0000013
LION_GLYCEROPHOSPHOSERINES	PS 34:1	PS 34:1	-	LION:0000013
LION_GLYCEROPHOSPHOSERINES	PS 34:2	PS 34:2	-	LION:0000013
LION_GLYCEROPHOSPHOSERINES	PS 36:1	PS 36:1	-	LION:0000013
LION_GLYCEROPHOSPHOSERINES	PS 36:2	PS 36:2	-	LION:0000013
LION_GLYCEROPHOSPHOSERINES	PS 36:3	PS 36:3	-	LION:0000013
LION_GLYCEROPHOSPHOSERINES	PS 36:4	PS 36:4	-	LION:0000013
LION_GLYCEROPHOSPHOSERINES	PS 36:5	PS 36:5	-	LION:0000013
LION_GLYCEROPHOSPHOSERINES	PS 38:4	PS 38:4	-	LION:0000013
LION_GLYCEROPHOSPHOSERINES	PS 38:5	PS 38:5	-	LION:0000013
LION_GLYCEROPHOSPHOSERINES	PS 38:6	PS 38:6	-	LION:0000013
LION_GLYCEROPHOSPHOSERINES	PS 38:7	PS 38:7	-	LION:0000013
LION_GLYCEROPHOSPHOSERINES	PS 40:4	PS 40:4	-	LION:0000013
LION_GLYCEROPHOSPHOSERINES	PS 40:5	PS 40:5	-	LION:0000013
LION_GLYCEROPHOSPHOSERINES	PS 40:6	PS 40:6	-	LION:0000013
LION_GLYCEROPHOSPHOSERINES	PS 40:7	PS 40:7	-	LION:0000013
LION_GLYCEROPHOSPHOSERINES	PS 40:8	PS 40:8	-	LION:0000013
LION_HEADGROUP_WITH_NEGATIVE_CHARGE	LPA 14:0	LPA 14:0	-	LION:0000093
LION_HEADGROUP_WITH_NEGATIVE_CHARGE	LPA 14:1	LPA 14:1	-	LION:0000093
LION_HEADGROUP_WITH_NEGATIVE_CHARGE	LPA 15:0	LPA 15:0	-	LION:0000093
LION_HEADGROUP_WITH_NEGATIVE_CHARGE	LPA 16:0	LPA 16:0	-	LION:0000093
LION_HEADGROUP_WITH_NEGATIVE_CHARGE	LPA 18:1	LPA 18:1	-	LION:0000093
LION_HEADGROUP_WITH_NEGATIVE_CHARGE	LPA 18:2	LPA 18:2	-	LION:0000093
LION_HEADGROUP_WITH_NEGATIVE_CHARGE	LPA 22:3	LPA 22:3	-	LION:0000093
LION_HEADGROUP_WITH_NEGATIVE_CHARGE	LPA 22:4	LPA 22:4	-	LION:0000093
LION_HEADGROUP_WITH_NEGATIVE_CHARGE	LPG 14:0	LPG 14:0	-	LION:0000093
LION_HEADGROUP_WITH_NEGATIVE_CHARGE	LPG 14:1	LPG 14:1	-	LION:0000093
LION_HEADGROUP_WITH_NEGATIVE_CHARGE	LPG 16:0	LPG 16:0	-	LION:0000093
LION_HEADGROUP_WITH_NEGATIVE_CHARGE	LPG 16:1	LPG 16:1	-	LION:0000093
LION_HEADGROUP_WITH_NEGATIVE_CHARGE	LPG 17:0	LPG 17:0	-	LION:0000093
LION_HEADGROUP_WITH_NEGATIVE_CHARGE	LPG 17:1	LPG 17:1	-	LION:0000093
LION_HEADGROUP_WITH_NEGATIVE_CHARGE	LPG 18:0	LPG 18:0	-	LION:0000093
LION_HEADGROUP_WITH_NEGATIVE_CHARGE	LPG 18:1	LPG 18:1	-	LION:0000093
LION_HEADGROUP_WITH_NEGATIVE_CHARGE	LPG 18:2	LPG 18:2	-	LION:0000093
LION_HEADGROUP_WITH_NEGATIVE_CHARGE	LPG 20:1	LPG 20:1	-	LION:0000093
LION_HEADGROUP_WITH_NEGATIVE_CHARGE	LPI 14:0	LPI 14:0	-	LION:0000093
LION_HEADGROUP_WITH_NEGATIVE_CHARGE	LPI 14:1	LPI 14:1	-	LION:0000093
LION_HEADGROUP_WITH_NEGATIVE_CHARGE	LPI 16:0	LPI 16:0	-	LION:0000093
LION_HEADGROUP_WITH_NEGATIVE_CHARGE	LPI 16:1	LPI 16:1	-	LION:0000093
LION_HEADGROUP_WITH_NEGATIVE_CHARGE	LPI 17:0	LPI 17:0	-	LION:0000093
LION_HEADGROUP_WITH_NEGATIVE_CHARGE	LPI 17:1	LPI 17:1	-	LION:0000093
LION_HEADGROUP_WITH_NEGATIVE_CHARGE	LPI 18:0	LPI 18:0	-	LION:0000093
LION_HEADGROUP_WITH_NEGATIVE_CHARGE	LPI 18:1	LPI 18:1	-	LION:0000093
LION_HEADGROUP_WITH_NEGATIVE_CHARGE	LPI 18:2	LPI 18:2	-	LION:0000093
LION_HEADGROUP_WITH_NEGATIVE_CHARGE	LPI 18:3	LPI 18:3	-	LION:0000093
LION_HEADGROUP_WITH_NEGATIVE_CHARGE	LPI 19:0	LPI 19:0	-	LION:0000093
LION_HEADGROUP_WITH_NEGATIVE_CHARGE	LPI 20:1	LPI 20:1	-	LION:0000093
LION_HEADGROUP_WITH_NEGATIVE_CHARGE	LPI 20:4	LPI 20:4	-	LION:0000093
LION_HEADGROUP_WITH_NEGATIVE_CHARGE	LPI 22:0	LPI 22:0	-	LION:0000093
LION_HEADGROUP_WITH_NEGATIVE_CHARGE	LPI 22:1	LPI 22:1	-	LION:0000093
LION_HEADGROUP_WITH_NEGATIVE_CHARGE	LPS 16:0	LPS 16:0	-	LION:0000093
LION_HEADGROUP_WITH_NEGATIVE_CHARGE	LPS 16:1	LPS 16:1	-	LION:0000093
LION_HEADGROUP_WITH_NEGATIVE_CHARGE	LPS 18:0	LPS 18:0	-	LION:0000093
LION_HEADGROUP_WITH_NEGATIVE_CHARGE	LPS 18:1	LPS 18:1	-	LION:0000093
LION_HEADGROUP_WITH_NEGATIVE_CHARGE	LPS 18:2	LPS 18:2	-	LION:0000093
LION_HEADGROUP_WITH_NEGATIVE_CHARGE	LPS 18:3	LPS 18:3	-	LION:0000093
LION_HEADGROUP_WITH_NEGATIVE_CHARGE	LPS 20:0	LPS 20:0	-	LION:0000093
LION_HEADGROUP_WITH_NEGATIVE_CHARGE	LPS 20:1	LPS 20:1	-	LION:0000093
LION_HEADGROUP_WITH_NEGATIVE_CHARGE	LPS 20:4	LPS 20:4	-	LION:0000093
LION_HEADGROUP_WITH_NEGATIVE_CHARGE	LPS 20:5	LPS 20:5	-	LION:0000093
LION_HEADGROUP_WITH_NEGATIVE_CHARGE	LPS 22:0	LPS 22:0	-	LION:0000093
LION_HEADGROUP_WITH_NEGATIVE_CHARGE	LPS 22:6	LPS 22:6	-	LION:0000093
LION_HEADGROUP_WITH_NEGATIVE_CHARGE	PA 14:0_14:1	PA 14:0_14:1	-	LION:0000093
LION_HEADGROUP_WITH_NEGATIVE_CHARGE	PA 16:0_18:1	PA 16:0_18:1	-	LION:0000093
LION_HEADGROUP_WITH_NEGATIVE_CHARGE	PA 16:0_18:2	PA 16:0_18:2	-	LION:0000093
LION_HEADGROUP_WITH_NEGATIVE_CHARGE	PA 16:0_18:3	PA 16:0_18:3	-	LION:0000093
LION_HEADGROUP_WITH_NEGATIVE_CHARGE	PA 16:0_19:2	PA 16:0_19:2	-	LION:0000093
LION_HEADGROUP_WITH_NEGATIVE_CHARGE	PA 16:1_18:1	PA 16:1_18:1	-	LION:0000093
LION_HEADGROUP_WITH_NEGATIVE_CHARGE	PA 16:1_18:2	PA 16:1_18:2	-	LION:0000093
LION_HEADGROUP_WITH_NEGATIVE_CHARGE	PA 16:1_22:0	PA 16:1_22:0	-	LION:0000093
LION_HEADGROUP_WITH_NEGATIVE_CHARGE	PA 16:2_18:1	PA 16:2_18:1	-	LION:0000093
LION_HEADGROUP_WITH_NEGATIVE_CHARGE	PA 17:0_18:1	PA 17:0_18:1	-	LION:0000093
LION_HEADGROUP_WITH_NEGATIVE_CHARGE	PA 17:0_18:2	PA 17:0_18:2	-	LION:0000093
LION_HEADGROUP_WITH_NEGATIVE_CHARGE	PA 17:0_18:3	PA 17:0_18:3	-	LION:0000093
LION_HEADGROUP_WITH_NEGATIVE_CHARGE	PA 17:1_18:1	PA 17:1_18:1	-	LION:0000093
LION_HEADGROUP_WITH_NEGATIVE_CHARGE	PA 17:1_18:2	PA 17:1_18:2	-	LION:0000093
LION_HEADGROUP_WITH_NEGATIVE_CHARGE	PA 17:2_18:1	PA 17:2_18:1	-	LION:0000093
LION_HEADGROUP_WITH_NEGATIVE_CHARGE	PA 18:0_18:1	PA 18:0_18:1	-	LION:0000093
LION_HEADGROUP_WITH_NEGATIVE_CHARGE	PA 18:0_18:2	PA 18:0_18:2	-	LION:0000093
LION_HEADGROUP_WITH_NEGATIVE_CHARGE	PA 18:0_18:3	PA 18:0_18:3	-	LION:0000093
LION_HEADGROUP_WITH_NEGATIVE_CHARGE	PA 18:1_18:1	PA 18:1_18:1	-	LION:0000093
LION_HEADGROUP_WITH_NEGATIVE_CHARGE	PA 18:1_18:2	PA 18:1_18:2	-	LION:0000093
LION_HEADGROUP_WITH_NEGATIVE_CHARGE	PA 18:1_18:3	PA 18:1_18:3	-	LION:0000093
LION_HEADGROUP_WITH_NEGATIVE_CHARGE	PA 18:1_18:4	PA 18:1_18:4	-	LION:0000093
LION_HEADGROUP_WITH_NEGATIVE_CHARGE	PA 18:1_20:0	PA 18:1_20:0	-	LION:0000093
LION_HEADGROUP_WITH_NEGATIVE_CHARGE	PA 18:1_20:1	PA 18:1_20:1	-	LION:0000093
LION_HEADGROUP_WITH_NEGATIVE_CHARGE	PA 18:1_20:2	PA 18:1_20:2	-	LION:0000093
LION_HEADGROUP_WITH_NEGATIVE_CHARGE	PA 18:1_20:3	PA 18:1_20:3	-	LION:0000093
LION_HEADGROUP_WITH_NEGATIVE_CHARGE	PA 18:1_22:0	PA 18:1_22:0	-	LION:0000093
LION_HEADGROUP_WITH_NEGATIVE_CHARGE	PA 18:1_22:1	PA 18:1_22:1	-	LION:0000093
LION_HEADGROUP_WITH_NEGATIVE_CHARGE	PA 18:1_22:2	PA 18:1_22:2	-	LION:0000093
LION_HEADGROUP_WITH_NEGATIVE_CHARGE	PA 18:1_22:3	PA 18:1_22:3	-	LION:0000093
LION_HEADGROUP_WITH_NEGATIVE_CHARGE	PA 18:2_18:2	PA 18:2_18:2	-	LION:0000093
LION_HEADGROUP_WITH_NEGATIVE_CHARGE	PA 18:2_18:3	PA 18:2_18:3	-	LION:0000093
LION_HEADGROUP_WITH_NEGATIVE_CHARGE	PA 18:2_20:0	PA 18:2_20:0	-	LION:0000093
LION_HEADGROUP_WITH_NEGATIVE_CHARGE	PA 18:2_20:1	PA 18:2_20:1	-	LION:0000093
LION_HEADGROUP_WITH_NEGATIVE_CHARGE	PA 18:2_20:2	PA 18:2_20:2	-	LION:0000093
LION_HEADGROUP_WITH_NEGATIVE_CHARGE	PA 18:2_22:0	PA 18:2_22:0	-	LION:0000093
LION_HEADGROUP_WITH_NEGATIVE_CHARGE	PA 18:2_22:1	PA 18:2_22:1	-	LION:0000093
LION_HEADGROUP_WITH_NEGATIVE_CHARGE	PA 18:2_22:3	PA 18:2_22:3	-	LION:0000093
LION_HEADGROUP_WITH_NEGATIVE_CHARGE	PA 18:2_22:4	PA 18:2_22:4	-	LION:0000093
LION_HEADGROUP_WITH_NEGATIVE_CHARGE	PA 18:3_18:3	PA 18:3_18:3	-	LION:0000093
LION_HEADGROUP_WITH_NEGATIVE_CHARGE	PA 20:0_20:4	PA 20:0_20:4	-	LION:0000093
LION_HEADGROUP_WITH_NEGATIVE_CHARGE	PG 14:0_16:0	PG 14:0_16:0	-	LION:0000093
LION_HEADGROUP_WITH_NEGATIVE_CHARGE	PG 15:0_18:1	PG 15:0_18:1	-	LION:0000093
LION_HEADGROUP_WITH_NEGATIVE_CHARGE	PG 16:0_16:0	PG 16:0_16:0	-	LION:0000093
LION_HEADGROUP_WITH_NEGATIVE_CHARGE	PG 16:0_16:1	PG 16:0_16:1	-	LION:0000093
LION_HEADGROUP_WITH_NEGATIVE_CHARGE	PG 16:0_18:1	PG 16:0_18:1	-	LION:0000093
LION_HEADGROUP_WITH_NEGATIVE_CHARGE	PG 16:0_18:2	PG 16:0_18:2	-	LION:0000093
LION_HEADGROUP_WITH_NEGATIVE_CHARGE	PG 16:0_18:3	PG 16:0_18:3	-	LION:0000093
LION_HEADGROUP_WITH_NEGATIVE_CHARGE	PG 16:0_19:1	PG 16:0_19:1	-	LION:0000093
LION_HEADGROUP_WITH_NEGATIVE_CHARGE	PG 16:0_20:3	PG 16:0_20:3	-	LION:0000093
LION_HEADGROUP_WITH_NEGATIVE_CHARGE	PG 16:0_20:4	PG 16:0_20:4	-	LION:0000093
LION_HEADGROUP_WITH_NEGATIVE_CHARGE	PG 16:0_20:5	PG 16:0_20:5	-	LION:0000093
LION_HEADGROUP_WITH_NEGATIVE_CHARGE	PG 16:0_22:1	PG 16:0_22:1	-	LION:0000093
LION_HEADGROUP_WITH_NEGATIVE_CHARGE	PG 16:0_22:2	PG 16:0_22:2	-	LION:0000093
LION_HEADGROUP_WITH_NEGATIVE_CHARGE	PG 16:1_16:1	PG 16:1_16:1	-	LION:0000093
LION_HEADGROUP_WITH_NEGATIVE_CHARGE	PG 16:1_18:0	PG 16:1_18:0	-	LION:0000093
LION_HEADGROUP_WITH_NEGATIVE_CHARGE	PG 16:1_18:1	PG 16:1_18:1	-	LION:0000093
LION_HEADGROUP_WITH_NEGATIVE_CHARGE	PG 16:1_18:2	PG 16:1_18:2	-	LION:0000093
LION_HEADGROUP_WITH_NEGATIVE_CHARGE	PG 16:1_20:4	PG 16:1_20:4	-	LION:0000093
LION_HEADGROUP_WITH_NEGATIVE_CHARGE	PG 16:1_22:1	PG 16:1_22:1	-	LION:0000093
LION_HEADGROUP_WITH_NEGATIVE_CHARGE	PG 16:2_18:1	PG 16:2_18:1	-	LION:0000093
LION_HEADGROUP_WITH_NEGATIVE_CHARGE	PG 16:2_18:2	PG 16:2_18:2	-	LION:0000093
LION_HEADGROUP_WITH_NEGATIVE_CHARGE	PG 16:3_18:1	PG 16:3_18:1	-	LION:0000093
LION_HEADGROUP_WITH_NEGATIVE_CHARGE	PG 17:0_18:1	PG 17:0_18:1	-	LION:0000093
LION_HEADGROUP_WITH_NEGATIVE_CHARGE	PG 17:0_18:2	PG 17:0_18:2	-	LION:0000093
LION_HEADGROUP_WITH_NEGATIVE_CHARGE	PG 17:1_18:1	PG 17:1_18:1	-	LION:0000093
LION_HEADGROUP_WITH_NEGATIVE_CHARGE	PG 18:0_18:1	PG 18:0_18:1	-	LION:0000093
LION_HEADGROUP_WITH_NEGATIVE_CHARGE	PG 18:0_18:2	PG 18:0_18:2	-	LION:0000093
LION_HEADGROUP_WITH_NEGATIVE_CHARGE	PG 18:0_18:3	PG 18:0_18:3	-	LION:0000093
LION_HEADGROUP_WITH_NEGATIVE_CHARGE	PG 18:0_22:1	PG 18:0_22:1	-	LION:0000093
LION_HEADGROUP_WITH_NEGATIVE_CHARGE	PG 18:1_18:1	PG 18:1_18:1	-	LION:0000093
LION_HEADGROUP_WITH_NEGATIVE_CHARGE	PG 18:1_18:2	PG 18:1_18:2	-	LION:0000093
LION_HEADGROUP_WITH_NEGATIVE_CHARGE	PG 18:1_18:3	PG 18:1_18:3	-	LION:0000093
LION_HEADGROUP_WITH_NEGATIVE_CHARGE	PG 18:1_20:0	PG 18:1_20:0	-	LION:0000093
LION_HEADGROUP_WITH_NEGATIVE_CHARGE	PG 18:1_20:1	PG 18:1_20:1	-	LION:0000093
LION_HEADGROUP_WITH_NEGATIVE_CHARGE	PG 18:1_20:2	PG 18:1_20:2	-	LION:0000093
LION_HEADGROUP_WITH_NEGATIVE_CHARGE	PG 18:1_20:3	PG 18:1_20:3	-	LION:0000093
LION_HEADGROUP_WITH_NEGATIVE_CHARGE	PG 18:1_20:4	PG 18:1_20:4	-	LION:0000093
LION_HEADGROUP_WITH_NEGATIVE_CHARGE	PG 18:1_20:5	PG 18:1_20:5	-	LION:0000093
LION_HEADGROUP_WITH_NEGATIVE_CHARGE	PG 18:1_22:0	PG 18:1_22:0	-	LION:0000093
LION_HEADGROUP_WITH_NEGATIVE_CHARGE	PG 18:1_22:1	PG 18:1_22:1	-	LION:0000093
LION_HEADGROUP_WITH_NEGATIVE_CHARGE	PG 18:1_22:2	PG 18:1_22:2	-	LION:0000093
LION_HEADGROUP_WITH_NEGATIVE_CHARGE	PG 18:1_22:3	PG 18:1_22:3	-	LION:0000093
LION_HEADGROUP_WITH_NEGATIVE_CHARGE	PG 18:1_22:4	PG 18:1_22:4	-	LION:0000093
LION_HEADGROUP_WITH_NEGATIVE_CHARGE	PG 18:1_22:5	PG 18:1_22:5	-	LION:0000093
LION_HEADGROUP_WITH_NEGATIVE_CHARGE	PG 18:2_18:2	PG 18:2_18:2	-	LION:0000093
LION_HEADGROUP_WITH_NEGATIVE_CHARGE	PG 18:2_18:3	PG 18:2_18:3	-	LION:0000093
LION_HEADGROUP_WITH_NEGATIVE_CHARGE	PG 18:2_18:4	PG 18:2_18:4	-	LION:0000093
LION_HEADGROUP_WITH_NEGATIVE_CHARGE	PG 18:2_20:0	PG 18:2_20:0	-	LION:0000093
LION_HEADGROUP_WITH_NEGATIVE_CHARGE	PG 18:2_20:2	PG 18:2_20:2	-	LION:0000093
LION_HEADGROUP_WITH_NEGATIVE_CHARGE	PG 18:2_20:3	PG 18:2_20:3	-	LION:0000093
LION_HEADGROUP_WITH_NEGATIVE_CHARGE	PG 18:2_20:4	PG 18:2_20:4	-	LION:0000093
LION_HEADGROUP_WITH_NEGATIVE_CHARGE	PG 18:2_20:5	PG 18:2_20:5	-	LION:0000093
LION_HEADGROUP_WITH_NEGATIVE_CHARGE	PG 18:2_22:0	PG 18:2_22:0	-	LION:0000093
LION_HEADGROUP_WITH_NEGATIVE_CHARGE	PG 18:2_22:1	PG 18:2_22:1	-	LION:0000093
LION_HEADGROUP_WITH_NEGATIVE_CHARGE	PG 18:2_22:3	PG 18:2_22:3	-	LION:0000093
LION_HEADGROUP_WITH_NEGATIVE_CHARGE	PG 18:2_22:4	PG 18:2_22:4	-	LION:0000093
LION_HEADGROUP_WITH_NEGATIVE_CHARGE	PG 20:3_20:4	PG 20:3_20:4	-	LION:0000093
LION_HEADGROUP_WITH_NEGATIVE_CHARGE	PG 20:4_20:4	PG 20:4_20:4	-	LION:0000093
LION_HEADGROUP_WITH_NEGATIVE_CHARGE	PG 20:4_22:1	PG 20:4_22:1	-	LION:0000093
LION_HEADGROUP_WITH_NEGATIVE_CHARGE	PG 20:4_22:3	PG 20:4_22:3	-	LION:0000093
LION_HEADGROUP_WITH_NEGATIVE_CHARGE	PG 20:4_22:4	PG 20:4_22:4	-	LION:0000093
LION_HEADGROUP_WITH_NEGATIVE_CHARGE	PG 22:4_22:6	PG 22:4_22:6	-	LION:0000093
LION_HEADGROUP_WITH_NEGATIVE_CHARGE	PG 22:5_22:6	PG 22:5_22:6	-	LION:0000093
LION_HEADGROUP_WITH_NEGATIVE_CHARGE	PG 22:6_22:6	PG 22:6_22:6	-	LION:0000093
LION_HEADGROUP_WITH_NEGATIVE_CHARGE	PI 14:0_18:1	PI 14:0_18:1	-	LION:0000093
LION_HEADGROUP_WITH_NEGATIVE_CHARGE	PI 14:0_18:2	PI 14:0_18:2	-	LION:0000093
LION_HEADGROUP_WITH_NEGATIVE_CHARGE	PI 15:0_16:0	PI 15:0_16:0	-	LION:0000093
LION_HEADGROUP_WITH_NEGATIVE_CHARGE	PI 15:1_16:0	PI 15:1_16:0	-	LION:0000093
LION_HEADGROUP_WITH_NEGATIVE_CHARGE	PI 16:0_16:0	PI 16:0_16:0	-	LION:0000093
LION_HEADGROUP_WITH_NEGATIVE_CHARGE	PI 16:0_17:0	PI 16:0_17:0	-	LION:0000093
LION_HEADGROUP_WITH_NEGATIVE_CHARGE	PI 16:0_17:1	PI 16:0_17:1	-	LION:0000093
LION_HEADGROUP_WITH_NEGATIVE_CHARGE	PI 16:0_17:2	PI 16:0_17:2	-	LION:0000093
LION_HEADGROUP_WITH_NEGATIVE_CHARGE	PI 16:0_18:1	PI 16:0_18:1	-	LION:0000093
LION_HEADGROUP_WITH_NEGATIVE_CHARGE	PI 16:0_18:2	PI 16:0_18:2	-	LION:0000093
LION_HEADGROUP_WITH_NEGATIVE_CHARGE	PI 16:0_18:3	PI 16:0_18:3	-	LION:0000093
LION_HEADGROUP_WITH_NEGATIVE_CHARGE	PI 16:0_20:0	PI 16:0_20:0	-	LION:0000093
LION_HEADGROUP_WITH_NEGATIVE_CHARGE	PI 16:0_20:3	PI 16:0_20:3	-	LION:0000093
LION_HEADGROUP_WITH_NEGATIVE_CHARGE	PI 16:0_20:4	PI 16:0_20:4	-	LION:0000093
LION_HEADGROUP_WITH_NEGATIVE_CHARGE	PI 16:0_22:1	PI 16:0_22:1	-	LION:0000093
LION_HEADGROUP_WITH_NEGATIVE_CHARGE	PI 16:1_18:0	PI 16:1_18:0	-	LION:0000093
LION_HEADGROUP_WITH_NEGATIVE_CHARGE	PI 16:1_18:1	PI 16:1_18:1	-	LION:0000093
LION_HEADGROUP_WITH_NEGATIVE_CHARGE	PI 16:1_18:2	PI 16:1_18:2	-	LION:0000093
LION_HEADGROUP_WITH_NEGATIVE_CHARGE	PI 17:0_18:1	PI 17:0_18:1	-	LION:0000093
LION_HEADGROUP_WITH_NEGATIVE_CHARGE	PI 17:1_18:1	PI 17:1_18:1	-	LION:0000093
LION_HEADGROUP_WITH_NEGATIVE_CHARGE	PI 17:1_18:2	PI 17:1_18:2	-	LION:0000093
LION_HEADGROUP_WITH_NEGATIVE_CHARGE	PI 18:0_18:0	PI 18:0_18:0	-	LION:0000093
LION_HEADGROUP_WITH_NEGATIVE_CHARGE	PI 18:0_18:1	PI 18:0_18:1	-	LION:0000093
LION_HEADGROUP_WITH_NEGATIVE_CHARGE	PI 18:0_18:2	PI 18:0_18:2	-	LION:0000093
LION_HEADGROUP_WITH_NEGATIVE_CHARGE	PI 18:0_18:3	PI 18:0_18:3	-	LION:0000093
LION_HEADGROUP_WITH_NEGATIVE_CHARGE	PI 18:0_20:0	PI 18:0_20:0	-	LION:0000093
LION_HEADGROUP_WITH_NEGATIVE_CHARGE	PI 18:0_20:3	PI 18:0_20:3	-	LION:0000093
LION_HEADGROUP_WITH_NEGATIVE_CHARGE	PI 18:0_20:4	PI 18:0_20:4	-	LION:0000093
LION_HEADGROUP_WITH_NEGATIVE_CHARGE	PI 18:0_22:0	PI 18:0_22:0	-	LION:0000093
LION_HEADGROUP_WITH_NEGATIVE_CHARGE	PI 18:1_18:1	PI 18:1_18:1	-	LION:0000093
LION_HEADGROUP_WITH_NEGATIVE_CHARGE	PI 18:1_18:2	PI 18:1_18:2	-	LION:0000093
LION_HEADGROUP_WITH_NEGATIVE_CHARGE	PI 18:1_18:3	PI 18:1_18:3	-	LION:0000093
LION_HEADGROUP_WITH_NEGATIVE_CHARGE	PI 18:1_20:0	PI 18:1_20:0	-	LION:0000093
LION_HEADGROUP_WITH_NEGATIVE_CHARGE	PI 18:1_20:1	PI 18:1_20:1	-	LION:0000093
LION_HEADGROUP_WITH_NEGATIVE_CHARGE	PI 18:1_20:2	PI 18:1_20:2	-	LION:0000093
LION_HEADGROUP_WITH_NEGATIVE_CHARGE	PI 18:1_20:3	PI 18:1_20:3	-	LION:0000093
LION_HEADGROUP_WITH_NEGATIVE_CHARGE	PI 18:1_20:4	PI 18:1_20:4	-	LION:0000093
LION_HEADGROUP_WITH_NEGATIVE_CHARGE	PI 18:1_20:5	PI 18:1_20:5	-	LION:0000093
LION_HEADGROUP_WITH_NEGATIVE_CHARGE	PI 18:1_22:0	PI 18:1_22:0	-	LION:0000093
LION_HEADGROUP_WITH_NEGATIVE_CHARGE	PI 18:1_22:1	PI 18:1_22:1	-	LION:0000093
LION_HEADGROUP_WITH_NEGATIVE_CHARGE	PI 18:1_22:2	PI 18:1_22:2	-	LION:0000093
LION_HEADGROUP_WITH_NEGATIVE_CHARGE	PI 18:1_22:3	PI 18:1_22:3	-	LION:0000093
LION_HEADGROUP_WITH_NEGATIVE_CHARGE	PI 18:1_22:4	PI 18:1_22:4	-	LION:0000093
LION_HEADGROUP_WITH_NEGATIVE_CHARGE	PI 18:1_22:5	PI 18:1_22:5	-	LION:0000093
LION_HEADGROUP_WITH_NEGATIVE_CHARGE	PI 18:1_22:6	PI 18:1_22:6	-	LION:0000093
LION_HEADGROUP_WITH_NEGATIVE_CHARGE	PI 18:2_18:3	PI 18:2_18:3	-	LION:0000093
LION_HEADGROUP_WITH_NEGATIVE_CHARGE	PI 18:2_20:0	PI 18:2_20:0	-	LION:0000093
LION_HEADGROUP_WITH_NEGATIVE_CHARGE	PI 18:2_20:1	PI 18:2_20:1	-	LION:0000093
LION_HEADGROUP_WITH_NEGATIVE_CHARGE	PI 18:2_20:4	PI 18:2_20:4	-	LION:0000093
LION_HEADGROUP_WITH_NEGATIVE_CHARGE	PI 18:2_20:5	PI 18:2_20:5	-	LION:0000093
LION_HEADGROUP_WITH_NEGATIVE_CHARGE	PI 18:2_22:0	PI 18:2_22:0	-	LION:0000093
LION_HEADGROUP_WITH_NEGATIVE_CHARGE	PI 18:2_22:1	PI 18:2_22:1	-	LION:0000093
LION_HEADGROUP_WITH_NEGATIVE_CHARGE	PI 18:2_22:6	PI 18:2_22:6	-	LION:0000093
LION_HEADGROUP_WITH_NEGATIVE_CHARGE	PS 30:0	PS 30:0	-	LION:0000093
LION_HEADGROUP_WITH_NEGATIVE_CHARGE	PS 32:0	PS 32:0	-	LION:0000093
LION_HEADGROUP_WITH_NEGATIVE_CHARGE	PS 34:1	PS 34:1	-	LION:0000093
LION_HEADGROUP_WITH_NEGATIVE_CHARGE	PS 34:2	PS 34:2	-	LION:0000093
LION_HEADGROUP_WITH_NEGATIVE_CHARGE	PS 36:1	PS 36:1	-	LION:0000093
LION_HEADGROUP_WITH_NEGATIVE_CHARGE	PS 36:2	PS 36:2	-	LION:0000093
LION_HEADGROUP_WITH_NEGATIVE_CHARGE	PS 36:3	PS 36:3	-	LION:0000093
LION_HEADGROUP_WITH_NEGATIVE_CHARGE	PS 36:4	PS 36:4	-	LION:0000093
LION_HEADGROUP_WITH_NEGATIVE_CHARGE	PS 36:5	PS 36:5	-	LION:0000093
LION_HEADGROUP_WITH_NEGATIVE_CHARGE	PS 38:4	PS 38:4	-	LION:0000093
LION_HEADGROUP_WITH_NEGATIVE_CHARGE	PS 38:5	PS 38:5	-	LION:0000093
LION_HEADGROUP_WITH_NEGATIVE_CHARGE	PS 38:6	PS 38:6	-	LION:0000093
LION_HEADGROUP_WITH_NEGATIVE_CHARGE	PS 38:7	PS 38:7	-	LION:0000093
LION_HEADGROUP_WITH_NEGATIVE_CHARGE	PS 40:4	PS 40:4	-	LION:0000093
LION_HEADGROUP_WITH_NEGATIVE_CHARGE	PS 40:5	PS 40:5	-	LION:0000093
LION_HEADGROUP_WITH_NEGATIVE_CHARGE	PS 40:6	PS 40:6	-	LION:0000093
LION_HEADGROUP_WITH_NEGATIVE_CHARGE	PS 40:7	PS 40:7	-	LION:0000093
LION_HEADGROUP_WITH_NEGATIVE_CHARGE	PS 40:8	PS 40:8	-	LION:0000093
LION_HEADGROUP_WITH_NEUTRAL_CHARGE	CE 14:0	CE 14:0	-	LION:0000094
LION_HEADGROUP_WITH_NEUTRAL_CHARGE	CE 14:1	CE 14:1	-	LION:0000094
LION_HEADGROUP_WITH_NEUTRAL_CHARGE	CE 15:0	CE 15:0	-	LION:0000094
LION_HEADGROUP_WITH_NEUTRAL_CHARGE	CE 15:1	CE 15:1	-	LION:0000094
LION_HEADGROUP_WITH_NEUTRAL_CHARGE	CE 16:0	CE 16:0	-	LION:0000094
LION_HEADGROUP_WITH_NEUTRAL_CHARGE	CE 16:1	CE 16:1	-	LION:0000094
LION_HEADGROUP_WITH_NEUTRAL_CHARGE	CE 17:0	CE 17:0	-	LION:0000094
LION_HEADGROUP_WITH_NEUTRAL_CHARGE	CE 17:1	CE 17:1	-	LION:0000094
LION_HEADGROUP_WITH_NEUTRAL_CHARGE	CE 18:0	CE 18:0	-	LION:0000094
LION_HEADGROUP_WITH_NEUTRAL_CHARGE	CE 18:1	CE 18:1	-	LION:0000094
LION_HEADGROUP_WITH_NEUTRAL_CHARGE	CE 18:2	CE 18:2	-	LION:0000094
LION_HEADGROUP_WITH_NEUTRAL_CHARGE	CE 18:3	CE 18:3	-	LION:0000094
LION_HEADGROUP_WITH_NEUTRAL_CHARGE	CE 20:0	CE 20:0	-	LION:0000094
LION_HEADGROUP_WITH_NEUTRAL_CHARGE	CE 20:1	CE 20:1	-	LION:0000094
LION_HEADGROUP_WITH_NEUTRAL_CHARGE	CE 20:3	CE 20:3	-	LION:0000094
LION_HEADGROUP_WITH_NEUTRAL_CHARGE	CE 20:4	CE 20:4	-	LION:0000094
LION_HEADGROUP_WITH_NEUTRAL_CHARGE	CE 20:5	CE 20:5	-	LION:0000094
LION_HEADGROUP_WITH_NEUTRAL_CHARGE	CE 22:0	CE 22:0	-	LION:0000094
LION_HEADGROUP_WITH_NEUTRAL_CHARGE	CE 22:1	CE 22:1	-	LION:0000094
LION_HEADGROUP_WITH_NEUTRAL_CHARGE	CE 22:2	CE 22:2	-	LION:0000094
LION_HEADGROUP_WITH_NEUTRAL_CHARGE	CE 22:5	CE 22:5	-	LION:0000094
LION_HEADGROUP_WITH_NEUTRAL_CHARGE	CE 22:6	CE 22:6	-	LION:0000094
LION_HEADGROUP_WITH_NEUTRAL_CHARGE	DG 14:0_14:0	DG 14:0_14:0	-	LION:0000094
LION_HEADGROUP_WITH_NEUTRAL_CHARGE	DG 14:0_18:1	DG 14:0_18:1	-	LION:0000094
LION_HEADGROUP_WITH_NEUTRAL_CHARGE	DG 14:0_18:2	DG 14:0_18:2	-	LION:0000094
LION_HEADGROUP_WITH_NEUTRAL_CHARGE	DG 14:0_20:0	DG 14:0_20:0	-	LION:0000094
LION_HEADGROUP_WITH_NEUTRAL_CHARGE	DG 14:1_18:1	DG 14:1_18:1	-	LION:0000094
LION_HEADGROUP_WITH_NEUTRAL_CHARGE	DG 14:1_20:2	DG 14:1_20:2	-	LION:0000094
LION_HEADGROUP_WITH_NEUTRAL_CHARGE	DG 16:0_16:0	DG 16:0_16:0	-	LION:0000094
LION_HEADGROUP_WITH_NEUTRAL_CHARGE	DG 16:0_16:1	DG 16:0_16:1	-	LION:0000094
LION_HEADGROUP_WITH_NEUTRAL_CHARGE	DG 16:0_18:1	DG 16:0_18:1	-	LION:0000094
LION_HEADGROUP_WITH_NEUTRAL_CHARGE	DG 16:0_18:2	DG 16:0_18:2	-	LION:0000094
LION_HEADGROUP_WITH_NEUTRAL_CHARGE	DG 16:0_20:0	DG 16:0_20:0	-	LION:0000094
LION_HEADGROUP_WITH_NEUTRAL_CHARGE	DG 16:0_20:3	DG 16:0_20:3	-	LION:0000094
LION_HEADGROUP_WITH_NEUTRAL_CHARGE	DG 16:0_20:4	DG 16:0_20:4	-	LION:0000094
LION_HEADGROUP_WITH_NEUTRAL_CHARGE	DG 16:1_18:0	DG 16:1_18:0	-	LION:0000094
LION_HEADGROUP_WITH_NEUTRAL_CHARGE	DG 16:1_18:1	DG 16:1_18:1	-	LION:0000094
LION_HEADGROUP_WITH_NEUTRAL_CHARGE	DG 16:1_18:2	DG 16:1_18:2	-	LION:0000094
LION_HEADGROUP_WITH_NEUTRAL_CHARGE	DG 16:1_20:0	DG 16:1_20:0	-	LION:0000094
LION_HEADGROUP_WITH_NEUTRAL_CHARGE	DG 17:0_18:1	DG 17:0_18:1	-	LION:0000094
LION_HEADGROUP_WITH_NEUTRAL_CHARGE	DG 18:0_20:4	DG 18:0_20:4	-	LION:0000094
LION_HEADGROUP_WITH_NEUTRAL_CHARGE	DG 18:1_18:1	DG 18:1_18:1	-	LION:0000094
LION_HEADGROUP_WITH_NEUTRAL_CHARGE	DG 18:1_18:2	DG 18:1_18:2	-	LION:0000094
LION_HEADGROUP_WITH_NEUTRAL_CHARGE	DG 18:1_18:3	DG 18:1_18:3	-	LION:0000094
LION_HEADGROUP_WITH_NEUTRAL_CHARGE	DG 18:1_18:4	DG 18:1_18:4	-	LION:0000094
LION_HEADGROUP_WITH_NEUTRAL_CHARGE	DG 18:1_20:0	DG 18:1_20:0	-	LION:0000094
LION_HEADGROUP_WITH_NEUTRAL_CHARGE	DG 18:1_20:1	DG 18:1_20:1	-	LION:0000094
LION_HEADGROUP_WITH_NEUTRAL_CHARGE	DG 18:1_20:2	DG 18:1_20:2	-	LION:0000094
LION_HEADGROUP_WITH_NEUTRAL_CHARGE	DG 18:1_20:3	DG 18:1_20:3	-	LION:0000094
LION_HEADGROUP_WITH_NEUTRAL_CHARGE	DG 18:1_20:4	DG 18:1_20:4	-	LION:0000094
LION_HEADGROUP_WITH_NEUTRAL_CHARGE	DG 18:1_22:5	DG 18:1_22:5	-	LION:0000094
LION_HEADGROUP_WITH_NEUTRAL_CHARGE	DG 18:1_22:6	DG 18:1_22:6	-	LION:0000094
LION_HEADGROUP_WITH_NEUTRAL_CHARGE	DG 18:2_18:2	DG 18:2_18:2	-	LION:0000094
LION_HEADGROUP_WITH_NEUTRAL_CHARGE	DG 18:2_18:3	DG 18:2_18:3	-	LION:0000094
LION_HEADGROUP_WITH_NEUTRAL_CHARGE	DG 18:2_18:4	DG 18:2_18:4	-	LION:0000094
LION_HEADGROUP_WITH_NEUTRAL_CHARGE	DG 18:2_20:0	DG 18:2_20:0	-	LION:0000094
LION_HEADGROUP_WITH_NEUTRAL_CHARGE	DG 18:2_20:4	DG 18:2_20:4	-	LION:0000094
LION_HEADGROUP_WITH_NEUTRAL_CHARGE	DG 18:3_18:3	DG 18:3_18:3	-	LION:0000094
LION_HEADGROUP_WITH_NEUTRAL_CHARGE	DG 18:3_20:2	DG 18:3_20:2	-	LION:0000094
LION_HEADGROUP_WITH_NEUTRAL_CHARGE	DG 21:0_22:6	DG 21:0_22:6	-	LION:0000094
LION_HEADGROUP_WITH_NEUTRAL_CHARGE	DG 22:1_22:2	DG 22:1_22:2	-	LION:0000094
LION_HEADGROUP_WITH_NEUTRAL_CHARGE	Hex-Cer d16:1/20:0	Hex-Cer d16:1/20:0	-	LION:0000094
LION_HEADGROUP_WITH_NEUTRAL_CHARGE	Hex-Cer d16:1/22:0	Hex-Cer d16:1/22:0	-	LION:0000094
LION_HEADGROUP_WITH_NEUTRAL_CHARGE	Hex-Cer d16:1/24:0	Hex-Cer d16:1/24:0	-	LION:0000094
LION_HEADGROUP_WITH_NEUTRAL_CHARGE	Hex-Cer d18:1/14:0	Hex-Cer d18:1/14:0	-	LION:0000094
LION_HEADGROUP_WITH_NEUTRAL_CHARGE	Hex-Cer d18:1/16:0	Hex-Cer d18:1/16:0	-	LION:0000094
LION_HEADGROUP_WITH_NEUTRAL_CHARGE	Hex-Cer d18:1/18:0	Hex-Cer d18:1/18:0	-	LION:0000094
LION_HEADGROUP_WITH_NEUTRAL_CHARGE	Hex-Cer d18:1/18:1	Hex-Cer d18:1/18:1	-	LION:0000094
LION_HEADGROUP_WITH_NEUTRAL_CHARGE	Hex-Cer d18:1/20:0	Hex-Cer d18:1/20:0	-	LION:0000094
LION_HEADGROUP_WITH_NEUTRAL_CHARGE	Hex-Cer d18:1/22:0	Hex-Cer d18:1/22:0	-	LION:0000094
LION_HEADGROUP_WITH_NEUTRAL_CHARGE	Hex-Cer d18:1/23:0	Hex-Cer d18:1/23:0	-	LION:0000094
LION_HEADGROUP_WITH_NEUTRAL_CHARGE	Hex-Cer d18:1/24:0	Hex-Cer d18:1/24:0	-	LION:0000094
LION_HEADGROUP_WITH_NEUTRAL_CHARGE	Hex-Cer d18:1/24:1	Hex-Cer d18:1/24:1	-	LION:0000094
LION_HEADGROUP_WITH_NEUTRAL_CHARGE	Hex-Cer d18:1/26:0	Hex-Cer d18:1/26:0	-	LION:0000094
LION_HEADGROUP_WITH_NEUTRAL_CHARGE	Hex-Cer d18:1/26:1	Hex-Cer d18:1/26:1	-	LION:0000094
LION_HEADGROUP_WITH_NEUTRAL_CHARGE	Hex-Cer d18:2/16:0	Hex-Cer d18:2/16:0	-	LION:0000094
LION_HEADGROUP_WITH_NEUTRAL_CHARGE	Hex-Cer d18:2/18:0	Hex-Cer d18:2/18:0	-	LION:0000094
LION_HEADGROUP_WITH_NEUTRAL_CHARGE	Hex-Cer d18:2/20:0	Hex-Cer d18:2/20:0	-	LION:0000094
LION_HEADGROUP_WITH_NEUTRAL_CHARGE	Hex-Cer d18:2/22:0	Hex-Cer d18:2/22:0	-	LION:0000094
LION_HEADGROUP_WITH_NEUTRAL_CHARGE	Hex-Cer d18:2/23:0	Hex-Cer d18:2/23:0	-	LION:0000094
LION_HEADGROUP_WITH_NEUTRAL_CHARGE	Hex-Cer d18:2/24:0	Hex-Cer d18:2/24:0	-	LION:0000094
LION_HEADGROUP_WITH_NEUTRAL_CHARGE	Hex2Cer d18:1/14:0	Hex2Cer d18:1/14:0	-	LION:0000094
LION_HEADGROUP_WITH_NEUTRAL_CHARGE	Hex2Cer d18:1/16:0	Hex2Cer d18:1/16:0	-	LION:0000094
LION_HEADGROUP_WITH_NEUTRAL_CHARGE	Hex2Cer d18:1/18:0	Hex2Cer d18:1/18:0	-	LION:0000094
LION_HEADGROUP_WITH_NEUTRAL_CHARGE	Hex2Cer d18:1/20:0	Hex2Cer d18:1/20:0	-	LION:0000094
LION_HEADGROUP_WITH_NEUTRAL_CHARGE	Hex2Cer d18:1/22:0	Hex2Cer d18:1/22:0	-	LION:0000094
LION_HEADGROUP_WITH_NEUTRAL_CHARGE	Hex2Cer d18:1/24:0	Hex2Cer d18:1/24:0	-	LION:0000094
LION_HEADGROUP_WITH_NEUTRAL_CHARGE	Hex2Cer d18:1/24:1	Hex2Cer d18:1/24:1	-	LION:0000094
LION_HEADGROUP_WITH_NEUTRAL_CHARGE	Hex2Cer d18:1/26:0	Hex2Cer d18:1/26:0	-	LION:0000094
LION_HEADGROUP_WITH_NEUTRAL_CHARGE	Hex2Cer d18:1/26:1	Hex2Cer d18:1/26:1	-	LION:0000094
LION_HEADGROUP_WITH_NEUTRAL_CHARGE	TG 14:0_32:2	TG 14:0_32:2	-	LION:0000094
LION_HEADGROUP_WITH_NEUTRAL_CHARGE	TG 14:0_34:0	TG 14:0_34:0	-	LION:0000094
LION_HEADGROUP_WITH_NEUTRAL_CHARGE	TG 14:0_34:1	TG 14:0_34:1	-	LION:0000094
LION_HEADGROUP_WITH_NEUTRAL_CHARGE	TG 14:0_34:2	TG 14:0_34:2	-	LION:0000094
LION_HEADGROUP_WITH_NEUTRAL_CHARGE	TG 14:0_34:3	TG 14:0_34:3	-	LION:0000094
LION_HEADGROUP_WITH_NEUTRAL_CHARGE	TG 14:0_35:1	TG 14:0_35:1	-	LION:0000094
LION_HEADGROUP_WITH_NEUTRAL_CHARGE	TG 14:0_35:2	TG 14:0_35:2	-	LION:0000094
LION_HEADGROUP_WITH_NEUTRAL_CHARGE	TG 14:0_36:1	TG 14:0_36:1	-	LION:0000094
LION_HEADGROUP_WITH_NEUTRAL_CHARGE	TG 14:0_36:2	TG 14:0_36:2	-	LION:0000094
LION_HEADGROUP_WITH_NEUTRAL_CHARGE	TG 14:0_36:3	TG 14:0_36:3	-	LION:0000094
LION_HEADGROUP_WITH_NEUTRAL_CHARGE	TG 14:0_36:4	TG 14:0_36:4	-	LION:0000094
LION_HEADGROUP_WITH_NEUTRAL_CHARGE	TG 14:0_38:4	TG 14:0_38:4	-	LION:0000094
LION_HEADGROUP_WITH_NEUTRAL_CHARGE	TG 14:0_38:5	TG 14:0_38:5	-	LION:0000094
LION_HEADGROUP_WITH_NEUTRAL_CHARGE	TG 14:0_39:3	TG 14:0_39:3	-	LION:0000094
LION_HEADGROUP_WITH_NEUTRAL_CHARGE	TG 14:0_40:5	TG 14:0_40:5	-	LION:0000094
LION_HEADGROUP_WITH_NEUTRAL_CHARGE	TG 16:0_28:1	TG 16:0_28:1	-	LION:0000094
LION_HEADGROUP_WITH_NEUTRAL_CHARGE	TG 16:0_28:2	TG 16:0_28:2	-	LION:0000094
LION_HEADGROUP_WITH_NEUTRAL_CHARGE	TG 16:0_30:2	TG 16:0_30:2	-	LION:0000094
LION_HEADGROUP_WITH_NEUTRAL_CHARGE	TG 16:0_32:0	TG 16:0_32:0	-	LION:0000094
LION_HEADGROUP_WITH_NEUTRAL_CHARGE	TG 16:0_32:1	TG 16:0_32:1	-	LION:0000094
LION_HEADGROUP_WITH_NEUTRAL_CHARGE	TG 16:0_32:2	TG 16:0_32:2	-	LION:0000094
LION_HEADGROUP_WITH_NEUTRAL_CHARGE	TG 16:0_32:3	TG 16:0_32:3	-	LION:0000094
LION_HEADGROUP_WITH_NEUTRAL_CHARGE	TG 16:0_33:1	TG 16:0_33:1	-	LION:0000094
LION_HEADGROUP_WITH_NEUTRAL_CHARGE	TG 16:0_33:2	TG 16:0_33:2	-	LION:0000094
LION_HEADGROUP_WITH_NEUTRAL_CHARGE	TG 16:0_34:0	TG 16:0_34:0	-	LION:0000094
LION_HEADGROUP_WITH_NEUTRAL_CHARGE	TG 16:0_34:1	TG 16:0_34:1	-	LION:0000094
LION_HEADGROUP_WITH_NEUTRAL_CHARGE	TG 16:0_34:2	TG 16:0_34:2	-	LION:0000094
LION_HEADGROUP_WITH_NEUTRAL_CHARGE	TG 16:0_34:3	TG 16:0_34:3	-	LION:0000094
LION_HEADGROUP_WITH_NEUTRAL_CHARGE	TG 16:0_34:4	TG 16:0_34:4	-	LION:0000094
LION_HEADGROUP_WITH_NEUTRAL_CHARGE	TG 16:0_35:1	TG 16:0_35:1	-	LION:0000094
LION_HEADGROUP_WITH_NEUTRAL_CHARGE	TG 16:0_35:2	TG 16:0_35:2	-	LION:0000094
LION_HEADGROUP_WITH_NEUTRAL_CHARGE	TG 16:0_35:3	TG 16:0_35:3	-	LION:0000094
LION_HEADGROUP_WITH_NEUTRAL_CHARGE	TG 16:0_36:2	TG 16:0_36:2	-	LION:0000094
LION_HEADGROUP_WITH_NEUTRAL_CHARGE	TG 16:0_36:3	TG 16:0_36:3	-	LION:0000094
LION_HEADGROUP_WITH_NEUTRAL_CHARGE	TG 16:0_36:4	TG 16:0_36:4	-	LION:0000094
LION_HEADGROUP_WITH_NEUTRAL_CHARGE	TG 16:0_36:5	TG 16:0_36:5	-	LION:0000094
LION_HEADGROUP_WITH_NEUTRAL_CHARGE	TG 16:0_36:6	TG 16:0_36:6	-	LION:0000094
LION_HEADGROUP_WITH_NEUTRAL_CHARGE	TG 16:0_37:3	TG 16:0_37:3	-	LION:0000094
LION_HEADGROUP_WITH_NEUTRAL_CHARGE	TG 16:0_38:1	TG 16:0_38:1	-	LION:0000094
LION_HEADGROUP_WITH_NEUTRAL_CHARGE	TG 16:0_38:2	TG 16:0_38:2	-	LION:0000094
LION_HEADGROUP_WITH_NEUTRAL_CHARGE	TG 16:0_38:3	TG 16:0_38:3	-	LION:0000094
LION_HEADGROUP_WITH_NEUTRAL_CHARGE	TG 16:0_38:4	TG 16:0_38:4	-	LION:0000094
LION_HEADGROUP_WITH_NEUTRAL_CHARGE	TG 16:0_38:5	TG 16:0_38:5	-	LION:0000094
LION_HEADGROUP_WITH_NEUTRAL_CHARGE	TG 16:0_38:6	TG 16:0_38:6	-	LION:0000094
LION_HEADGROUP_WITH_NEUTRAL_CHARGE	TG 16:0_38:7	TG 16:0_38:7	-	LION:0000094
LION_HEADGROUP_WITH_NEUTRAL_CHARGE	TG 16:0_40:6	TG 16:0_40:6	-	LION:0000094
LION_HEADGROUP_WITH_NEUTRAL_CHARGE	TG 16:0_40:7	TG 16:0_40:7	-	LION:0000094
LION_HEADGROUP_WITH_NEUTRAL_CHARGE	TG 16:0_40:8	TG 16:0_40:8	-	LION:0000094
LION_HEADGROUP_WITH_NEUTRAL_CHARGE	TG 16:1_28:0	TG 16:1_28:0	-	LION:0000094
LION_HEADGROUP_WITH_NEUTRAL_CHARGE	TG 16:1_30:1	TG 16:1_30:1	-	LION:0000094
LION_HEADGROUP_WITH_NEUTRAL_CHARGE	TG 16:1_32:0	TG 16:1_32:0	-	LION:0000094
LION_HEADGROUP_WITH_NEUTRAL_CHARGE	TG 16:1_32:1	TG 16:1_32:1	-	LION:0000094
LION_HEADGROUP_WITH_NEUTRAL_CHARGE	TG 16:1_32:2	TG 16:1_32:2	-	LION:0000094
LION_HEADGROUP_WITH_NEUTRAL_CHARGE	TG 16:1_33:1	TG 16:1_33:1	-	LION:0000094
LION_HEADGROUP_WITH_NEUTRAL_CHARGE	TG 16:1_34:0	TG 16:1_34:0	-	LION:0000094
LION_HEADGROUP_WITH_NEUTRAL_CHARGE	TG 16:1_34:1	TG 16:1_34:1	-	LION:0000094
LION_HEADGROUP_WITH_NEUTRAL_CHARGE	TG 16:1_34:2	TG 16:1_34:2	-	LION:0000094
LION_HEADGROUP_WITH_NEUTRAL_CHARGE	TG 16:1_34:3	TG 16:1_34:3	-	LION:0000094
LION_HEADGROUP_WITH_NEUTRAL_CHARGE	TG 16:1_36:1	TG 16:1_36:1	-	LION:0000094
LION_HEADGROUP_WITH_NEUTRAL_CHARGE	TG 16:1_36:2	TG 16:1_36:2	-	LION:0000094
LION_HEADGROUP_WITH_NEUTRAL_CHARGE	TG 16:1_36:3	TG 16:1_36:3	-	LION:0000094
LION_HEADGROUP_WITH_NEUTRAL_CHARGE	TG 16:1_36:4	TG 16:1_36:4	-	LION:0000094
LION_HEADGROUP_WITH_NEUTRAL_CHARGE	TG 16:1_36:5	TG 16:1_36:5	-	LION:0000094
LION_HEADGROUP_WITH_NEUTRAL_CHARGE	TG 16:1_38:3	TG 16:1_38:3	-	LION:0000094
LION_HEADGROUP_WITH_NEUTRAL_CHARGE	TG 16:1_38:4	TG 16:1_38:4	-	LION:0000094
LION_HEADGROUP_WITH_NEUTRAL_CHARGE	TG 16:1_38:5	TG 16:1_38:5	-	LION:0000094
LION_HEADGROUP_WITH_NEUTRAL_CHARGE	TG 17:0_32:1	TG 17:0_32:1	-	LION:0000094
LION_HEADGROUP_WITH_NEUTRAL_CHARGE	TG 17:0_34:1	TG 17:0_34:1	-	LION:0000094
LION_HEADGROUP_WITH_NEUTRAL_CHARGE	TG 17:0_34:2	TG 17:0_34:2	-	LION:0000094
LION_HEADGROUP_WITH_NEUTRAL_CHARGE	TG 17:0_34:3	TG 17:0_34:3	-	LION:0000094
LION_HEADGROUP_WITH_NEUTRAL_CHARGE	TG 17:0_36:3	TG 17:0_36:3	-	LION:0000094
LION_HEADGROUP_WITH_NEUTRAL_CHARGE	TG 17:0_36:4	TG 17:0_36:4	-	LION:0000094
LION_HEADGROUP_WITH_NEUTRAL_CHARGE	TG 17:1_32:1	TG 17:1_32:1	-	LION:0000094
LION_HEADGROUP_WITH_NEUTRAL_CHARGE	TG 17:1_34:1	TG 17:1_34:1	-	LION:0000094
LION_HEADGROUP_WITH_NEUTRAL_CHARGE	TG 17:1_34:2	TG 17:1_34:2	-	LION:0000094
LION_HEADGROUP_WITH_NEUTRAL_CHARGE	TG 17:1_34:3	TG 17:1_34:3	-	LION:0000094
LION_HEADGROUP_WITH_NEUTRAL_CHARGE	TG 17:1_36:3	TG 17:1_36:3	-	LION:0000094
LION_HEADGROUP_WITH_NEUTRAL_CHARGE	TG 17:1_36:4	TG 17:1_36:4	-	LION:0000094
LION_HEADGROUP_WITH_NEUTRAL_CHARGE	TG 17:1_36:5	TG 17:1_36:5	-	LION:0000094
LION_HEADGROUP_WITH_NEUTRAL_CHARGE	TG 17:1_38:5	TG 17:1_38:5	-	LION:0000094
LION_HEADGROUP_WITH_NEUTRAL_CHARGE	TG 17:1_38:6	TG 17:1_38:6	-	LION:0000094
LION_HEADGROUP_WITH_NEUTRAL_CHARGE	TG 17:1_38:7	TG 17:1_38:7	-	LION:0000094
LION_HEADGROUP_WITH_NEUTRAL_CHARGE	TG 17:2_34:2	TG 17:2_34:2	-	LION:0000094
LION_HEADGROUP_WITH_NEUTRAL_CHARGE	TG 17:2_34:3	TG 17:2_34:3	-	LION:0000094
LION_HEADGROUP_WITH_NEUTRAL_CHARGE	TG 17:2_36:2	TG 17:2_36:2	-	LION:0000094
LION_HEADGROUP_WITH_NEUTRAL_CHARGE	TG 17:2_36:3	TG 17:2_36:3	-	LION:0000094
LION_HEADGROUP_WITH_NEUTRAL_CHARGE	TG 17:2_36:4	TG 17:2_36:4	-	LION:0000094
LION_HEADGROUP_WITH_NEUTRAL_CHARGE	TG 17:2_38:5	TG 17:2_38:5	-	LION:0000094
LION_HEADGROUP_WITH_NEUTRAL_CHARGE	TG 17:2_38:6	TG 17:2_38:6	-	LION:0000094
LION_HEADGROUP_WITH_NEUTRAL_CHARGE	TG 17:2_38:7	TG 17:2_38:7	-	LION:0000094
LION_HEADGROUP_WITH_NEUTRAL_CHARGE	TG 18:0_30:0	TG 18:0_30:0	-	LION:0000094
LION_HEADGROUP_WITH_NEUTRAL_CHARGE	TG 18:0_30:1	TG 18:0_30:1	-	LION:0000094
LION_HEADGROUP_WITH_NEUTRAL_CHARGE	TG 18:0_32:0	TG 18:0_32:0	-	LION:0000094
LION_HEADGROUP_WITH_NEUTRAL_CHARGE	TG 18:0_32:1	TG 18:0_32:1	-	LION:0000094
LION_HEADGROUP_WITH_NEUTRAL_CHARGE	TG 18:0_32:2	TG 18:0_32:2	-	LION:0000094
LION_HEADGROUP_WITH_NEUTRAL_CHARGE	TG 18:0_34:2	TG 18:0_34:2	-	LION:0000094
LION_HEADGROUP_WITH_NEUTRAL_CHARGE	TG 18:0_34:3	TG 18:0_34:3	-	LION:0000094
LION_HEADGROUP_WITH_NEUTRAL_CHARGE	TG 18:0_36:1	TG 18:0_36:1	-	LION:0000094
LION_HEADGROUP_WITH_NEUTRAL_CHARGE	TG 18:0_36:2	TG 18:0_36:2	-	LION:0000094
LION_HEADGROUP_WITH_NEUTRAL_CHARGE	TG 18:0_36:3	TG 18:0_36:3	-	LION:0000094
LION_HEADGROUP_WITH_NEUTRAL_CHARGE	TG 18:0_36:4	TG 18:0_36:4	-	LION:0000094
LION_HEADGROUP_WITH_NEUTRAL_CHARGE	TG 18:0_36:5	TG 18:0_36:5	-	LION:0000094
LION_HEADGROUP_WITH_NEUTRAL_CHARGE	TG 18:0_38:6	TG 18:0_38:6	-	LION:0000094
LION_HEADGROUP_WITH_NEUTRAL_CHARGE	TG 18:0_38:7	TG 18:0_38:7	-	LION:0000094
LION_HEADGROUP_WITH_NEUTRAL_CHARGE	TG 18:1_26:0	TG 18:1_26:0	-	LION:0000094
LION_HEADGROUP_WITH_NEUTRAL_CHARGE	TG 18:1_28:1	TG 18:1_28:1	-	LION:0000094
LION_HEADGROUP_WITH_NEUTRAL_CHARGE	TG 18:1_30:0	TG 18:1_30:0	-	LION:0000094
LION_HEADGROUP_WITH_NEUTRAL_CHARGE	TG 18:1_30:1	TG 18:1_30:1	-	LION:0000094
LION_HEADGROUP_WITH_NEUTRAL_CHARGE	TG 18:1_30:2	TG 18:1_30:2	-	LION:0000094
LION_HEADGROUP_WITH_NEUTRAL_CHARGE	TG 18:1_31:0	TG 18:1_31:0	-	LION:0000094
LION_HEADGROUP_WITH_NEUTRAL_CHARGE	TG 18:1_32:0	TG 18:1_32:0	-	LION:0000094
LION_HEADGROUP_WITH_NEUTRAL_CHARGE	TG 18:1_32:1	TG 18:1_32:1	-	LION:0000094
LION_HEADGROUP_WITH_NEUTRAL_CHARGE	TG 18:1_32:2	TG 18:1_32:2	-	LION:0000094
LION_HEADGROUP_WITH_NEUTRAL_CHARGE	TG 18:1_32:3	TG 18:1_32:3	-	LION:0000094
LION_HEADGROUP_WITH_NEUTRAL_CHARGE	TG 18:1_33:0	TG 18:1_33:0	-	LION:0000094
LION_HEADGROUP_WITH_NEUTRAL_CHARGE	TG 18:1_33:1	TG 18:1_33:1	-	LION:0000094
LION_HEADGROUP_WITH_NEUTRAL_CHARGE	TG 18:1_33:2	TG 18:1_33:2	-	LION:0000094
LION_HEADGROUP_WITH_NEUTRAL_CHARGE	TG 18:1_33:3	TG 18:1_33:3	-	LION:0000094
LION_HEADGROUP_WITH_NEUTRAL_CHARGE	TG 18:1_34:1	TG 18:1_34:1	-	LION:0000094
LION_HEADGROUP_WITH_NEUTRAL_CHARGE	TG 18:1_34:2	TG 18:1_34:2	-	LION:0000094
LION_HEADGROUP_WITH_NEUTRAL_CHARGE	TG 18:1_34:3	TG 18:1_34:3	-	LION:0000094
LION_HEADGROUP_WITH_NEUTRAL_CHARGE	TG 18:1_34:4	TG 18:1_34:4	-	LION:0000094
LION_HEADGROUP_WITH_NEUTRAL_CHARGE	TG 18:1_35:2	TG 18:1_35:2	-	LION:0000094
LION_HEADGROUP_WITH_NEUTRAL_CHARGE	TG 18:1_35:3	TG 18:1_35:3	-	LION:0000094
LION_HEADGROUP_WITH_NEUTRAL_CHARGE	TG 18:1_36:0	TG 18:1_36:0	-	LION:0000094
LION_HEADGROUP_WITH_NEUTRAL_CHARGE	TG 18:1_36:1	TG 18:1_36:1	-	LION:0000094
LION_HEADGROUP_WITH_NEUTRAL_CHARGE	TG 18:1_36:2	TG 18:1_36:2	-	LION:0000094
LION_HEADGROUP_WITH_NEUTRAL_CHARGE	TG 18:1_36:3	TG 18:1_36:3	-	LION:0000094
LION_HEADGROUP_WITH_NEUTRAL_CHARGE	TG 18:1_36:4	TG 18:1_36:4	-	LION:0000094
LION_HEADGROUP_WITH_NEUTRAL_CHARGE	TG 18:1_36:5	TG 18:1_36:5	-	LION:0000094
LION_HEADGROUP_WITH_NEUTRAL_CHARGE	TG 18:1_36:6	TG 18:1_36:6	-	LION:0000094
LION_HEADGROUP_WITH_NEUTRAL_CHARGE	TG 18:1_38:5	TG 18:1_38:5	-	LION:0000094
LION_HEADGROUP_WITH_NEUTRAL_CHARGE	TG 18:1_38:6	TG 18:1_38:6	-	LION:0000094
LION_HEADGROUP_WITH_NEUTRAL_CHARGE	TG 18:1_38:7	TG 18:1_38:7	-	LION:0000094
LION_HEADGROUP_WITH_NEUTRAL_CHARGE	TG 18:2_28:0	TG 18:2_28:0	-	LION:0000094
LION_HEADGROUP_WITH_NEUTRAL_CHARGE	TG 18:2_30:0	TG 18:2_30:0	-	LION:0000094
LION_HEADGROUP_WITH_NEUTRAL_CHARGE	TG 18:2_30:1	TG 18:2_30:1	-	LION:0000094
LION_HEADGROUP_WITH_NEUTRAL_CHARGE	TG 18:2_31:0	TG 18:2_31:0	-	LION:0000094
LION_HEADGROUP_WITH_NEUTRAL_CHARGE	TG 18:2_32:0	TG 18:2_32:0	-	LION:0000094
LION_HEADGROUP_WITH_NEUTRAL_CHARGE	TG 18:2_32:1	TG 18:2_32:1	-	LION:0000094
LION_HEADGROUP_WITH_NEUTRAL_CHARGE	TG 18:2_32:2	TG 18:2_32:2	-	LION:0000094
LION_HEADGROUP_WITH_NEUTRAL_CHARGE	TG 18:2_33:0	TG 18:2_33:0	-	LION:0000094
LION_HEADGROUP_WITH_NEUTRAL_CHARGE	TG 18:2_33:1	TG 18:2_33:1	-	LION:0000094
LION_HEADGROUP_WITH_NEUTRAL_CHARGE	TG 18:2_33:2	TG 18:2_33:2	-	LION:0000094
LION_HEADGROUP_WITH_NEUTRAL_CHARGE	TG 18:2_34:1	TG 18:2_34:1	-	LION:0000094
LION_HEADGROUP_WITH_NEUTRAL_CHARGE	TG 18:2_34:2	TG 18:2_34:2	-	LION:0000094
LION_HEADGROUP_WITH_NEUTRAL_CHARGE	TG 18:2_34:3	TG 18:2_34:3	-	LION:0000094
LION_HEADGROUP_WITH_NEUTRAL_CHARGE	TG 18:2_34:4	TG 18:2_34:4	-	LION:0000094
LION_HEADGROUP_WITH_NEUTRAL_CHARGE	TG 18:2_35:1	TG 18:2_35:1	-	LION:0000094
LION_HEADGROUP_WITH_NEUTRAL_CHARGE	TG 18:2_35:2	TG 18:2_35:2	-	LION:0000094
LION_HEADGROUP_WITH_NEUTRAL_CHARGE	TG 18:2_35:3	TG 18:2_35:3	-	LION:0000094
LION_HEADGROUP_WITH_NEUTRAL_CHARGE	TG 18:2_36:0	TG 18:2_36:0	-	LION:0000094
LION_HEADGROUP_WITH_NEUTRAL_CHARGE	TG 18:2_36:1	TG 18:2_36:1	-	LION:0000094
LION_HEADGROUP_WITH_NEUTRAL_CHARGE	TG 18:2_36:2	TG 18:2_36:2	-	LION:0000094
LION_HEADGROUP_WITH_NEUTRAL_CHARGE	TG 18:2_36:3	TG 18:2_36:3	-	LION:0000094
LION_HEADGROUP_WITH_NEUTRAL_CHARGE	TG 18:2_36:4	TG 18:2_36:4	-	LION:0000094
LION_HEADGROUP_WITH_NEUTRAL_CHARGE	TG 18:2_36:5	TG 18:2_36:5	-	LION:0000094
LION_HEADGROUP_WITH_NEUTRAL_CHARGE	TG 18:2_38:4	TG 18:2_38:4	-	LION:0000094
LION_HEADGROUP_WITH_NEUTRAL_CHARGE	TG 18:2_38:5	TG 18:2_38:5	-	LION:0000094
LION_HEADGROUP_WITH_NEUTRAL_CHARGE	TG 18:2_38:6	TG 18:2_38:6	-	LION:0000094
LION_HEADGROUP_WITH_NEUTRAL_CHARGE	TG 18:3_30:0	TG 18:3_30:0	-	LION:0000094
LION_HEADGROUP_WITH_NEUTRAL_CHARGE	TG 18:3_32:0	TG 18:3_32:0	-	LION:0000094
LION_HEADGROUP_WITH_NEUTRAL_CHARGE	TG 18:3_32:1	TG 18:3_32:1	-	LION:0000094
LION_HEADGROUP_WITH_NEUTRAL_CHARGE	TG 18:3_33:2	TG 18:3_33:2	-	LION:0000094
LION_HEADGROUP_WITH_NEUTRAL_CHARGE	TG 18:3_34:0	TG 18:3_34:0	-	LION:0000094
LION_HEADGROUP_WITH_NEUTRAL_CHARGE	TG 18:3_34:1	TG 18:3_34:1	-	LION:0000094
LION_HEADGROUP_WITH_NEUTRAL_CHARGE	TG 18:3_34:2	TG 18:3_34:2	-	LION:0000094
LION_HEADGROUP_WITH_NEUTRAL_CHARGE	TG 18:3_34:3	TG 18:3_34:3	-	LION:0000094
LION_HEADGROUP_WITH_NEUTRAL_CHARGE	TG 18:3_35:2	TG 18:3_35:2	-	LION:0000094
LION_HEADGROUP_WITH_NEUTRAL_CHARGE	TG 18:3_36:1	TG 18:3_36:1	-	LION:0000094
LION_HEADGROUP_WITH_NEUTRAL_CHARGE	TG 18:3_36:2	TG 18:3_36:2	-	LION:0000094
LION_HEADGROUP_WITH_NEUTRAL_CHARGE	TG 18:3_36:3	TG 18:3_36:3	-	LION:0000094
LION_HEADGROUP_WITH_NEUTRAL_CHARGE	TG 18:3_36:4	TG 18:3_36:4	-	LION:0000094
LION_HEADGROUP_WITH_NEUTRAL_CHARGE	TG 18:3_38:5	TG 18:3_38:5	-	LION:0000094
LION_HEADGROUP_WITH_NEUTRAL_CHARGE	TG 18:3_38:6	TG 18:3_38:6	-	LION:0000094
LION_HEADGROUP_WITH_NEUTRAL_CHARGE	TG 20:0_32:3	TG 20:0_32:3	-	LION:0000094
LION_HEADGROUP_WITH_NEUTRAL_CHARGE	TG 20:0_32:4	TG 20:0_32:4	-	LION:0000094
LION_HEADGROUP_WITH_NEUTRAL_CHARGE	TG 20:0_34:1	TG 20:0_34:1	-	LION:0000094
LION_HEADGROUP_WITH_NEUTRAL_CHARGE	TG 20:1_26:1	TG 20:1_26:1	-	LION:0000094
LION_HEADGROUP_WITH_NEUTRAL_CHARGE	TG 20:1_30:1	TG 20:1_30:1	-	LION:0000094
LION_HEADGROUP_WITH_NEUTRAL_CHARGE	TG 20:1_31:0	TG 20:1_31:0	-	LION:0000094
LION_HEADGROUP_WITH_NEUTRAL_CHARGE	TG 20:1_32:0	TG 20:1_32:0	-	LION:0000094
LION_HEADGROUP_WITH_NEUTRAL_CHARGE	TG 20:1_32:1	TG 20:1_32:1	-	LION:0000094
LION_HEADGROUP_WITH_NEUTRAL_CHARGE	TG 20:1_32:2	TG 20:1_32:2	-	LION:0000094
LION_HEADGROUP_WITH_NEUTRAL_CHARGE	TG 20:1_32:3	TG 20:1_32:3	-	LION:0000094
LION_HEADGROUP_WITH_NEUTRAL_CHARGE	TG 20:1_34:0	TG 20:1_34:0	-	LION:0000094
LION_HEADGROUP_WITH_NEUTRAL_CHARGE	TG 20:1_34:1	TG 20:1_34:1	-	LION:0000094
LION_HEADGROUP_WITH_NEUTRAL_CHARGE	TG 20:1_34:2	TG 20:1_34:2	-	LION:0000094
LION_HEADGROUP_WITH_NEUTRAL_CHARGE	TG 20:1_34:3	TG 20:1_34:3	-	LION:0000094
LION_HEADGROUP_WITH_NEUTRAL_CHARGE	TG 20:2_32:0	TG 20:2_32:0	-	LION:0000094
LION_HEADGROUP_WITH_NEUTRAL_CHARGE	TG 20:2_32:1	TG 20:2_32:1	-	LION:0000094
LION_HEADGROUP_WITH_NEUTRAL_CHARGE	TG 20:2_34:1	TG 20:2_34:1	-	LION:0000094
LION_HEADGROUP_WITH_NEUTRAL_CHARGE	TG 20:2_34:2	TG 20:2_34:2	-	LION:0000094
LION_HEADGROUP_WITH_NEUTRAL_CHARGE	TG 20:2_34:3	TG 20:2_34:3	-	LION:0000094
LION_HEADGROUP_WITH_NEUTRAL_CHARGE	TG 20:2_34:4	TG 20:2_34:4	-	LION:0000094
LION_HEADGROUP_WITH_NEUTRAL_CHARGE	TG 20:2_36:5	TG 20:2_36:5	-	LION:0000094
LION_HEADGROUP_WITH_NEUTRAL_CHARGE	TG 20:3_32:0	TG 20:3_32:0	-	LION:0000094
LION_HEADGROUP_WITH_NEUTRAL_CHARGE	TG 20:3_32:1	TG 20:3_32:1	-	LION:0000094
LION_HEADGROUP_WITH_NEUTRAL_CHARGE	TG 20:3_32:2	TG 20:3_32:2	-	LION:0000094
LION_HEADGROUP_WITH_NEUTRAL_CHARGE	TG 20:3_34:0	TG 20:3_34:0	-	LION:0000094
LION_HEADGROUP_WITH_NEUTRAL_CHARGE	TG 20:3_34:1	TG 20:3_34:1	-	LION:0000094
LION_HEADGROUP_WITH_NEUTRAL_CHARGE	TG 20:3_34:2	TG 20:3_34:2	-	LION:0000094
LION_HEADGROUP_WITH_NEUTRAL_CHARGE	TG 20:3_34:3	TG 20:3_34:3	-	LION:0000094
LION_HEADGROUP_WITH_NEUTRAL_CHARGE	TG 20:3_36:3	TG 20:3_36:3	-	LION:0000094
LION_HEADGROUP_WITH_NEUTRAL_CHARGE	TG 20:3_36:4	TG 20:3_36:4	-	LION:0000094
LION_HEADGROUP_WITH_NEUTRAL_CHARGE	TG 20:3_36:5	TG 20:3_36:5	-	LION:0000094
LION_HEADGROUP_WITH_NEUTRAL_CHARGE	TG 20:4_30:0	TG 20:4_30:0	-	LION:0000094
LION_HEADGROUP_WITH_NEUTRAL_CHARGE	TG 20:4_32:0	TG 20:4_32:0	-	LION:0000094
LION_HEADGROUP_WITH_NEUTRAL_CHARGE	TG 20:4_32:1	TG 20:4_32:1	-	LION:0000094
LION_HEADGROUP_WITH_NEUTRAL_CHARGE	TG 20:4_32:2	TG 20:4_32:2	-	LION:0000094
LION_HEADGROUP_WITH_NEUTRAL_CHARGE	TG 20:4_33:2	TG 20:4_33:2	-	LION:0000094
LION_HEADGROUP_WITH_NEUTRAL_CHARGE	TG 20:4_34:0	TG 20:4_34:0	-	LION:0000094
LION_HEADGROUP_WITH_NEUTRAL_CHARGE	TG 20:4_34:1	TG 20:4_34:1	-	LION:0000094
LION_HEADGROUP_WITH_NEUTRAL_CHARGE	TG 20:4_34:2	TG 20:4_34:2	-	LION:0000094
LION_HEADGROUP_WITH_NEUTRAL_CHARGE	TG 20:4_34:3	TG 20:4_34:3	-	LION:0000094
LION_HEADGROUP_WITH_NEUTRAL_CHARGE	TG 20:4_35:3	TG 20:4_35:3	-	LION:0000094
LION_HEADGROUP_WITH_NEUTRAL_CHARGE	TG 20:4_36:2	TG 20:4_36:2	-	LION:0000094
LION_HEADGROUP_WITH_NEUTRAL_CHARGE	TG 20:4_36:3	TG 20:4_36:3	-	LION:0000094
LION_HEADGROUP_WITH_NEUTRAL_CHARGE	TG 20:4_36:4	TG 20:4_36:4	-	LION:0000094
LION_HEADGROUP_WITH_NEUTRAL_CHARGE	TG 20:4_36:5	TG 20:4_36:5	-	LION:0000094
LION_HEADGROUP_WITH_NEUTRAL_CHARGE	TG 20:5_34:0	TG 20:5_34:0	-	LION:0000094
LION_HEADGROUP_WITH_NEUTRAL_CHARGE	TG 20:5_34:1	TG 20:5_34:1	-	LION:0000094
LION_HEADGROUP_WITH_NEUTRAL_CHARGE	TG 20:5_34:2	TG 20:5_34:2	-	LION:0000094
LION_HEADGROUP_WITH_NEUTRAL_CHARGE	TG 20:5_36:2	TG 20:5_36:2	-	LION:0000094
LION_HEADGROUP_WITH_NEUTRAL_CHARGE	TG 20:5_36:3	TG 20:5_36:3	-	LION:0000094
LION_HEADGROUP_WITH_NEUTRAL_CHARGE	TG 22:0_32:4	TG 22:0_32:4	-	LION:0000094
LION_HEADGROUP_WITH_NEUTRAL_CHARGE	TG 22:1_32:5	TG 22:1_32:5	-	LION:0000094
LION_HEADGROUP_WITH_NEUTRAL_CHARGE	TG 22:2_32:4	TG 22:2_32:4	-	LION:0000094
LION_HEADGROUP_WITH_NEUTRAL_CHARGE	TG 22:3_30:2	TG 22:3_30:2	-	LION:0000094
LION_HEADGROUP_WITH_NEUTRAL_CHARGE	TG 22:4_32:0	TG 22:4_32:0	-	LION:0000094
LION_HEADGROUP_WITH_NEUTRAL_CHARGE	TG 22:4_32:2	TG 22:4_32:2	-	LION:0000094
LION_HEADGROUP_WITH_NEUTRAL_CHARGE	TG 22:4_34:2	TG 22:4_34:2	-	LION:0000094
LION_HEADGROUP_WITH_NEUTRAL_CHARGE	TG 22:5_32:0	TG 22:5_32:0	-	LION:0000094
LION_HEADGROUP_WITH_NEUTRAL_CHARGE	TG 22:5_32:1	TG 22:5_32:1	-	LION:0000094
LION_HEADGROUP_WITH_NEUTRAL_CHARGE	TG 22:5_34:1	TG 22:5_34:1	-	LION:0000094
LION_HEADGROUP_WITH_NEUTRAL_CHARGE	TG 22:5_34:2	TG 22:5_34:2	-	LION:0000094
LION_HEADGROUP_WITH_NEUTRAL_CHARGE	TG 22:5_34:3	TG 22:5_34:3	-	LION:0000094
LION_HEADGROUP_WITH_NEUTRAL_CHARGE	TG 22:6_32:0	TG 22:6_32:0	-	LION:0000094
LION_HEADGROUP_WITH_NEUTRAL_CHARGE	TG 22:6_32:1	TG 22:6_32:1	-	LION:0000094
LION_HEADGROUP_WITH_NEUTRAL_CHARGE	TG 22:6_34:1	TG 22:6_34:1	-	LION:0000094
LION_HEADGROUP_WITH_NEUTRAL_CHARGE	TG 22:6_34:2	TG 22:6_34:2	-	LION:0000094
LION_HEADGROUP_WITH_NEUTRAL_CHARGE	TG 22:6_34:3	TG 22:6_34:3	-	LION:0000094
LION_HEADGROUP_WITH_POSITIVE_CHARGE_ZWITTER_ION	LPC 14:0	LPC 14:0	-	LION:0000095
LION_HEADGROUP_WITH_POSITIVE_CHARGE_ZWITTER_ION	LPC 16:0	LPC 16:0	-	LION:0000095
LION_HEADGROUP_WITH_POSITIVE_CHARGE_ZWITTER_ION	LPC 16:1	LPC 16:1	-	LION:0000095
LION_HEADGROUP_WITH_POSITIVE_CHARGE_ZWITTER_ION	LPC 17:0	LPC 17:0	-	LION:0000095
LION_HEADGROUP_WITH_POSITIVE_CHARGE_ZWITTER_ION	LPC 18:0	LPC 18:0	-	LION:0000095
LION_HEADGROUP_WITH_POSITIVE_CHARGE_ZWITTER_ION	LPC 18:1	LPC 18:1	-	LION:0000095
LION_HEADGROUP_WITH_POSITIVE_CHARGE_ZWITTER_ION	LPC 18:2	LPC 18:2	-	LION:0000095
LION_HEADGROUP_WITH_POSITIVE_CHARGE_ZWITTER_ION	LPC 20:3	LPC 20:3	-	LION:0000095
LION_HEADGROUP_WITH_POSITIVE_CHARGE_ZWITTER_ION	LPC 20:4	LPC 20:4	-	LION:0000095
LION_HEADGROUP_WITH_POSITIVE_CHARGE_ZWITTER_ION	LPE 14:0	LPE 14:0	-	LION:0000095
LION_HEADGROUP_WITH_POSITIVE_CHARGE_ZWITTER_ION	LPE 14:1	LPE 14:1	-	LION:0000095
LION_HEADGROUP_WITH_POSITIVE_CHARGE_ZWITTER_ION	LPE 15:0	LPE 15:0	-	LION:0000095
LION_HEADGROUP_WITH_POSITIVE_CHARGE_ZWITTER_ION	LPE 16:0	LPE 16:0	-	LION:0000095
LION_HEADGROUP_WITH_POSITIVE_CHARGE_ZWITTER_ION	LPE 16:1	LPE 16:1	-	LION:0000095
LION_HEADGROUP_WITH_POSITIVE_CHARGE_ZWITTER_ION	LPE 17:0	LPE 17:0	-	LION:0000095
LION_HEADGROUP_WITH_POSITIVE_CHARGE_ZWITTER_ION	LPE 17:1	LPE 17:1	-	LION:0000095
LION_HEADGROUP_WITH_POSITIVE_CHARGE_ZWITTER_ION	LPE 18:0	LPE 18:0	-	LION:0000095
LION_HEADGROUP_WITH_POSITIVE_CHARGE_ZWITTER_ION	LPE 18:1	LPE 18:1	-	LION:0000095
LION_HEADGROUP_WITH_POSITIVE_CHARGE_ZWITTER_ION	LPE 18:2	LPE 18:2	-	LION:0000095
LION_HEADGROUP_WITH_POSITIVE_CHARGE_ZWITTER_ION	LPE 18:3	LPE 18:3	-	LION:0000095
LION_HEADGROUP_WITH_POSITIVE_CHARGE_ZWITTER_ION	LPE 19:0	LPE 19:0	-	LION:0000095
LION_HEADGROUP_WITH_POSITIVE_CHARGE_ZWITTER_ION	LPE 19:1	LPE 19:1	-	LION:0000095
LION_HEADGROUP_WITH_POSITIVE_CHARGE_ZWITTER_ION	LPE 19:2	LPE 19:2	-	LION:0000095
LION_HEADGROUP_WITH_POSITIVE_CHARGE_ZWITTER_ION	LPE 20:0	LPE 20:0	-	LION:0000095
LION_HEADGROUP_WITH_POSITIVE_CHARGE_ZWITTER_ION	LPE 20:1	LPE 20:1	-	LION:0000095
LION_HEADGROUP_WITH_POSITIVE_CHARGE_ZWITTER_ION	LPE 20:2	LPE 20:2	-	LION:0000095
LION_HEADGROUP_WITH_POSITIVE_CHARGE_ZWITTER_ION	LPE 20:3	LPE 20:3	-	LION:0000095
LION_HEADGROUP_WITH_POSITIVE_CHARGE_ZWITTER_ION	LPE 20:4	LPE 20:4	-	LION:0000095
LION_HEADGROUP_WITH_POSITIVE_CHARGE_ZWITTER_ION	LPE 20:5	LPE 20:5	-	LION:0000095
LION_HEADGROUP_WITH_POSITIVE_CHARGE_ZWITTER_ION	LPE 22:0	LPE 22:0	-	LION:0000095
LION_HEADGROUP_WITH_POSITIVE_CHARGE_ZWITTER_ION	LPE 22:1	LPE 22:1	-	LION:0000095
LION_HEADGROUP_WITH_POSITIVE_CHARGE_ZWITTER_ION	LPE 22:4	LPE 22:4	-	LION:0000095
LION_HEADGROUP_WITH_POSITIVE_CHARGE_ZWITTER_ION	LPE 22:5	LPE 22:5	-	LION:0000095
LION_HEADGROUP_WITH_POSITIVE_CHARGE_ZWITTER_ION	LPE 22:6	LPE 22:6	-	LION:0000095
LION_HEADGROUP_WITH_POSITIVE_CHARGE_ZWITTER_ION	PC 24:0	PC 24:0	-	LION:0000095
LION_HEADGROUP_WITH_POSITIVE_CHARGE_ZWITTER_ION	PC 26:0	PC 26:0	-	LION:0000095
LION_HEADGROUP_WITH_POSITIVE_CHARGE_ZWITTER_ION	PC 28:1	PC 28:1	-	LION:0000095
LION_HEADGROUP_WITH_POSITIVE_CHARGE_ZWITTER_ION	PC 30:0	PC 30:0	-	LION:0000095
LION_HEADGROUP_WITH_POSITIVE_CHARGE_ZWITTER_ION	PC 32:0	PC 32:0	-	LION:0000095
LION_HEADGROUP_WITH_POSITIVE_CHARGE_ZWITTER_ION	PC 32:1	PC 32:1	-	LION:0000095
LION_HEADGROUP_WITH_POSITIVE_CHARGE_ZWITTER_ION	PC 32:2	PC 32:2	-	LION:0000095
LION_HEADGROUP_WITH_POSITIVE_CHARGE_ZWITTER_ION	PC 32:3	PC 32:3	-	LION:0000095
LION_HEADGROUP_WITH_POSITIVE_CHARGE_ZWITTER_ION	PC 34:1	PC 34:1	-	LION:0000095
LION_HEADGROUP_WITH_POSITIVE_CHARGE_ZWITTER_ION	PC 34:2	PC 34:2	-	LION:0000095
LION_HEADGROUP_WITH_POSITIVE_CHARGE_ZWITTER_ION	PC 34:3	PC 34:3	-	LION:0000095
LION_HEADGROUP_WITH_POSITIVE_CHARGE_ZWITTER_ION	PC 34:4	PC 34:4	-	LION:0000095
LION_HEADGROUP_WITH_POSITIVE_CHARGE_ZWITTER_ION	PC 36:0	PC 36:0	-	LION:0000095
LION_HEADGROUP_WITH_POSITIVE_CHARGE_ZWITTER_ION	PC 36:1	PC 36:1	-	LION:0000095
LION_HEADGROUP_WITH_POSITIVE_CHARGE_ZWITTER_ION	PC 36:2	PC 36:2	-	LION:0000095
LION_HEADGROUP_WITH_POSITIVE_CHARGE_ZWITTER_ION	PC 36:3	PC 36:3	-	LION:0000095
LION_HEADGROUP_WITH_POSITIVE_CHARGE_ZWITTER_ION	PC 36:4	PC 36:4	-	LION:0000095
LION_HEADGROUP_WITH_POSITIVE_CHARGE_ZWITTER_ION	PC 36:5	PC 36:5	-	LION:0000095
LION_HEADGROUP_WITH_POSITIVE_CHARGE_ZWITTER_ION	PC 36:6	PC 36:6	-	LION:0000095
LION_HEADGROUP_WITH_POSITIVE_CHARGE_ZWITTER_ION	PC 38:0	PC 38:0	-	LION:0000095
LION_HEADGROUP_WITH_POSITIVE_CHARGE_ZWITTER_ION	PC 38:3	PC 38:3	-	LION:0000095
LION_HEADGROUP_WITH_POSITIVE_CHARGE_ZWITTER_ION	PC 38:4	PC 38:4	-	LION:0000095
LION_HEADGROUP_WITH_POSITIVE_CHARGE_ZWITTER_ION	PC 38:5	PC 38:5	-	LION:0000095
LION_HEADGROUP_WITH_POSITIVE_CHARGE_ZWITTER_ION	PC 38:6	PC 38:6	-	LION:0000095
LION_HEADGROUP_WITH_POSITIVE_CHARGE_ZWITTER_ION	PC 40:1	PC 40:1	-	LION:0000095
LION_HEADGROUP_WITH_POSITIVE_CHARGE_ZWITTER_ION	PC 40:2	PC 40:2	-	LION:0000095
LION_HEADGROUP_WITH_POSITIVE_CHARGE_ZWITTER_ION	PC 40:3	PC 40:3	-	LION:0000095
LION_HEADGROUP_WITH_POSITIVE_CHARGE_ZWITTER_ION	PC 40:4	PC 40:4	-	LION:0000095
LION_HEADGROUP_WITH_POSITIVE_CHARGE_ZWITTER_ION	PC 40:5	PC 40:5	-	LION:0000095
LION_HEADGROUP_WITH_POSITIVE_CHARGE_ZWITTER_ION	PC 40:6	PC 40:6	-	LION:0000095
LION_HEADGROUP_WITH_POSITIVE_CHARGE_ZWITTER_ION	PC 42:0	PC 42:0	-	LION:0000095
LION_HEADGROUP_WITH_POSITIVE_CHARGE_ZWITTER_ION	PC 42:1	PC 42:1	-	LION:0000095
LION_HEADGROUP_WITH_POSITIVE_CHARGE_ZWITTER_ION	PC 42:2	PC 42:2	-	LION:0000095
LION_HEADGROUP_WITH_POSITIVE_CHARGE_ZWITTER_ION	PC 42:4	PC 42:4	-	LION:0000095
LION_HEADGROUP_WITH_POSITIVE_CHARGE_ZWITTER_ION	PC 42:5	PC 42:5	-	LION:0000095
LION_HEADGROUP_WITH_POSITIVE_CHARGE_ZWITTER_ION	PC 42:6	PC 42:6	-	LION:0000095
LION_HEADGROUP_WITH_POSITIVE_CHARGE_ZWITTER_ION	PC O-28:0	PC O-28:0	-	LION:0000095
LION_HEADGROUP_WITH_POSITIVE_CHARGE_ZWITTER_ION	PC O-28:1	PC O-28:1	-	LION:0000095
LION_HEADGROUP_WITH_POSITIVE_CHARGE_ZWITTER_ION	PC O-30:0	PC O-30:0	-	LION:0000095
LION_HEADGROUP_WITH_POSITIVE_CHARGE_ZWITTER_ION	PC O-30:1	PC O-30:1	-	LION:0000095
LION_HEADGROUP_WITH_POSITIVE_CHARGE_ZWITTER_ION	PC O-30:2	PC O-30:2	-	LION:0000095
LION_HEADGROUP_WITH_POSITIVE_CHARGE_ZWITTER_ION	PC O-32:1	PC O-32:1	-	LION:0000095
LION_HEADGROUP_WITH_POSITIVE_CHARGE_ZWITTER_ION	PC O-32:2	PC O-32:2	-	LION:0000095
LION_HEADGROUP_WITH_POSITIVE_CHARGE_ZWITTER_ION	PC O-34:0	PC O-34:0	-	LION:0000095
LION_HEADGROUP_WITH_POSITIVE_CHARGE_ZWITTER_ION	PC O-34:1	PC O-34:1	-	LION:0000095
LION_HEADGROUP_WITH_POSITIVE_CHARGE_ZWITTER_ION	PC O-34:2	PC O-34:2	-	LION:0000095
LION_HEADGROUP_WITH_POSITIVE_CHARGE_ZWITTER_ION	PC O-34:3	PC O-34:3	-	LION:0000095
LION_HEADGROUP_WITH_POSITIVE_CHARGE_ZWITTER_ION	PC O-36:0	PC O-36:0	-	LION:0000095
LION_HEADGROUP_WITH_POSITIVE_CHARGE_ZWITTER_ION	PC O-36:1	PC O-36:1	-	LION:0000095
LION_HEADGROUP_WITH_POSITIVE_CHARGE_ZWITTER_ION	PC O-36:2	PC O-36:2	-	LION:0000095
LION_HEADGROUP_WITH_POSITIVE_CHARGE_ZWITTER_ION	PC O-36:3	PC O-36:3	-	LION:0000095
LION_HEADGROUP_WITH_POSITIVE_CHARGE_ZWITTER_ION	PC O-36:4	PC O-36:4	-	LION:0000095
LION_HEADGROUP_WITH_POSITIVE_CHARGE_ZWITTER_ION	PC O-36:5	PC O-36:5	-	LION:0000095
LION_HEADGROUP_WITH_POSITIVE_CHARGE_ZWITTER_ION	PC O-38:0	PC O-38:0	-	LION:0000095
LION_HEADGROUP_WITH_POSITIVE_CHARGE_ZWITTER_ION	PC O-38:1	PC O-38:1	-	LION:0000095
LION_HEADGROUP_WITH_POSITIVE_CHARGE_ZWITTER_ION	PC O-38:2	PC O-38:2	-	LION:0000095
LION_HEADGROUP_WITH_POSITIVE_CHARGE_ZWITTER_ION	PC O-38:3	PC O-38:3	-	LION:0000095
LION_HEADGROUP_WITH_POSITIVE_CHARGE_ZWITTER_ION	PC O-38:4	PC O-38:4	-	LION:0000095
LION_HEADGROUP_WITH_POSITIVE_CHARGE_ZWITTER_ION	PC O-38:5	PC O-38:5	-	LION:0000095
LION_HEADGROUP_WITH_POSITIVE_CHARGE_ZWITTER_ION	PC O-38:6	PC O-38:6	-	LION:0000095
LION_HEADGROUP_WITH_POSITIVE_CHARGE_ZWITTER_ION	PC O-40:1	PC O-40:1	-	LION:0000095
LION_HEADGROUP_WITH_POSITIVE_CHARGE_ZWITTER_ION	PC O-40:2	PC O-40:2	-	LION:0000095
LION_HEADGROUP_WITH_POSITIVE_CHARGE_ZWITTER_ION	PC O-40:3	PC O-40:3	-	LION:0000095
LION_HEADGROUP_WITH_POSITIVE_CHARGE_ZWITTER_ION	PC O-40:4	PC O-40:4	-	LION:0000095
LION_HEADGROUP_WITH_POSITIVE_CHARGE_ZWITTER_ION	PC O-40:5	PC O-40:5	-	LION:0000095
LION_HEADGROUP_WITH_POSITIVE_CHARGE_ZWITTER_ION	PC O-40:6	PC O-40:6	-	LION:0000095
LION_HEADGROUP_WITH_POSITIVE_CHARGE_ZWITTER_ION	PC O-42:0	PC O-42:0	-	LION:0000095
LION_HEADGROUP_WITH_POSITIVE_CHARGE_ZWITTER_ION	PC O-42:1	PC O-42:1	-	LION:0000095
LION_HEADGROUP_WITH_POSITIVE_CHARGE_ZWITTER_ION	PC O-42:2	PC O-42:2	-	LION:0000095
LION_HEADGROUP_WITH_POSITIVE_CHARGE_ZWITTER_ION	PC O-42:3	PC O-42:3	-	LION:0000095
LION_HEADGROUP_WITH_POSITIVE_CHARGE_ZWITTER_ION	PC O-42:4	PC O-42:4	-	LION:0000095
LION_HEADGROUP_WITH_POSITIVE_CHARGE_ZWITTER_ION	PC O-42:5	PC O-42:5	-	LION:0000095
LION_HEADGROUP_WITH_POSITIVE_CHARGE_ZWITTER_ION	PC O-44:3	PC O-44:3	-	LION:0000095
LION_HEADGROUP_WITH_POSITIVE_CHARGE_ZWITTER_ION	PC O-44:4	PC O-44:4	-	LION:0000095
LION_HEADGROUP_WITH_POSITIVE_CHARGE_ZWITTER_ION	PC O-44:5	PC O-44:5	-	LION:0000095
LION_HEADGROUP_WITH_POSITIVE_CHARGE_ZWITTER_ION	PC O-44:6	PC O-44:6	-	LION:0000095
LION_HEADGROUP_WITH_POSITIVE_CHARGE_ZWITTER_ION	PE 28:0	PE 28:0	-	LION:0000095
LION_HEADGROUP_WITH_POSITIVE_CHARGE_ZWITTER_ION	PE 28:1	PE 28:1	-	LION:0000095
LION_HEADGROUP_WITH_POSITIVE_CHARGE_ZWITTER_ION	PE 30:0	PE 30:0	-	LION:0000095
LION_HEADGROUP_WITH_POSITIVE_CHARGE_ZWITTER_ION	PE 30:1	PE 30:1	-	LION:0000095
LION_HEADGROUP_WITH_POSITIVE_CHARGE_ZWITTER_ION	PE 31:0	PE 31:0	-	LION:0000095
LION_HEADGROUP_WITH_POSITIVE_CHARGE_ZWITTER_ION	PE 32:0	PE 32:0	-	LION:0000095
LION_HEADGROUP_WITH_POSITIVE_CHARGE_ZWITTER_ION	PE 32:1	PE 32:1	-	LION:0000095
LION_HEADGROUP_WITH_POSITIVE_CHARGE_ZWITTER_ION	PE 32:2	PE 32:2	-	LION:0000095
LION_HEADGROUP_WITH_POSITIVE_CHARGE_ZWITTER_ION	PE 33:0	PE 33:0	-	LION:0000095
LION_HEADGROUP_WITH_POSITIVE_CHARGE_ZWITTER_ION	PE 33:1	PE 33:1	-	LION:0000095
LION_HEADGROUP_WITH_POSITIVE_CHARGE_ZWITTER_ION	PE 33:2	PE 33:2	-	LION:0000095
LION_HEADGROUP_WITH_POSITIVE_CHARGE_ZWITTER_ION	PE 34:0	PE 34:0	-	LION:0000095
LION_HEADGROUP_WITH_POSITIVE_CHARGE_ZWITTER_ION	PE 34:1	PE 34:1	-	LION:0000095
LION_HEADGROUP_WITH_POSITIVE_CHARGE_ZWITTER_ION	PE 34:2	PE 34:2	-	LION:0000095
LION_HEADGROUP_WITH_POSITIVE_CHARGE_ZWITTER_ION	PE 34:3	PE 34:3	-	LION:0000095
LION_HEADGROUP_WITH_POSITIVE_CHARGE_ZWITTER_ION	PE 34:4	PE 34:4	-	LION:0000095
LION_HEADGROUP_WITH_POSITIVE_CHARGE_ZWITTER_ION	PE 35:1	PE 35:1	-	LION:0000095
LION_HEADGROUP_WITH_POSITIVE_CHARGE_ZWITTER_ION	PE 35:2	PE 35:2	-	LION:0000095
LION_HEADGROUP_WITH_POSITIVE_CHARGE_ZWITTER_ION	PE 35:3	PE 35:3	-	LION:0000095
LION_HEADGROUP_WITH_POSITIVE_CHARGE_ZWITTER_ION	PE 36:0	PE 36:0	-	LION:0000095
LION_HEADGROUP_WITH_POSITIVE_CHARGE_ZWITTER_ION	PE 36:1	PE 36:1	-	LION:0000095
LION_HEADGROUP_WITH_POSITIVE_CHARGE_ZWITTER_ION	PE 36:2	PE 36:2	-	LION:0000095
LION_HEADGROUP_WITH_POSITIVE_CHARGE_ZWITTER_ION	PE 36:3	PE 36:3	-	LION:0000095
LION_HEADGROUP_WITH_POSITIVE_CHARGE_ZWITTER_ION	PE 36:4	PE 36:4	-	LION:0000095
LION_HEADGROUP_WITH_POSITIVE_CHARGE_ZWITTER_ION	PE 36:5	PE 36:5	-	LION:0000095
LION_HEADGROUP_WITH_POSITIVE_CHARGE_ZWITTER_ION	PE 36:6	PE 36:6	-	LION:0000095
LION_HEADGROUP_WITH_POSITIVE_CHARGE_ZWITTER_ION	PE 38:0	PE 38:0	-	LION:0000095
LION_HEADGROUP_WITH_POSITIVE_CHARGE_ZWITTER_ION	PE 38:1	PE 38:1	-	LION:0000095
LION_HEADGROUP_WITH_POSITIVE_CHARGE_ZWITTER_ION	PE 38:2	PE 38:2	-	LION:0000095
LION_HEADGROUP_WITH_POSITIVE_CHARGE_ZWITTER_ION	PE 38:3	PE 38:3	-	LION:0000095
LION_HEADGROUP_WITH_POSITIVE_CHARGE_ZWITTER_ION	PE 38:4	PE 38:4	-	LION:0000095
LION_HEADGROUP_WITH_POSITIVE_CHARGE_ZWITTER_ION	PE 38:5	PE 38:5	-	LION:0000095
LION_HEADGROUP_WITH_POSITIVE_CHARGE_ZWITTER_ION	PE 38:6	PE 38:6	-	LION:0000095
LION_HEADGROUP_WITH_POSITIVE_CHARGE_ZWITTER_ION	PE 38:7	PE 38:7	-	LION:0000095
LION_HEADGROUP_WITH_POSITIVE_CHARGE_ZWITTER_ION	PE 40:1	PE 40:1	-	LION:0000095
LION_HEADGROUP_WITH_POSITIVE_CHARGE_ZWITTER_ION	PE 40:3	PE 40:3	-	LION:0000095
LION_HEADGROUP_WITH_POSITIVE_CHARGE_ZWITTER_ION	PE 40:4	PE 40:4	-	LION:0000095
LION_HEADGROUP_WITH_POSITIVE_CHARGE_ZWITTER_ION	PE 40:5	PE 40:5	-	LION:0000095
LION_HEADGROUP_WITH_POSITIVE_CHARGE_ZWITTER_ION	PE 40:6	PE 40:6	-	LION:0000095
LION_HEADGROUP_WITH_POSITIVE_CHARGE_ZWITTER_ION	PE 40:7	PE 40:7	-	LION:0000095
LION_HEADGROUP_WITH_POSITIVE_CHARGE_ZWITTER_ION	PE 40:8	PE 40:8	-	LION:0000095
LION_HEADGROUP_WITH_POSITIVE_CHARGE_ZWITTER_ION	PE 42:7	PE 42:7	-	LION:0000095
LION_HEADGROUP_WITH_POSITIVE_CHARGE_ZWITTER_ION	PE 42:8	PE 42:8	-	LION:0000095
LION_HEADGROUP_WITH_POSITIVE_CHARGE_ZWITTER_ION	PE 44:11	PE 44:11	-	LION:0000095
LION_HEADGROUP_WITH_POSITIVE_CHARGE_ZWITTER_ION	PE 44:12	PE 44:12	-	LION:0000095
LION_HEADGROUP_WITH_POSITIVE_CHARGE_ZWITTER_ION	PE 44:6	PE 44:6	-	LION:0000095
LION_HEADGROUP_WITH_POSITIVE_CHARGE_ZWITTER_ION	PE 44:7	PE 44:7	-	LION:0000095
LION_HEADGROUP_WITH_POSITIVE_CHARGE_ZWITTER_ION	PE P-16:0/14:0	PE P-16:0/14:0	-	LION:0000095
LION_HEADGROUP_WITH_POSITIVE_CHARGE_ZWITTER_ION	PE P-16:0/15:0	PE P-16:0/15:0	-	LION:0000095
LION_HEADGROUP_WITH_POSITIVE_CHARGE_ZWITTER_ION	PE P-16:0/16:0	PE P-16:0/16:0	-	LION:0000095
LION_HEADGROUP_WITH_POSITIVE_CHARGE_ZWITTER_ION	PE P-16:0/16:1	PE P-16:0/16:1	-	LION:0000095
LION_HEADGROUP_WITH_POSITIVE_CHARGE_ZWITTER_ION	PE P-16:0/18:1	PE P-16:0/18:1	-	LION:0000095
LION_HEADGROUP_WITH_POSITIVE_CHARGE_ZWITTER_ION	PE P-16:0/18:2	PE P-16:0/18:2	-	LION:0000095
LION_HEADGROUP_WITH_POSITIVE_CHARGE_ZWITTER_ION	PE P-16:0/18:3	PE P-16:0/18:3	-	LION:0000095
LION_HEADGROUP_WITH_POSITIVE_CHARGE_ZWITTER_ION	PE P-16:0/20:3	PE P-16:0/20:3	-	LION:0000095
LION_HEADGROUP_WITH_POSITIVE_CHARGE_ZWITTER_ION	PE P-16:0/20:4	PE P-16:0/20:4	-	LION:0000095
LION_HEADGROUP_WITH_POSITIVE_CHARGE_ZWITTER_ION	PE P-16:0/20:5	PE P-16:0/20:5	-	LION:0000095
LION_HEADGROUP_WITH_POSITIVE_CHARGE_ZWITTER_ION	PE P-16:0/22:4	PE P-16:0/22:4	-	LION:0000095
LION_HEADGROUP_WITH_POSITIVE_CHARGE_ZWITTER_ION	PE P-16:0/22:5	PE P-16:0/22:5	-	LION:0000095
LION_HEADGROUP_WITH_POSITIVE_CHARGE_ZWITTER_ION	PE P-16:0/22:6	PE P-16:0/22:6	-	LION:0000095
LION_HEADGROUP_WITH_POSITIVE_CHARGE_ZWITTER_ION	PE P-18:0/14:0	PE P-18:0/14:0	-	LION:0000095
LION_HEADGROUP_WITH_POSITIVE_CHARGE_ZWITTER_ION	PE P-18:0/16:0	PE P-18:0/16:0	-	LION:0000095
LION_HEADGROUP_WITH_POSITIVE_CHARGE_ZWITTER_ION	PE P-18:0/16:1	PE P-18:0/16:1	-	LION:0000095
LION_HEADGROUP_WITH_POSITIVE_CHARGE_ZWITTER_ION	PE P-18:0/17:1	PE P-18:0/17:1	-	LION:0000095
LION_HEADGROUP_WITH_POSITIVE_CHARGE_ZWITTER_ION	PE P-18:0/18:0	PE P-18:0/18:0	-	LION:0000095
LION_HEADGROUP_WITH_POSITIVE_CHARGE_ZWITTER_ION	PE P-18:0/18:1	PE P-18:0/18:1	-	LION:0000095
LION_HEADGROUP_WITH_POSITIVE_CHARGE_ZWITTER_ION	PE P-18:0/18:2	PE P-18:0/18:2	-	LION:0000095
LION_HEADGROUP_WITH_POSITIVE_CHARGE_ZWITTER_ION	PE P-18:0/18:3	PE P-18:0/18:3	-	LION:0000095
LION_HEADGROUP_WITH_POSITIVE_CHARGE_ZWITTER_ION	PE P-18:0/19:1	PE P-18:0/19:1	-	LION:0000095
LION_HEADGROUP_WITH_POSITIVE_CHARGE_ZWITTER_ION	PE P-18:0/20:1	PE P-18:0/20:1	-	LION:0000095
LION_HEADGROUP_WITH_POSITIVE_CHARGE_ZWITTER_ION	PE P-18:0/20:2	PE P-18:0/20:2	-	LION:0000095
LION_HEADGROUP_WITH_POSITIVE_CHARGE_ZWITTER_ION	PE P-18:0/20:3	PE P-18:0/20:3	-	LION:0000095
LION_HEADGROUP_WITH_POSITIVE_CHARGE_ZWITTER_ION	PE P-18:0/20:4	PE P-18:0/20:4	-	LION:0000095
LION_HEADGROUP_WITH_POSITIVE_CHARGE_ZWITTER_ION	PE P-18:0/20:5	PE P-18:0/20:5	-	LION:0000095
LION_HEADGROUP_WITH_POSITIVE_CHARGE_ZWITTER_ION	PE P-18:0/22:1	PE P-18:0/22:1	-	LION:0000095
LION_HEADGROUP_WITH_POSITIVE_CHARGE_ZWITTER_ION	PE P-18:0/22:2	PE P-18:0/22:2	-	LION:0000095
LION_HEADGROUP_WITH_POSITIVE_CHARGE_ZWITTER_ION	PE P-18:0/22:3	PE P-18:0/22:3	-	LION:0000095
LION_HEADGROUP_WITH_POSITIVE_CHARGE_ZWITTER_ION	PE P-18:0/22:4	PE P-18:0/22:4	-	LION:0000095
LION_HEADGROUP_WITH_POSITIVE_CHARGE_ZWITTER_ION	PE P-18:0/22:5	PE P-18:0/22:5	-	LION:0000095
LION_HEADGROUP_WITH_POSITIVE_CHARGE_ZWITTER_ION	PE P-18:0/22:6	PE P-18:0/22:6	-	LION:0000095
LION_HEADGROUP_WITH_POSITIVE_CHARGE_ZWITTER_ION	PE P-18:1/18:1	PE P-18:1/18:1	-	LION:0000095
LION_HEADGROUP_WITH_POSITIVE_CHARGE_ZWITTER_ION	PE P-18:1/18:2	PE P-18:1/18:2	-	LION:0000095
LION_HEADGROUP_WITH_POSITIVE_CHARGE_ZWITTER_ION	PE P-18:1/20:4	PE P-18:1/20:4	-	LION:0000095
LION_HEADGROUP_WITH_POSITIVE_CHARGE_ZWITTER_ION	PE P-18:1/20:5	PE P-18:1/20:5	-	LION:0000095
LION_HEADGROUP_WITH_POSITIVE_CHARGE_ZWITTER_ION	PE P-18:1/22:6	PE P-18:1/22:6	-	LION:0000095
LION_HEADGROUP_WITH_POSITIVE_CHARGE_ZWITTER_ION	PE P-20:0/14:0	PE P-20:0/14:0	-	LION:0000095
LION_HEADGROUP_WITH_POSITIVE_CHARGE_ZWITTER_ION	PE P-20:0/16:0	PE P-20:0/16:0	-	LION:0000095
LION_HEADGROUP_WITH_POSITIVE_CHARGE_ZWITTER_ION	PE P-20:0/16:1	PE P-20:0/16:1	-	LION:0000095
LION_HEADGROUP_WITH_POSITIVE_CHARGE_ZWITTER_ION	PE P-20:0/17:1	PE P-20:0/17:1	-	LION:0000095
LION_HEADGROUP_WITH_POSITIVE_CHARGE_ZWITTER_ION	PE P-20:0/18:1	PE P-20:0/18:1	-	LION:0000095
LION_HEADGROUP_WITH_POSITIVE_CHARGE_ZWITTER_ION	PE P-20:0/18:2	PE P-20:0/18:2	-	LION:0000095
LION_HEADGROUP_WITH_POSITIVE_CHARGE_ZWITTER_ION	PE P-20:0/20:0	PE P-20:0/20:0	-	LION:0000095
LION_HEADGROUP_WITH_POSITIVE_CHARGE_ZWITTER_ION	PE P-20:0/20:4	PE P-20:0/20:4	-	LION:0000095
LION_HEADGROUP_WITH_POSITIVE_CHARGE_ZWITTER_ION	PE P-20:0/20:5	PE P-20:0/20:5	-	LION:0000095
LION_HEADGROUP_WITH_POSITIVE_CHARGE_ZWITTER_ION	SM 33:1	SM 33:1	-	LION:0000095
LION_HEADGROUP_WITH_POSITIVE_CHARGE_ZWITTER_ION	SM 34:1	SM 34:1	-	LION:0000095
LION_HEADGROUP_WITH_POSITIVE_CHARGE_ZWITTER_ION	SM 34:2	SM 34:2	-	LION:0000095
LION_HEADGROUP_WITH_POSITIVE_CHARGE_ZWITTER_ION	SM 35:1	SM 35:1	-	LION:0000095
LION_HEADGROUP_WITH_POSITIVE_CHARGE_ZWITTER_ION	SM 36:1	SM 36:1	-	LION:0000095
LION_HEADGROUP_WITH_POSITIVE_CHARGE_ZWITTER_ION	SM 36:2	SM 36:2	-	LION:0000095
LION_HEADGROUP_WITH_POSITIVE_CHARGE_ZWITTER_ION	SM 38:3	SM 38:3	-	LION:0000095
LION_HEADGROUP_WITH_POSITIVE_CHARGE_ZWITTER_ION	SM 41:1	SM 41:1	-	LION:0000095
LION_HEADGROUP_WITH_POSITIVE_CHARGE_ZWITTER_ION	SM 41:2	SM 41:2	-	LION:0000095
LION_HEADGROUP_WITH_POSITIVE_CHARGE_ZWITTER_ION	SM 42:1	SM 42:1	-	LION:0000095
LION_HEADGROUP_WITH_POSITIVE_CHARGE_ZWITTER_ION	SM 42:2	SM 42:2	-	LION:0000095
LION_HEADGROUP_WITH_POSITIVE_CHARGE_ZWITTER_ION	SM 43:1	SM 43:1	-	LION:0000095
LION_HEADGROUP_WITH_POSITIVE_CHARGE_ZWITTER_ION	SM 44:1	SM 44:1	-	LION:0000095
LION_HEADGROUP_WITH_POSITIVE_CHARGE_ZWITTER_ION	SM 44:2	SM 44:2	-	LION:0000095
LION_HEXOSYLCERAMIDES	Hex-Cer d16:1/20:0	Hex-Cer d16:1/20:0	-	LION:0012017
LION_HEXOSYLCERAMIDES	Hex-Cer d16:1/22:0	Hex-Cer d16:1/22:0	-	LION:0012017
LION_HEXOSYLCERAMIDES	Hex-Cer d16:1/24:0	Hex-Cer d16:1/24:0	-	LION:0012017
LION_HEXOSYLCERAMIDES	Hex-Cer d18:1/14:0	Hex-Cer d18:1/14:0	-	LION:0012017
LION_HEXOSYLCERAMIDES	Hex-Cer d18:1/16:0	Hex-Cer d18:1/16:0	-	LION:0012017
LION_HEXOSYLCERAMIDES	Hex-Cer d18:1/18:0	Hex-Cer d18:1/18:0	-	LION:0012017
LION_HEXOSYLCERAMIDES	Hex-Cer d18:1/18:1	Hex-Cer d18:1/18:1	-	LION:0012017
LION_HEXOSYLCERAMIDES	Hex-Cer d18:1/20:0	Hex-Cer d18:1/20:0	-	LION:0012017
LION_HEXOSYLCERAMIDES	Hex-Cer d18:1/22:0	Hex-Cer d18:1/22:0	-	LION:0012017
LION_HEXOSYLCERAMIDES	Hex-Cer d18:1/23:0	Hex-Cer d18:1/23:0	-	LION:0012017
LION_HEXOSYLCERAMIDES	Hex-Cer d18:1/24:0	Hex-Cer d18:1/24:0	-	LION:0012017
LION_HEXOSYLCERAMIDES	Hex-Cer d18:1/24:1	Hex-Cer d18:1/24:1	-	LION:0012017
LION_HEXOSYLCERAMIDES	Hex-Cer d18:1/26:0	Hex-Cer d18:1/26:0	-	LION:0012017
LION_HEXOSYLCERAMIDES	Hex-Cer d18:1/26:1	Hex-Cer d18:1/26:1	-	LION:0012017
LION_HEXOSYLCERAMIDES	Hex-Cer d18:2/16:0	Hex-Cer d18:2/16:0	-	LION:0012017
LION_HEXOSYLCERAMIDES	Hex-Cer d18:2/18:0	Hex-Cer d18:2/18:0	-	LION:0012017
LION_HEXOSYLCERAMIDES	Hex-Cer d18:2/20:0	Hex-Cer d18:2/20:0	-	LION:0012017
LION_HEXOSYLCERAMIDES	Hex-Cer d18:2/22:0	Hex-Cer d18:2/22:0	-	LION:0012017
LION_HEXOSYLCERAMIDES	Hex-Cer d18:2/23:0	Hex-Cer d18:2/23:0	-	LION:0012017
LION_HEXOSYLCERAMIDES	Hex-Cer d18:2/24:0	Hex-Cer d18:2/24:0	-	LION:0012017
LION_HIGH_BILAYER_THICKNESS	PA 16:0_18:1	PA 16:0_18:1	-	LION:0080971
LION_HIGH_BILAYER_THICKNESS	PA 17:0_18:1	PA 17:0_18:1	-	LION:0080971
LION_HIGH_BILAYER_THICKNESS	PA 18:0_18:1	PA 18:0_18:1	-	LION:0080971
LION_HIGH_BILAYER_THICKNESS	PA 18:0_18:2	PA 18:0_18:2	-	LION:0080971
LION_HIGH_BILAYER_THICKNESS	PA 18:1_18:1	PA 18:1_18:1	-	LION:0080971
LION_HIGH_BILAYER_THICKNESS	PA 18:1_20:1	PA 18:1_20:1	-	LION:0080971
LION_HIGH_BILAYER_THICKNESS	PA 18:1_20:2	PA 18:1_20:2	-	LION:0080971
LION_HIGH_BILAYER_THICKNESS	PA 18:1_22:2	PA 18:1_22:2	-	LION:0080971
LION_HIGH_BILAYER_THICKNESS	PA 18:1_22:3	PA 18:1_22:3	-	LION:0080971
LION_HIGH_BILAYER_THICKNESS	PA 18:2_20:0	PA 18:2_20:0	-	LION:0080971
LION_HIGH_BILAYER_THICKNESS	PA 18:2_20:1	PA 18:2_20:1	-	LION:0080971
LION_HIGH_BILAYER_THICKNESS	PA 18:2_22:1	PA 18:2_22:1	-	LION:0080971
LION_HIGH_BILAYER_THICKNESS	PA 20:0_20:4	PA 20:0_20:4	-	LION:0080971
LION_HIGH_BILAYER_THICKNESS	PC 36:0	PC 36:0	-	LION:0080971
LION_HIGH_BILAYER_THICKNESS	PC 36:1	PC 36:1	-	LION:0080971
LION_HIGH_BILAYER_THICKNESS	PC 40:3	PC 40:3	-	LION:0080971
LION_HIGH_BILAYER_THICKNESS	PC 40:4	PC 40:4	-	LION:0080971
LION_HIGH_BILAYER_THICKNESS	PC 42:4	PC 42:4	-	LION:0080971
LION_HIGH_BILAYER_THICKNESS	PC 42:5	PC 42:5	-	LION:0080971
LION_HIGH_BILAYER_THICKNESS	PE 32:0	PE 32:0	-	LION:0080971
LION_HIGH_BILAYER_THICKNESS	PE 33:0	PE 33:0	-	LION:0080971
LION_HIGH_BILAYER_THICKNESS	PE 34:0	PE 34:0	-	LION:0080971
LION_HIGH_BILAYER_THICKNESS	PE 34:1	PE 34:1	-	LION:0080971
LION_HIGH_BILAYER_THICKNESS	PE 35:1	PE 35:1	-	LION:0080971
LION_HIGH_BILAYER_THICKNESS	PE 35:2	PE 35:2	-	LION:0080971
LION_HIGH_BILAYER_THICKNESS	PE 36:1	PE 36:1	-	LION:0080971
LION_HIGH_BILAYER_THICKNESS	PE 36:2	PE 36:2	-	LION:0080971
LION_HIGH_BILAYER_THICKNESS	PE 38:2	PE 38:2	-	LION:0080971
LION_HIGH_BILAYER_THICKNESS	PE 38:3	PE 38:3	-	LION:0080971
LION_HIGH_BILAYER_THICKNESS	PE 40:4	PE 40:4	-	LION:0080971
LION_HIGH_BILAYER_THICKNESS	PE 44:6	PE 44:6	-	LION:0080971
LION_HIGH_BILAYER_THICKNESS	PE 44:7	PE 44:7	-	LION:0080971
LION_HIGH_BILAYER_THICKNESS	PG 16:0_19:1	PG 16:0_19:1	-	LION:0080971
LION_HIGH_BILAYER_THICKNESS	PG 16:0_22:2	PG 16:0_22:2	-	LION:0080971
LION_HIGH_BILAYER_THICKNESS	PG 16:1_22:1	PG 16:1_22:1	-	LION:0080971
LION_HIGH_BILAYER_THICKNESS	PG 17:0_18:1	PG 17:0_18:1	-	LION:0080971
LION_HIGH_BILAYER_THICKNESS	PG 18:0_18:1	PG 18:0_18:1	-	LION:0080971
LION_HIGH_BILAYER_THICKNESS	PG 18:1_20:1	PG 18:1_20:1	-	LION:0080971
LION_HIGH_BILAYER_THICKNESS	PG 18:1_20:2	PG 18:1_20:2	-	LION:0080971
LION_HIGH_BILAYER_THICKNESS	PG 18:1_22:2	PG 18:1_22:2	-	LION:0080971
LION_HIGH_BILAYER_THICKNESS	PG 18:1_22:3	PG 18:1_22:3	-	LION:0080971
LION_HIGH_BILAYER_THICKNESS	PG 18:2_20:0	PG 18:2_20:0	-	LION:0080971
LION_HIGH_BILAYER_THICKNESS	PG 18:2_22:1	PG 18:2_22:1	-	LION:0080971
LION_HIGH_BILAYER_THICKNESS	PG 20:4_22:1	PG 20:4_22:1	-	LION:0080971
LION_HIGH_BILAYER_THICKNESS	PS 36:1	PS 36:1	-	LION:0080971
LION_HIGH_BILAYER_THICKNESS	PS 40:4	PS 40:4	-	LION:0080971
LION_HIGH_LATERAL_DIFFUSION	PA 14:0_14:1	PA 14:0_14:1	-	LION:0080979
LION_HIGH_LATERAL_DIFFUSION	PA 16:0_18:3	PA 16:0_18:3	-	LION:0080979
LION_HIGH_LATERAL_DIFFUSION	PA 16:1_18:2	PA 16:1_18:2	-	LION:0080979
LION_HIGH_LATERAL_DIFFUSION	PA 16:2_18:1	PA 16:2_18:1	-	LION:0080979
LION_HIGH_LATERAL_DIFFUSION	PA 17:0_18:3	PA 17:0_18:3	-	LION:0080979
LION_HIGH_LATERAL_DIFFUSION	PA 17:1_18:2	PA 17:1_18:2	-	LION:0080979
LION_HIGH_LATERAL_DIFFUSION	PA 17:2_18:1	PA 17:2_18:1	-	LION:0080979
LION_HIGH_LATERAL_DIFFUSION	PA 18:0_18:3	PA 18:0_18:3	-	LION:0080979
LION_HIGH_LATERAL_DIFFUSION	PA 18:1_18:2	PA 18:1_18:2	-	LION:0080979
LION_HIGH_LATERAL_DIFFUSION	PA 18:1_18:3	PA 18:1_18:3	-	LION:0080979
LION_HIGH_LATERAL_DIFFUSION	PA 18:1_20:3	PA 18:1_20:3	-	LION:0080979
LION_HIGH_LATERAL_DIFFUSION	PA 18:2_18:2	PA 18:2_18:2	-	LION:0080979
LION_HIGH_LATERAL_DIFFUSION	PA 18:2_20:2	PA 18:2_20:2	-	LION:0080979
LION_HIGH_LATERAL_DIFFUSION	PA 18:2_22:3	PA 18:2_22:3	-	LION:0080979
LION_HIGH_LATERAL_DIFFUSION	PC 26:0	PC 26:0	-	LION:0080979
LION_HIGH_LATERAL_DIFFUSION	PC 28:1	PC 28:1	-	LION:0080979
LION_HIGH_LATERAL_DIFFUSION	PC 32:2	PC 32:2	-	LION:0080979
LION_HIGH_LATERAL_DIFFUSION	PC 32:3	PC 32:3	-	LION:0080979
LION_HIGH_LATERAL_DIFFUSION	PC 34:2	PC 34:2	-	LION:0080979
LION_HIGH_LATERAL_DIFFUSION	PC 34:3	PC 34:3	-	LION:0080979
LION_HIGH_LATERAL_DIFFUSION	PC 36:3	PC 36:3	-	LION:0080979
LION_HIGH_LATERAL_DIFFUSION	PC 36:4	PC 36:4	-	LION:0080979
LION_HIGH_LATERAL_DIFFUSION	PC 38:4	PC 38:4	-	LION:0080979
LION_HIGH_LATERAL_DIFFUSION	PC 38:5	PC 38:5	-	LION:0080979
LION_HIGH_LATERAL_DIFFUSION	PC 40:5	PC 40:5	-	LION:0080979
LION_HIGH_LATERAL_DIFFUSION	PC 40:6	PC 40:6	-	LION:0080979
LION_HIGH_LATERAL_DIFFUSION	PC 42:6	PC 42:6	-	LION:0080979
LION_HIGH_LATERAL_DIFFUSION	PE 34:3	PE 34:3	-	LION:0080979
LION_HIGH_LATERAL_DIFFUSION	PE 34:4	PE 34:4	-	LION:0080979
LION_HIGH_LATERAL_DIFFUSION	PE 36:4	PE 36:4	-	LION:0080979
LION_HIGH_LATERAL_DIFFUSION	PE 36:5	PE 36:5	-	LION:0080979
LION_HIGH_LATERAL_DIFFUSION	PE 38:5	PE 38:5	-	LION:0080979
LION_HIGH_LATERAL_DIFFUSION	PE 38:6	PE 38:6	-	LION:0080979
LION_HIGH_LATERAL_DIFFUSION	PE 40:6	PE 40:6	-	LION:0080979
LION_HIGH_LATERAL_DIFFUSION	PE 40:7	PE 40:7	-	LION:0080979
LION_HIGH_LATERAL_DIFFUSION	PE 42:7	PE 42:7	-	LION:0080979
LION_HIGH_LATERAL_DIFFUSION	PE 44:7	PE 44:7	-	LION:0080979
LION_HIGH_LATERAL_DIFFUSION	PG 16:0_20:4	PG 16:0_20:4	-	LION:0080979
LION_HIGH_LATERAL_DIFFUSION	PG 16:0_20:5	PG 16:0_20:5	-	LION:0080979
LION_HIGH_LATERAL_DIFFUSION	PG 16:1_20:4	PG 16:1_20:4	-	LION:0080979
LION_HIGH_LATERAL_DIFFUSION	PG 16:2_18:2	PG 16:2_18:2	-	LION:0080979
LION_HIGH_LATERAL_DIFFUSION	PG 16:3_18:1	PG 16:3_18:1	-	LION:0080979
LION_HIGH_LATERAL_DIFFUSION	PG 18:1_18:3	PG 18:1_18:3	-	LION:0080979
LION_HIGH_LATERAL_DIFFUSION	PG 18:1_20:4	PG 18:1_20:4	-	LION:0080979
LION_HIGH_LATERAL_DIFFUSION	PG 18:1_20:5	PG 18:1_20:5	-	LION:0080979
LION_HIGH_LATERAL_DIFFUSION	PG 18:1_22:5	PG 18:1_22:5	-	LION:0080979
LION_HIGH_LATERAL_DIFFUSION	PG 18:2_18:2	PG 18:2_18:2	-	LION:0080979
LION_HIGH_LATERAL_DIFFUSION	PG 18:2_18:3	PG 18:2_18:3	-	LION:0080979
LION_HIGH_LATERAL_DIFFUSION	PG 18:2_20:3	PG 18:2_20:3	-	LION:0080979
LION_HIGH_LATERAL_DIFFUSION	PG 18:2_20:4	PG 18:2_20:4	-	LION:0080979
LION_HIGH_LATERAL_DIFFUSION	PG 18:2_22:4	PG 18:2_22:4	-	LION:0080979
LION_HIGH_LATERAL_DIFFUSION	PG 20:4_22:3	PG 20:4_22:3	-	LION:0080979
LION_HIGH_LATERAL_DIFFUSION	PS 36:4	PS 36:4	-	LION:0080979
LION_HIGH_LATERAL_DIFFUSION	PS 36:5	PS 36:5	-	LION:0080979
LION_HIGH_LATERAL_DIFFUSION	PS 38:5	PS 38:5	-	LION:0080979
LION_HIGH_LATERAL_DIFFUSION	PS 38:6	PS 38:6	-	LION:0080979
LION_HIGH_LATERAL_DIFFUSION	PS 40:6	PS 40:6	-	LION:0080979
LION_HIGH_LATERAL_DIFFUSION	PS 40:7	PS 40:7	-	LION:0080979
LION_HIGH_TRANSITION_TEMPERATURE	PA 16:0_18:1	PA 16:0_18:1	-	LION:0001738
LION_HIGH_TRANSITION_TEMPERATURE	PA 16:1_22:0	PA 16:1_22:0	-	LION:0001738
LION_HIGH_TRANSITION_TEMPERATURE	PA 17:0_18:1	PA 17:0_18:1	-	LION:0001738
LION_HIGH_TRANSITION_TEMPERATURE	PA 18:0_18:1	PA 18:0_18:1	-	LION:0001738
LION_HIGH_TRANSITION_TEMPERATURE	PA 18:1_20:0	PA 18:1_20:0	-	LION:0001738
LION_HIGH_TRANSITION_TEMPERATURE	PA 18:1_22:0	PA 18:1_22:0	-	LION:0001738
LION_HIGH_TRANSITION_TEMPERATURE	PC 30:0	PC 30:0	-	LION:0001738
LION_HIGH_TRANSITION_TEMPERATURE	PC 32:0	PC 32:0	-	LION:0001738
LION_HIGH_TRANSITION_TEMPERATURE	PC 36:0	PC 36:0	-	LION:0001738
LION_HIGH_TRANSITION_TEMPERATURE	PC 38:0	PC 38:0	-	LION:0001738
LION_HIGH_TRANSITION_TEMPERATURE	PC 40:1	PC 40:1	-	LION:0001738
LION_HIGH_TRANSITION_TEMPERATURE	PC 42:1	PC 42:1	-	LION:0001738
LION_HIGH_TRANSITION_TEMPERATURE	PC 42:2	PC 42:2	-	LION:0001738
LION_HIGH_TRANSITION_TEMPERATURE	PE 28:0	PE 28:0	-	LION:0001738
LION_HIGH_TRANSITION_TEMPERATURE	PE 30:0	PE 30:0	-	LION:0001738
LION_HIGH_TRANSITION_TEMPERATURE	PE 31:0	PE 31:0	-	LION:0001738
LION_HIGH_TRANSITION_TEMPERATURE	PE 34:1	PE 34:1	-	LION:0001738
LION_HIGH_TRANSITION_TEMPERATURE	PE 35:1	PE 35:1	-	LION:0001738
LION_HIGH_TRANSITION_TEMPERATURE	PE 36:1	PE 36:1	-	LION:0001738
LION_HIGH_TRANSITION_TEMPERATURE	PE 38:1	PE 38:1	-	LION:0001738
LION_HIGH_TRANSITION_TEMPERATURE	PE 38:2	PE 38:2	-	LION:0001738
LION_HIGH_TRANSITION_TEMPERATURE	PE 40:3	PE 40:3	-	LION:0001738
LION_HIGH_TRANSITION_TEMPERATURE	PE 42:7	PE 42:7	-	LION:0001738
LION_HIGH_TRANSITION_TEMPERATURE	PE 42:8	PE 42:8	-	LION:0001738
LION_HIGH_TRANSITION_TEMPERATURE	PG 14:0_16:0	PG 14:0_16:0	-	LION:0001738
LION_HIGH_TRANSITION_TEMPERATURE	PG 16:0_16:0	PG 16:0_16:0	-	LION:0001738
LION_HIGH_TRANSITION_TEMPERATURE	PG 16:0_22:1	PG 16:0_22:1	-	LION:0001738
LION_HIGH_TRANSITION_TEMPERATURE	PG 18:1_20:0	PG 18:1_20:0	-	LION:0001738
LION_HIGH_TRANSITION_TEMPERATURE	PG 18:1_22:1	PG 18:1_22:1	-	LION:0001738
LION_HIGH_TRANSITION_TEMPERATURE	PG 18:1_22:2	PG 18:1_22:2	-	LION:0001738
LION_HIGH_TRANSITION_TEMPERATURE	PG 18:2_22:0	PG 18:2_22:0	-	LION:0001738
LION_HIGH_TRANSITION_TEMPERATURE	PG 18:2_22:1	PG 18:2_22:1	-	LION:0001738
LION_HIGH_TRANSITION_TEMPERATURE	PS 30:0	PS 30:0	-	LION:0001738
LION_HIGH_TRANSITION_TEMPERATURE	PS 32:0	PS 32:0	-	LION:0001738
LION_HIGH_TRANSITION_TEMPERATURE	PS 36:1	PS 36:1	-	LION:0001738
LION_HIGH_TRANSITION_TEMPERATURE	SM 34:1	SM 34:1	-	LION:0001738
LION_HIGH_TRANSITION_TEMPERATURE	SM 35:1	SM 35:1	-	LION:0001738
LION_HIGH_TRANSITION_TEMPERATURE	SM 36:1	SM 36:1	-	LION:0001738
LION_LIPID_MEDIATED_SIGNALLING	Cer d16:1/18:0	Cer d16:1/18:0	-	LION:0012009
LION_LIPID_MEDIATED_SIGNALLING	Cer d16:1/20:0	Cer d16:1/20:0	-	LION:0012009
LION_LIPID_MEDIATED_SIGNALLING	Cer d16:1/22:0	Cer d16:1/22:0	-	LION:0012009
LION_LIPID_MEDIATED_SIGNALLING	Cer d16:1/23:0	Cer d16:1/23:0	-	LION:0012009
LION_LIPID_MEDIATED_SIGNALLING	Cer d16:1/24:0	Cer d16:1/24:0	-	LION:0012009
LION_LIPID_MEDIATED_SIGNALLING	Cer d18:0/18:0	Cer d18:0/18:0	-	LION:0012009
LION_LIPID_MEDIATED_SIGNALLING	Cer d18:0/18:0-OH	Cer d18:0/18:0-OH	-	LION:0012009
LION_LIPID_MEDIATED_SIGNALLING	Cer d18:0/20:0	Cer d18:0/20:0	-	LION:0012009
LION_LIPID_MEDIATED_SIGNALLING	Cer d18:0/22:0	Cer d18:0/22:0	-	LION:0012009
LION_LIPID_MEDIATED_SIGNALLING	Cer d18:0/24:0	Cer d18:0/24:0	-	LION:0012009
LION_LIPID_MEDIATED_SIGNALLING	Cer d18:0/24:1	Cer d18:0/24:1	-	LION:0012009
LION_LIPID_MEDIATED_SIGNALLING	Cer d18:0/26:1	Cer d18:0/26:1	-	LION:0012009
LION_LIPID_MEDIATED_SIGNALLING	Cer d18:0/26:1-OH	Cer d18:0/26:1-OH	-	LION:0012009
LION_LIPID_MEDIATED_SIGNALLING	Cer d18:1/14:0	Cer d18:1/14:0	-	LION:0012009
LION_LIPID_MEDIATED_SIGNALLING	Cer d18:1/16:0	Cer d18:1/16:0	-	LION:0012009
LION_LIPID_MEDIATED_SIGNALLING	Cer d18:1/18:0	Cer d18:1/18:0	-	LION:0012009
LION_LIPID_MEDIATED_SIGNALLING	Cer d18:1/18:0-OH	Cer d18:1/18:0-OH	-	LION:0012009
LION_LIPID_MEDIATED_SIGNALLING	Cer d18:1/18:1	Cer d18:1/18:1	-	LION:0012009
LION_LIPID_MEDIATED_SIGNALLING	Cer d18:1/20:0	Cer d18:1/20:0	-	LION:0012009
LION_LIPID_MEDIATED_SIGNALLING	Cer d18:1/20:0-OH	Cer d18:1/20:0-OH	-	LION:0012009
LION_LIPID_MEDIATED_SIGNALLING	Cer d18:1/22:0	Cer d18:1/22:0	-	LION:0012009
LION_LIPID_MEDIATED_SIGNALLING	Cer d18:1/23:0	Cer d18:1/23:0	-	LION:0012009
LION_LIPID_MEDIATED_SIGNALLING	Cer d18:1/24:0	Cer d18:1/24:0	-	LION:0012009
LION_LIPID_MEDIATED_SIGNALLING	Cer d18:1/24:1	Cer d18:1/24:1	-	LION:0012009
LION_LIPID_MEDIATED_SIGNALLING	Cer d18:1/25:0	Cer d18:1/25:0	-	LION:0012009
LION_LIPID_MEDIATED_SIGNALLING	Cer d18:1/26:0	Cer d18:1/26:0	-	LION:0012009
LION_LIPID_MEDIATED_SIGNALLING	Cer d18:1/26:1	Cer d18:1/26:1	-	LION:0012009
LION_LIPID_MEDIATED_SIGNALLING	Cer d18:2/14:0	Cer d18:2/14:0	-	LION:0012009
LION_LIPID_MEDIATED_SIGNALLING	Cer d18:2/16:0	Cer d18:2/16:0	-	LION:0012009
LION_LIPID_MEDIATED_SIGNALLING	Cer d18:2/18:0	Cer d18:2/18:0	-	LION:0012009
LION_LIPID_MEDIATED_SIGNALLING	Cer d18:2/18:1	Cer d18:2/18:1	-	LION:0012009
LION_LIPID_MEDIATED_SIGNALLING	Cer d18:2/20:0	Cer d18:2/20:0	-	LION:0012009
LION_LIPID_MEDIATED_SIGNALLING	Cer d18:2/22:0	Cer d18:2/22:0	-	LION:0012009
LION_LIPID_MEDIATED_SIGNALLING	Cer d18:2/23:0	Cer d18:2/23:0	-	LION:0012009
LION_LIPID_MEDIATED_SIGNALLING	Cer d18:2/24:0	Cer d18:2/24:0	-	LION:0012009
LION_LIPID_MEDIATED_SIGNALLING	Cer d18:2/24:1	Cer d18:2/24:1	-	LION:0012009
LION_LIPID_MEDIATED_SIGNALLING	DG 14:0_14:0	DG 14:0_14:0	-	LION:0012009
LION_LIPID_MEDIATED_SIGNALLING	DG 14:0_18:1	DG 14:0_18:1	-	LION:0012009
LION_LIPID_MEDIATED_SIGNALLING	DG 14:0_18:2	DG 14:0_18:2	-	LION:0012009
LION_LIPID_MEDIATED_SIGNALLING	DG 14:0_20:0	DG 14:0_20:0	-	LION:0012009
LION_LIPID_MEDIATED_SIGNALLING	DG 14:1_18:1	DG 14:1_18:1	-	LION:0012009
LION_LIPID_MEDIATED_SIGNALLING	DG 14:1_20:2	DG 14:1_20:2	-	LION:0012009
LION_LIPID_MEDIATED_SIGNALLING	DG 16:0_16:0	DG 16:0_16:0	-	LION:0012009
LION_LIPID_MEDIATED_SIGNALLING	DG 16:0_16:1	DG 16:0_16:1	-	LION:0012009
LION_LIPID_MEDIATED_SIGNALLING	DG 16:0_18:1	DG 16:0_18:1	-	LION:0012009
LION_LIPID_MEDIATED_SIGNALLING	DG 16:0_18:2	DG 16:0_18:2	-	LION:0012009
LION_LIPID_MEDIATED_SIGNALLING	DG 16:0_20:0	DG 16:0_20:0	-	LION:0012009
LION_LIPID_MEDIATED_SIGNALLING	DG 16:0_20:3	DG 16:0_20:3	-	LION:0012009
LION_LIPID_MEDIATED_SIGNALLING	DG 16:0_20:4	DG 16:0_20:4	-	LION:0012009
LION_LIPID_MEDIATED_SIGNALLING	DG 16:1_18:0	DG 16:1_18:0	-	LION:0012009
LION_LIPID_MEDIATED_SIGNALLING	DG 16:1_18:1	DG 16:1_18:1	-	LION:0012009
LION_LIPID_MEDIATED_SIGNALLING	DG 16:1_18:2	DG 16:1_18:2	-	LION:0012009
LION_LIPID_MEDIATED_SIGNALLING	DG 16:1_20:0	DG 16:1_20:0	-	LION:0012009
LION_LIPID_MEDIATED_SIGNALLING	DG 17:0_18:1	DG 17:0_18:1	-	LION:0012009
LION_LIPID_MEDIATED_SIGNALLING	DG 18:0_20:4	DG 18:0_20:4	-	LION:0012009
LION_LIPID_MEDIATED_SIGNALLING	DG 18:1_18:1	DG 18:1_18:1	-	LION:0012009
LION_LIPID_MEDIATED_SIGNALLING	DG 18:1_18:2	DG 18:1_18:2	-	LION:0012009
LION_LIPID_MEDIATED_SIGNALLING	DG 18:1_18:3	DG 18:1_18:3	-	LION:0012009
LION_LIPID_MEDIATED_SIGNALLING	DG 18:1_18:4	DG 18:1_18:4	-	LION:0012009
LION_LIPID_MEDIATED_SIGNALLING	DG 18:1_20:0	DG 18:1_20:0	-	LION:0012009
LION_LIPID_MEDIATED_SIGNALLING	DG 18:1_20:1	DG 18:1_20:1	-	LION:0012009
LION_LIPID_MEDIATED_SIGNALLING	DG 18:1_20:2	DG 18:1_20:2	-	LION:0012009
LION_LIPID_MEDIATED_SIGNALLING	DG 18:1_20:3	DG 18:1_20:3	-	LION:0012009
LION_LIPID_MEDIATED_SIGNALLING	DG 18:1_20:4	DG 18:1_20:4	-	LION:0012009
LION_LIPID_MEDIATED_SIGNALLING	DG 18:1_22:5	DG 18:1_22:5	-	LION:0012009
LION_LIPID_MEDIATED_SIGNALLING	DG 18:1_22:6	DG 18:1_22:6	-	LION:0012009
LION_LIPID_MEDIATED_SIGNALLING	DG 18:2_18:2	DG 18:2_18:2	-	LION:0012009
LION_LIPID_MEDIATED_SIGNALLING	DG 18:2_18:3	DG 18:2_18:3	-	LION:0012009
LION_LIPID_MEDIATED_SIGNALLING	DG 18:2_18:4	DG 18:2_18:4	-	LION:0012009
LION_LIPID_MEDIATED_SIGNALLING	DG 18:2_20:0	DG 18:2_20:0	-	LION:0012009
LION_LIPID_MEDIATED_SIGNALLING	DG 18:2_20:4	DG 18:2_20:4	-	LION:0012009
LION_LIPID_MEDIATED_SIGNALLING	DG 18:3_18:3	DG 18:3_18:3	-	LION:0012009
LION_LIPID_MEDIATED_SIGNALLING	DG 18:3_20:2	DG 18:3_20:2	-	LION:0012009
LION_LIPID_MEDIATED_SIGNALLING	DG 21:0_22:6	DG 21:0_22:6	-	LION:0012009
LION_LIPID_MEDIATED_SIGNALLING	DG 22:1_22:2	DG 22:1_22:2	-	LION:0012009
LION_LIPID_MEDIATED_SIGNALLING	LPA 14:0	LPA 14:0	-	LION:0012009
LION_LIPID_MEDIATED_SIGNALLING	LPA 14:1	LPA 14:1	-	LION:0012009
LION_LIPID_MEDIATED_SIGNALLING	LPA 15:0	LPA 15:0	-	LION:0012009
LION_LIPID_MEDIATED_SIGNALLING	LPA 16:0	LPA 16:0	-	LION:0012009
LION_LIPID_MEDIATED_SIGNALLING	LPA 18:1	LPA 18:1	-	LION:0012009
LION_LIPID_MEDIATED_SIGNALLING	LPA 18:2	LPA 18:2	-	LION:0012009
LION_LIPID_MEDIATED_SIGNALLING	LPA 22:3	LPA 22:3	-	LION:0012009
LION_LIPID_MEDIATED_SIGNALLING	LPA 22:4	LPA 22:4	-	LION:0012009
LION_LIPID_MEDIATED_SIGNALLING	LPC 14:0	LPC 14:0	-	LION:0012009
LION_LIPID_MEDIATED_SIGNALLING	LPC 16:0	LPC 16:0	-	LION:0012009
LION_LIPID_MEDIATED_SIGNALLING	LPC 16:1	LPC 16:1	-	LION:0012009
LION_LIPID_MEDIATED_SIGNALLING	LPC 17:0	LPC 17:0	-	LION:0012009
LION_LIPID_MEDIATED_SIGNALLING	LPC 18:0	LPC 18:0	-	LION:0012009
LION_LIPID_MEDIATED_SIGNALLING	LPC 18:1	LPC 18:1	-	LION:0012009
LION_LIPID_MEDIATED_SIGNALLING	LPC 18:2	LPC 18:2	-	LION:0012009
LION_LIPID_MEDIATED_SIGNALLING	LPC 20:3	LPC 20:3	-	LION:0012009
LION_LIPID_MEDIATED_SIGNALLING	LPC 20:4	LPC 20:4	-	LION:0012009
LION_LIPID_MEDIATED_SIGNALLING	LPE 14:0	LPE 14:0	-	LION:0012009
LION_LIPID_MEDIATED_SIGNALLING	LPE 14:1	LPE 14:1	-	LION:0012009
LION_LIPID_MEDIATED_SIGNALLING	LPE 15:0	LPE 15:0	-	LION:0012009
LION_LIPID_MEDIATED_SIGNALLING	LPE 16:0	LPE 16:0	-	LION:0012009
LION_LIPID_MEDIATED_SIGNALLING	LPE 16:1	LPE 16:1	-	LION:0012009
LION_LIPID_MEDIATED_SIGNALLING	LPE 17:0	LPE 17:0	-	LION:0012009
LION_LIPID_MEDIATED_SIGNALLING	LPE 17:1	LPE 17:1	-	LION:0012009
LION_LIPID_MEDIATED_SIGNALLING	LPE 18:0	LPE 18:0	-	LION:0012009
LION_LIPID_MEDIATED_SIGNALLING	LPE 18:1	LPE 18:1	-	LION:0012009
LION_LIPID_MEDIATED_SIGNALLING	LPE 18:2	LPE 18:2	-	LION:0012009
LION_LIPID_MEDIATED_SIGNALLING	LPE 18:3	LPE 18:3	-	LION:0012009
LION_LIPID_MEDIATED_SIGNALLING	LPE 19:0	LPE 19:0	-	LION:0012009
LION_LIPID_MEDIATED_SIGNALLING	LPE 19:1	LPE 19:1	-	LION:0012009
LION_LIPID_MEDIATED_SIGNALLING	LPE 19:2	LPE 19:2	-	LION:0012009
LION_LIPID_MEDIATED_SIGNALLING	LPE 20:0	LPE 20:0	-	LION:0012009
LION_LIPID_MEDIATED_SIGNALLING	LPE 20:1	LPE 20:1	-	LION:0012009
LION_LIPID_MEDIATED_SIGNALLING	LPE 20:2	LPE 20:2	-	LION:0012009
LION_LIPID_MEDIATED_SIGNALLING	LPE 20:3	LPE 20:3	-	LION:0012009
LION_LIPID_MEDIATED_SIGNALLING	LPE 20:4	LPE 20:4	-	LION:0012009
LION_LIPID_MEDIATED_SIGNALLING	LPE 20:5	LPE 20:5	-	LION:0012009
LION_LIPID_MEDIATED_SIGNALLING	LPE 22:0	LPE 22:0	-	LION:0012009
LION_LIPID_MEDIATED_SIGNALLING	LPE 22:1	LPE 22:1	-	LION:0012009
LION_LIPID_MEDIATED_SIGNALLING	LPE 22:4	LPE 22:4	-	LION:0012009
LION_LIPID_MEDIATED_SIGNALLING	LPE 22:5	LPE 22:5	-	LION:0012009
LION_LIPID_MEDIATED_SIGNALLING	LPE 22:6	LPE 22:6	-	LION:0012009
LION_LIPID_MEDIATED_SIGNALLING	LPG 14:0	LPG 14:0	-	LION:0012009
LION_LIPID_MEDIATED_SIGNALLING	LPG 14:1	LPG 14:1	-	LION:0012009
LION_LIPID_MEDIATED_SIGNALLING	LPG 16:0	LPG 16:0	-	LION:0012009
LION_LIPID_MEDIATED_SIGNALLING	LPG 16:1	LPG 16:1	-	LION:0012009
LION_LIPID_MEDIATED_SIGNALLING	LPG 17:0	LPG 17:0	-	LION:0012009
LION_LIPID_MEDIATED_SIGNALLING	LPG 17:1	LPG 17:1	-	LION:0012009
LION_LIPID_MEDIATED_SIGNALLING	LPG 18:0	LPG 18:0	-	LION:0012009
LION_LIPID_MEDIATED_SIGNALLING	LPG 18:1	LPG 18:1	-	LION:0012009
LION_LIPID_MEDIATED_SIGNALLING	LPG 18:2	LPG 18:2	-	LION:0012009
LION_LIPID_MEDIATED_SIGNALLING	LPG 20:1	LPG 20:1	-	LION:0012009
LION_LIPID_MEDIATED_SIGNALLING	LPI 14:0	LPI 14:0	-	LION:0012009
LION_LIPID_MEDIATED_SIGNALLING	LPI 14:1	LPI 14:1	-	LION:0012009
LION_LIPID_MEDIATED_SIGNALLING	LPI 16:0	LPI 16:0	-	LION:0012009
LION_LIPID_MEDIATED_SIGNALLING	LPI 16:1	LPI 16:1	-	LION:0012009
LION_LIPID_MEDIATED_SIGNALLING	LPI 17:0	LPI 17:0	-	LION:0012009
LION_LIPID_MEDIATED_SIGNALLING	LPI 17:1	LPI 17:1	-	LION:0012009
LION_LIPID_MEDIATED_SIGNALLING	LPI 18:0	LPI 18:0	-	LION:0012009
LION_LIPID_MEDIATED_SIGNALLING	LPI 18:1	LPI 18:1	-	LION:0012009
LION_LIPID_MEDIATED_SIGNALLING	LPI 18:2	LPI 18:2	-	LION:0012009
LION_LIPID_MEDIATED_SIGNALLING	LPI 18:3	LPI 18:3	-	LION:0012009
LION_LIPID_MEDIATED_SIGNALLING	LPI 19:0	LPI 19:0	-	LION:0012009
LION_LIPID_MEDIATED_SIGNALLING	LPI 20:1	LPI 20:1	-	LION:0012009
LION_LIPID_MEDIATED_SIGNALLING	LPI 20:4	LPI 20:4	-	LION:0012009
LION_LIPID_MEDIATED_SIGNALLING	LPI 22:0	LPI 22:0	-	LION:0012009
LION_LIPID_MEDIATED_SIGNALLING	LPI 22:1	LPI 22:1	-	LION:0012009
LION_LIPID_MEDIATED_SIGNALLING	LPS 16:0	LPS 16:0	-	LION:0012009
LION_LIPID_MEDIATED_SIGNALLING	LPS 16:1	LPS 16:1	-	LION:0012009
LION_LIPID_MEDIATED_SIGNALLING	LPS 18:0	LPS 18:0	-	LION:0012009
LION_LIPID_MEDIATED_SIGNALLING	LPS 18:1	LPS 18:1	-	LION:0012009
LION_LIPID_MEDIATED_SIGNALLING	LPS 18:2	LPS 18:2	-	LION:0012009
LION_LIPID_MEDIATED_SIGNALLING	LPS 18:3	LPS 18:3	-	LION:0012009
LION_LIPID_MEDIATED_SIGNALLING	LPS 20:0	LPS 20:0	-	LION:0012009
LION_LIPID_MEDIATED_SIGNALLING	LPS 20:1	LPS 20:1	-	LION:0012009
LION_LIPID_MEDIATED_SIGNALLING	LPS 20:4	LPS 20:4	-	LION:0012009
LION_LIPID_MEDIATED_SIGNALLING	LPS 20:5	LPS 20:5	-	LION:0012009
LION_LIPID_MEDIATED_SIGNALLING	LPS 22:0	LPS 22:0	-	LION:0012009
LION_LIPID_MEDIATED_SIGNALLING	LPS 22:6	LPS 22:6	-	LION:0012009
LION_LIPID_MEDIATED_SIGNALLING	PA 14:0_14:1	PA 14:0_14:1	-	LION:0012009
LION_LIPID_MEDIATED_SIGNALLING	PA 16:0_18:1	PA 16:0_18:1	-	LION:0012009
LION_LIPID_MEDIATED_SIGNALLING	PA 16:0_18:2	PA 16:0_18:2	-	LION:0012009
LION_LIPID_MEDIATED_SIGNALLING	PA 16:0_18:3	PA 16:0_18:3	-	LION:0012009
LION_LIPID_MEDIATED_SIGNALLING	PA 16:0_19:2	PA 16:0_19:2	-	LION:0012009
LION_LIPID_MEDIATED_SIGNALLING	PA 16:1_18:1	PA 16:1_18:1	-	LION:0012009
LION_LIPID_MEDIATED_SIGNALLING	PA 16:1_18:2	PA 16:1_18:2	-	LION:0012009
LION_LIPID_MEDIATED_SIGNALLING	PA 16:1_22:0	PA 16:1_22:0	-	LION:0012009
LION_LIPID_MEDIATED_SIGNALLING	PA 16:2_18:1	PA 16:2_18:1	-	LION:0012009
LION_LIPID_MEDIATED_SIGNALLING	PA 17:0_18:1	PA 17:0_18:1	-	LION:0012009
LION_LIPID_MEDIATED_SIGNALLING	PA 17:0_18:2	PA 17:0_18:2	-	LION:0012009
LION_LIPID_MEDIATED_SIGNALLING	PA 17:0_18:3	PA 17:0_18:3	-	LION:0012009
LION_LIPID_MEDIATED_SIGNALLING	PA 17:1_18:1	PA 17:1_18:1	-	LION:0012009
LION_LIPID_MEDIATED_SIGNALLING	PA 17:1_18:2	PA 17:1_18:2	-	LION:0012009
LION_LIPID_MEDIATED_SIGNALLING	PA 17:2_18:1	PA 17:2_18:1	-	LION:0012009
LION_LIPID_MEDIATED_SIGNALLING	PA 18:0_18:1	PA 18:0_18:1	-	LION:0012009
LION_LIPID_MEDIATED_SIGNALLING	PA 18:0_18:2	PA 18:0_18:2	-	LION:0012009
LION_LIPID_MEDIATED_SIGNALLING	PA 18:0_18:3	PA 18:0_18:3	-	LION:0012009
LION_LIPID_MEDIATED_SIGNALLING	PA 18:1_18:1	PA 18:1_18:1	-	LION:0012009
LION_LIPID_MEDIATED_SIGNALLING	PA 18:1_18:2	PA 18:1_18:2	-	LION:0012009
LION_LIPID_MEDIATED_SIGNALLING	PA 18:1_18:3	PA 18:1_18:3	-	LION:0012009
LION_LIPID_MEDIATED_SIGNALLING	PA 18:1_18:4	PA 18:1_18:4	-	LION:0012009
LION_LIPID_MEDIATED_SIGNALLING	PA 18:1_20:0	PA 18:1_20:0	-	LION:0012009
LION_LIPID_MEDIATED_SIGNALLING	PA 18:1_20:1	PA 18:1_20:1	-	LION:0012009
LION_LIPID_MEDIATED_SIGNALLING	PA 18:1_20:2	PA 18:1_20:2	-	LION:0012009
LION_LIPID_MEDIATED_SIGNALLING	PA 18:1_20:3	PA 18:1_20:3	-	LION:0012009
LION_LIPID_MEDIATED_SIGNALLING	PA 18:1_22:0	PA 18:1_22:0	-	LION:0012009
LION_LIPID_MEDIATED_SIGNALLING	PA 18:1_22:1	PA 18:1_22:1	-	LION:0012009
LION_LIPID_MEDIATED_SIGNALLING	PA 18:1_22:2	PA 18:1_22:2	-	LION:0012009
LION_LIPID_MEDIATED_SIGNALLING	PA 18:1_22:3	PA 18:1_22:3	-	LION:0012009
LION_LIPID_MEDIATED_SIGNALLING	PA 18:2_18:2	PA 18:2_18:2	-	LION:0012009
LION_LIPID_MEDIATED_SIGNALLING	PA 18:2_18:3	PA 18:2_18:3	-	LION:0012009
LION_LIPID_MEDIATED_SIGNALLING	PA 18:2_20:0	PA 18:2_20:0	-	LION:0012009
LION_LIPID_MEDIATED_SIGNALLING	PA 18:2_20:1	PA 18:2_20:1	-	LION:0012009
LION_LIPID_MEDIATED_SIGNALLING	PA 18:2_20:2	PA 18:2_20:2	-	LION:0012009
LION_LIPID_MEDIATED_SIGNALLING	PA 18:2_22:0	PA 18:2_22:0	-	LION:0012009
LION_LIPID_MEDIATED_SIGNALLING	PA 18:2_22:1	PA 18:2_22:1	-	LION:0012009
LION_LIPID_MEDIATED_SIGNALLING	PA 18:2_22:3	PA 18:2_22:3	-	LION:0012009
LION_LIPID_MEDIATED_SIGNALLING	PA 18:2_22:4	PA 18:2_22:4	-	LION:0012009
LION_LIPID_MEDIATED_SIGNALLING	PA 18:3_18:3	PA 18:3_18:3	-	LION:0012009
LION_LIPID_MEDIATED_SIGNALLING	PA 20:0_20:4	PA 20:0_20:4	-	LION:0012009
LION_LOW_BILAYER_THICKNESS	PA 16:0_18:3	PA 16:0_18:3	-	LION:0080969
LION_LOW_BILAYER_THICKNESS	PA 16:1_18:2	PA 16:1_18:2	-	LION:0080969
LION_LOW_BILAYER_THICKNESS	PA 16:2_18:1	PA 16:2_18:1	-	LION:0080969
LION_LOW_BILAYER_THICKNESS	PA 18:1_18:3	PA 18:1_18:3	-	LION:0080969
LION_LOW_BILAYER_THICKNESS	PA 18:1_18:4	PA 18:1_18:4	-	LION:0080969
LION_LOW_BILAYER_THICKNESS	PA 18:2_18:2	PA 18:2_18:2	-	LION:0080969
LION_LOW_BILAYER_THICKNESS	PA 18:2_18:3	PA 18:2_18:3	-	LION:0080969
LION_LOW_BILAYER_THICKNESS	PC 30:0	PC 30:0	-	LION:0080969
LION_LOW_BILAYER_THICKNESS	PC 32:1	PC 32:1	-	LION:0080969
LION_LOW_BILAYER_THICKNESS	PC 32:2	PC 32:2	-	LION:0080969
LION_LOW_BILAYER_THICKNESS	PC 34:2	PC 34:2	-	LION:0080969
LION_LOW_BILAYER_THICKNESS	PC 34:3	PC 34:3	-	LION:0080969
LION_LOW_BILAYER_THICKNESS	PC 36:4	PC 36:4	-	LION:0080969
LION_LOW_BILAYER_THICKNESS	PC 38:5	PC 38:5	-	LION:0080969
LION_LOW_BILAYER_THICKNESS	PC 40:6	PC 40:6	-	LION:0080969
LION_LOW_BILAYER_THICKNESS	PE 28:0	PE 28:0	-	LION:0080969
LION_LOW_BILAYER_THICKNESS	PE 30:1	PE 30:1	-	LION:0080969
LION_LOW_BILAYER_THICKNESS	PE 32:2	PE 32:2	-	LION:0080969
LION_LOW_BILAYER_THICKNESS	PE 34:3	PE 34:3	-	LION:0080969
LION_LOW_BILAYER_THICKNESS	PE 34:4	PE 34:4	-	LION:0080969
LION_LOW_BILAYER_THICKNESS	PE 36:4	PE 36:4	-	LION:0080969
LION_LOW_BILAYER_THICKNESS	PE 36:5	PE 36:5	-	LION:0080969
LION_LOW_BILAYER_THICKNESS	PE 38:6	PE 38:6	-	LION:0080969
LION_LOW_BILAYER_THICKNESS	PE 40:7	PE 40:7	-	LION:0080969
LION_LOW_BILAYER_THICKNESS	PE 42:8	PE 42:8	-	LION:0080969
LION_LOW_BILAYER_THICKNESS	PG 14:0_16:0	PG 14:0_16:0	-	LION:0080969
LION_LOW_BILAYER_THICKNESS	PG 16:0_18:3	PG 16:0_18:3	-	LION:0080969
LION_LOW_BILAYER_THICKNESS	PG 16:0_20:4	PG 16:0_20:4	-	LION:0080969
LION_LOW_BILAYER_THICKNESS	PG 16:1_16:1	PG 16:1_16:1	-	LION:0080969
LION_LOW_BILAYER_THICKNESS	PG 16:1_18:2	PG 16:1_18:2	-	LION:0080969
LION_LOW_BILAYER_THICKNESS	PG 16:2_18:1	PG 16:2_18:1	-	LION:0080969
LION_LOW_BILAYER_THICKNESS	PG 18:1_18:3	PG 18:1_18:3	-	LION:0080969
LION_LOW_BILAYER_THICKNESS	PG 18:1_20:4	PG 18:1_20:4	-	LION:0080969
LION_LOW_BILAYER_THICKNESS	PG 18:1_20:5	PG 18:1_20:5	-	LION:0080969
LION_LOW_BILAYER_THICKNESS	PG 18:1_22:5	PG 18:1_22:5	-	LION:0080969
LION_LOW_BILAYER_THICKNESS	PG 18:2_18:2	PG 18:2_18:2	-	LION:0080969
LION_LOW_BILAYER_THICKNESS	PG 18:2_20:3	PG 18:2_20:3	-	LION:0080969
LION_LOW_BILAYER_THICKNESS	PG 18:2_20:4	PG 18:2_20:4	-	LION:0080969
LION_LOW_BILAYER_THICKNESS	PG 18:2_22:4	PG 18:2_22:4	-	LION:0080969
LION_LOW_BILAYER_THICKNESS	PG 20:3_20:4	PG 20:3_20:4	-	LION:0080969
LION_LOW_BILAYER_THICKNESS	PG 20:4_22:4	PG 20:4_22:4	-	LION:0080969
LION_LOW_BILAYER_THICKNESS	PG 22:4_22:6	PG 22:4_22:6	-	LION:0080969
LION_LOW_BILAYER_THICKNESS	PS 30:0	PS 30:0	-	LION:0080969
LION_LOW_BILAYER_THICKNESS	PS 36:4	PS 36:4	-	LION:0080969
LION_LOW_BILAYER_THICKNESS	PS 38:5	PS 38:5	-	LION:0080969
LION_LOW_BILAYER_THICKNESS	PS 38:6	PS 38:6	-	LION:0080969
LION_LOW_BILAYER_THICKNESS	PS 40:6	PS 40:6	-	LION:0080969
LION_LOW_BILAYER_THICKNESS	PS 40:7	PS 40:7	-	LION:0080969
LION_LOW_LATERAL_DIFFUSION	PA 16:0_18:1	PA 16:0_18:1	-	LION:0080977
LION_LOW_LATERAL_DIFFUSION	PA 17:0_18:1	PA 17:0_18:1	-	LION:0080977
LION_LOW_LATERAL_DIFFUSION	PA 18:0_18:1	PA 18:0_18:1	-	LION:0080977
LION_LOW_LATERAL_DIFFUSION	PA 18:1_20:1	PA 18:1_20:1	-	LION:0080977
LION_LOW_LATERAL_DIFFUSION	PA 18:1_22:1	PA 18:1_22:1	-	LION:0080977
LION_LOW_LATERAL_DIFFUSION	PA 18:1_22:2	PA 18:1_22:2	-	LION:0080977
LION_LOW_LATERAL_DIFFUSION	PA 18:2_20:0	PA 18:2_20:0	-	LION:0080977
LION_LOW_LATERAL_DIFFUSION	PA 18:2_22:0	PA 18:2_22:0	-	LION:0080977
LION_LOW_LATERAL_DIFFUSION	PA 18:2_22:1	PA 18:2_22:1	-	LION:0080977
LION_LOW_LATERAL_DIFFUSION	PC 32:0	PC 32:0	-	LION:0080977
LION_LOW_LATERAL_DIFFUSION	PC 36:1	PC 36:1	-	LION:0080977
LION_LOW_LATERAL_DIFFUSION	PC 40:2	PC 40:2	-	LION:0080977
LION_LOW_LATERAL_DIFFUSION	PC 40:3	PC 40:3	-	LION:0080977
LION_LOW_LATERAL_DIFFUSION	PE 30:0	PE 30:0	-	LION:0080977
LION_LOW_LATERAL_DIFFUSION	PE 31:0	PE 31:0	-	LION:0080977
LION_LOW_LATERAL_DIFFUSION	PE 32:0	PE 32:0	-	LION:0080977
LION_LOW_LATERAL_DIFFUSION	PE 32:1	PE 32:1	-	LION:0080977
LION_LOW_LATERAL_DIFFUSION	PE 33:0	PE 33:0	-	LION:0080977
LION_LOW_LATERAL_DIFFUSION	PE 33:1	PE 33:1	-	LION:0080977
LION_LOW_LATERAL_DIFFUSION	PE 34:1	PE 34:1	-	LION:0080977
LION_LOW_LATERAL_DIFFUSION	PE 35:1	PE 35:1	-	LION:0080977
LION_LOW_LATERAL_DIFFUSION	PE 36:1	PE 36:1	-	LION:0080977
LION_LOW_LATERAL_DIFFUSION	PE 36:2	PE 36:2	-	LION:0080977
LION_LOW_LATERAL_DIFFUSION	PE 38:2	PE 38:2	-	LION:0080977
LION_LOW_LATERAL_DIFFUSION	PE 38:3	PE 38:3	-	LION:0080977
LION_LOW_LATERAL_DIFFUSION	PE 40:3	PE 40:3	-	LION:0080977
LION_LOW_LATERAL_DIFFUSION	PG 14:0_16:0	PG 14:0_16:0	-	LION:0080977
LION_LOW_LATERAL_DIFFUSION	PG 15:0_18:1	PG 15:0_18:1	-	LION:0080977
LION_LOW_LATERAL_DIFFUSION	PG 16:0_16:1	PG 16:0_16:1	-	LION:0080977
LION_LOW_LATERAL_DIFFUSION	PG 16:0_18:1	PG 16:0_18:1	-	LION:0080977
LION_LOW_LATERAL_DIFFUSION	PG 16:0_19:1	PG 16:0_19:1	-	LION:0080977
LION_LOW_LATERAL_DIFFUSION	PG 16:0_22:2	PG 16:0_22:2	-	LION:0080977
LION_LOW_LATERAL_DIFFUSION	PG 16:1_18:0	PG 16:1_18:0	-	LION:0080977
LION_LOW_LATERAL_DIFFUSION	PG 16:1_22:1	PG 16:1_22:1	-	LION:0080977
LION_LOW_LATERAL_DIFFUSION	PG 17:0_18:1	PG 17:0_18:1	-	LION:0080977
LION_LOW_LATERAL_DIFFUSION	PG 17:0_18:2	PG 17:0_18:2	-	LION:0080977
LION_LOW_LATERAL_DIFFUSION	PG 17:1_18:1	PG 17:1_18:1	-	LION:0080977
LION_LOW_LATERAL_DIFFUSION	PG 18:0_18:2	PG 18:0_18:2	-	LION:0080977
LION_LOW_LATERAL_DIFFUSION	PG 18:1_18:1	PG 18:1_18:1	-	LION:0080977
LION_LOW_LATERAL_DIFFUSION	PG 18:1_20:1	PG 18:1_20:1	-	LION:0080977
LION_LOW_LATERAL_DIFFUSION	PG 18:1_20:2	PG 18:1_20:2	-	LION:0080977
LION_LOW_LATERAL_DIFFUSION	PG 18:1_22:2	PG 18:1_22:2	-	LION:0080977
LION_LOW_LATERAL_DIFFUSION	PG 18:2_20:0	PG 18:2_20:0	-	LION:0080977
LION_LOW_LATERAL_DIFFUSION	PG 18:2_22:1	PG 18:2_22:1	-	LION:0080977
LION_LOW_LATERAL_DIFFUSION	PS 30:0	PS 30:0	-	LION:0080977
LION_LOW_LATERAL_DIFFUSION	PS 32:0	PS 32:0	-	LION:0080977
LION_LOW_LATERAL_DIFFUSION	PS 34:1	PS 34:1	-	LION:0080977
LION_LOW_LATERAL_DIFFUSION	PS 36:2	PS 36:2	-	LION:0080977
LION_LOW_LATERAL_DIFFUSION	PS 40:4	PS 40:4	-	LION:0080977
LION_LOW_TRANSITION_TEMPERATURE	PA 16:0_18:2	PA 16:0_18:2	-	LION:0001736
LION_LOW_TRANSITION_TEMPERATURE	PA 16:1_18:1	PA 16:1_18:1	-	LION:0001736
LION_LOW_TRANSITION_TEMPERATURE	PA 17:0_18:3	PA 17:0_18:3	-	LION:0001736
LION_LOW_TRANSITION_TEMPERATURE	PA 17:1_18:2	PA 17:1_18:2	-	LION:0001736
LION_LOW_TRANSITION_TEMPERATURE	PA 17:2_18:1	PA 17:2_18:1	-	LION:0001736
LION_LOW_TRANSITION_TEMPERATURE	PA 18:0_18:3	PA 18:0_18:3	-	LION:0001736
LION_LOW_TRANSITION_TEMPERATURE	PA 18:1_18:2	PA 18:1_18:2	-	LION:0001736
LION_LOW_TRANSITION_TEMPERATURE	PA 18:1_20:2	PA 18:1_20:2	-	LION:0001736
LION_LOW_TRANSITION_TEMPERATURE	PA 18:1_22:2	PA 18:1_22:2	-	LION:0001736
LION_LOW_TRANSITION_TEMPERATURE	PA 18:2_20:1	PA 18:2_20:1	-	LION:0001736
LION_LOW_TRANSITION_TEMPERATURE	PA 18:2_22:1	PA 18:2_22:1	-	LION:0001736
LION_LOW_TRANSITION_TEMPERATURE	PC 32:2	PC 32:2	-	LION:0001736
LION_LOW_TRANSITION_TEMPERATURE	PC 32:3	PC 32:3	-	LION:0001736
LION_LOW_TRANSITION_TEMPERATURE	PC 34:3	PC 34:3	-	LION:0001736
LION_LOW_TRANSITION_TEMPERATURE	PC 34:4	PC 34:4	-	LION:0001736
LION_LOW_TRANSITION_TEMPERATURE	PC 36:3	PC 36:3	-	LION:0001736
LION_LOW_TRANSITION_TEMPERATURE	PC 36:4	PC 36:4	-	LION:0001736
LION_LOW_TRANSITION_TEMPERATURE	PC 38:4	PC 38:4	-	LION:0001736
LION_LOW_TRANSITION_TEMPERATURE	PC 38:5	PC 38:5	-	LION:0001736
LION_LOW_TRANSITION_TEMPERATURE	PC 40:5	PC 40:5	-	LION:0001736
LION_LOW_TRANSITION_TEMPERATURE	PC 40:6	PC 40:6	-	LION:0001736
LION_LOW_TRANSITION_TEMPERATURE	PC 42:6	PC 42:6	-	LION:0001736
LION_LOW_TRANSITION_TEMPERATURE	PE 28:1	PE 28:1	-	LION:0001736
LION_LOW_TRANSITION_TEMPERATURE	PE 32:2	PE 32:2	-	LION:0001736
LION_LOW_TRANSITION_TEMPERATURE	PE 33:2	PE 33:2	-	LION:0001736
LION_LOW_TRANSITION_TEMPERATURE	PE 34:2	PE 34:2	-	LION:0001736
LION_LOW_TRANSITION_TEMPERATURE	PE 34:3	PE 34:3	-	LION:0001736
LION_LOW_TRANSITION_TEMPERATURE	PE 35:3	PE 35:3	-	LION:0001736
LION_LOW_TRANSITION_TEMPERATURE	PE 36:3	PE 36:3	-	LION:0001736
LION_LOW_TRANSITION_TEMPERATURE	PE 36:4	PE 36:4	-	LION:0001736
LION_LOW_TRANSITION_TEMPERATURE	PE 38:4	PE 38:4	-	LION:0001736
LION_LOW_TRANSITION_TEMPERATURE	PE 38:5	PE 38:5	-	LION:0001736
LION_LOW_TRANSITION_TEMPERATURE	PE 40:7	PE 40:7	-	LION:0001736
LION_LOW_TRANSITION_TEMPERATURE	PE 40:8	PE 40:8	-	LION:0001736
LION_LOW_TRANSITION_TEMPERATURE	PG 15:0_18:1	PG 15:0_18:1	-	LION:0001736
LION_LOW_TRANSITION_TEMPERATURE	PG 16:0_16:1	PG 16:0_16:1	-	LION:0001736
LION_LOW_TRANSITION_TEMPERATURE	PG 16:0_18:2	PG 16:0_18:2	-	LION:0001736
LION_LOW_TRANSITION_TEMPERATURE	PG 16:1_18:1	PG 16:1_18:1	-	LION:0001736
LION_LOW_TRANSITION_TEMPERATURE	PG 17:0_18:2	PG 17:0_18:2	-	LION:0001736
LION_LOW_TRANSITION_TEMPERATURE	PG 17:1_18:1	PG 17:1_18:1	-	LION:0001736
LION_LOW_TRANSITION_TEMPERATURE	PG 18:0_18:2	PG 18:0_18:2	-	LION:0001736
LION_LOW_TRANSITION_TEMPERATURE	PG 18:1_18:1	PG 18:1_18:1	-	LION:0001736
LION_LOW_TRANSITION_TEMPERATURE	PG 18:1_20:3	PG 18:1_20:3	-	LION:0001736
LION_LOW_TRANSITION_TEMPERATURE	PG 18:2_20:2	PG 18:2_20:2	-	LION:0001736
LION_LOW_TRANSITION_TEMPERATURE	PG 20:3_20:4	PG 20:3_20:4	-	LION:0001736
LION_LOW_TRANSITION_TEMPERATURE	PG 20:4_20:4	PG 20:4_20:4	-	LION:0001736
LION_LOW_TRANSITION_TEMPERATURE	PS 34:2	PS 34:2	-	LION:0001736
LION_LOW_TRANSITION_TEMPERATURE	PS 36:3	PS 36:3	-	LION:0001736
LION_LOW_TRANSITION_TEMPERATURE	PS 40:4	PS 40:4	-	LION:0001736
LION_LOW_TRANSITION_TEMPERATURE	PS 40:5	PS 40:5	-	LION:0001736
LION_LYSOGLYCEROPHOSPHOLIPIDS	LPA 14:0	LPA 14:0	-	LION:0000599
LION_LYSOGLYCEROPHOSPHOLIPIDS	LPA 14:1	LPA 14:1	-	LION:0000599
LION_LYSOGLYCEROPHOSPHOLIPIDS	LPA 15:0	LPA 15:0	-	LION:0000599
LION_LYSOGLYCEROPHOSPHOLIPIDS	LPA 16:0	LPA 16:0	-	LION:0000599
LION_LYSOGLYCEROPHOSPHOLIPIDS	LPA 18:1	LPA 18:1	-	LION:0000599
LION_LYSOGLYCEROPHOSPHOLIPIDS	LPA 18:2	LPA 18:2	-	LION:0000599
LION_LYSOGLYCEROPHOSPHOLIPIDS	LPA 22:3	LPA 22:3	-	LION:0000599
LION_LYSOGLYCEROPHOSPHOLIPIDS	LPA 22:4	LPA 22:4	-	LION:0000599
LION_LYSOGLYCEROPHOSPHOLIPIDS	LPC 14:0	LPC 14:0	-	LION:0000599
LION_LYSOGLYCEROPHOSPHOLIPIDS	LPC 16:0	LPC 16:0	-	LION:0000599
LION_LYSOGLYCEROPHOSPHOLIPIDS	LPC 16:1	LPC 16:1	-	LION:0000599
LION_LYSOGLYCEROPHOSPHOLIPIDS	LPC 17:0	LPC 17:0	-	LION:0000599
LION_LYSOGLYCEROPHOSPHOLIPIDS	LPC 18:0	LPC 18:0	-	LION:0000599
LION_LYSOGLYCEROPHOSPHOLIPIDS	LPC 18:1	LPC 18:1	-	LION:0000599
LION_LYSOGLYCEROPHOSPHOLIPIDS	LPC 18:2	LPC 18:2	-	LION:0000599
LION_LYSOGLYCEROPHOSPHOLIPIDS	LPC 20:3	LPC 20:3	-	LION:0000599
LION_LYSOGLYCEROPHOSPHOLIPIDS	LPC 20:4	LPC 20:4	-	LION:0000599
LION_LYSOGLYCEROPHOSPHOLIPIDS	LPE 14:0	LPE 14:0	-	LION:0000599
LION_LYSOGLYCEROPHOSPHOLIPIDS	LPE 14:1	LPE 14:1	-	LION:0000599
LION_LYSOGLYCEROPHOSPHOLIPIDS	LPE 15:0	LPE 15:0	-	LION:0000599
LION_LYSOGLYCEROPHOSPHOLIPIDS	LPE 16:0	LPE 16:0	-	LION:0000599
LION_LYSOGLYCEROPHOSPHOLIPIDS	LPE 16:1	LPE 16:1	-	LION:0000599
LION_LYSOGLYCEROPHOSPHOLIPIDS	LPE 17:0	LPE 17:0	-	LION:0000599
LION_LYSOGLYCEROPHOSPHOLIPIDS	LPE 17:1	LPE 17:1	-	LION:0000599
LION_LYSOGLYCEROPHOSPHOLIPIDS	LPE 18:0	LPE 18:0	-	LION:0000599
LION_LYSOGLYCEROPHOSPHOLIPIDS	LPE 18:1	LPE 18:1	-	LION:0000599
LION_LYSOGLYCEROPHOSPHOLIPIDS	LPE 18:2	LPE 18:2	-	LION:0000599
LION_LYSOGLYCEROPHOSPHOLIPIDS	LPE 18:3	LPE 18:3	-	LION:0000599
LION_LYSOGLYCEROPHOSPHOLIPIDS	LPE 19:0	LPE 19:0	-	LION:0000599
LION_LYSOGLYCEROPHOSPHOLIPIDS	LPE 19:1	LPE 19:1	-	LION:0000599
LION_LYSOGLYCEROPHOSPHOLIPIDS	LPE 19:2	LPE 19:2	-	LION:0000599
LION_LYSOGLYCEROPHOSPHOLIPIDS	LPE 20:0	LPE 20:0	-	LION:0000599
LION_LYSOGLYCEROPHOSPHOLIPIDS	LPE 20:1	LPE 20:1	-	LION:0000599
LION_LYSOGLYCEROPHOSPHOLIPIDS	LPE 20:2	LPE 20:2	-	LION:0000599
LION_LYSOGLYCEROPHOSPHOLIPIDS	LPE 20:3	LPE 20:3	-	LION:0000599
LION_LYSOGLYCEROPHOSPHOLIPIDS	LPE 20:4	LPE 20:4	-	LION:0000599
LION_LYSOGLYCEROPHOSPHOLIPIDS	LPE 20:5	LPE 20:5	-	LION:0000599
LION_LYSOGLYCEROPHOSPHOLIPIDS	LPE 22:0	LPE 22:0	-	LION:0000599
LION_LYSOGLYCEROPHOSPHOLIPIDS	LPE 22:1	LPE 22:1	-	LION:0000599
LION_LYSOGLYCEROPHOSPHOLIPIDS	LPE 22:4	LPE 22:4	-	LION:0000599
LION_LYSOGLYCEROPHOSPHOLIPIDS	LPE 22:5	LPE 22:5	-	LION:0000599
LION_LYSOGLYCEROPHOSPHOLIPIDS	LPE 22:6	LPE 22:6	-	LION:0000599
LION_LYSOGLYCEROPHOSPHOLIPIDS	LPG 14:0	LPG 14:0	-	LION:0000599
LION_LYSOGLYCEROPHOSPHOLIPIDS	LPG 14:1	LPG 14:1	-	LION:0000599
LION_LYSOGLYCEROPHOSPHOLIPIDS	LPG 16:0	LPG 16:0	-	LION:0000599
LION_LYSOGLYCEROPHOSPHOLIPIDS	LPG 16:1	LPG 16:1	-	LION:0000599
LION_LYSOGLYCEROPHOSPHOLIPIDS	LPG 17:0	LPG 17:0	-	LION:0000599
LION_LYSOGLYCEROPHOSPHOLIPIDS	LPG 17:1	LPG 17:1	-	LION:0000599
LION_LYSOGLYCEROPHOSPHOLIPIDS	LPG 18:0	LPG 18:0	-	LION:0000599
LION_LYSOGLYCEROPHOSPHOLIPIDS	LPG 18:1	LPG 18:1	-	LION:0000599
LION_LYSOGLYCEROPHOSPHOLIPIDS	LPG 18:2	LPG 18:2	-	LION:0000599
LION_LYSOGLYCEROPHOSPHOLIPIDS	LPG 20:1	LPG 20:1	-	LION:0000599
LION_LYSOGLYCEROPHOSPHOLIPIDS	LPI 14:0	LPI 14:0	-	LION:0000599
LION_LYSOGLYCEROPHOSPHOLIPIDS	LPI 14:1	LPI 14:1	-	LION:0000599
LION_LYSOGLYCEROPHOSPHOLIPIDS	LPI 16:0	LPI 16:0	-	LION:0000599
LION_LYSOGLYCEROPHOSPHOLIPIDS	LPI 16:1	LPI 16:1	-	LION:0000599
LION_LYSOGLYCEROPHOSPHOLIPIDS	LPI 17:0	LPI 17:0	-	LION:0000599
LION_LYSOGLYCEROPHOSPHOLIPIDS	LPI 17:1	LPI 17:1	-	LION:0000599
LION_LYSOGLYCEROPHOSPHOLIPIDS	LPI 18:0	LPI 18:0	-	LION:0000599
LION_LYSOGLYCEROPHOSPHOLIPIDS	LPI 18:1	LPI 18:1	-	LION:0000599
LION_LYSOGLYCEROPHOSPHOLIPIDS	LPI 18:2	LPI 18:2	-	LION:0000599
LION_LYSOGLYCEROPHOSPHOLIPIDS	LPI 18:3	LPI 18:3	-	LION:0000599
LION_LYSOGLYCEROPHOSPHOLIPIDS	LPI 19:0	LPI 19:0	-	LION:0000599
LION_LYSOGLYCEROPHOSPHOLIPIDS	LPI 20:1	LPI 20:1	-	LION:0000599
LION_LYSOGLYCEROPHOSPHOLIPIDS	LPI 20:4	LPI 20:4	-	LION:0000599
LION_LYSOGLYCEROPHOSPHOLIPIDS	LPI 22:0	LPI 22:0	-	LION:0000599
LION_LYSOGLYCEROPHOSPHOLIPIDS	LPI 22:1	LPI 22:1	-	LION:0000599
LION_LYSOGLYCEROPHOSPHOLIPIDS	LPS 16:0	LPS 16:0	-	LION:0000599
LION_LYSOGLYCEROPHOSPHOLIPIDS	LPS 16:1	LPS 16:1	-	LION:0000599
LION_LYSOGLYCEROPHOSPHOLIPIDS	LPS 18:0	LPS 18:0	-	LION:0000599
LION_LYSOGLYCEROPHOSPHOLIPIDS	LPS 18:1	LPS 18:1	-	LION:0000599
LION_LYSOGLYCEROPHOSPHOLIPIDS	LPS 18:2	LPS 18:2	-	LION:0000599
LION_LYSOGLYCEROPHOSPHOLIPIDS	LPS 18:3	LPS 18:3	-	LION:0000599
LION_LYSOGLYCEROPHOSPHOLIPIDS	LPS 20:0	LPS 20:0	-	LION:0000599
LION_LYSOGLYCEROPHOSPHOLIPIDS	LPS 20:1	LPS 20:1	-	LION:0000599
LION_LYSOGLYCEROPHOSPHOLIPIDS	LPS 20:4	LPS 20:4	-	LION:0000599
LION_LYSOGLYCEROPHOSPHOLIPIDS	LPS 20:5	LPS 20:5	-	LION:0000599
LION_LYSOGLYCEROPHOSPHOLIPIDS	LPS 22:0	LPS 22:0	-	LION:0000599
LION_LYSOGLYCEROPHOSPHOLIPIDS	LPS 22:6	LPS 22:6	-	LION:0000599
LION_MONOACYLGLYCEROPHOSPHATES	LPA 14:0	LPA 14:0	-	LION:0000072
LION_MONOACYLGLYCEROPHOSPHATES	LPA 14:1	LPA 14:1	-	LION:0000072
LION_MONOACYLGLYCEROPHOSPHATES	LPA 15:0	LPA 15:0	-	LION:0000072
LION_MONOACYLGLYCEROPHOSPHATES	LPA 16:0	LPA 16:0	-	LION:0000072
LION_MONOACYLGLYCEROPHOSPHATES	LPA 18:1	LPA 18:1	-	LION:0000072
LION_MONOACYLGLYCEROPHOSPHATES	LPA 18:2	LPA 18:2	-	LION:0000072
LION_MONOACYLGLYCEROPHOSPHATES	LPA 22:3	LPA 22:3	-	LION:0000072
LION_MONOACYLGLYCEROPHOSPHATES	LPA 22:4	LPA 22:4	-	LION:0000072
LION_MONOACYLGLYCEROPHOSPHOCHOLINES	LPC 14:0	LPC 14:0	-	LION:0000034
LION_MONOACYLGLYCEROPHOSPHOCHOLINES	LPC 16:0	LPC 16:0	-	LION:0000034
LION_MONOACYLGLYCEROPHOSPHOCHOLINES	LPC 16:1	LPC 16:1	-	LION:0000034
LION_MONOACYLGLYCEROPHOSPHOCHOLINES	LPC 17:0	LPC 17:0	-	LION:0000034
LION_MONOACYLGLYCEROPHOSPHOCHOLINES	LPC 18:0	LPC 18:0	-	LION:0000034
LION_MONOACYLGLYCEROPHOSPHOCHOLINES	LPC 18:1	LPC 18:1	-	LION:0000034
LION_MONOACYLGLYCEROPHOSPHOCHOLINES	LPC 18:2	LPC 18:2	-	LION:0000034
LION_MONOACYLGLYCEROPHOSPHOCHOLINES	LPC 20:3	LPC 20:3	-	LION:0000034
LION_MONOACYLGLYCEROPHOSPHOCHOLINES	LPC 20:4	LPC 20:4	-	LION:0000034
LION_MONOACYLGLYCEROPHOSPHOETHANOLAMINES	LPE 14:0	LPE 14:0	-	LION:0000042
LION_MONOACYLGLYCEROPHOSPHOETHANOLAMINES	LPE 14:1	LPE 14:1	-	LION:0000042
LION_MONOACYLGLYCEROPHOSPHOETHANOLAMINES	LPE 15:0	LPE 15:0	-	LION:0000042
LION_MONOACYLGLYCEROPHOSPHOETHANOLAMINES	LPE 16:0	LPE 16:0	-	LION:0000042
LION_MONOACYLGLYCEROPHOSPHOETHANOLAMINES	LPE 16:1	LPE 16:1	-	LION:0000042
LION_MONOACYLGLYCEROPHOSPHOETHANOLAMINES	LPE 17:0	LPE 17:0	-	LION:0000042
LION_MONOACYLGLYCEROPHOSPHOETHANOLAMINES	LPE 17:1	LPE 17:1	-	LION:0000042
LION_MONOACYLGLYCEROPHOSPHOETHANOLAMINES	LPE 18:0	LPE 18:0	-	LION:0000042
LION_MONOACYLGLYCEROPHOSPHOETHANOLAMINES	LPE 18:1	LPE 18:1	-	LION:0000042
LION_MONOACYLGLYCEROPHOSPHOETHANOLAMINES	LPE 18:2	LPE 18:2	-	LION:0000042
LION_MONOACYLGLYCEROPHOSPHOETHANOLAMINES	LPE 18:3	LPE 18:3	-	LION:0000042
LION_MONOACYLGLYCEROPHOSPHOETHANOLAMINES	LPE 19:0	LPE 19:0	-	LION:0000042
LION_MONOACYLGLYCEROPHOSPHOETHANOLAMINES	LPE 19:1	LPE 19:1	-	LION:0000042
LION_MONOACYLGLYCEROPHOSPHOETHANOLAMINES	LPE 19:2	LPE 19:2	-	LION:0000042
LION_MONOACYLGLYCEROPHOSPHOETHANOLAMINES	LPE 20:0	LPE 20:0	-	LION:0000042
LION_MONOACYLGLYCEROPHOSPHOETHANOLAMINES	LPE 20:1	LPE 20:1	-	LION:0000042
LION_MONOACYLGLYCEROPHOSPHOETHANOLAMINES	LPE 20:2	LPE 20:2	-	LION:0000042
LION_MONOACYLGLYCEROPHOSPHOETHANOLAMINES	LPE 20:3	LPE 20:3	-	LION:0000042
LION_MONOACYLGLYCEROPHOSPHOETHANOLAMINES	LPE 20:4	LPE 20:4	-	LION:0000042
LION_MONOACYLGLYCEROPHOSPHOETHANOLAMINES	LPE 20:5	LPE 20:5	-	LION:0000042
LION_MONOACYLGLYCEROPHOSPHOETHANOLAMINES	LPE 22:0	LPE 22:0	-	LION:0000042
LION_MONOACYLGLYCEROPHOSPHOETHANOLAMINES	LPE 22:1	LPE 22:1	-	LION:0000042
LION_MONOACYLGLYCEROPHOSPHOETHANOLAMINES	LPE 22:4	LPE 22:4	-	LION:0000042
LION_MONOACYLGLYCEROPHOSPHOETHANOLAMINES	LPE 22:5	LPE 22:5	-	LION:0000042
LION_MONOACYLGLYCEROPHOSPHOETHANOLAMINES	LPE 22:6	LPE 22:6	-	LION:0000042
LION_MONOACYLGLYCEROPHOSPHOGLYCEROLS	LPG 14:0	LPG 14:0	-	LION:0000063
LION_MONOACYLGLYCEROPHOSPHOGLYCEROLS	LPG 14:1	LPG 14:1	-	LION:0000063
LION_MONOACYLGLYCEROPHOSPHOGLYCEROLS	LPG 16:0	LPG 16:0	-	LION:0000063
LION_MONOACYLGLYCEROPHOSPHOGLYCEROLS	LPG 16:1	LPG 16:1	-	LION:0000063
LION_MONOACYLGLYCEROPHOSPHOGLYCEROLS	LPG 17:0	LPG 17:0	-	LION:0000063
LION_MONOACYLGLYCEROPHOSPHOGLYCEROLS	LPG 17:1	LPG 17:1	-	LION:0000063
LION_MONOACYLGLYCEROPHOSPHOGLYCEROLS	LPG 18:0	LPG 18:0	-	LION:0000063
LION_MONOACYLGLYCEROPHOSPHOGLYCEROLS	LPG 18:1	LPG 18:1	-	LION:0000063
LION_MONOACYLGLYCEROPHOSPHOGLYCEROLS	LPG 18:2	LPG 18:2	-	LION:0000063
LION_MONOACYLGLYCEROPHOSPHOGLYCEROLS	LPG 20:1	LPG 20:1	-	LION:0000063
LION_MONOACYLGLYCEROPHOSPHOINOSITOLS	LPI 14:0	LPI 14:0	-	LION:0000046
LION_MONOACYLGLYCEROPHOSPHOINOSITOLS	LPI 14:1	LPI 14:1	-	LION:0000046
LION_MONOACYLGLYCEROPHOSPHOINOSITOLS	LPI 16:0	LPI 16:0	-	LION:0000046
LION_MONOACYLGLYCEROPHOSPHOINOSITOLS	LPI 16:1	LPI 16:1	-	LION:0000046
LION_MONOACYLGLYCEROPHOSPHOINOSITOLS	LPI 17:0	LPI 17:0	-	LION:0000046
LION_MONOACYLGLYCEROPHOSPHOINOSITOLS	LPI 17:1	LPI 17:1	-	LION:0000046
LION_MONOACYLGLYCEROPHOSPHOINOSITOLS	LPI 18:0	LPI 18:0	-	LION:0000046
LION_MONOACYLGLYCEROPHOSPHOINOSITOLS	LPI 18:1	LPI 18:1	-	LION:0000046
LION_MONOACYLGLYCEROPHOSPHOINOSITOLS	LPI 18:2	LPI 18:2	-	LION:0000046
LION_MONOACYLGLYCEROPHOSPHOINOSITOLS	LPI 18:3	LPI 18:3	-	LION:0000046
LION_MONOACYLGLYCEROPHOSPHOINOSITOLS	LPI 19:0	LPI 19:0	-	LION:0000046
LION_MONOACYLGLYCEROPHOSPHOINOSITOLS	LPI 20:1	LPI 20:1	-	LION:0000046
LION_MONOACYLGLYCEROPHOSPHOINOSITOLS	LPI 20:4	LPI 20:4	-	LION:0000046
LION_MONOACYLGLYCEROPHOSPHOINOSITOLS	LPI 22:0	LPI 22:0	-	LION:0000046
LION_MONOACYLGLYCEROPHOSPHOINOSITOLS	LPI 22:1	LPI 22:1	-	LION:0000046
LION_MONOACYLGLYCEROPHOSPHOSERINES	LPS 16:0	LPS 16:0	-	LION:0000056
LION_MONOACYLGLYCEROPHOSPHOSERINES	LPS 16:1	LPS 16:1	-	LION:0000056
LION_MONOACYLGLYCEROPHOSPHOSERINES	LPS 18:0	LPS 18:0	-	LION:0000056
LION_MONOACYLGLYCEROPHOSPHOSERINES	LPS 18:1	LPS 18:1	-	LION:0000056
LION_MONOACYLGLYCEROPHOSPHOSERINES	LPS 18:2	LPS 18:2	-	LION:0000056
LION_MONOACYLGLYCEROPHOSPHOSERINES	LPS 18:3	LPS 18:3	-	LION:0000056
LION_MONOACYLGLYCEROPHOSPHOSERINES	LPS 20:0	LPS 20:0	-	LION:0000056
LION_MONOACYLGLYCEROPHOSPHOSERINES	LPS 20:1	LPS 20:1	-	LION:0000056
LION_MONOACYLGLYCEROPHOSPHOSERINES	LPS 20:4	LPS 20:4	-	LION:0000056
LION_MONOACYLGLYCEROPHOSPHOSERINES	LPS 20:5	LPS 20:5	-	LION:0000056
LION_MONOACYLGLYCEROPHOSPHOSERINES	LPS 22:0	LPS 22:0	-	LION:0000056
LION_MONOACYLGLYCEROPHOSPHOSERINES	LPS 22:6	LPS 22:6	-	LION:0000056
LION_MONOUNSATURATED_FATTY_ACID	CE 14:1	CE 14:1	-	LION:0002969
LION_MONOUNSATURATED_FATTY_ACID	CE 15:1	CE 15:1	-	LION:0002969
LION_MONOUNSATURATED_FATTY_ACID	CE 16:1	CE 16:1	-	LION:0002969
LION_MONOUNSATURATED_FATTY_ACID	CE 17:1	CE 17:1	-	LION:0002969
LION_MONOUNSATURATED_FATTY_ACID	CE 18:1	CE 18:1	-	LION:0002969
LION_MONOUNSATURATED_FATTY_ACID	CE 20:1	CE 20:1	-	LION:0002969
LION_MONOUNSATURATED_FATTY_ACID	CE 22:1	CE 22:1	-	LION:0002969
LION_MONOUNSATURATED_FATTY_ACID	Cer d18:0/24:1	Cer d18:0/24:1	-	LION:0002969
LION_MONOUNSATURATED_FATTY_ACID	Cer d18:0/26:1	Cer d18:0/26:1	-	LION:0002969
LION_MONOUNSATURATED_FATTY_ACID	Cer d18:1/18:1	Cer d18:1/18:1	-	LION:0002969
LION_MONOUNSATURATED_FATTY_ACID	Cer d18:1/24:1	Cer d18:1/24:1	-	LION:0002969
LION_MONOUNSATURATED_FATTY_ACID	Cer d18:1/26:1	Cer d18:1/26:1	-	LION:0002969
LION_MONOUNSATURATED_FATTY_ACID	Hex-Cer d18:1/18:1	Hex-Cer d18:1/18:1	-	LION:0002969
LION_MONOUNSATURATED_FATTY_ACID	Hex-Cer d18:1/24:1	Hex-Cer d18:1/24:1	-	LION:0002969
LION_MONOUNSATURATED_FATTY_ACID	Hex-Cer d18:1/26:1	Hex-Cer d18:1/26:1	-	LION:0002969
LION_MONOUNSATURATED_FATTY_ACID	Hex2Cer d18:1/24:1	Hex2Cer d18:1/24:1	-	LION:0002969
LION_MONOUNSATURATED_FATTY_ACID	Hex2Cer d18:1/26:1	Hex2Cer d18:1/26:1	-	LION:0002969
LION_MONOUNSATURATED_FATTY_ACID	LPA 14:1	LPA 14:1	-	LION:0002969
LION_MONOUNSATURATED_FATTY_ACID	LPA 18:1	LPA 18:1	-	LION:0002969
LION_MONOUNSATURATED_FATTY_ACID	LPC 16:1	LPC 16:1	-	LION:0002969
LION_MONOUNSATURATED_FATTY_ACID	LPC 18:1	LPC 18:1	-	LION:0002969
LION_MONOUNSATURATED_FATTY_ACID	LPE 14:1	LPE 14:1	-	LION:0002969
LION_MONOUNSATURATED_FATTY_ACID	LPE 16:1	LPE 16:1	-	LION:0002969
LION_MONOUNSATURATED_FATTY_ACID	LPE 17:1	LPE 17:1	-	LION:0002969
LION_MONOUNSATURATED_FATTY_ACID	LPE 18:1	LPE 18:1	-	LION:0002969
LION_MONOUNSATURATED_FATTY_ACID	LPE 19:1	LPE 19:1	-	LION:0002969
LION_MONOUNSATURATED_FATTY_ACID	LPE 20:1	LPE 20:1	-	LION:0002969
LION_MONOUNSATURATED_FATTY_ACID	LPE 22:1	LPE 22:1	-	LION:0002969
LION_MONOUNSATURATED_FATTY_ACID	LPG 14:1	LPG 14:1	-	LION:0002969
LION_MONOUNSATURATED_FATTY_ACID	LPG 16:1	LPG 16:1	-	LION:0002969
LION_MONOUNSATURATED_FATTY_ACID	LPG 17:1	LPG 17:1	-	LION:0002969
LION_MONOUNSATURATED_FATTY_ACID	LPG 18:1	LPG 18:1	-	LION:0002969
LION_MONOUNSATURATED_FATTY_ACID	LPG 20:1	LPG 20:1	-	LION:0002969
LION_MONOUNSATURATED_FATTY_ACID	LPI 14:1	LPI 14:1	-	LION:0002969
LION_MONOUNSATURATED_FATTY_ACID	LPI 16:1	LPI 16:1	-	LION:0002969
LION_MONOUNSATURATED_FATTY_ACID	LPI 17:1	LPI 17:1	-	LION:0002969
LION_MONOUNSATURATED_FATTY_ACID	LPI 18:1	LPI 18:1	-	LION:0002969
LION_MONOUNSATURATED_FATTY_ACID	LPI 20:1	LPI 20:1	-	LION:0002969
LION_MONOUNSATURATED_FATTY_ACID	LPI 22:1	LPI 22:1	-	LION:0002969
LION_MONOUNSATURATED_FATTY_ACID	LPS 16:1	LPS 16:1	-	LION:0002969
LION_MONOUNSATURATED_FATTY_ACID	LPS 18:1	LPS 18:1	-	LION:0002969
LION_MONOUNSATURATED_FATTY_ACID	LPS 20:1	LPS 20:1	-	LION:0002969
LION_MONOUNSATURATED_FATTY_ACID	PE P-16:0/16:1	PE P-16:0/16:1	-	LION:0002969
LION_MONOUNSATURATED_FATTY_ACID	PE P-16:0/18:1	PE P-16:0/18:1	-	LION:0002969
LION_MONOUNSATURATED_FATTY_ACID	PE P-18:0/18:1	PE P-18:0/18:1	-	LION:0002969
LION_MONOUNSATURATED_FATTY_ACID	PE P-18:0/19:1	PE P-18:0/19:1	-	LION:0002969
LION_MONOUNSATURATED_FATTY_ACID	PE P-18:0/20:1	PE P-18:0/20:1	-	LION:0002969
LION_MONOUNSATURATED_FATTY_ACID	PE P-18:0/22:1	PE P-18:0/22:1	-	LION:0002969
LION_MONOUNSATURATED_FATTY_ACID	PE P-18:1/18:1	PE P-18:1/18:1	-	LION:0002969
LION_MONOUNSATURATED_FATTY_ACID	PE P-18:1/18:2	PE P-18:1/18:2	-	LION:0002969
LION_MONOUNSATURATED_FATTY_ACID	PE P-18:1/20:4	PE P-18:1/20:4	-	LION:0002969
LION_MONOUNSATURATED_FATTY_ACID	PE P-18:1/20:5	PE P-18:1/20:5	-	LION:0002969
LION_MONOUNSATURATED_FATTY_ACID	PE P-18:1/22:6	PE P-18:1/22:6	-	LION:0002969
LION_NEGATIVE_INTRINSIC_CURVATURE	Cer d16:1/18:0	Cer d16:1/18:0	-	LION:0000464
LION_NEGATIVE_INTRINSIC_CURVATURE	Cer d16:1/20:0	Cer d16:1/20:0	-	LION:0000464
LION_NEGATIVE_INTRINSIC_CURVATURE	Cer d16:1/22:0	Cer d16:1/22:0	-	LION:0000464
LION_NEGATIVE_INTRINSIC_CURVATURE	Cer d16:1/23:0	Cer d16:1/23:0	-	LION:0000464
LION_NEGATIVE_INTRINSIC_CURVATURE	Cer d16:1/24:0	Cer d16:1/24:0	-	LION:0000464
LION_NEGATIVE_INTRINSIC_CURVATURE	Cer d18:0/18:0	Cer d18:0/18:0	-	LION:0000464
LION_NEGATIVE_INTRINSIC_CURVATURE	Cer d18:0/18:0-OH	Cer d18:0/18:0-OH	-	LION:0000464
LION_NEGATIVE_INTRINSIC_CURVATURE	Cer d18:0/20:0	Cer d18:0/20:0	-	LION:0000464
LION_NEGATIVE_INTRINSIC_CURVATURE	Cer d18:0/22:0	Cer d18:0/22:0	-	LION:0000464
LION_NEGATIVE_INTRINSIC_CURVATURE	Cer d18:0/24:0	Cer d18:0/24:0	-	LION:0000464
LION_NEGATIVE_INTRINSIC_CURVATURE	Cer d18:0/24:1	Cer d18:0/24:1	-	LION:0000464
LION_NEGATIVE_INTRINSIC_CURVATURE	Cer d18:0/26:1	Cer d18:0/26:1	-	LION:0000464
LION_NEGATIVE_INTRINSIC_CURVATURE	Cer d18:0/26:1-OH	Cer d18:0/26:1-OH	-	LION:0000464
LION_NEGATIVE_INTRINSIC_CURVATURE	Cer d18:1/14:0	Cer d18:1/14:0	-	LION:0000464
LION_NEGATIVE_INTRINSIC_CURVATURE	Cer d18:1/16:0	Cer d18:1/16:0	-	LION:0000464
LION_NEGATIVE_INTRINSIC_CURVATURE	Cer d18:1/18:0	Cer d18:1/18:0	-	LION:0000464
LION_NEGATIVE_INTRINSIC_CURVATURE	Cer d18:1/18:0-OH	Cer d18:1/18:0-OH	-	LION:0000464
LION_NEGATIVE_INTRINSIC_CURVATURE	Cer d18:1/18:1	Cer d18:1/18:1	-	LION:0000464
LION_NEGATIVE_INTRINSIC_CURVATURE	Cer d18:1/20:0	Cer d18:1/20:0	-	LION:0000464
LION_NEGATIVE_INTRINSIC_CURVATURE	Cer d18:1/20:0-OH	Cer d18:1/20:0-OH	-	LION:0000464
LION_NEGATIVE_INTRINSIC_CURVATURE	Cer d18:1/22:0	Cer d18:1/22:0	-	LION:0000464
LION_NEGATIVE_INTRINSIC_CURVATURE	Cer d18:1/23:0	Cer d18:1/23:0	-	LION:0000464
LION_NEGATIVE_INTRINSIC_CURVATURE	Cer d18:1/24:0	Cer d18:1/24:0	-	LION:0000464
LION_NEGATIVE_INTRINSIC_CURVATURE	Cer d18:1/24:1	Cer d18:1/24:1	-	LION:0000464
LION_NEGATIVE_INTRINSIC_CURVATURE	Cer d18:1/25:0	Cer d18:1/25:0	-	LION:0000464
LION_NEGATIVE_INTRINSIC_CURVATURE	Cer d18:1/26:0	Cer d18:1/26:0	-	LION:0000464
LION_NEGATIVE_INTRINSIC_CURVATURE	Cer d18:1/26:1	Cer d18:1/26:1	-	LION:0000464
LION_NEGATIVE_INTRINSIC_CURVATURE	Cer d18:2/14:0	Cer d18:2/14:0	-	LION:0000464
LION_NEGATIVE_INTRINSIC_CURVATURE	Cer d18:2/16:0	Cer d18:2/16:0	-	LION:0000464
LION_NEGATIVE_INTRINSIC_CURVATURE	Cer d18:2/18:0	Cer d18:2/18:0	-	LION:0000464
LION_NEGATIVE_INTRINSIC_CURVATURE	Cer d18:2/18:1	Cer d18:2/18:1	-	LION:0000464
LION_NEGATIVE_INTRINSIC_CURVATURE	Cer d18:2/20:0	Cer d18:2/20:0	-	LION:0000464
LION_NEGATIVE_INTRINSIC_CURVATURE	Cer d18:2/22:0	Cer d18:2/22:0	-	LION:0000464
LION_NEGATIVE_INTRINSIC_CURVATURE	Cer d18:2/23:0	Cer d18:2/23:0	-	LION:0000464
LION_NEGATIVE_INTRINSIC_CURVATURE	Cer d18:2/24:0	Cer d18:2/24:0	-	LION:0000464
LION_NEGATIVE_INTRINSIC_CURVATURE	Cer d18:2/24:1	Cer d18:2/24:1	-	LION:0000464
LION_NEGATIVE_INTRINSIC_CURVATURE	DG 14:0_14:0	DG 14:0_14:0	-	LION:0000464
LION_NEGATIVE_INTRINSIC_CURVATURE	DG 14:0_18:1	DG 14:0_18:1	-	LION:0000464
LION_NEGATIVE_INTRINSIC_CURVATURE	DG 14:0_18:2	DG 14:0_18:2	-	LION:0000464
LION_NEGATIVE_INTRINSIC_CURVATURE	DG 14:0_20:0	DG 14:0_20:0	-	LION:0000464
LION_NEGATIVE_INTRINSIC_CURVATURE	DG 14:1_18:1	DG 14:1_18:1	-	LION:0000464
LION_NEGATIVE_INTRINSIC_CURVATURE	DG 14:1_20:2	DG 14:1_20:2	-	LION:0000464
LION_NEGATIVE_INTRINSIC_CURVATURE	DG 16:0_16:0	DG 16:0_16:0	-	LION:0000464
LION_NEGATIVE_INTRINSIC_CURVATURE	DG 16:0_16:1	DG 16:0_16:1	-	LION:0000464
LION_NEGATIVE_INTRINSIC_CURVATURE	DG 16:0_18:1	DG 16:0_18:1	-	LION:0000464
LION_NEGATIVE_INTRINSIC_CURVATURE	DG 16:0_18:2	DG 16:0_18:2	-	LION:0000464
LION_NEGATIVE_INTRINSIC_CURVATURE	DG 16:0_20:0	DG 16:0_20:0	-	LION:0000464
LION_NEGATIVE_INTRINSIC_CURVATURE	DG 16:0_20:3	DG 16:0_20:3	-	LION:0000464
LION_NEGATIVE_INTRINSIC_CURVATURE	DG 16:0_20:4	DG 16:0_20:4	-	LION:0000464
LION_NEGATIVE_INTRINSIC_CURVATURE	DG 16:1_18:0	DG 16:1_18:0	-	LION:0000464
LION_NEGATIVE_INTRINSIC_CURVATURE	DG 16:1_18:1	DG 16:1_18:1	-	LION:0000464
LION_NEGATIVE_INTRINSIC_CURVATURE	DG 16:1_18:2	DG 16:1_18:2	-	LION:0000464
LION_NEGATIVE_INTRINSIC_CURVATURE	DG 16:1_20:0	DG 16:1_20:0	-	LION:0000464
LION_NEGATIVE_INTRINSIC_CURVATURE	DG 17:0_18:1	DG 17:0_18:1	-	LION:0000464
LION_NEGATIVE_INTRINSIC_CURVATURE	DG 18:0_20:4	DG 18:0_20:4	-	LION:0000464
LION_NEGATIVE_INTRINSIC_CURVATURE	DG 18:1_18:1	DG 18:1_18:1	-	LION:0000464
LION_NEGATIVE_INTRINSIC_CURVATURE	DG 18:1_18:2	DG 18:1_18:2	-	LION:0000464
LION_NEGATIVE_INTRINSIC_CURVATURE	DG 18:1_18:3	DG 18:1_18:3	-	LION:0000464
LION_NEGATIVE_INTRINSIC_CURVATURE	DG 18:1_18:4	DG 18:1_18:4	-	LION:0000464
LION_NEGATIVE_INTRINSIC_CURVATURE	DG 18:1_20:0	DG 18:1_20:0	-	LION:0000464
LION_NEGATIVE_INTRINSIC_CURVATURE	DG 18:1_20:1	DG 18:1_20:1	-	LION:0000464
LION_NEGATIVE_INTRINSIC_CURVATURE	DG 18:1_20:2	DG 18:1_20:2	-	LION:0000464
LION_NEGATIVE_INTRINSIC_CURVATURE	DG 18:1_20:3	DG 18:1_20:3	-	LION:0000464
LION_NEGATIVE_INTRINSIC_CURVATURE	DG 18:1_20:4	DG 18:1_20:4	-	LION:0000464
LION_NEGATIVE_INTRINSIC_CURVATURE	DG 18:1_22:5	DG 18:1_22:5	-	LION:0000464
LION_NEGATIVE_INTRINSIC_CURVATURE	DG 18:1_22:6	DG 18:1_22:6	-	LION:0000464
LION_NEGATIVE_INTRINSIC_CURVATURE	DG 18:2_18:2	DG 18:2_18:2	-	LION:0000464
LION_NEGATIVE_INTRINSIC_CURVATURE	DG 18:2_18:3	DG 18:2_18:3	-	LION:0000464
LION_NEGATIVE_INTRINSIC_CURVATURE	DG 18:2_18:4	DG 18:2_18:4	-	LION:0000464
LION_NEGATIVE_INTRINSIC_CURVATURE	DG 18:2_20:0	DG 18:2_20:0	-	LION:0000464
LION_NEGATIVE_INTRINSIC_CURVATURE	DG 18:2_20:4	DG 18:2_20:4	-	LION:0000464
LION_NEGATIVE_INTRINSIC_CURVATURE	DG 18:3_18:3	DG 18:3_18:3	-	LION:0000464
LION_NEGATIVE_INTRINSIC_CURVATURE	DG 18:3_20:2	DG 18:3_20:2	-	LION:0000464
LION_NEGATIVE_INTRINSIC_CURVATURE	DG 21:0_22:6	DG 21:0_22:6	-	LION:0000464
LION_NEGATIVE_INTRINSIC_CURVATURE	DG 22:1_22:2	DG 22:1_22:2	-	LION:0000464
LION_NEGATIVE_INTRINSIC_CURVATURE	PA 14:0_14:1	PA 14:0_14:1	-	LION:0000464
LION_NEGATIVE_INTRINSIC_CURVATURE	PA 16:0_18:1	PA 16:0_18:1	-	LION:0000464
LION_NEGATIVE_INTRINSIC_CURVATURE	PA 16:0_18:2	PA 16:0_18:2	-	LION:0000464
LION_NEGATIVE_INTRINSIC_CURVATURE	PA 16:0_18:3	PA 16:0_18:3	-	LION:0000464
LION_NEGATIVE_INTRINSIC_CURVATURE	PA 16:0_19:2	PA 16:0_19:2	-	LION:0000464
LION_NEGATIVE_INTRINSIC_CURVATURE	PA 16:1_18:1	PA 16:1_18:1	-	LION:0000464
LION_NEGATIVE_INTRINSIC_CURVATURE	PA 16:1_18:2	PA 16:1_18:2	-	LION:0000464
LION_NEGATIVE_INTRINSIC_CURVATURE	PA 16:1_22:0	PA 16:1_22:0	-	LION:0000464
LION_NEGATIVE_INTRINSIC_CURVATURE	PA 16:2_18:1	PA 16:2_18:1	-	LION:0000464
LION_NEGATIVE_INTRINSIC_CURVATURE	PA 17:0_18:1	PA 17:0_18:1	-	LION:0000464
LION_NEGATIVE_INTRINSIC_CURVATURE	PA 17:0_18:2	PA 17:0_18:2	-	LION:0000464
LION_NEGATIVE_INTRINSIC_CURVATURE	PA 17:0_18:3	PA 17:0_18:3	-	LION:0000464
LION_NEGATIVE_INTRINSIC_CURVATURE	PA 17:1_18:1	PA 17:1_18:1	-	LION:0000464
LION_NEGATIVE_INTRINSIC_CURVATURE	PA 17:1_18:2	PA 17:1_18:2	-	LION:0000464
LION_NEGATIVE_INTRINSIC_CURVATURE	PA 17:2_18:1	PA 17:2_18:1	-	LION:0000464
LION_NEGATIVE_INTRINSIC_CURVATURE	PA 18:0_18:1	PA 18:0_18:1	-	LION:0000464
LION_NEGATIVE_INTRINSIC_CURVATURE	PA 18:0_18:2	PA 18:0_18:2	-	LION:0000464
LION_NEGATIVE_INTRINSIC_CURVATURE	PA 18:0_18:3	PA 18:0_18:3	-	LION:0000464
LION_NEGATIVE_INTRINSIC_CURVATURE	PA 18:1_18:1	PA 18:1_18:1	-	LION:0000464
LION_NEGATIVE_INTRINSIC_CURVATURE	PA 18:1_18:2	PA 18:1_18:2	-	LION:0000464
LION_NEGATIVE_INTRINSIC_CURVATURE	PA 18:1_18:3	PA 18:1_18:3	-	LION:0000464
LION_NEGATIVE_INTRINSIC_CURVATURE	PA 18:1_18:4	PA 18:1_18:4	-	LION:0000464
LION_NEGATIVE_INTRINSIC_CURVATURE	PA 18:1_20:0	PA 18:1_20:0	-	LION:0000464
LION_NEGATIVE_INTRINSIC_CURVATURE	PA 18:1_20:1	PA 18:1_20:1	-	LION:0000464
LION_NEGATIVE_INTRINSIC_CURVATURE	PA 18:1_20:2	PA 18:1_20:2	-	LION:0000464
LION_NEGATIVE_INTRINSIC_CURVATURE	PA 18:1_20:3	PA 18:1_20:3	-	LION:0000464
LION_NEGATIVE_INTRINSIC_CURVATURE	PA 18:1_22:0	PA 18:1_22:0	-	LION:0000464
LION_NEGATIVE_INTRINSIC_CURVATURE	PA 18:1_22:1	PA 18:1_22:1	-	LION:0000464
LION_NEGATIVE_INTRINSIC_CURVATURE	PA 18:1_22:2	PA 18:1_22:2	-	LION:0000464
LION_NEGATIVE_INTRINSIC_CURVATURE	PA 18:1_22:3	PA 18:1_22:3	-	LION:0000464
LION_NEGATIVE_INTRINSIC_CURVATURE	PA 18:2_18:2	PA 18:2_18:2	-	LION:0000464
LION_NEGATIVE_INTRINSIC_CURVATURE	PA 18:2_18:3	PA 18:2_18:3	-	LION:0000464
LION_NEGATIVE_INTRINSIC_CURVATURE	PA 18:2_20:0	PA 18:2_20:0	-	LION:0000464
LION_NEGATIVE_INTRINSIC_CURVATURE	PA 18:2_20:1	PA 18:2_20:1	-	LION:0000464
LION_NEGATIVE_INTRINSIC_CURVATURE	PA 18:2_20:2	PA 18:2_20:2	-	LION:0000464
LION_NEGATIVE_INTRINSIC_CURVATURE	PA 18:2_22:0	PA 18:2_22:0	-	LION:0000464
LION_NEGATIVE_INTRINSIC_CURVATURE	PA 18:2_22:1	PA 18:2_22:1	-	LION:0000464
LION_NEGATIVE_INTRINSIC_CURVATURE	PA 18:2_22:3	PA 18:2_22:3	-	LION:0000464
LION_NEGATIVE_INTRINSIC_CURVATURE	PA 18:2_22:4	PA 18:2_22:4	-	LION:0000464
LION_NEGATIVE_INTRINSIC_CURVATURE	PA 18:3_18:3	PA 18:3_18:3	-	LION:0000464
LION_NEGATIVE_INTRINSIC_CURVATURE	PA 20:0_20:4	PA 20:0_20:4	-	LION:0000464
LION_NEGATIVE_INTRINSIC_CURVATURE	PE 28:0	PE 28:0	-	LION:0000464
LION_NEGATIVE_INTRINSIC_CURVATURE	PE 28:1	PE 28:1	-	LION:0000464
LION_NEGATIVE_INTRINSIC_CURVATURE	PE 30:0	PE 30:0	-	LION:0000464
LION_NEGATIVE_INTRINSIC_CURVATURE	PE 30:1	PE 30:1	-	LION:0000464
LION_NEGATIVE_INTRINSIC_CURVATURE	PE 31:0	PE 31:0	-	LION:0000464
LION_NEGATIVE_INTRINSIC_CURVATURE	PE 32:0	PE 32:0	-	LION:0000464
LION_NEGATIVE_INTRINSIC_CURVATURE	PE 32:1	PE 32:1	-	LION:0000464
LION_NEGATIVE_INTRINSIC_CURVATURE	PE 32:2	PE 32:2	-	LION:0000464
LION_NEGATIVE_INTRINSIC_CURVATURE	PE 33:0	PE 33:0	-	LION:0000464
LION_NEGATIVE_INTRINSIC_CURVATURE	PE 33:1	PE 33:1	-	LION:0000464
LION_NEGATIVE_INTRINSIC_CURVATURE	PE 33:2	PE 33:2	-	LION:0000464
LION_NEGATIVE_INTRINSIC_CURVATURE	PE 34:0	PE 34:0	-	LION:0000464
LION_NEGATIVE_INTRINSIC_CURVATURE	PE 34:1	PE 34:1	-	LION:0000464
LION_NEGATIVE_INTRINSIC_CURVATURE	PE 34:2	PE 34:2	-	LION:0000464
LION_NEGATIVE_INTRINSIC_CURVATURE	PE 34:3	PE 34:3	-	LION:0000464
LION_NEGATIVE_INTRINSIC_CURVATURE	PE 34:4	PE 34:4	-	LION:0000464
LION_NEGATIVE_INTRINSIC_CURVATURE	PE 35:1	PE 35:1	-	LION:0000464
LION_NEGATIVE_INTRINSIC_CURVATURE	PE 35:2	PE 35:2	-	LION:0000464
LION_NEGATIVE_INTRINSIC_CURVATURE	PE 35:3	PE 35:3	-	LION:0000464
LION_NEGATIVE_INTRINSIC_CURVATURE	PE 36:0	PE 36:0	-	LION:0000464
LION_NEGATIVE_INTRINSIC_CURVATURE	PE 36:1	PE 36:1	-	LION:0000464
LION_NEGATIVE_INTRINSIC_CURVATURE	PE 36:2	PE 36:2	-	LION:0000464
LION_NEGATIVE_INTRINSIC_CURVATURE	PE 36:3	PE 36:3	-	LION:0000464
LION_NEGATIVE_INTRINSIC_CURVATURE	PE 36:4	PE 36:4	-	LION:0000464
LION_NEGATIVE_INTRINSIC_CURVATURE	PE 36:5	PE 36:5	-	LION:0000464
LION_NEGATIVE_INTRINSIC_CURVATURE	PE 36:6	PE 36:6	-	LION:0000464
LION_NEGATIVE_INTRINSIC_CURVATURE	PE 38:0	PE 38:0	-	LION:0000464
LION_NEGATIVE_INTRINSIC_CURVATURE	PE 38:1	PE 38:1	-	LION:0000464
LION_NEGATIVE_INTRINSIC_CURVATURE	PE 38:2	PE 38:2	-	LION:0000464
LION_NEGATIVE_INTRINSIC_CURVATURE	PE 38:3	PE 38:3	-	LION:0000464
LION_NEGATIVE_INTRINSIC_CURVATURE	PE 38:4	PE 38:4	-	LION:0000464
LION_NEGATIVE_INTRINSIC_CURVATURE	PE 38:5	PE 38:5	-	LION:0000464
LION_NEGATIVE_INTRINSIC_CURVATURE	PE 38:6	PE 38:6	-	LION:0000464
LION_NEGATIVE_INTRINSIC_CURVATURE	PE 38:7	PE 38:7	-	LION:0000464
LION_NEGATIVE_INTRINSIC_CURVATURE	PE 40:1	PE 40:1	-	LION:0000464
LION_NEGATIVE_INTRINSIC_CURVATURE	PE 40:3	PE 40:3	-	LION:0000464
LION_NEGATIVE_INTRINSIC_CURVATURE	PE 40:4	PE 40:4	-	LION:0000464
LION_NEGATIVE_INTRINSIC_CURVATURE	PE 40:5	PE 40:5	-	LION:0000464
LION_NEGATIVE_INTRINSIC_CURVATURE	PE 40:6	PE 40:6	-	LION:0000464
LION_NEGATIVE_INTRINSIC_CURVATURE	PE 40:7	PE 40:7	-	LION:0000464
LION_NEGATIVE_INTRINSIC_CURVATURE	PE 40:8	PE 40:8	-	LION:0000464
LION_NEGATIVE_INTRINSIC_CURVATURE	PE 42:7	PE 42:7	-	LION:0000464
LION_NEGATIVE_INTRINSIC_CURVATURE	PE 42:8	PE 42:8	-	LION:0000464
LION_NEGATIVE_INTRINSIC_CURVATURE	PE 44:11	PE 44:11	-	LION:0000464
LION_NEGATIVE_INTRINSIC_CURVATURE	PE 44:12	PE 44:12	-	LION:0000464
LION_NEGATIVE_INTRINSIC_CURVATURE	PE 44:6	PE 44:6	-	LION:0000464
LION_NEGATIVE_INTRINSIC_CURVATURE	PE 44:7	PE 44:7	-	LION:0000464
LION_NEGATIVE_INTRINSIC_CURVATURE	PE P-16:0/14:0	PE P-16:0/14:0	-	LION:0000464
LION_NEGATIVE_INTRINSIC_CURVATURE	PE P-16:0/15:0	PE P-16:0/15:0	-	LION:0000464
LION_NEGATIVE_INTRINSIC_CURVATURE	PE P-16:0/16:0	PE P-16:0/16:0	-	LION:0000464
LION_NEGATIVE_INTRINSIC_CURVATURE	PE P-16:0/16:1	PE P-16:0/16:1	-	LION:0000464
LION_NEGATIVE_INTRINSIC_CURVATURE	PE P-16:0/18:1	PE P-16:0/18:1	-	LION:0000464
LION_NEGATIVE_INTRINSIC_CURVATURE	PE P-16:0/18:2	PE P-16:0/18:2	-	LION:0000464
LION_NEGATIVE_INTRINSIC_CURVATURE	PE P-16:0/18:3	PE P-16:0/18:3	-	LION:0000464
LION_NEGATIVE_INTRINSIC_CURVATURE	PE P-16:0/20:3	PE P-16:0/20:3	-	LION:0000464
LION_NEGATIVE_INTRINSIC_CURVATURE	PE P-16:0/20:4	PE P-16:0/20:4	-	LION:0000464
LION_NEGATIVE_INTRINSIC_CURVATURE	PE P-16:0/20:5	PE P-16:0/20:5	-	LION:0000464
LION_NEGATIVE_INTRINSIC_CURVATURE	PE P-16:0/22:4	PE P-16:0/22:4	-	LION:0000464
LION_NEGATIVE_INTRINSIC_CURVATURE	PE P-16:0/22:5	PE P-16:0/22:5	-	LION:0000464
LION_NEGATIVE_INTRINSIC_CURVATURE	PE P-16:0/22:6	PE P-16:0/22:6	-	LION:0000464
LION_NEGATIVE_INTRINSIC_CURVATURE	PE P-18:0/14:0	PE P-18:0/14:0	-	LION:0000464
LION_NEGATIVE_INTRINSIC_CURVATURE	PE P-18:0/16:0	PE P-18:0/16:0	-	LION:0000464
LION_NEGATIVE_INTRINSIC_CURVATURE	PE P-18:0/16:1	PE P-18:0/16:1	-	LION:0000464
LION_NEGATIVE_INTRINSIC_CURVATURE	PE P-18:0/17:1	PE P-18:0/17:1	-	LION:0000464
LION_NEGATIVE_INTRINSIC_CURVATURE	PE P-18:0/18:0	PE P-18:0/18:0	-	LION:0000464
LION_NEGATIVE_INTRINSIC_CURVATURE	PE P-18:0/18:1	PE P-18:0/18:1	-	LION:0000464
LION_NEGATIVE_INTRINSIC_CURVATURE	PE P-18:0/18:2	PE P-18:0/18:2	-	LION:0000464
LION_NEGATIVE_INTRINSIC_CURVATURE	PE P-18:0/18:3	PE P-18:0/18:3	-	LION:0000464
LION_NEGATIVE_INTRINSIC_CURVATURE	PE P-18:0/19:1	PE P-18:0/19:1	-	LION:0000464
LION_NEGATIVE_INTRINSIC_CURVATURE	PE P-18:0/20:1	PE P-18:0/20:1	-	LION:0000464
LION_NEGATIVE_INTRINSIC_CURVATURE	PE P-18:0/20:2	PE P-18:0/20:2	-	LION:0000464
LION_NEGATIVE_INTRINSIC_CURVATURE	PE P-18:0/20:3	PE P-18:0/20:3	-	LION:0000464
LION_NEGATIVE_INTRINSIC_CURVATURE	PE P-18:0/20:4	PE P-18:0/20:4	-	LION:0000464
LION_NEGATIVE_INTRINSIC_CURVATURE	PE P-18:0/20:5	PE P-18:0/20:5	-	LION:0000464
LION_NEGATIVE_INTRINSIC_CURVATURE	PE P-18:0/22:1	PE P-18:0/22:1	-	LION:0000464
LION_NEGATIVE_INTRINSIC_CURVATURE	PE P-18:0/22:2	PE P-18:0/22:2	-	LION:0000464
LION_NEGATIVE_INTRINSIC_CURVATURE	PE P-18:0/22:3	PE P-18:0/22:3	-	LION:0000464
LION_NEGATIVE_INTRINSIC_CURVATURE	PE P-18:0/22:4	PE P-18:0/22:4	-	LION:0000464
LION_NEGATIVE_INTRINSIC_CURVATURE	PE P-18:0/22:5	PE P-18:0/22:5	-	LION:0000464
LION_NEGATIVE_INTRINSIC_CURVATURE	PE P-18:0/22:6	PE P-18:0/22:6	-	LION:0000464
LION_NEGATIVE_INTRINSIC_CURVATURE	PE P-18:1/18:1	PE P-18:1/18:1	-	LION:0000464
LION_NEGATIVE_INTRINSIC_CURVATURE	PE P-18:1/18:2	PE P-18:1/18:2	-	LION:0000464
LION_NEGATIVE_INTRINSIC_CURVATURE	PE P-18:1/20:4	PE P-18:1/20:4	-	LION:0000464
LION_NEGATIVE_INTRINSIC_CURVATURE	PE P-18:1/20:5	PE P-18:1/20:5	-	LION:0000464
LION_NEGATIVE_INTRINSIC_CURVATURE	PE P-18:1/22:6	PE P-18:1/22:6	-	LION:0000464
LION_NEGATIVE_INTRINSIC_CURVATURE	PE P-20:0/14:0	PE P-20:0/14:0	-	LION:0000464
LION_NEGATIVE_INTRINSIC_CURVATURE	PE P-20:0/16:0	PE P-20:0/16:0	-	LION:0000464
LION_NEGATIVE_INTRINSIC_CURVATURE	PE P-20:0/16:1	PE P-20:0/16:1	-	LION:0000464
LION_NEGATIVE_INTRINSIC_CURVATURE	PE P-20:0/17:1	PE P-20:0/17:1	-	LION:0000464
LION_NEGATIVE_INTRINSIC_CURVATURE	PE P-20:0/18:1	PE P-20:0/18:1	-	LION:0000464
LION_NEGATIVE_INTRINSIC_CURVATURE	PE P-20:0/18:2	PE P-20:0/18:2	-	LION:0000464
LION_NEGATIVE_INTRINSIC_CURVATURE	PE P-20:0/20:0	PE P-20:0/20:0	-	LION:0000464
LION_NEGATIVE_INTRINSIC_CURVATURE	PE P-20:0/20:4	PE P-20:0/20:4	-	LION:0000464
LION_NEGATIVE_INTRINSIC_CURVATURE	PE P-20:0/20:5	PE P-20:0/20:5	-	LION:0000464
LION_NEUTRAL_GLYCOSPHINGOLIPIDS	Hex-Cer d16:1/20:0	Hex-Cer d16:1/20:0	-	LION:0000080
LION_NEUTRAL_GLYCOSPHINGOLIPIDS	Hex-Cer d16:1/22:0	Hex-Cer d16:1/22:0	-	LION:0000080
LION_NEUTRAL_GLYCOSPHINGOLIPIDS	Hex-Cer d16:1/24:0	Hex-Cer d16:1/24:0	-	LION:0000080
LION_NEUTRAL_GLYCOSPHINGOLIPIDS	Hex-Cer d18:1/14:0	Hex-Cer d18:1/14:0	-	LION:0000080
LION_NEUTRAL_GLYCOSPHINGOLIPIDS	Hex-Cer d18:1/16:0	Hex-Cer d18:1/16:0	-	LION:0000080
LION_NEUTRAL_GLYCOSPHINGOLIPIDS	Hex-Cer d18:1/18:0	Hex-Cer d18:1/18:0	-	LION:0000080
LION_NEUTRAL_GLYCOSPHINGOLIPIDS	Hex-Cer d18:1/18:1	Hex-Cer d18:1/18:1	-	LION:0000080
LION_NEUTRAL_GLYCOSPHINGOLIPIDS	Hex-Cer d18:1/20:0	Hex-Cer d18:1/20:0	-	LION:0000080
LION_NEUTRAL_GLYCOSPHINGOLIPIDS	Hex-Cer d18:1/22:0	Hex-Cer d18:1/22:0	-	LION:0000080
LION_NEUTRAL_GLYCOSPHINGOLIPIDS	Hex-Cer d18:1/23:0	Hex-Cer d18:1/23:0	-	LION:0000080
LION_NEUTRAL_GLYCOSPHINGOLIPIDS	Hex-Cer d18:1/24:0	Hex-Cer d18:1/24:0	-	LION:0000080
LION_NEUTRAL_GLYCOSPHINGOLIPIDS	Hex-Cer d18:1/24:1	Hex-Cer d18:1/24:1	-	LION:0000080
LION_NEUTRAL_GLYCOSPHINGOLIPIDS	Hex-Cer d18:1/26:0	Hex-Cer d18:1/26:0	-	LION:0000080
LION_NEUTRAL_GLYCOSPHINGOLIPIDS	Hex-Cer d18:1/26:1	Hex-Cer d18:1/26:1	-	LION:0000080
LION_NEUTRAL_GLYCOSPHINGOLIPIDS	Hex-Cer d18:2/16:0	Hex-Cer d18:2/16:0	-	LION:0000080
LION_NEUTRAL_GLYCOSPHINGOLIPIDS	Hex-Cer d18:2/18:0	Hex-Cer d18:2/18:0	-	LION:0000080
LION_NEUTRAL_GLYCOSPHINGOLIPIDS	Hex-Cer d18:2/20:0	Hex-Cer d18:2/20:0	-	LION:0000080
LION_NEUTRAL_GLYCOSPHINGOLIPIDS	Hex-Cer d18:2/22:0	Hex-Cer d18:2/22:0	-	LION:0000080
LION_NEUTRAL_GLYCOSPHINGOLIPIDS	Hex-Cer d18:2/23:0	Hex-Cer d18:2/23:0	-	LION:0000080
LION_NEUTRAL_GLYCOSPHINGOLIPIDS	Hex-Cer d18:2/24:0	Hex-Cer d18:2/24:0	-	LION:0000080
LION_NEUTRAL_GLYCOSPHINGOLIPIDS	Hex2Cer d18:1/14:0	Hex2Cer d18:1/14:0	-	LION:0000080
LION_NEUTRAL_GLYCOSPHINGOLIPIDS	Hex2Cer d18:1/16:0	Hex2Cer d18:1/16:0	-	LION:0000080
LION_NEUTRAL_GLYCOSPHINGOLIPIDS	Hex2Cer d18:1/18:0	Hex2Cer d18:1/18:0	-	LION:0000080
LION_NEUTRAL_GLYCOSPHINGOLIPIDS	Hex2Cer d18:1/20:0	Hex2Cer d18:1/20:0	-	LION:0000080
LION_NEUTRAL_GLYCOSPHINGOLIPIDS	Hex2Cer d18:1/22:0	Hex2Cer d18:1/22:0	-	LION:0000080
LION_NEUTRAL_GLYCOSPHINGOLIPIDS	Hex2Cer d18:1/24:0	Hex2Cer d18:1/24:0	-	LION:0000080
LION_NEUTRAL_GLYCOSPHINGOLIPIDS	Hex2Cer d18:1/24:1	Hex2Cer d18:1/24:1	-	LION:0000080
LION_NEUTRAL_GLYCOSPHINGOLIPIDS	Hex2Cer d18:1/26:0	Hex2Cer d18:1/26:0	-	LION:0000080
LION_NEUTRAL_GLYCOSPHINGOLIPIDS	Hex2Cer d18:1/26:1	Hex2Cer d18:1/26:1	-	LION:0000080
LION_NEUTRAL_INTRINSIC_CURVATURE	PC 24:0	PC 24:0	-	LION:0000465
LION_NEUTRAL_INTRINSIC_CURVATURE	PC 26:0	PC 26:0	-	LION:0000465
LION_NEUTRAL_INTRINSIC_CURVATURE	PC 28:1	PC 28:1	-	LION:0000465
LION_NEUTRAL_INTRINSIC_CURVATURE	PC 30:0	PC 30:0	-	LION:0000465
LION_NEUTRAL_INTRINSIC_CURVATURE	PC 32:0	PC 32:0	-	LION:0000465
LION_NEUTRAL_INTRINSIC_CURVATURE	PC 32:1	PC 32:1	-	LION:0000465
LION_NEUTRAL_INTRINSIC_CURVATURE	PC 32:2	PC 32:2	-	LION:0000465
LION_NEUTRAL_INTRINSIC_CURVATURE	PC 32:3	PC 32:3	-	LION:0000465
LION_NEUTRAL_INTRINSIC_CURVATURE	PC 34:1	PC 34:1	-	LION:0000465
LION_NEUTRAL_INTRINSIC_CURVATURE	PC 34:2	PC 34:2	-	LION:0000465
LION_NEUTRAL_INTRINSIC_CURVATURE	PC 34:3	PC 34:3	-	LION:0000465
LION_NEUTRAL_INTRINSIC_CURVATURE	PC 34:4	PC 34:4	-	LION:0000465
LION_NEUTRAL_INTRINSIC_CURVATURE	PC 36:0	PC 36:0	-	LION:0000465
LION_NEUTRAL_INTRINSIC_CURVATURE	PC 36:1	PC 36:1	-	LION:0000465
LION_NEUTRAL_INTRINSIC_CURVATURE	PC 36:2	PC 36:2	-	LION:0000465
LION_NEUTRAL_INTRINSIC_CURVATURE	PC 36:3	PC 36:3	-	LION:0000465
LION_NEUTRAL_INTRINSIC_CURVATURE	PC 36:4	PC 36:4	-	LION:0000465
LION_NEUTRAL_INTRINSIC_CURVATURE	PC 36:5	PC 36:5	-	LION:0000465
LION_NEUTRAL_INTRINSIC_CURVATURE	PC 36:6	PC 36:6	-	LION:0000465
LION_NEUTRAL_INTRINSIC_CURVATURE	PC 38:0	PC 38:0	-	LION:0000465
LION_NEUTRAL_INTRINSIC_CURVATURE	PC 38:3	PC 38:3	-	LION:0000465
LION_NEUTRAL_INTRINSIC_CURVATURE	PC 38:4	PC 38:4	-	LION:0000465
LION_NEUTRAL_INTRINSIC_CURVATURE	PC 38:5	PC 38:5	-	LION:0000465
LION_NEUTRAL_INTRINSIC_CURVATURE	PC 38:6	PC 38:6	-	LION:0000465
LION_NEUTRAL_INTRINSIC_CURVATURE	PC 40:1	PC 40:1	-	LION:0000465
LION_NEUTRAL_INTRINSIC_CURVATURE	PC 40:2	PC 40:2	-	LION:0000465
LION_NEUTRAL_INTRINSIC_CURVATURE	PC 40:3	PC 40:3	-	LION:0000465
LION_NEUTRAL_INTRINSIC_CURVATURE	PC 40:4	PC 40:4	-	LION:0000465
LION_NEUTRAL_INTRINSIC_CURVATURE	PC 40:5	PC 40:5	-	LION:0000465
LION_NEUTRAL_INTRINSIC_CURVATURE	PC 40:6	PC 40:6	-	LION:0000465
LION_NEUTRAL_INTRINSIC_CURVATURE	PC 42:0	PC 42:0	-	LION:0000465
LION_NEUTRAL_INTRINSIC_CURVATURE	PC 42:1	PC 42:1	-	LION:0000465
LION_NEUTRAL_INTRINSIC_CURVATURE	PC 42:2	PC 42:2	-	LION:0000465
LION_NEUTRAL_INTRINSIC_CURVATURE	PC 42:4	PC 42:4	-	LION:0000465
LION_NEUTRAL_INTRINSIC_CURVATURE	PC 42:5	PC 42:5	-	LION:0000465
LION_NEUTRAL_INTRINSIC_CURVATURE	PC 42:6	PC 42:6	-	LION:0000465
LION_NEUTRAL_INTRINSIC_CURVATURE	PC O-28:0	PC O-28:0	-	LION:0000465
LION_NEUTRAL_INTRINSIC_CURVATURE	PC O-28:1	PC O-28:1	-	LION:0000465
LION_NEUTRAL_INTRINSIC_CURVATURE	PC O-30:0	PC O-30:0	-	LION:0000465
LION_NEUTRAL_INTRINSIC_CURVATURE	PC O-30:1	PC O-30:1	-	LION:0000465
LION_NEUTRAL_INTRINSIC_CURVATURE	PC O-30:2	PC O-30:2	-	LION:0000465
LION_NEUTRAL_INTRINSIC_CURVATURE	PC O-32:1	PC O-32:1	-	LION:0000465
LION_NEUTRAL_INTRINSIC_CURVATURE	PC O-32:2	PC O-32:2	-	LION:0000465
LION_NEUTRAL_INTRINSIC_CURVATURE	PC O-34:0	PC O-34:0	-	LION:0000465
LION_NEUTRAL_INTRINSIC_CURVATURE	PC O-34:1	PC O-34:1	-	LION:0000465
LION_NEUTRAL_INTRINSIC_CURVATURE	PC O-34:2	PC O-34:2	-	LION:0000465
LION_NEUTRAL_INTRINSIC_CURVATURE	PC O-34:3	PC O-34:3	-	LION:0000465
LION_NEUTRAL_INTRINSIC_CURVATURE	PC O-36:0	PC O-36:0	-	LION:0000465
LION_NEUTRAL_INTRINSIC_CURVATURE	PC O-36:1	PC O-36:1	-	LION:0000465
LION_NEUTRAL_INTRINSIC_CURVATURE	PC O-36:2	PC O-36:2	-	LION:0000465
LION_NEUTRAL_INTRINSIC_CURVATURE	PC O-36:3	PC O-36:3	-	LION:0000465
LION_NEUTRAL_INTRINSIC_CURVATURE	PC O-36:4	PC O-36:4	-	LION:0000465
LION_NEUTRAL_INTRINSIC_CURVATURE	PC O-36:5	PC O-36:5	-	LION:0000465
LION_NEUTRAL_INTRINSIC_CURVATURE	PC O-38:0	PC O-38:0	-	LION:0000465
LION_NEUTRAL_INTRINSIC_CURVATURE	PC O-38:1	PC O-38:1	-	LION:0000465
LION_NEUTRAL_INTRINSIC_CURVATURE	PC O-38:2	PC O-38:2	-	LION:0000465
LION_NEUTRAL_INTRINSIC_CURVATURE	PC O-38:3	PC O-38:3	-	LION:0000465
LION_NEUTRAL_INTRINSIC_CURVATURE	PC O-38:4	PC O-38:4	-	LION:0000465
LION_NEUTRAL_INTRINSIC_CURVATURE	PC O-38:5	PC O-38:5	-	LION:0000465
LION_NEUTRAL_INTRINSIC_CURVATURE	PC O-38:6	PC O-38:6	-	LION:0000465
LION_NEUTRAL_INTRINSIC_CURVATURE	PC O-40:1	PC O-40:1	-	LION:0000465
LION_NEUTRAL_INTRINSIC_CURVATURE	PC O-40:2	PC O-40:2	-	LION:0000465
LION_NEUTRAL_INTRINSIC_CURVATURE	PC O-40:3	PC O-40:3	-	LION:0000465
LION_NEUTRAL_INTRINSIC_CURVATURE	PC O-40:4	PC O-40:4	-	LION:0000465
LION_NEUTRAL_INTRINSIC_CURVATURE	PC O-40:5	PC O-40:5	-	LION:0000465
LION_NEUTRAL_INTRINSIC_CURVATURE	PC O-40:6	PC O-40:6	-	LION:0000465
LION_NEUTRAL_INTRINSIC_CURVATURE	PC O-42:0	PC O-42:0	-	LION:0000465
LION_NEUTRAL_INTRINSIC_CURVATURE	PC O-42:1	PC O-42:1	-	LION:0000465
LION_NEUTRAL_INTRINSIC_CURVATURE	PC O-42:2	PC O-42:2	-	LION:0000465
LION_NEUTRAL_INTRINSIC_CURVATURE	PC O-42:3	PC O-42:3	-	LION:0000465
LION_NEUTRAL_INTRINSIC_CURVATURE	PC O-42:4	PC O-42:4	-	LION:0000465
LION_NEUTRAL_INTRINSIC_CURVATURE	PC O-42:5	PC O-42:5	-	LION:0000465
LION_NEUTRAL_INTRINSIC_CURVATURE	PC O-44:3	PC O-44:3	-	LION:0000465
LION_NEUTRAL_INTRINSIC_CURVATURE	PC O-44:4	PC O-44:4	-	LION:0000465
LION_NEUTRAL_INTRINSIC_CURVATURE	PC O-44:5	PC O-44:5	-	LION:0000465
LION_NEUTRAL_INTRINSIC_CURVATURE	PC O-44:6	PC O-44:6	-	LION:0000465
LION_NEUTRAL_INTRINSIC_CURVATURE	PS 30:0	PS 30:0	-	LION:0000465
LION_NEUTRAL_INTRINSIC_CURVATURE	PS 32:0	PS 32:0	-	LION:0000465
LION_NEUTRAL_INTRINSIC_CURVATURE	PS 34:1	PS 34:1	-	LION:0000465
LION_NEUTRAL_INTRINSIC_CURVATURE	PS 34:2	PS 34:2	-	LION:0000465
LION_NEUTRAL_INTRINSIC_CURVATURE	PS 36:1	PS 36:1	-	LION:0000465
LION_NEUTRAL_INTRINSIC_CURVATURE	PS 36:2	PS 36:2	-	LION:0000465
LION_NEUTRAL_INTRINSIC_CURVATURE	PS 36:3	PS 36:3	-	LION:0000465
LION_NEUTRAL_INTRINSIC_CURVATURE	PS 36:4	PS 36:4	-	LION:0000465
LION_NEUTRAL_INTRINSIC_CURVATURE	PS 36:5	PS 36:5	-	LION:0000465
LION_NEUTRAL_INTRINSIC_CURVATURE	PS 38:4	PS 38:4	-	LION:0000465
LION_NEUTRAL_INTRINSIC_CURVATURE	PS 38:5	PS 38:5	-	LION:0000465
LION_NEUTRAL_INTRINSIC_CURVATURE	PS 38:6	PS 38:6	-	LION:0000465
LION_NEUTRAL_INTRINSIC_CURVATURE	PS 38:7	PS 38:7	-	LION:0000465
LION_NEUTRAL_INTRINSIC_CURVATURE	PS 40:4	PS 40:4	-	LION:0000465
LION_NEUTRAL_INTRINSIC_CURVATURE	PS 40:5	PS 40:5	-	LION:0000465
LION_NEUTRAL_INTRINSIC_CURVATURE	PS 40:6	PS 40:6	-	LION:0000465
LION_NEUTRAL_INTRINSIC_CURVATURE	PS 40:7	PS 40:7	-	LION:0000465
LION_NEUTRAL_INTRINSIC_CURVATURE	PS 40:8	PS 40:8	-	LION:0000465
LION_PHOSPHOSPHINGOLIPIDS	SM 33:1	SM 33:1	-	LION:0000078
LION_PHOSPHOSPHINGOLIPIDS	SM 34:1	SM 34:1	-	LION:0000078
LION_PHOSPHOSPHINGOLIPIDS	SM 34:2	SM 34:2	-	LION:0000078
LION_PHOSPHOSPHINGOLIPIDS	SM 35:1	SM 35:1	-	LION:0000078
LION_PHOSPHOSPHINGOLIPIDS	SM 36:1	SM 36:1	-	LION:0000078
LION_PHOSPHOSPHINGOLIPIDS	SM 36:2	SM 36:2	-	LION:0000078
LION_PHOSPHOSPHINGOLIPIDS	SM 38:3	SM 38:3	-	LION:0000078
LION_PHOSPHOSPHINGOLIPIDS	SM 41:1	SM 41:1	-	LION:0000078
LION_PHOSPHOSPHINGOLIPIDS	SM 41:2	SM 41:2	-	LION:0000078
LION_PHOSPHOSPHINGOLIPIDS	SM 42:1	SM 42:1	-	LION:0000078
LION_PHOSPHOSPHINGOLIPIDS	SM 42:2	SM 42:2	-	LION:0000078
LION_PHOSPHOSPHINGOLIPIDS	SM 43:1	SM 43:1	-	LION:0000078
LION_PHOSPHOSPHINGOLIPIDS	SM 44:1	SM 44:1	-	LION:0000078
LION_PHOSPHOSPHINGOLIPIDS	SM 44:2	SM 44:2	-	LION:0000078
LION_POLYUNSATURATED_FATTY_ACID	CE 18:2	CE 18:2	-	LION:0002967
LION_POLYUNSATURATED_FATTY_ACID	CE 18:3	CE 18:3	-	LION:0002967
LION_POLYUNSATURATED_FATTY_ACID	CE 20:3	CE 20:3	-	LION:0002967
LION_POLYUNSATURATED_FATTY_ACID	CE 20:4	CE 20:4	-	LION:0002967
LION_POLYUNSATURATED_FATTY_ACID	CE 20:5	CE 20:5	-	LION:0002967
LION_POLYUNSATURATED_FATTY_ACID	CE 22:2	CE 22:2	-	LION:0002967
LION_POLYUNSATURATED_FATTY_ACID	CE 22:5	CE 22:5	-	LION:0002967
LION_POLYUNSATURATED_FATTY_ACID	CE 22:6	CE 22:6	-	LION:0002967
LION_POLYUNSATURATED_FATTY_ACID	LPA 18:2	LPA 18:2	-	LION:0002967
LION_POLYUNSATURATED_FATTY_ACID	LPA 22:3	LPA 22:3	-	LION:0002967
LION_POLYUNSATURATED_FATTY_ACID	LPA 22:4	LPA 22:4	-	LION:0002967
LION_POLYUNSATURATED_FATTY_ACID	LPC 18:2	LPC 18:2	-	LION:0002967
LION_POLYUNSATURATED_FATTY_ACID	LPC 20:3	LPC 20:3	-	LION:0002967
LION_POLYUNSATURATED_FATTY_ACID	LPC 20:4	LPC 20:4	-	LION:0002967
LION_POLYUNSATURATED_FATTY_ACID	LPE 18:2	LPE 18:2	-	LION:0002967
LION_POLYUNSATURATED_FATTY_ACID	LPE 18:3	LPE 18:3	-	LION:0002967
LION_POLYUNSATURATED_FATTY_ACID	LPE 19:2	LPE 19:2	-	LION:0002967
LION_POLYUNSATURATED_FATTY_ACID	LPE 20:2	LPE 20:2	-	LION:0002967
LION_POLYUNSATURATED_FATTY_ACID	LPE 20:3	LPE 20:3	-	LION:0002967
LION_POLYUNSATURATED_FATTY_ACID	LPE 20:4	LPE 20:4	-	LION:0002967
LION_POLYUNSATURATED_FATTY_ACID	LPE 20:5	LPE 20:5	-	LION:0002967
LION_POLYUNSATURATED_FATTY_ACID	LPE 22:4	LPE 22:4	-	LION:0002967
LION_POLYUNSATURATED_FATTY_ACID	LPE 22:5	LPE 22:5	-	LION:0002967
LION_POLYUNSATURATED_FATTY_ACID	LPE 22:6	LPE 22:6	-	LION:0002967
LION_POLYUNSATURATED_FATTY_ACID	LPG 18:2	LPG 18:2	-	LION:0002967
LION_POLYUNSATURATED_FATTY_ACID	LPI 18:2	LPI 18:2	-	LION:0002967
LION_POLYUNSATURATED_FATTY_ACID	LPI 18:3	LPI 18:3	-	LION:0002967
LION_POLYUNSATURATED_FATTY_ACID	LPI 20:4	LPI 20:4	-	LION:0002967
LION_POLYUNSATURATED_FATTY_ACID	LPS 18:2	LPS 18:2	-	LION:0002967
LION_POLYUNSATURATED_FATTY_ACID	LPS 18:3	LPS 18:3	-	LION:0002967
LION_POLYUNSATURATED_FATTY_ACID	LPS 20:4	LPS 20:4	-	LION:0002967
LION_POLYUNSATURATED_FATTY_ACID	LPS 20:5	LPS 20:5	-	LION:0002967
LION_POLYUNSATURATED_FATTY_ACID	LPS 22:6	LPS 22:6	-	LION:0002967
LION_POLYUNSATURATED_FATTY_ACID	PE P-16:0/18:2	PE P-16:0/18:2	-	LION:0002967
LION_POLYUNSATURATED_FATTY_ACID	PE P-16:0/18:3	PE P-16:0/18:3	-	LION:0002967
LION_POLYUNSATURATED_FATTY_ACID	PE P-16:0/20:3	PE P-16:0/20:3	-	LION:0002967
LION_POLYUNSATURATED_FATTY_ACID	PE P-16:0/20:4	PE P-16:0/20:4	-	LION:0002967
LION_POLYUNSATURATED_FATTY_ACID	PE P-16:0/20:5	PE P-16:0/20:5	-	LION:0002967
LION_POLYUNSATURATED_FATTY_ACID	PE P-16:0/22:4	PE P-16:0/22:4	-	LION:0002967
LION_POLYUNSATURATED_FATTY_ACID	PE P-16:0/22:5	PE P-16:0/22:5	-	LION:0002967
LION_POLYUNSATURATED_FATTY_ACID	PE P-16:0/22:6	PE P-16:0/22:6	-	LION:0002967
LION_POLYUNSATURATED_FATTY_ACID	PE P-18:0/18:2	PE P-18:0/18:2	-	LION:0002967
LION_POLYUNSATURATED_FATTY_ACID	PE P-18:0/18:3	PE P-18:0/18:3	-	LION:0002967
LION_POLYUNSATURATED_FATTY_ACID	PE P-18:0/20:2	PE P-18:0/20:2	-	LION:0002967
LION_POLYUNSATURATED_FATTY_ACID	PE P-18:0/20:3	PE P-18:0/20:3	-	LION:0002967
LION_POLYUNSATURATED_FATTY_ACID	PE P-18:0/20:4	PE P-18:0/20:4	-	LION:0002967
LION_POLYUNSATURATED_FATTY_ACID	PE P-18:0/20:5	PE P-18:0/20:5	-	LION:0002967
LION_POLYUNSATURATED_FATTY_ACID	PE P-18:0/22:2	PE P-18:0/22:2	-	LION:0002967
LION_POLYUNSATURATED_FATTY_ACID	PE P-18:0/22:3	PE P-18:0/22:3	-	LION:0002967
LION_POLYUNSATURATED_FATTY_ACID	PE P-18:0/22:4	PE P-18:0/22:4	-	LION:0002967
LION_POLYUNSATURATED_FATTY_ACID	PE P-18:0/22:5	PE P-18:0/22:5	-	LION:0002967
LION_POLYUNSATURATED_FATTY_ACID	PE P-18:0/22:6	PE P-18:0/22:6	-	LION:0002967
LION_POLYUNSATURATED_FATTY_ACID	PE P-18:1/18:2	PE P-18:1/18:2	-	LION:0002967
LION_POLYUNSATURATED_FATTY_ACID	PE P-18:1/20:4	PE P-18:1/20:4	-	LION:0002967
LION_POLYUNSATURATED_FATTY_ACID	PE P-18:1/20:5	PE P-18:1/20:5	-	LION:0002967
LION_POLYUNSATURATED_FATTY_ACID	PE P-18:1/22:6	PE P-18:1/22:6	-	LION:0002967
LION_POLYUNSATURATED_FATTY_ACID	PE P-20:0/20:4	PE P-20:0/20:4	-	LION:0002967
LION_POLYUNSATURATED_FATTY_ACID	PE P-20:0/20:5	PE P-20:0/20:5	-	LION:0002967
LION_POSITIVE_INTRINSIC_CURVATURE	LPA 14:0	LPA 14:0	-	LION:0000466
LION_POSITIVE_INTRINSIC_CURVATURE	LPA 14:1	LPA 14:1	-	LION:0000466
LION_POSITIVE_INTRINSIC_CURVATURE	LPA 15:0	LPA 15:0	-	LION:0000466
LION_POSITIVE_INTRINSIC_CURVATURE	LPA 16:0	LPA 16:0	-	LION:0000466
LION_POSITIVE_INTRINSIC_CURVATURE	LPA 18:1	LPA 18:1	-	LION:0000466
LION_POSITIVE_INTRINSIC_CURVATURE	LPA 18:2	LPA 18:2	-	LION:0000466
LION_POSITIVE_INTRINSIC_CURVATURE	LPA 22:3	LPA 22:3	-	LION:0000466
LION_POSITIVE_INTRINSIC_CURVATURE	LPA 22:4	LPA 22:4	-	LION:0000466
LION_POSITIVE_INTRINSIC_CURVATURE	LPC 14:0	LPC 14:0	-	LION:0000466
LION_POSITIVE_INTRINSIC_CURVATURE	LPC 16:0	LPC 16:0	-	LION:0000466
LION_POSITIVE_INTRINSIC_CURVATURE	LPC 16:1	LPC 16:1	-	LION:0000466
LION_POSITIVE_INTRINSIC_CURVATURE	LPC 17:0	LPC 17:0	-	LION:0000466
LION_POSITIVE_INTRINSIC_CURVATURE	LPC 18:0	LPC 18:0	-	LION:0000466
LION_POSITIVE_INTRINSIC_CURVATURE	LPC 18:1	LPC 18:1	-	LION:0000466
LION_POSITIVE_INTRINSIC_CURVATURE	LPC 18:2	LPC 18:2	-	LION:0000466
LION_POSITIVE_INTRINSIC_CURVATURE	LPC 20:3	LPC 20:3	-	LION:0000466
LION_POSITIVE_INTRINSIC_CURVATURE	LPC 20:4	LPC 20:4	-	LION:0000466
LION_POSITIVE_INTRINSIC_CURVATURE	LPE 14:0	LPE 14:0	-	LION:0000466
LION_POSITIVE_INTRINSIC_CURVATURE	LPE 14:1	LPE 14:1	-	LION:0000466
LION_POSITIVE_INTRINSIC_CURVATURE	LPE 15:0	LPE 15:0	-	LION:0000466
LION_POSITIVE_INTRINSIC_CURVATURE	LPE 16:0	LPE 16:0	-	LION:0000466
LION_POSITIVE_INTRINSIC_CURVATURE	LPE 16:1	LPE 16:1	-	LION:0000466
LION_POSITIVE_INTRINSIC_CURVATURE	LPE 17:0	LPE 17:0	-	LION:0000466
LION_POSITIVE_INTRINSIC_CURVATURE	LPE 17:1	LPE 17:1	-	LION:0000466
LION_POSITIVE_INTRINSIC_CURVATURE	LPE 18:0	LPE 18:0	-	LION:0000466
LION_POSITIVE_INTRINSIC_CURVATURE	LPE 18:1	LPE 18:1	-	LION:0000466
LION_POSITIVE_INTRINSIC_CURVATURE	LPE 18:2	LPE 18:2	-	LION:0000466
LION_POSITIVE_INTRINSIC_CURVATURE	LPE 18:3	LPE 18:3	-	LION:0000466
LION_POSITIVE_INTRINSIC_CURVATURE	LPE 19:0	LPE 19:0	-	LION:0000466
LION_POSITIVE_INTRINSIC_CURVATURE	LPE 19:1	LPE 19:1	-	LION:0000466
LION_POSITIVE_INTRINSIC_CURVATURE	LPE 19:2	LPE 19:2	-	LION:0000466
LION_POSITIVE_INTRINSIC_CURVATURE	LPE 20:0	LPE 20:0	-	LION:0000466
LION_POSITIVE_INTRINSIC_CURVATURE	LPE 20:1	LPE 20:1	-	LION:0000466
LION_POSITIVE_INTRINSIC_CURVATURE	LPE 20:2	LPE 20:2	-	LION:0000466
LION_POSITIVE_INTRINSIC_CURVATURE	LPE 20:3	LPE 20:3	-	LION:0000466
LION_POSITIVE_INTRINSIC_CURVATURE	LPE 20:4	LPE 20:4	-	LION:0000466
LION_POSITIVE_INTRINSIC_CURVATURE	LPE 20:5	LPE 20:5	-	LION:0000466
LION_POSITIVE_INTRINSIC_CURVATURE	LPE 22:0	LPE 22:0	-	LION:0000466
LION_POSITIVE_INTRINSIC_CURVATURE	LPE 22:1	LPE 22:1	-	LION:0000466
LION_POSITIVE_INTRINSIC_CURVATURE	LPE 22:4	LPE 22:4	-	LION:0000466
LION_POSITIVE_INTRINSIC_CURVATURE	LPE 22:5	LPE 22:5	-	LION:0000466
LION_POSITIVE_INTRINSIC_CURVATURE	LPE 22:6	LPE 22:6	-	LION:0000466
LION_POSITIVE_INTRINSIC_CURVATURE	LPG 14:0	LPG 14:0	-	LION:0000466
LION_POSITIVE_INTRINSIC_CURVATURE	LPG 14:1	LPG 14:1	-	LION:0000466
LION_POSITIVE_INTRINSIC_CURVATURE	LPG 16:0	LPG 16:0	-	LION:0000466
LION_POSITIVE_INTRINSIC_CURVATURE	LPG 16:1	LPG 16:1	-	LION:0000466
LION_POSITIVE_INTRINSIC_CURVATURE	LPG 17:0	LPG 17:0	-	LION:0000466
LION_POSITIVE_INTRINSIC_CURVATURE	LPG 17:1	LPG 17:1	-	LION:0000466
LION_POSITIVE_INTRINSIC_CURVATURE	LPG 18:0	LPG 18:0	-	LION:0000466
LION_POSITIVE_INTRINSIC_CURVATURE	LPG 18:1	LPG 18:1	-	LION:0000466
LION_POSITIVE_INTRINSIC_CURVATURE	LPG 18:2	LPG 18:2	-	LION:0000466
LION_POSITIVE_INTRINSIC_CURVATURE	LPG 20:1	LPG 20:1	-	LION:0000466
LION_POSITIVE_INTRINSIC_CURVATURE	LPI 14:0	LPI 14:0	-	LION:0000466
LION_POSITIVE_INTRINSIC_CURVATURE	LPI 14:1	LPI 14:1	-	LION:0000466
LION_POSITIVE_INTRINSIC_CURVATURE	LPI 16:0	LPI 16:0	-	LION:0000466
LION_POSITIVE_INTRINSIC_CURVATURE	LPI 16:1	LPI 16:1	-	LION:0000466
LION_POSITIVE_INTRINSIC_CURVATURE	LPI 17:0	LPI 17:0	-	LION:0000466
LION_POSITIVE_INTRINSIC_CURVATURE	LPI 17:1	LPI 17:1	-	LION:0000466
LION_POSITIVE_INTRINSIC_CURVATURE	LPI 18:0	LPI 18:0	-	LION:0000466
LION_POSITIVE_INTRINSIC_CURVATURE	LPI 18:1	LPI 18:1	-	LION:0000466
LION_POSITIVE_INTRINSIC_CURVATURE	LPI 18:2	LPI 18:2	-	LION:0000466
LION_POSITIVE_INTRINSIC_CURVATURE	LPI 18:3	LPI 18:3	-	LION:0000466
LION_POSITIVE_INTRINSIC_CURVATURE	LPI 19:0	LPI 19:0	-	LION:0000466
LION_POSITIVE_INTRINSIC_CURVATURE	LPI 20:1	LPI 20:1	-	LION:0000466
LION_POSITIVE_INTRINSIC_CURVATURE	LPI 20:4	LPI 20:4	-	LION:0000466
LION_POSITIVE_INTRINSIC_CURVATURE	LPI 22:0	LPI 22:0	-	LION:0000466
LION_POSITIVE_INTRINSIC_CURVATURE	LPI 22:1	LPI 22:1	-	LION:0000466
LION_POSITIVE_INTRINSIC_CURVATURE	LPS 16:0	LPS 16:0	-	LION:0000466
LION_POSITIVE_INTRINSIC_CURVATURE	LPS 16:1	LPS 16:1	-	LION:0000466
LION_POSITIVE_INTRINSIC_CURVATURE	LPS 18:0	LPS 18:0	-	LION:0000466
LION_POSITIVE_INTRINSIC_CURVATURE	LPS 18:1	LPS 18:1	-	LION:0000466
LION_POSITIVE_INTRINSIC_CURVATURE	LPS 18:2	LPS 18:2	-	LION:0000466
LION_POSITIVE_INTRINSIC_CURVATURE	LPS 18:3	LPS 18:3	-	LION:0000466
LION_POSITIVE_INTRINSIC_CURVATURE	LPS 20:0	LPS 20:0	-	LION:0000466
LION_POSITIVE_INTRINSIC_CURVATURE	LPS 20:1	LPS 20:1	-	LION:0000466
LION_POSITIVE_INTRINSIC_CURVATURE	LPS 20:4	LPS 20:4	-	LION:0000466
LION_POSITIVE_INTRINSIC_CURVATURE	LPS 20:5	LPS 20:5	-	LION:0000466
LION_POSITIVE_INTRINSIC_CURVATURE	LPS 22:0	LPS 22:0	-	LION:0000466
LION_POSITIVE_INTRINSIC_CURVATURE	LPS 22:6	LPS 22:6	-	LION:0000466
LION_POSITIVE_INTRINSIC_CURVATURE	PI 14:0_18:1	PI 14:0_18:1	-	LION:0000466
LION_POSITIVE_INTRINSIC_CURVATURE	PI 14:0_18:2	PI 14:0_18:2	-	LION:0000466
LION_POSITIVE_INTRINSIC_CURVATURE	PI 15:0_16:0	PI 15:0_16:0	-	LION:0000466
LION_POSITIVE_INTRINSIC_CURVATURE	PI 15:1_16:0	PI 15:1_16:0	-	LION:0000466
LION_POSITIVE_INTRINSIC_CURVATURE	PI 16:0_16:0	PI 16:0_16:0	-	LION:0000466
LION_POSITIVE_INTRINSIC_CURVATURE	PI 16:0_17:0	PI 16:0_17:0	-	LION:0000466
LION_POSITIVE_INTRINSIC_CURVATURE	PI 16:0_17:1	PI 16:0_17:1	-	LION:0000466
LION_POSITIVE_INTRINSIC_CURVATURE	PI 16:0_17:2	PI 16:0_17:2	-	LION:0000466
LION_POSITIVE_INTRINSIC_CURVATURE	PI 16:0_18:1	PI 16:0_18:1	-	LION:0000466
LION_POSITIVE_INTRINSIC_CURVATURE	PI 16:0_18:2	PI 16:0_18:2	-	LION:0000466
LION_POSITIVE_INTRINSIC_CURVATURE	PI 16:0_18:3	PI 16:0_18:3	-	LION:0000466
LION_POSITIVE_INTRINSIC_CURVATURE	PI 16:0_20:0	PI 16:0_20:0	-	LION:0000466
LION_POSITIVE_INTRINSIC_CURVATURE	PI 16:0_20:3	PI 16:0_20:3	-	LION:0000466
LION_POSITIVE_INTRINSIC_CURVATURE	PI 16:0_20:4	PI 16:0_20:4	-	LION:0000466
LION_POSITIVE_INTRINSIC_CURVATURE	PI 16:0_22:1	PI 16:0_22:1	-	LION:0000466
LION_POSITIVE_INTRINSIC_CURVATURE	PI 16:1_18:0	PI 16:1_18:0	-	LION:0000466
LION_POSITIVE_INTRINSIC_CURVATURE	PI 16:1_18:1	PI 16:1_18:1	-	LION:0000466
LION_POSITIVE_INTRINSIC_CURVATURE	PI 16:1_18:2	PI 16:1_18:2	-	LION:0000466
LION_POSITIVE_INTRINSIC_CURVATURE	PI 17:0_18:1	PI 17:0_18:1	-	LION:0000466
LION_POSITIVE_INTRINSIC_CURVATURE	PI 17:1_18:1	PI 17:1_18:1	-	LION:0000466
LION_POSITIVE_INTRINSIC_CURVATURE	PI 17:1_18:2	PI 17:1_18:2	-	LION:0000466
LION_POSITIVE_INTRINSIC_CURVATURE	PI 18:0_18:0	PI 18:0_18:0	-	LION:0000466
LION_POSITIVE_INTRINSIC_CURVATURE	PI 18:0_18:1	PI 18:0_18:1	-	LION:0000466
LION_POSITIVE_INTRINSIC_CURVATURE	PI 18:0_18:2	PI 18:0_18:2	-	LION:0000466
LION_POSITIVE_INTRINSIC_CURVATURE	PI 18:0_18:3	PI 18:0_18:3	-	LION:0000466
LION_POSITIVE_INTRINSIC_CURVATURE	PI 18:0_20:0	PI 18:0_20:0	-	LION:0000466
LION_POSITIVE_INTRINSIC_CURVATURE	PI 18:0_20:3	PI 18:0_20:3	-	LION:0000466
LION_POSITIVE_INTRINSIC_CURVATURE	PI 18:0_20:4	PI 18:0_20:4	-	LION:0000466
LION_POSITIVE_INTRINSIC_CURVATURE	PI 18:0_22:0	PI 18:0_22:0	-	LION:0000466
LION_POSITIVE_INTRINSIC_CURVATURE	PI 18:1_18:1	PI 18:1_18:1	-	LION:0000466
LION_POSITIVE_INTRINSIC_CURVATURE	PI 18:1_18:2	PI 18:1_18:2	-	LION:0000466
LION_POSITIVE_INTRINSIC_CURVATURE	PI 18:1_18:3	PI 18:1_18:3	-	LION:0000466
LION_POSITIVE_INTRINSIC_CURVATURE	PI 18:1_20:0	PI 18:1_20:0	-	LION:0000466
LION_POSITIVE_INTRINSIC_CURVATURE	PI 18:1_20:1	PI 18:1_20:1	-	LION:0000466
LION_POSITIVE_INTRINSIC_CURVATURE	PI 18:1_20:2	PI 18:1_20:2	-	LION:0000466
LION_POSITIVE_INTRINSIC_CURVATURE	PI 18:1_20:3	PI 18:1_20:3	-	LION:0000466
LION_POSITIVE_INTRINSIC_CURVATURE	PI 18:1_20:4	PI 18:1_20:4	-	LION:0000466
LION_POSITIVE_INTRINSIC_CURVATURE	PI 18:1_20:5	PI 18:1_20:5	-	LION:0000466
LION_POSITIVE_INTRINSIC_CURVATURE	PI 18:1_22:0	PI 18:1_22:0	-	LION:0000466
LION_POSITIVE_INTRINSIC_CURVATURE	PI 18:1_22:1	PI 18:1_22:1	-	LION:0000466
LION_POSITIVE_INTRINSIC_CURVATURE	PI 18:1_22:2	PI 18:1_22:2	-	LION:0000466
LION_POSITIVE_INTRINSIC_CURVATURE	PI 18:1_22:3	PI 18:1_22:3	-	LION:0000466
LION_POSITIVE_INTRINSIC_CURVATURE	PI 18:1_22:4	PI 18:1_22:4	-	LION:0000466
LION_POSITIVE_INTRINSIC_CURVATURE	PI 18:1_22:5	PI 18:1_22:5	-	LION:0000466
LION_POSITIVE_INTRINSIC_CURVATURE	PI 18:1_22:6	PI 18:1_22:6	-	LION:0000466
LION_POSITIVE_INTRINSIC_CURVATURE	PI 18:2_18:3	PI 18:2_18:3	-	LION:0000466
LION_POSITIVE_INTRINSIC_CURVATURE	PI 18:2_20:0	PI 18:2_20:0	-	LION:0000466
LION_POSITIVE_INTRINSIC_CURVATURE	PI 18:2_20:1	PI 18:2_20:1	-	LION:0000466
LION_POSITIVE_INTRINSIC_CURVATURE	PI 18:2_20:4	PI 18:2_20:4	-	LION:0000466
LION_POSITIVE_INTRINSIC_CURVATURE	PI 18:2_20:5	PI 18:2_20:5	-	LION:0000466
LION_POSITIVE_INTRINSIC_CURVATURE	PI 18:2_22:0	PI 18:2_22:0	-	LION:0000466
LION_POSITIVE_INTRINSIC_CURVATURE	PI 18:2_22:1	PI 18:2_22:1	-	LION:0000466
LION_POSITIVE_INTRINSIC_CURVATURE	PI 18:2_22:6	PI 18:2_22:6	-	LION:0000466
LION_SATURATED_FATTY_ACID	CE 14:0	CE 14:0	-	LION:0002968
LION_SATURATED_FATTY_ACID	CE 15:0	CE 15:0	-	LION:0002968
LION_SATURATED_FATTY_ACID	CE 16:0	CE 16:0	-	LION:0002968
LION_SATURATED_FATTY_ACID	CE 17:0	CE 17:0	-	LION:0002968
LION_SATURATED_FATTY_ACID	CE 18:0	CE 18:0	-	LION:0002968
LION_SATURATED_FATTY_ACID	CE 20:0	CE 20:0	-	LION:0002968
LION_SATURATED_FATTY_ACID	CE 22:0	CE 22:0	-	LION:0002968
LION_SATURATED_FATTY_ACID	Cer d18:0/18:0	Cer d18:0/18:0	-	LION:0002968
LION_SATURATED_FATTY_ACID	Cer d18:0/20:0	Cer d18:0/20:0	-	LION:0002968
LION_SATURATED_FATTY_ACID	Cer d18:0/22:0	Cer d18:0/22:0	-	LION:0002968
LION_SATURATED_FATTY_ACID	Cer d18:0/24:0	Cer d18:0/24:0	-	LION:0002968
LION_SATURATED_FATTY_ACID	Cer d18:1/14:0	Cer d18:1/14:0	-	LION:0002968
LION_SATURATED_FATTY_ACID	Cer d18:1/16:0	Cer d18:1/16:0	-	LION:0002968
LION_SATURATED_FATTY_ACID	Cer d18:1/18:0	Cer d18:1/18:0	-	LION:0002968
LION_SATURATED_FATTY_ACID	Cer d18:1/20:0	Cer d18:1/20:0	-	LION:0002968
LION_SATURATED_FATTY_ACID	Cer d18:1/22:0	Cer d18:1/22:0	-	LION:0002968
LION_SATURATED_FATTY_ACID	Cer d18:1/23:0	Cer d18:1/23:0	-	LION:0002968
LION_SATURATED_FATTY_ACID	Cer d18:1/24:0	Cer d18:1/24:0	-	LION:0002968
LION_SATURATED_FATTY_ACID	Cer d18:1/25:0	Cer d18:1/25:0	-	LION:0002968
LION_SATURATED_FATTY_ACID	Cer d18:1/26:0	Cer d18:1/26:0	-	LION:0002968
LION_SATURATED_FATTY_ACID	Hex-Cer d18:1/14:0	Hex-Cer d18:1/14:0	-	LION:0002968
LION_SATURATED_FATTY_ACID	Hex-Cer d18:1/16:0	Hex-Cer d18:1/16:0	-	LION:0002968
LION_SATURATED_FATTY_ACID	Hex-Cer d18:1/18:0	Hex-Cer d18:1/18:0	-	LION:0002968
LION_SATURATED_FATTY_ACID	Hex-Cer d18:1/20:0	Hex-Cer d18:1/20:0	-	LION:0002968
LION_SATURATED_FATTY_ACID	Hex-Cer d18:1/22:0	Hex-Cer d18:1/22:0	-	LION:0002968
LION_SATURATED_FATTY_ACID	Hex-Cer d18:1/23:0	Hex-Cer d18:1/23:0	-	LION:0002968
LION_SATURATED_FATTY_ACID	Hex-Cer d18:1/24:0	Hex-Cer d18:1/24:0	-	LION:0002968
LION_SATURATED_FATTY_ACID	Hex-Cer d18:1/26:0	Hex-Cer d18:1/26:0	-	LION:0002968
LION_SATURATED_FATTY_ACID	Hex2Cer d18:1/14:0	Hex2Cer d18:1/14:0	-	LION:0002968
LION_SATURATED_FATTY_ACID	Hex2Cer d18:1/16:0	Hex2Cer d18:1/16:0	-	LION:0002968
LION_SATURATED_FATTY_ACID	Hex2Cer d18:1/18:0	Hex2Cer d18:1/18:0	-	LION:0002968
LION_SATURATED_FATTY_ACID	Hex2Cer d18:1/20:0	Hex2Cer d18:1/20:0	-	LION:0002968
LION_SATURATED_FATTY_ACID	Hex2Cer d18:1/22:0	Hex2Cer d18:1/22:0	-	LION:0002968
LION_SATURATED_FATTY_ACID	Hex2Cer d18:1/24:0	Hex2Cer d18:1/24:0	-	LION:0002968
LION_SATURATED_FATTY_ACID	Hex2Cer d18:1/26:0	Hex2Cer d18:1/26:0	-	LION:0002968
LION_SATURATED_FATTY_ACID	LPA 14:0	LPA 14:0	-	LION:0002968
LION_SATURATED_FATTY_ACID	LPA 15:0	LPA 15:0	-	LION:0002968
LION_SATURATED_FATTY_ACID	LPA 16:0	LPA 16:0	-	LION:0002968
LION_SATURATED_FATTY_ACID	LPC 14:0	LPC 14:0	-	LION:0002968
LION_SATURATED_FATTY_ACID	LPC 16:0	LPC 16:0	-	LION:0002968
LION_SATURATED_FATTY_ACID	LPC 17:0	LPC 17:0	-	LION:0002968
LION_SATURATED_FATTY_ACID	LPC 18:0	LPC 18:0	-	LION:0002968
LION_SATURATED_FATTY_ACID	LPE 14:0	LPE 14:0	-	LION:0002968
LION_SATURATED_FATTY_ACID	LPE 15:0	LPE 15:0	-	LION:0002968
LION_SATURATED_FATTY_ACID	LPE 16:0	LPE 16:0	-	LION:0002968
LION_SATURATED_FATTY_ACID	LPE 17:0	LPE 17:0	-	LION:0002968
LION_SATURATED_FATTY_ACID	LPE 18:0	LPE 18:0	-	LION:0002968
LION_SATURATED_FATTY_ACID	LPE 19:0	LPE 19:0	-	LION:0002968
LION_SATURATED_FATTY_ACID	LPE 20:0	LPE 20:0	-	LION:0002968
LION_SATURATED_FATTY_ACID	LPE 22:0	LPE 22:0	-	LION:0002968
LION_SATURATED_FATTY_ACID	LPG 14:0	LPG 14:0	-	LION:0002968
LION_SATURATED_FATTY_ACID	LPG 16:0	LPG 16:0	-	LION:0002968
LION_SATURATED_FATTY_ACID	LPG 17:0	LPG 17:0	-	LION:0002968
LION_SATURATED_FATTY_ACID	LPG 18:0	LPG 18:0	-	LION:0002968
LION_SATURATED_FATTY_ACID	LPI 14:0	LPI 14:0	-	LION:0002968
LION_SATURATED_FATTY_ACID	LPI 16:0	LPI 16:0	-	LION:0002968
LION_SATURATED_FATTY_ACID	LPI 17:0	LPI 17:0	-	LION:0002968
LION_SATURATED_FATTY_ACID	LPI 18:0	LPI 18:0	-	LION:0002968
LION_SATURATED_FATTY_ACID	LPI 19:0	LPI 19:0	-	LION:0002968
LION_SATURATED_FATTY_ACID	LPI 22:0	LPI 22:0	-	LION:0002968
LION_SATURATED_FATTY_ACID	LPS 16:0	LPS 16:0	-	LION:0002968
LION_SATURATED_FATTY_ACID	LPS 18:0	LPS 18:0	-	LION:0002968
LION_SATURATED_FATTY_ACID	LPS 20:0	LPS 20:0	-	LION:0002968
LION_SATURATED_FATTY_ACID	LPS 22:0	LPS 22:0	-	LION:0002968
LION_SATURATED_FATTY_ACID	PE P-16:0/16:0	PE P-16:0/16:0	-	LION:0002968
LION_SATURATED_FATTY_ACID	PE P-16:0/16:1	PE P-16:0/16:1	-	LION:0002968
LION_SATURATED_FATTY_ACID	PE P-16:0/18:1	PE P-16:0/18:1	-	LION:0002968
LION_SATURATED_FATTY_ACID	PE P-16:0/18:2	PE P-16:0/18:2	-	LION:0002968
LION_SATURATED_FATTY_ACID	PE P-16:0/18:3	PE P-16:0/18:3	-	LION:0002968
LION_SATURATED_FATTY_ACID	PE P-16:0/20:3	PE P-16:0/20:3	-	LION:0002968
LION_SATURATED_FATTY_ACID	PE P-16:0/20:4	PE P-16:0/20:4	-	LION:0002968
LION_SATURATED_FATTY_ACID	PE P-16:0/20:5	PE P-16:0/20:5	-	LION:0002968
LION_SATURATED_FATTY_ACID	PE P-16:0/22:4	PE P-16:0/22:4	-	LION:0002968
LION_SATURATED_FATTY_ACID	PE P-16:0/22:5	PE P-16:0/22:5	-	LION:0002968
LION_SATURATED_FATTY_ACID	PE P-16:0/22:6	PE P-16:0/22:6	-	LION:0002968
LION_SATURATED_FATTY_ACID	PE P-18:0/18:0	PE P-18:0/18:0	-	LION:0002968
LION_SATURATED_FATTY_ACID	PE P-18:0/18:1	PE P-18:0/18:1	-	LION:0002968
LION_SATURATED_FATTY_ACID	PE P-18:0/18:2	PE P-18:0/18:2	-	LION:0002968
LION_SATURATED_FATTY_ACID	PE P-18:0/18:3	PE P-18:0/18:3	-	LION:0002968
LION_SATURATED_FATTY_ACID	PE P-18:0/19:1	PE P-18:0/19:1	-	LION:0002968
LION_SATURATED_FATTY_ACID	PE P-18:0/20:1	PE P-18:0/20:1	-	LION:0002968
LION_SATURATED_FATTY_ACID	PE P-18:0/20:2	PE P-18:0/20:2	-	LION:0002968
LION_SATURATED_FATTY_ACID	PE P-18:0/20:3	PE P-18:0/20:3	-	LION:0002968
LION_SATURATED_FATTY_ACID	PE P-18:0/20:4	PE P-18:0/20:4	-	LION:0002968
LION_SATURATED_FATTY_ACID	PE P-18:0/20:5	PE P-18:0/20:5	-	LION:0002968
LION_SATURATED_FATTY_ACID	PE P-18:0/22:1	PE P-18:0/22:1	-	LION:0002968
LION_SATURATED_FATTY_ACID	PE P-18:0/22:2	PE P-18:0/22:2	-	LION:0002968
LION_SATURATED_FATTY_ACID	PE P-18:0/22:3	PE P-18:0/22:3	-	LION:0002968
LION_SATURATED_FATTY_ACID	PE P-18:0/22:4	PE P-18:0/22:4	-	LION:0002968
LION_SATURATED_FATTY_ACID	PE P-18:0/22:5	PE P-18:0/22:5	-	LION:0002968
LION_SATURATED_FATTY_ACID	PE P-18:0/22:6	PE P-18:0/22:6	-	LION:0002968
LION_SATURATED_FATTY_ACID	PE P-20:0/20:0	PE P-20:0/20:0	-	LION:0002968
LION_SATURATED_FATTY_ACID	PE P-20:0/20:4	PE P-20:0/20:4	-	LION:0002968
LION_SATURATED_FATTY_ACID	PE P-20:0/20:5	PE P-20:0/20:5	-	LION:0002968
LION_SPHINGOLIPIDS	Cer d16:1/18:0	Cer d16:1/18:0	-	LION:0000004
LION_SPHINGOLIPIDS	Cer d16:1/20:0	Cer d16:1/20:0	-	LION:0000004
LION_SPHINGOLIPIDS	Cer d16:1/22:0	Cer d16:1/22:0	-	LION:0000004
LION_SPHINGOLIPIDS	Cer d16:1/23:0	Cer d16:1/23:0	-	LION:0000004
LION_SPHINGOLIPIDS	Cer d16:1/24:0	Cer d16:1/24:0	-	LION:0000004
LION_SPHINGOLIPIDS	Cer d18:0/18:0	Cer d18:0/18:0	-	LION:0000004
LION_SPHINGOLIPIDS	Cer d18:0/18:0-OH	Cer d18:0/18:0-OH	-	LION:0000004
LION_SPHINGOLIPIDS	Cer d18:0/20:0	Cer d18:0/20:0	-	LION:0000004
LION_SPHINGOLIPIDS	Cer d18:0/22:0	Cer d18:0/22:0	-	LION:0000004
LION_SPHINGOLIPIDS	Cer d18:0/24:0	Cer d18:0/24:0	-	LION:0000004
LION_SPHINGOLIPIDS	Cer d18:0/24:1	Cer d18:0/24:1	-	LION:0000004
LION_SPHINGOLIPIDS	Cer d18:0/26:1	Cer d18:0/26:1	-	LION:0000004
LION_SPHINGOLIPIDS	Cer d18:0/26:1-OH	Cer d18:0/26:1-OH	-	LION:0000004
LION_SPHINGOLIPIDS	Cer d18:1/14:0	Cer d18:1/14:0	-	LION:0000004
LION_SPHINGOLIPIDS	Cer d18:1/16:0	Cer d18:1/16:0	-	LION:0000004
LION_SPHINGOLIPIDS	Cer d18:1/18:0	Cer d18:1/18:0	-	LION:0000004
LION_SPHINGOLIPIDS	Cer d18:1/18:0-OH	Cer d18:1/18:0-OH	-	LION:0000004
LION_SPHINGOLIPIDS	Cer d18:1/18:1	Cer d18:1/18:1	-	LION:0000004
LION_SPHINGOLIPIDS	Cer d18:1/20:0	Cer d18:1/20:0	-	LION:0000004
LION_SPHINGOLIPIDS	Cer d18:1/20:0-OH	Cer d18:1/20:0-OH	-	LION:0000004
LION_SPHINGOLIPIDS	Cer d18:1/22:0	Cer d18:1/22:0	-	LION:0000004
LION_SPHINGOLIPIDS	Cer d18:1/23:0	Cer d18:1/23:0	-	LION:0000004
LION_SPHINGOLIPIDS	Cer d18:1/24:0	Cer d18:1/24:0	-	LION:0000004
LION_SPHINGOLIPIDS	Cer d18:1/24:1	Cer d18:1/24:1	-	LION:0000004
LION_SPHINGOLIPIDS	Cer d18:1/25:0	Cer d18:1/25:0	-	LION:0000004
LION_SPHINGOLIPIDS	Cer d18:1/26:0	Cer d18:1/26:0	-	LION:0000004
LION_SPHINGOLIPIDS	Cer d18:1/26:1	Cer d18:1/26:1	-	LION:0000004
LION_SPHINGOLIPIDS	Cer d18:2/14:0	Cer d18:2/14:0	-	LION:0000004
LION_SPHINGOLIPIDS	Cer d18:2/16:0	Cer d18:2/16:0	-	LION:0000004
LION_SPHINGOLIPIDS	Cer d18:2/18:0	Cer d18:2/18:0	-	LION:0000004
LION_SPHINGOLIPIDS	Cer d18:2/18:1	Cer d18:2/18:1	-	LION:0000004
LION_SPHINGOLIPIDS	Cer d18:2/20:0	Cer d18:2/20:0	-	LION:0000004
LION_SPHINGOLIPIDS	Cer d18:2/22:0	Cer d18:2/22:0	-	LION:0000004
LION_SPHINGOLIPIDS	Cer d18:2/23:0	Cer d18:2/23:0	-	LION:0000004
LION_SPHINGOLIPIDS	Cer d18:2/24:0	Cer d18:2/24:0	-	LION:0000004
LION_SPHINGOLIPIDS	Cer d18:2/24:1	Cer d18:2/24:1	-	LION:0000004
LION_SPHINGOLIPIDS	Hex-Cer d16:1/20:0	Hex-Cer d16:1/20:0	-	LION:0000004
LION_SPHINGOLIPIDS	Hex-Cer d16:1/22:0	Hex-Cer d16:1/22:0	-	LION:0000004
LION_SPHINGOLIPIDS	Hex-Cer d16:1/24:0	Hex-Cer d16:1/24:0	-	LION:0000004
LION_SPHINGOLIPIDS	Hex-Cer d18:1/14:0	Hex-Cer d18:1/14:0	-	LION:0000004
LION_SPHINGOLIPIDS	Hex-Cer d18:1/16:0	Hex-Cer d18:1/16:0	-	LION:0000004
LION_SPHINGOLIPIDS	Hex-Cer d18:1/18:0	Hex-Cer d18:1/18:0	-	LION:0000004
LION_SPHINGOLIPIDS	Hex-Cer d18:1/18:1	Hex-Cer d18:1/18:1	-	LION:0000004
LION_SPHINGOLIPIDS	Hex-Cer d18:1/20:0	Hex-Cer d18:1/20:0	-	LION:0000004
LION_SPHINGOLIPIDS	Hex-Cer d18:1/22:0	Hex-Cer d18:1/22:0	-	LION:0000004
LION_SPHINGOLIPIDS	Hex-Cer d18:1/23:0	Hex-Cer d18:1/23:0	-	LION:0000004
LION_SPHINGOLIPIDS	Hex-Cer d18:1/24:0	Hex-Cer d18:1/24:0	-	LION:0000004
LION_SPHINGOLIPIDS	Hex-Cer d18:1/24:1	Hex-Cer d18:1/24:1	-	LION:0000004
LION_SPHINGOLIPIDS	Hex-Cer d18:1/26:0	Hex-Cer d18:1/26:0	-	LION:0000004
LION_SPHINGOLIPIDS	Hex-Cer d18:1/26:1	Hex-Cer d18:1/26:1	-	LION:0000004
LION_SPHINGOLIPIDS	Hex-Cer d18:2/16:0	Hex-Cer d18:2/16:0	-	LION:0000004
LION_SPHINGOLIPIDS	Hex-Cer d18:2/18:0	Hex-Cer d18:2/18:0	-	LION:0000004
LION_SPHINGOLIPIDS	Hex-Cer d18:2/20:0	Hex-Cer d18:2/20:0	-	LION:0000004
LION_SPHINGOLIPIDS	Hex-Cer d18:2/22:0	Hex-Cer d18:2/22:0	-	LION:0000004
LION_SPHINGOLIPIDS	Hex-Cer d18:2/23:0	Hex-Cer d18:2/23:0	-	LION:0000004
LION_SPHINGOLIPIDS	Hex-Cer d18:2/24:0	Hex-Cer d18:2/24:0	-	LION:0000004
LION_SPHINGOLIPIDS	Hex2Cer d18:1/14:0	Hex2Cer d18:1/14:0	-	LION:0000004
LION_SPHINGOLIPIDS	Hex2Cer d18:1/16:0	Hex2Cer d18:1/16:0	-	LION:0000004
LION_SPHINGOLIPIDS	Hex2Cer d18:1/18:0	Hex2Cer d18:1/18:0	-	LION:0000004
LION_SPHINGOLIPIDS	Hex2Cer d18:1/20:0	Hex2Cer d18:1/20:0	-	LION:0000004
LION_SPHINGOLIPIDS	Hex2Cer d18:1/22:0	Hex2Cer d18:1/22:0	-	LION:0000004
LION_SPHINGOLIPIDS	Hex2Cer d18:1/24:0	Hex2Cer d18:1/24:0	-	LION:0000004
LION_SPHINGOLIPIDS	Hex2Cer d18:1/24:1	Hex2Cer d18:1/24:1	-	LION:0000004
LION_SPHINGOLIPIDS	Hex2Cer d18:1/26:0	Hex2Cer d18:1/26:0	-	LION:0000004
LION_SPHINGOLIPIDS	Hex2Cer d18:1/26:1	Hex2Cer d18:1/26:1	-	LION:0000004
LION_SPHINGOLIPIDS	SM 33:1	SM 33:1	-	LION:0000004
LION_SPHINGOLIPIDS	SM 34:1	SM 34:1	-	LION:0000004
LION_SPHINGOLIPIDS	SM 34:2	SM 34:2	-	LION:0000004
LION_SPHINGOLIPIDS	SM 35:1	SM 35:1	-	LION:0000004
LION_SPHINGOLIPIDS	SM 36:1	SM 36:1	-	LION:0000004
LION_SPHINGOLIPIDS	SM 36:2	SM 36:2	-	LION:0000004
LION_SPHINGOLIPIDS	SM 38:3	SM 38:3	-	LION:0000004
LION_SPHINGOLIPIDS	SM 41:1	SM 41:1	-	LION:0000004
LION_SPHINGOLIPIDS	SM 41:2	SM 41:2	-	LION:0000004
LION_SPHINGOLIPIDS	SM 42:1	SM 42:1	-	LION:0000004
LION_SPHINGOLIPIDS	SM 42:2	SM 42:2	-	LION:0000004
LION_SPHINGOLIPIDS	SM 43:1	SM 43:1	-	LION:0000004
LION_SPHINGOLIPIDS	SM 44:1	SM 44:1	-	LION:0000004
LION_SPHINGOLIPIDS	SM 44:2	SM 44:2	-	LION:0000004
LION_STEROL_LIPIDS	CE 14:0	CE 14:0	-	LION:0000005
LION_STEROL_LIPIDS	CE 14:1	CE 14:1	-	LION:0000005
LION_STEROL_LIPIDS	CE 15:0	CE 15:0	-	LION:0000005
LION_STEROL_LIPIDS	CE 15:1	CE 15:1	-	LION:0000005
LION_STEROL_LIPIDS	CE 16:0	CE 16:0	-	LION:0000005
LION_STEROL_LIPIDS	CE 16:1	CE 16:1	-	LION:0000005
LION_STEROL_LIPIDS	CE 17:0	CE 17:0	-	LION:0000005
LION_STEROL_LIPIDS	CE 17:1	CE 17:1	-	LION:0000005
LION_STEROL_LIPIDS	CE 18:0	CE 18:0	-	LION:0000005
LION_STEROL_LIPIDS	CE 18:1	CE 18:1	-	LION:0000005
LION_STEROL_LIPIDS	CE 18:2	CE 18:2	-	LION:0000005
LION_STEROL_LIPIDS	CE 18:3	CE 18:3	-	LION:0000005
LION_STEROL_LIPIDS	CE 20:0	CE 20:0	-	LION:0000005
LION_STEROL_LIPIDS	CE 20:1	CE 20:1	-	LION:0000005
LION_STEROL_LIPIDS	CE 20:3	CE 20:3	-	LION:0000005
LION_STEROL_LIPIDS	CE 20:4	CE 20:4	-	LION:0000005
LION_STEROL_LIPIDS	CE 20:5	CE 20:5	-	LION:0000005
LION_STEROL_LIPIDS	CE 22:0	CE 22:0	-	LION:0000005
LION_STEROL_LIPIDS	CE 22:1	CE 22:1	-	LION:0000005
LION_STEROL_LIPIDS	CE 22:2	CE 22:2	-	LION:0000005
LION_STEROL_LIPIDS	CE 22:5	CE 22:5	-	LION:0000005
LION_STEROL_LIPIDS	CE 22:6	CE 22:6	-	LION:0000005
LION_TRIRADYLGLYCEROLS	TG 14:0_32:2	TG 14:0_32:2	-	LION:0000604
LION_TRIRADYLGLYCEROLS	TG 14:0_34:0	TG 14:0_34:0	-	LION:0000604
LION_TRIRADYLGLYCEROLS	TG 14:0_34:1	TG 14:0_34:1	-	LION:0000604
LION_TRIRADYLGLYCEROLS	TG 14:0_34:2	TG 14:0_34:2	-	LION:0000604
LION_TRIRADYLGLYCEROLS	TG 14:0_34:3	TG 14:0_34:3	-	LION:0000604
LION_TRIRADYLGLYCEROLS	TG 14:0_35:1	TG 14:0_35:1	-	LION:0000604
LION_TRIRADYLGLYCEROLS	TG 14:0_35:2	TG 14:0_35:2	-	LION:0000604
LION_TRIRADYLGLYCEROLS	TG 14:0_36:1	TG 14:0_36:1	-	LION:0000604
LION_TRIRADYLGLYCEROLS	TG 14:0_36:2	TG 14:0_36:2	-	LION:0000604
LION_TRIRADYLGLYCEROLS	TG 14:0_36:3	TG 14:0_36:3	-	LION:0000604
LION_TRIRADYLGLYCEROLS	TG 14:0_36:4	TG 14:0_36:4	-	LION:0000604
LION_TRIRADYLGLYCEROLS	TG 14:0_38:4	TG 14:0_38:4	-	LION:0000604
LION_TRIRADYLGLYCEROLS	TG 14:0_38:5	TG 14:0_38:5	-	LION:0000604
LION_TRIRADYLGLYCEROLS	TG 14:0_39:3	TG 14:0_39:3	-	LION:0000604
LION_TRIRADYLGLYCEROLS	TG 14:0_40:5	TG 14:0_40:5	-	LION:0000604
LION_TRIRADYLGLYCEROLS	TG 16:0_28:1	TG 16:0_28:1	-	LION:0000604
LION_TRIRADYLGLYCEROLS	TG 16:0_28:2	TG 16:0_28:2	-	LION:0000604
LION_TRIRADYLGLYCEROLS	TG 16:0_30:2	TG 16:0_30:2	-	LION:0000604
LION_TRIRADYLGLYCEROLS	TG 16:0_32:0	TG 16:0_32:0	-	LION:0000604
LION_TRIRADYLGLYCEROLS	TG 16:0_32:1	TG 16:0_32:1	-	LION:0000604
LION_TRIRADYLGLYCEROLS	TG 16:0_32:2	TG 16:0_32:2	-	LION:0000604
LION_TRIRADYLGLYCEROLS	TG 16:0_32:3	TG 16:0_32:3	-	LION:0000604
LION_TRIRADYLGLYCEROLS	TG 16:0_33:1	TG 16:0_33:1	-	LION:0000604
LION_TRIRADYLGLYCEROLS	TG 16:0_33:2	TG 16:0_33:2	-	LION:0000604
LION_TRIRADYLGLYCEROLS	TG 16:0_34:0	TG 16:0_34:0	-	LION:0000604
LION_TRIRADYLGLYCEROLS	TG 16:0_34:1	TG 16:0_34:1	-	LION:0000604
LION_TRIRADYLGLYCEROLS	TG 16:0_34:2	TG 16:0_34:2	-	LION:0000604
LION_TRIRADYLGLYCEROLS	TG 16:0_34:3	TG 16:0_34:3	-	LION:0000604
LION_TRIRADYLGLYCEROLS	TG 16:0_34:4	TG 16:0_34:4	-	LION:0000604
LION_TRIRADYLGLYCEROLS	TG 16:0_35:1	TG 16:0_35:1	-	LION:0000604
LION_TRIRADYLGLYCEROLS	TG 16:0_35:2	TG 16:0_35:2	-	LION:0000604
LION_TRIRADYLGLYCEROLS	TG 16:0_35:3	TG 16:0_35:3	-	LION:0000604
LION_TRIRADYLGLYCEROLS	TG 16:0_36:2	TG 16:0_36:2	-	LION:0000604
LION_TRIRADYLGLYCEROLS	TG 16:0_36:3	TG 16:0_36:3	-	LION:0000604
LION_TRIRADYLGLYCEROLS	TG 16:0_36:4	TG 16:0_36:4	-	LION:0000604
LION_TRIRADYLGLYCEROLS	TG 16:0_36:5	TG 16:0_36:5	-	LION:0000604
LION_TRIRADYLGLYCEROLS	TG 16:0_36:6	TG 16:0_36:6	-	LION:0000604
LION_TRIRADYLGLYCEROLS	TG 16:0_37:3	TG 16:0_37:3	-	LION:0000604
LION_TRIRADYLGLYCEROLS	TG 16:0_38:1	TG 16:0_38:1	-	LION:0000604
LION_TRIRADYLGLYCEROLS	TG 16:0_38:2	TG 16:0_38:2	-	LION:0000604
LION_TRIRADYLGLYCEROLS	TG 16:0_38:3	TG 16:0_38:3	-	LION:0000604
LION_TRIRADYLGLYCEROLS	TG 16:0_38:4	TG 16:0_38:4	-	LION:0000604
LION_TRIRADYLGLYCEROLS	TG 16:0_38:5	TG 16:0_38:5	-	LION:0000604
LION_TRIRADYLGLYCEROLS	TG 16:0_38:6	TG 16:0_38:6	-	LION:0000604
LION_TRIRADYLGLYCEROLS	TG 16:0_38:7	TG 16:0_38:7	-	LION:0000604
LION_TRIRADYLGLYCEROLS	TG 16:0_40:6	TG 16:0_40:6	-	LION:0000604
LION_TRIRADYLGLYCEROLS	TG 16:0_40:7	TG 16:0_40:7	-	LION:0000604
LION_TRIRADYLGLYCEROLS	TG 16:0_40:8	TG 16:0_40:8	-	LION:0000604
LION_TRIRADYLGLYCEROLS	TG 16:1_28:0	TG 16:1_28:0	-	LION:0000604
LION_TRIRADYLGLYCEROLS	TG 16:1_30:1	TG 16:1_30:1	-	LION:0000604
LION_TRIRADYLGLYCEROLS	TG 16:1_32:0	TG 16:1_32:0	-	LION:0000604
LION_TRIRADYLGLYCEROLS	TG 16:1_32:1	TG 16:1_32:1	-	LION:0000604
LION_TRIRADYLGLYCEROLS	TG 16:1_32:2	TG 16:1_32:2	-	LION:0000604
LION_TRIRADYLGLYCEROLS	TG 16:1_33:1	TG 16:1_33:1	-	LION:0000604
LION_TRIRADYLGLYCEROLS	TG 16:1_34:0	TG 16:1_34:0	-	LION:0000604
LION_TRIRADYLGLYCEROLS	TG 16:1_34:1	TG 16:1_34:1	-	LION:0000604
LION_TRIRADYLGLYCEROLS	TG 16:1_34:2	TG 16:1_34:2	-	LION:0000604
LION_TRIRADYLGLYCEROLS	TG 16:1_34:3	TG 16:1_34:3	-	LION:0000604
LION_TRIRADYLGLYCEROLS	TG 16:1_36:1	TG 16:1_36:1	-	LION:0000604
LION_TRIRADYLGLYCEROLS	TG 16:1_36:2	TG 16:1_36:2	-	LION:0000604
LION_TRIRADYLGLYCEROLS	TG 16:1_36:3	TG 16:1_36:3	-	LION:0000604
LION_TRIRADYLGLYCEROLS	TG 16:1_36:4	TG 16:1_36:4	-	LION:0000604
LION_TRIRADYLGLYCEROLS	TG 16:1_36:5	TG 16:1_36:5	-	LION:0000604
LION_TRIRADYLGLYCEROLS	TG 16:1_38:3	TG 16:1_38:3	-	LION:0000604
LION_TRIRADYLGLYCEROLS	TG 16:1_38:4	TG 16:1_38:4	-	LION:0000604
LION_TRIRADYLGLYCEROLS	TG 16:1_38:5	TG 16:1_38:5	-	LION:0000604
LION_TRIRADYLGLYCEROLS	TG 17:0_32:1	TG 17:0_32:1	-	LION:0000604
LION_TRIRADYLGLYCEROLS	TG 17:0_34:1	TG 17:0_34:1	-	LION:0000604
LION_TRIRADYLGLYCEROLS	TG 17:0_34:2	TG 17:0_34:2	-	LION:0000604
LION_TRIRADYLGLYCEROLS	TG 17:0_34:3	TG 17:0_34:3	-	LION:0000604
LION_TRIRADYLGLYCEROLS	TG 17:0_36:3	TG 17:0_36:3	-	LION:0000604
LION_TRIRADYLGLYCEROLS	TG 17:0_36:4	TG 17:0_36:4	-	LION:0000604
LION_TRIRADYLGLYCEROLS	TG 17:1_32:1	TG 17:1_32:1	-	LION:0000604
LION_TRIRADYLGLYCEROLS	TG 17:1_34:1	TG 17:1_34:1	-	LION:0000604
LION_TRIRADYLGLYCEROLS	TG 17:1_34:2	TG 17:1_34:2	-	LION:0000604
LION_TRIRADYLGLYCEROLS	TG 17:1_34:3	TG 17:1_34:3	-	LION:0000604
LION_TRIRADYLGLYCEROLS	TG 17:1_36:3	TG 17:1_36:3	-	LION:0000604
LION_TRIRADYLGLYCEROLS	TG 17:1_36:4	TG 17:1_36:4	-	LION:0000604
LION_TRIRADYLGLYCEROLS	TG 17:1_36:5	TG 17:1_36:5	-	LION:0000604
LION_TRIRADYLGLYCEROLS	TG 17:1_38:5	TG 17:1_38:5	-	LION:0000604
LION_TRIRADYLGLYCEROLS	TG 17:1_38:6	TG 17:1_38:6	-	LION:0000604
LION_TRIRADYLGLYCEROLS	TG 17:1_38:7	TG 17:1_38:7	-	LION:0000604
LION_TRIRADYLGLYCEROLS	TG 17:2_34:2	TG 17:2_34:2	-	LION:0000604
LION_TRIRADYLGLYCEROLS	TG 17:2_34:3	TG 17:2_34:3	-	LION:0000604
LION_TRIRADYLGLYCEROLS	TG 17:2_36:2	TG 17:2_36:2	-	LION:0000604
LION_TRIRADYLGLYCEROLS	TG 17:2_36:3	TG 17:2_36:3	-	LION:0000604
LION_TRIRADYLGLYCEROLS	TG 17:2_36:4	TG 17:2_36:4	-	LION:0000604
LION_TRIRADYLGLYCEROLS	TG 17:2_38:5	TG 17:2_38:5	-	LION:0000604
LION_TRIRADYLGLYCEROLS	TG 17:2_38:6	TG 17:2_38:6	-	LION:0000604
LION_TRIRADYLGLYCEROLS	TG 17:2_38:7	TG 17:2_38:7	-	LION:0000604
LION_TRIRADYLGLYCEROLS	TG 18:0_30:0	TG 18:0_30:0	-	LION:0000604
LION_TRIRADYLGLYCEROLS	TG 18:0_30:1	TG 18:0_30:1	-	LION:0000604
LION_TRIRADYLGLYCEROLS	TG 18:0_32:0	TG 18:0_32:0	-	LION:0000604
LION_TRIRADYLGLYCEROLS	TG 18:0_32:1	TG 18:0_32:1	-	LION:0000604
LION_TRIRADYLGLYCEROLS	TG 18:0_32:2	TG 18:0_32:2	-	LION:0000604
LION_TRIRADYLGLYCEROLS	TG 18:0_34:2	TG 18:0_34:2	-	LION:0000604
LION_TRIRADYLGLYCEROLS	TG 18:0_34:3	TG 18:0_34:3	-	LION:0000604
LION_TRIRADYLGLYCEROLS	TG 18:0_36:1	TG 18:0_36:1	-	LION:0000604
LION_TRIRADYLGLYCEROLS	TG 18:0_36:2	TG 18:0_36:2	-	LION:0000604
LION_TRIRADYLGLYCEROLS	TG 18:0_36:3	TG 18:0_36:3	-	LION:0000604
LION_TRIRADYLGLYCEROLS	TG 18:0_36:4	TG 18:0_36:4	-	LION:0000604
LION_TRIRADYLGLYCEROLS	TG 18:0_36:5	TG 18:0_36:5	-	LION:0000604
LION_TRIRADYLGLYCEROLS	TG 18:0_38:6	TG 18:0_38:6	-	LION:0000604
LION_TRIRADYLGLYCEROLS	TG 18:0_38:7	TG 18:0_38:7	-	LION:0000604
LION_TRIRADYLGLYCEROLS	TG 18:1_26:0	TG 18:1_26:0	-	LION:0000604
LION_TRIRADYLGLYCEROLS	TG 18:1_28:1	TG 18:1_28:1	-	LION:0000604
LION_TRIRADYLGLYCEROLS	TG 18:1_30:0	TG 18:1_30:0	-	LION:0000604
LION_TRIRADYLGLYCEROLS	TG 18:1_30:1	TG 18:1_30:1	-	LION:0000604
LION_TRIRADYLGLYCEROLS	TG 18:1_30:2	TG 18:1_30:2	-	LION:0000604
LION_TRIRADYLGLYCEROLS	TG 18:1_31:0	TG 18:1_31:0	-	LION:0000604
LION_TRIRADYLGLYCEROLS	TG 18:1_32:0	TG 18:1_32:0	-	LION:0000604
LION_TRIRADYLGLYCEROLS	TG 18:1_32:1	TG 18:1_32:1	-	LION:0000604
LION_TRIRADYLGLYCEROLS	TG 18:1_32:2	TG 18:1_32:2	-	LION:0000604
LION_TRIRADYLGLYCEROLS	TG 18:1_32:3	TG 18:1_32:3	-	LION:0000604
LION_TRIRADYLGLYCEROLS	TG 18:1_33:0	TG 18:1_33:0	-	LION:0000604
LION_TRIRADYLGLYCEROLS	TG 18:1_33:1	TG 18:1_33:1	-	LION:0000604
LION_TRIRADYLGLYCEROLS	TG 18:1_33:2	TG 18:1_33:2	-	LION:0000604
LION_TRIRADYLGLYCEROLS	TG 18:1_33:3	TG 18:1_33:3	-	LION:0000604
LION_TRIRADYLGLYCEROLS	TG 18:1_34:1	TG 18:1_34:1	-	LION:0000604
LION_TRIRADYLGLYCEROLS	TG 18:1_34:2	TG 18:1_34:2	-	LION:0000604
LION_TRIRADYLGLYCEROLS	TG 18:1_34:3	TG 18:1_34:3	-	LION:0000604
LION_TRIRADYLGLYCEROLS	TG 18:1_34:4	TG 18:1_34:4	-	LION:0000604
LION_TRIRADYLGLYCEROLS	TG 18:1_35:2	TG 18:1_35:2	-	LION:0000604
LION_TRIRADYLGLYCEROLS	TG 18:1_35:3	TG 18:1_35:3	-	LION:0000604
LION_TRIRADYLGLYCEROLS	TG 18:1_36:0	TG 18:1_36:0	-	LION:0000604
LION_TRIRADYLGLYCEROLS	TG 18:1_36:1	TG 18:1_36:1	-	LION:0000604
LION_TRIRADYLGLYCEROLS	TG 18:1_36:2	TG 18:1_36:2	-	LION:0000604
LION_TRIRADYLGLYCEROLS	TG 18:1_36:3	TG 18:1_36:3	-	LION:0000604
LION_TRIRADYLGLYCEROLS	TG 18:1_36:4	TG 18:1_36:4	-	LION:0000604
LION_TRIRADYLGLYCEROLS	TG 18:1_36:5	TG 18:1_36:5	-	LION:0000604
LION_TRIRADYLGLYCEROLS	TG 18:1_36:6	TG 18:1_36:6	-	LION:0000604
LION_TRIRADYLGLYCEROLS	TG 18:1_38:5	TG 18:1_38:5	-	LION:0000604
LION_TRIRADYLGLYCEROLS	TG 18:1_38:6	TG 18:1_38:6	-	LION:0000604
LION_TRIRADYLGLYCEROLS	TG 18:1_38:7	TG 18:1_38:7	-	LION:0000604
LION_TRIRADYLGLYCEROLS	TG 18:2_28:0	TG 18:2_28:0	-	LION:0000604
LION_TRIRADYLGLYCEROLS	TG 18:2_30:0	TG 18:2_30:0	-	LION:0000604
LION_TRIRADYLGLYCEROLS	TG 18:2_30:1	TG 18:2_30:1	-	LION:0000604
LION_TRIRADYLGLYCEROLS	TG 18:2_31:0	TG 18:2_31:0	-	LION:0000604
LION_TRIRADYLGLYCEROLS	TG 18:2_32:0	TG 18:2_32:0	-	LION:0000604
LION_TRIRADYLGLYCEROLS	TG 18:2_32:1	TG 18:2_32:1	-	LION:0000604
LION_TRIRADYLGLYCEROLS	TG 18:2_32:2	TG 18:2_32:2	-	LION:0000604
LION_TRIRADYLGLYCEROLS	TG 18:2_33:0	TG 18:2_33:0	-	LION:0000604
LION_TRIRADYLGLYCEROLS	TG 18:2_33:1	TG 18:2_33:1	-	LION:0000604
LION_TRIRADYLGLYCEROLS	TG 18:2_33:2	TG 18:2_33:2	-	LION:0000604
LION_TRIRADYLGLYCEROLS	TG 18:2_34:1	TG 18:2_34:1	-	LION:0000604
LION_TRIRADYLGLYCEROLS	TG 18:2_34:2	TG 18:2_34:2	-	LION:0000604
LION_TRIRADYLGLYCEROLS	TG 18:2_34:3	TG 18:2_34:3	-	LION:0000604
LION_TRIRADYLGLYCEROLS	TG 18:2_34:4	TG 18:2_34:4	-	LION:0000604
LION_TRIRADYLGLYCEROLS	TG 18:2_35:1	TG 18:2_35:1	-	LION:0000604
LION_TRIRADYLGLYCEROLS	TG 18:2_35:2	TG 18:2_35:2	-	LION:0000604
LION_TRIRADYLGLYCEROLS	TG 18:2_35:3	TG 18:2_35:3	-	LION:0000604
LION_TRIRADYLGLYCEROLS	TG 18:2_36:0	TG 18:2_36:0	-	LION:0000604
LION_TRIRADYLGLYCEROLS	TG 18:2_36:1	TG 18:2_36:1	-	LION:0000604
LION_TRIRADYLGLYCEROLS	TG 18:2_36:2	TG 18:2_36:2	-	LION:0000604
LION_TRIRADYLGLYCEROLS	TG 18:2_36:3	TG 18:2_36:3	-	LION:0000604
LION_TRIRADYLGLYCEROLS	TG 18:2_36:4	TG 18:2_36:4	-	LION:0000604
LION_TRIRADYLGLYCEROLS	TG 18:2_36:5	TG 18:2_36:5	-	LION:0000604
LION_TRIRADYLGLYCEROLS	TG 18:2_38:4	TG 18:2_38:4	-	LION:0000604
LION_TRIRADYLGLYCEROLS	TG 18:2_38:5	TG 18:2_38:5	-	LION:0000604
LION_TRIRADYLGLYCEROLS	TG 18:2_38:6	TG 18:2_38:6	-	LION:0000604
LION_TRIRADYLGLYCEROLS	TG 18:3_30:0	TG 18:3_30:0	-	LION:0000604
LION_TRIRADYLGLYCEROLS	TG 18:3_32:0	TG 18:3_32:0	-	LION:0000604
LION_TRIRADYLGLYCEROLS	TG 18:3_32:1	TG 18:3_32:1	-	LION:0000604
LION_TRIRADYLGLYCEROLS	TG 18:3_33:2	TG 18:3_33:2	-	LION:0000604
LION_TRIRADYLGLYCEROLS	TG 18:3_34:0	TG 18:3_34:0	-	LION:0000604
LION_TRIRADYLGLYCEROLS	TG 18:3_34:1	TG 18:3_34:1	-	LION:0000604
LION_TRIRADYLGLYCEROLS	TG 18:3_34:2	TG 18:3_34:2	-	LION:0000604
LION_TRIRADYLGLYCEROLS	TG 18:3_34:3	TG 18:3_34:3	-	LION:0000604
LION_TRIRADYLGLYCEROLS	TG 18:3_35:2	TG 18:3_35:2	-	LION:0000604
LION_TRIRADYLGLYCEROLS	TG 18:3_36:1	TG 18:3_36:1	-	LION:0000604
LION_TRIRADYLGLYCEROLS	TG 18:3_36:2	TG 18:3_36:2	-	LION:0000604
LION_TRIRADYLGLYCEROLS	TG 18:3_36:3	TG 18:3_36:3	-	LION:0000604
LION_TRIRADYLGLYCEROLS	TG 18:3_36:4	TG 18:3_36:4	-	LION:0000604
LION_TRIRADYLGLYCEROLS	TG 18:3_38:5	TG 18:3_38:5	-	LION:0000604
LION_TRIRADYLGLYCEROLS	TG 18:3_38:6	TG 18:3_38:6	-	LION:0000604
LION_TRIRADYLGLYCEROLS	TG 20:0_32:3	TG 20:0_32:3	-	LION:0000604
LION_TRIRADYLGLYCEROLS	TG 20:0_32:4	TG 20:0_32:4	-	LION:0000604
LION_TRIRADYLGLYCEROLS	TG 20:0_34:1	TG 20:0_34:1	-	LION:0000604
LION_TRIRADYLGLYCEROLS	TG 20:1_26:1	TG 20:1_26:1	-	LION:0000604
LION_TRIRADYLGLYCEROLS	TG 20:1_30:1	TG 20:1_30:1	-	LION:0000604
LION_TRIRADYLGLYCEROLS	TG 20:1_31:0	TG 20:1_31:0	-	LION:0000604
LION_TRIRADYLGLYCEROLS	TG 20:1_32:0	TG 20:1_32:0	-	LION:0000604
LION_TRIRADYLGLYCEROLS	TG 20:1_32:1	TG 20:1_32:1	-	LION:0000604
LION_TRIRADYLGLYCEROLS	TG 20:1_32:2	TG 20:1_32:2	-	LION:0000604
LION_TRIRADYLGLYCEROLS	TG 20:1_32:3	TG 20:1_32:3	-	LION:0000604
LION_TRIRADYLGLYCEROLS	TG 20:1_34:0	TG 20:1_34:0	-	LION:0000604
LION_TRIRADYLGLYCEROLS	TG 20:1_34:1	TG 20:1_34:1	-	LION:0000604
LION_TRIRADYLGLYCEROLS	TG 20:1_34:2	TG 20:1_34:2	-	LION:0000604
LION_TRIRADYLGLYCEROLS	TG 20:1_34:3	TG 20:1_34:3	-	LION:0000604
LION_TRIRADYLGLYCEROLS	TG 20:2_32:0	TG 20:2_32:0	-	LION:0000604
LION_TRIRADYLGLYCEROLS	TG 20:2_32:1	TG 20:2_32:1	-	LION:0000604
LION_TRIRADYLGLYCEROLS	TG 20:2_34:1	TG 20:2_34:1	-	LION:0000604
LION_TRIRADYLGLYCEROLS	TG 20:2_34:2	TG 20:2_34:2	-	LION:0000604
LION_TRIRADYLGLYCEROLS	TG 20:2_34:3	TG 20:2_34:3	-	LION:0000604
LION_TRIRADYLGLYCEROLS	TG 20:2_34:4	TG 20:2_34:4	-	LION:0000604
LION_TRIRADYLGLYCEROLS	TG 20:2_36:5	TG 20:2_36:5	-	LION:0000604
LION_TRIRADYLGLYCEROLS	TG 20:3_32:0	TG 20:3_32:0	-	LION:0000604
LION_TRIRADYLGLYCEROLS	TG 20:3_32:1	TG 20:3_32:1	-	LION:0000604
LION_TRIRADYLGLYCEROLS	TG 20:3_32:2	TG 20:3_32:2	-	LION:0000604
LION_TRIRADYLGLYCEROLS	TG 20:3_34:0	TG 20:3_34:0	-	LION:0000604
LION_TRIRADYLGLYCEROLS	TG 20:3_34:1	TG 20:3_34:1	-	LION:0000604
LION_TRIRADYLGLYCEROLS	TG 20:3_34:2	TG 20:3_34:2	-	LION:0000604
LION_TRIRADYLGLYCEROLS	TG 20:3_34:3	TG 20:3_34:3	-	LION:0000604
LION_TRIRADYLGLYCEROLS	TG 20:3_36:3	TG 20:3_36:3	-	LION:0000604
LION_TRIRADYLGLYCEROLS	TG 20:3_36:4	TG 20:3_36:4	-	LION:0000604
LION_TRIRADYLGLYCEROLS	TG 20:3_36:5	TG 20:3_36:5	-	LION:0000604
LION_TRIRADYLGLYCEROLS	TG 20:4_30:0	TG 20:4_30:0	-	LION:0000604
LION_TRIRADYLGLYCEROLS	TG 20:4_32:0	TG 20:4_32:0	-	LION:0000604
LION_TRIRADYLGLYCEROLS	TG 20:4_32:1	TG 20:4_32:1	-	LION:0000604
LION_TRIRADYLGLYCEROLS	TG 20:4_32:2	TG 20:4_32:2	-	LION:0000604
LION_TRIRADYLGLYCEROLS	TG 20:4_33:2	TG 20:4_33:2	-	LION:0000604
LION_TRIRADYLGLYCEROLS	TG 20:4_34:0	TG 20:4_34:0	-	LION:0000604
LION_TRIRADYLGLYCEROLS	TG 20:4_34:1	TG 20:4_34:1	-	LION:0000604
LION_TRIRADYLGLYCEROLS	TG 20:4_34:2	TG 20:4_34:2	-	LION:0000604
LION_TRIRADYLGLYCEROLS	TG 20:4_34:3	TG 20:4_34:3	-	LION:0000604
LION_TRIRADYLGLYCEROLS	TG 20:4_35:3	TG 20:4_35:3	-	LION:0000604
LION_TRIRADYLGLYCEROLS	TG 20:4_36:2	TG 20:4_36:2	-	LION:0000604
LION_TRIRADYLGLYCEROLS	TG 20:4_36:3	TG 20:4_36:3	-	LION:0000604
LION_TRIRADYLGLYCEROLS	TG 20:4_36:4	TG 20:4_36:4	-	LION:0000604
LION_TRIRADYLGLYCEROLS	TG 20:4_36:5	TG 20:4_36:5	-	LION:0000604
LION_TRIRADYLGLYCEROLS	TG 20:5_34:0	TG 20:5_34:0	-	LION:0000604
LION_TRIRADYLGLYCEROLS	TG 20:5_34:1	TG 20:5_34:1	-	LION:0000604
LION_TRIRADYLGLYCEROLS	TG 20:5_34:2	TG 20:5_34:2	-	LION:0000604
LION_TRIRADYLGLYCEROLS	TG 20:5_36:2	TG 20:5_36:2	-	LION:0000604
LION_TRIRADYLGLYCEROLS	TG 20:5_36:3	TG 20:5_36:3	-	LION:0000604
LION_TRIRADYLGLYCEROLS	TG 22:0_32:4	TG 22:0_32:4	-	LION:0000604
LION_TRIRADYLGLYCEROLS	TG 22:1_32:5	TG 22:1_32:5	-	LION:0000604
LION_TRIRADYLGLYCEROLS	TG 22:2_32:4	TG 22:2_32:4	-	LION:0000604
LION_TRIRADYLGLYCEROLS	TG 22:3_30:2	TG 22:3_30:2	-	LION:0000604
LION_TRIRADYLGLYCEROLS	TG 22:4_32:0	TG 22:4_32:0	-	LION:0000604
LION_TRIRADYLGLYCEROLS	TG 22:4_32:2	TG 22:4_32:2	-	LION:0000604
LION_TRIRADYLGLYCEROLS	TG 22:4_34:2	TG 22:4_34:2	-	LION:0000604
LION_TRIRADYLGLYCEROLS	TG 22:5_32:0	TG 22:5_32:0	-	LION:0000604
LION_TRIRADYLGLYCEROLS	TG 22:5_32:1	TG 22:5_32:1	-	LION:0000604
LION_TRIRADYLGLYCEROLS	TG 22:5_34:1	TG 22:5_34:1	-	LION:0000604
LION_TRIRADYLGLYCEROLS	TG 22:5_34:2	TG 22:5_34:2	-	LION:0000604
LION_TRIRADYLGLYCEROLS	TG 22:5_34:3	TG 22:5_34:3	-	LION:0000604
LION_TRIRADYLGLYCEROLS	TG 22:6_32:0	TG 22:6_32:0	-	LION:0000604
LION_TRIRADYLGLYCEROLS	TG 22:6_32:1	TG 22:6_32:1	-	LION:0000604
LION_TRIRADYLGLYCEROLS	TG 22:6_34:1	TG 22:6_34:1	-	LION:0000604
LION_TRIRADYLGLYCEROLS	TG 22:6_34:2	TG 22:6_34:2	-	LION:0000604
LION_TRIRADYLGLYCEROLS	TG 22:6_34:3	TG 22:6_34:3	-	LION:0000604
LION_VERY_HIGH_BILAYER_THICKNESS	PA 16:1_22:0	PA 16:1_22:0	-	LION:0080972
LION_VERY_HIGH_BILAYER_THICKNESS	PA 18:1_20:0	PA 18:1_20:0	-	LION:0080972
LION_VERY_HIGH_BILAYER_THICKNESS	PA 18:1_22:0	PA 18:1_22:0	-	LION:0080972
LION_VERY_HIGH_BILAYER_THICKNESS	PA 18:1_22:1	PA 18:1_22:1	-	LION:0080972
LION_VERY_HIGH_BILAYER_THICKNESS	PA 18:1_22:2	PA 18:1_22:2	-	LION:0080972
LION_VERY_HIGH_BILAYER_THICKNESS	PA 18:2_22:0	PA 18:2_22:0	-	LION:0080972
LION_VERY_HIGH_BILAYER_THICKNESS	PA 18:2_22:1	PA 18:2_22:1	-	LION:0080972
LION_VERY_HIGH_BILAYER_THICKNESS	PC 38:0	PC 38:0	-	LION:0080972
LION_VERY_HIGH_BILAYER_THICKNESS	PC 40:1	PC 40:1	-	LION:0080972
LION_VERY_HIGH_BILAYER_THICKNESS	PC 40:2	PC 40:2	-	LION:0080972
LION_VERY_HIGH_BILAYER_THICKNESS	PC 42:0	PC 42:0	-	LION:0080972
LION_VERY_HIGH_BILAYER_THICKNESS	PC 42:1	PC 42:1	-	LION:0080972
LION_VERY_HIGH_BILAYER_THICKNESS	PC 42:2	PC 42:2	-	LION:0080972
LION_VERY_HIGH_BILAYER_THICKNESS	PE 36:0	PE 36:0	-	LION:0080972
LION_VERY_HIGH_BILAYER_THICKNESS	PE 38:0	PE 38:0	-	LION:0080972
LION_VERY_HIGH_BILAYER_THICKNESS	PE 38:1	PE 38:1	-	LION:0080972
LION_VERY_HIGH_BILAYER_THICKNESS	PE 38:2	PE 38:2	-	LION:0080972
LION_VERY_HIGH_BILAYER_THICKNESS	PE 40:1	PE 40:1	-	LION:0080972
LION_VERY_HIGH_BILAYER_THICKNESS	PE 40:3	PE 40:3	-	LION:0080972
LION_VERY_HIGH_BILAYER_THICKNESS	PG 16:0_22:1	PG 16:0_22:1	-	LION:0080972
LION_VERY_HIGH_BILAYER_THICKNESS	PG 18:0_22:1	PG 18:0_22:1	-	LION:0080972
LION_VERY_HIGH_BILAYER_THICKNESS	PG 18:1_20:0	PG 18:1_20:0	-	LION:0080972
LION_VERY_HIGH_BILAYER_THICKNESS	PG 18:1_22:0	PG 18:1_22:0	-	LION:0080972
LION_VERY_HIGH_BILAYER_THICKNESS	PG 18:1_22:1	PG 18:1_22:1	-	LION:0080972
LION_VERY_HIGH_BILAYER_THICKNESS	PG 18:2_22:0	PG 18:2_22:0	-	LION:0080972
LION_VERY_HIGH_LATERAL_DIFFUSION	PA 18:1_18:4	PA 18:1_18:4	-	LION:0080980
LION_VERY_HIGH_LATERAL_DIFFUSION	PA 18:2_18:3	PA 18:2_18:3	-	LION:0080980
LION_VERY_HIGH_LATERAL_DIFFUSION	PA 18:2_22:4	PA 18:2_22:4	-	LION:0080980
LION_VERY_HIGH_LATERAL_DIFFUSION	PA 18:3_18:3	PA 18:3_18:3	-	LION:0080980
LION_VERY_HIGH_LATERAL_DIFFUSION	PC 24:0	PC 24:0	-	LION:0080980
LION_VERY_HIGH_LATERAL_DIFFUSION	PC 32:3	PC 32:3	-	LION:0080980
LION_VERY_HIGH_LATERAL_DIFFUSION	PC 34:4	PC 34:4	-	LION:0080980
LION_VERY_HIGH_LATERAL_DIFFUSION	PC 36:5	PC 36:5	-	LION:0080980
LION_VERY_HIGH_LATERAL_DIFFUSION	PC 36:6	PC 36:6	-	LION:0080980
LION_VERY_HIGH_LATERAL_DIFFUSION	PC 38:6	PC 38:6	-	LION:0080980
LION_VERY_HIGH_LATERAL_DIFFUSION	PC 40:6	PC 40:6	-	LION:0080980
LION_VERY_HIGH_LATERAL_DIFFUSION	PE 36:6	PE 36:6	-	LION:0080980
LION_VERY_HIGH_LATERAL_DIFFUSION	PE 38:7	PE 38:7	-	LION:0080980
LION_VERY_HIGH_LATERAL_DIFFUSION	PE 40:7	PE 40:7	-	LION:0080980
LION_VERY_HIGH_LATERAL_DIFFUSION	PE 40:8	PE 40:8	-	LION:0080980
LION_VERY_HIGH_LATERAL_DIFFUSION	PE 42:8	PE 42:8	-	LION:0080980
LION_VERY_HIGH_LATERAL_DIFFUSION	PE 44:11	PE 44:11	-	LION:0080980
LION_VERY_HIGH_LATERAL_DIFFUSION	PE 44:12	PE 44:12	-	LION:0080980
LION_VERY_HIGH_LATERAL_DIFFUSION	PG 18:1_20:5	PG 18:1_20:5	-	LION:0080980
LION_VERY_HIGH_LATERAL_DIFFUSION	PG 18:2_18:4	PG 18:2_18:4	-	LION:0080980
LION_VERY_HIGH_LATERAL_DIFFUSION	PG 18:2_20:4	PG 18:2_20:4	-	LION:0080980
LION_VERY_HIGH_LATERAL_DIFFUSION	PG 18:2_20:5	PG 18:2_20:5	-	LION:0080980
LION_VERY_HIGH_LATERAL_DIFFUSION	PG 20:3_20:4	PG 20:3_20:4	-	LION:0080980
LION_VERY_HIGH_LATERAL_DIFFUSION	PG 20:4_20:4	PG 20:4_20:4	-	LION:0080980
LION_VERY_HIGH_LATERAL_DIFFUSION	PG 20:4_22:4	PG 20:4_22:4	-	LION:0080980
LION_VERY_HIGH_LATERAL_DIFFUSION	PG 22:4_22:6	PG 22:4_22:6	-	LION:0080980
LION_VERY_HIGH_LATERAL_DIFFUSION	PG 22:5_22:6	PG 22:5_22:6	-	LION:0080980
LION_VERY_HIGH_LATERAL_DIFFUSION	PG 22:6_22:6	PG 22:6_22:6	-	LION:0080980
LION_VERY_HIGH_LATERAL_DIFFUSION	PS 38:7	PS 38:7	-	LION:0080980
LION_VERY_HIGH_LATERAL_DIFFUSION	PS 40:8	PS 40:8	-	LION:0080980
LION_VERY_HIGH_TRANSITION_TEMPERATURE	PC 42:0	PC 42:0	-	LION:0001739
LION_VERY_HIGH_TRANSITION_TEMPERATURE	PE 32:0	PE 32:0	-	LION:0001739
LION_VERY_HIGH_TRANSITION_TEMPERATURE	PE 33:0	PE 33:0	-	LION:0001739
LION_VERY_HIGH_TRANSITION_TEMPERATURE	PE 34:0	PE 34:0	-	LION:0001739
LION_VERY_HIGH_TRANSITION_TEMPERATURE	PE 36:0	PE 36:0	-	LION:0001739
LION_VERY_HIGH_TRANSITION_TEMPERATURE	PE 38:0	PE 38:0	-	LION:0001739
LION_VERY_HIGH_TRANSITION_TEMPERATURE	PE 40:1	PE 40:1	-	LION:0001739
LION_VERY_HIGH_TRANSITION_TEMPERATURE	PE 44:11	PE 44:11	-	LION:0001739
LION_VERY_HIGH_TRANSITION_TEMPERATURE	PE 44:12	PE 44:12	-	LION:0001739
LION_VERY_HIGH_TRANSITION_TEMPERATURE	PE 44:6	PE 44:6	-	LION:0001739
LION_VERY_HIGH_TRANSITION_TEMPERATURE	PE 44:7	PE 44:7	-	LION:0001739
LION_VERY_HIGH_TRANSITION_TEMPERATURE	PG 18:0_22:1	PG 18:0_22:1	-	LION:0001739
LION_VERY_HIGH_TRANSITION_TEMPERATURE	PG 18:1_22:0	PG 18:1_22:0	-	LION:0001739
LION_VERY_HIGH_TRANSITION_TEMPERATURE	PG 20:4_22:1	PG 20:4_22:1	-	LION:0001739
LION_VERY_HIGH_TRANSITION_TEMPERATURE	PG 20:4_22:3	PG 20:4_22:3	-	LION:0001739
LION_VERY_HIGH_TRANSITION_TEMPERATURE	PG 20:4_22:4	PG 20:4_22:4	-	LION:0001739
LION_VERY_HIGH_TRANSITION_TEMPERATURE	PG 22:4_22:6	PG 22:4_22:6	-	LION:0001739
LION_VERY_HIGH_TRANSITION_TEMPERATURE	PG 22:5_22:6	PG 22:5_22:6	-	LION:0001739
LION_VERY_HIGH_TRANSITION_TEMPERATURE	PG 22:6_22:6	PG 22:6_22:6	-	LION:0001739
LION_VERY_HIGH_TRANSITION_TEMPERATURE	SM 41:1	SM 41:1	-	LION:0001739
LION_VERY_HIGH_TRANSITION_TEMPERATURE	SM 41:2	SM 41:2	-	LION:0001739
LION_VERY_HIGH_TRANSITION_TEMPERATURE	SM 42:1	SM 42:1	-	LION:0001739
LION_VERY_HIGH_TRANSITION_TEMPERATURE	SM 42:2	SM 42:2	-	LION:0001739
LION_VERY_HIGH_TRANSITION_TEMPERATURE	SM 43:1	SM 43:1	-	LION:0001739
LION_VERY_HIGH_TRANSITION_TEMPERATURE	SM 44:1	SM 44:1	-	LION:0001739
LION_VERY_HIGH_TRANSITION_TEMPERATURE	SM 44:2	SM 44:2	-	LION:0001739
LION_VERY_LOW_BILAYER_THICKNESS	PA 14:0_14:1	PA 14:0_14:1	-	LION:0080968
LION_VERY_LOW_BILAYER_THICKNESS	PA 18:3_18:3	PA 18:3_18:3	-	LION:0080968
LION_VERY_LOW_BILAYER_THICKNESS	PC 24:0	PC 24:0	-	LION:0080968
LION_VERY_LOW_BILAYER_THICKNESS	PC 26:0	PC 26:0	-	LION:0080968
LION_VERY_LOW_BILAYER_THICKNESS	PC 28:1	PC 28:1	-	LION:0080968
LION_VERY_LOW_BILAYER_THICKNESS	PC 32:3	PC 32:3	-	LION:0080968
LION_VERY_LOW_BILAYER_THICKNESS	PC 34:4	PC 34:4	-	LION:0080968
LION_VERY_LOW_BILAYER_THICKNESS	PC 36:5	PC 36:5	-	LION:0080968
LION_VERY_LOW_BILAYER_THICKNESS	PC 36:6	PC 36:6	-	LION:0080968
LION_VERY_LOW_BILAYER_THICKNESS	PC 38:6	PC 38:6	-	LION:0080968
LION_VERY_LOW_BILAYER_THICKNESS	PE 28:1	PE 28:1	-	LION:0080968
LION_VERY_LOW_BILAYER_THICKNESS	PE 36:6	PE 36:6	-	LION:0080968
LION_VERY_LOW_BILAYER_THICKNESS	PE 38:7	PE 38:7	-	LION:0080968
LION_VERY_LOW_BILAYER_THICKNESS	PE 40:8	PE 40:8	-	LION:0080968
LION_VERY_LOW_BILAYER_THICKNESS	PE 44:11	PE 44:11	-	LION:0080968
LION_VERY_LOW_BILAYER_THICKNESS	PE 44:12	PE 44:12	-	LION:0080968
LION_VERY_LOW_BILAYER_THICKNESS	PG 16:0_20:5	PG 16:0_20:5	-	LION:0080968
LION_VERY_LOW_BILAYER_THICKNESS	PG 16:1_20:4	PG 16:1_20:4	-	LION:0080968
LION_VERY_LOW_BILAYER_THICKNESS	PG 16:2_18:2	PG 16:2_18:2	-	LION:0080968
LION_VERY_LOW_BILAYER_THICKNESS	PG 16:3_18:1	PG 16:3_18:1	-	LION:0080968
LION_VERY_LOW_BILAYER_THICKNESS	PG 18:2_18:3	PG 18:2_18:3	-	LION:0080968
LION_VERY_LOW_BILAYER_THICKNESS	PG 18:2_18:4	PG 18:2_18:4	-	LION:0080968
LION_VERY_LOW_BILAYER_THICKNESS	PG 18:2_20:5	PG 18:2_20:5	-	LION:0080968
LION_VERY_LOW_BILAYER_THICKNESS	PG 20:4_20:4	PG 20:4_20:4	-	LION:0080968
LION_VERY_LOW_BILAYER_THICKNESS	PG 22:5_22:6	PG 22:5_22:6	-	LION:0080968
LION_VERY_LOW_BILAYER_THICKNESS	PG 22:6_22:6	PG 22:6_22:6	-	LION:0080968
LION_VERY_LOW_BILAYER_THICKNESS	PS 36:5	PS 36:5	-	LION:0080968
LION_VERY_LOW_BILAYER_THICKNESS	PS 38:7	PS 38:7	-	LION:0080968
LION_VERY_LOW_BILAYER_THICKNESS	PS 40:8	PS 40:8	-	LION:0080968
LION_VERY_LOW_LATERAL_DIFFUSION	PA 16:1_22:0	PA 16:1_22:0	-	LION:0080976
LION_VERY_LOW_LATERAL_DIFFUSION	PA 18:1_20:0	PA 18:1_20:0	-	LION:0080976
LION_VERY_LOW_LATERAL_DIFFUSION	PA 18:1_22:0	PA 18:1_22:0	-	LION:0080976
LION_VERY_LOW_LATERAL_DIFFUSION	PC 36:0	PC 36:0	-	LION:0080976
LION_VERY_LOW_LATERAL_DIFFUSION	PC 38:0	PC 38:0	-	LION:0080976
LION_VERY_LOW_LATERAL_DIFFUSION	PC 40:1	PC 40:1	-	LION:0080976
LION_VERY_LOW_LATERAL_DIFFUSION	PC 42:0	PC 42:0	-	LION:0080976
LION_VERY_LOW_LATERAL_DIFFUSION	PC 42:1	PC 42:1	-	LION:0080976
LION_VERY_LOW_LATERAL_DIFFUSION	PC 42:2	PC 42:2	-	LION:0080976
LION_VERY_LOW_LATERAL_DIFFUSION	PE 34:0	PE 34:0	-	LION:0080976
LION_VERY_LOW_LATERAL_DIFFUSION	PE 36:0	PE 36:0	-	LION:0080976
LION_VERY_LOW_LATERAL_DIFFUSION	PE 38:0	PE 38:0	-	LION:0080976
LION_VERY_LOW_LATERAL_DIFFUSION	PE 38:1	PE 38:1	-	LION:0080976
LION_VERY_LOW_LATERAL_DIFFUSION	PE 40:1	PE 40:1	-	LION:0080976
LION_VERY_LOW_LATERAL_DIFFUSION	PG 16:0_16:0	PG 16:0_16:0	-	LION:0080976
LION_VERY_LOW_LATERAL_DIFFUSION	PG 16:0_22:1	PG 16:0_22:1	-	LION:0080976
LION_VERY_LOW_LATERAL_DIFFUSION	PG 18:0_18:1	PG 18:0_18:1	-	LION:0080976
LION_VERY_LOW_LATERAL_DIFFUSION	PG 18:0_22:1	PG 18:0_22:1	-	LION:0080976
LION_VERY_LOW_LATERAL_DIFFUSION	PG 18:1_20:0	PG 18:1_20:0	-	LION:0080976
LION_VERY_LOW_LATERAL_DIFFUSION	PG 18:1_22:0	PG 18:1_22:0	-	LION:0080976
LION_VERY_LOW_LATERAL_DIFFUSION	PG 18:1_22:1	PG 18:1_22:1	-	LION:0080976
LION_VERY_LOW_LATERAL_DIFFUSION	PG 18:2_22:0	PG 18:2_22:0	-	LION:0080976
LION_VERY_LOW_LATERAL_DIFFUSION	PS 36:1	PS 36:1	-	LION:0080976
LION_VERY_LOW_TRANSITION_TEMPERATURE	PA 16:0_18:3	PA 16:0_18:3	-	LION:0001735
LION_VERY_LOW_TRANSITION_TEMPERATURE	PA 16:1_18:2	PA 16:1_18:2	-	LION:0001735
LION_VERY_LOW_TRANSITION_TEMPERATURE	PA 16:2_18:1	PA 16:2_18:1	-	LION:0001735
LION_VERY_LOW_TRANSITION_TEMPERATURE	PA 18:1_18:3	PA 18:1_18:3	-	LION:0001735
LION_VERY_LOW_TRANSITION_TEMPERATURE	PA 18:1_18:4	PA 18:1_18:4	-	LION:0001735
LION_VERY_LOW_TRANSITION_TEMPERATURE	PA 18:1_20:3	PA 18:1_20:3	-	LION:0001735
LION_VERY_LOW_TRANSITION_TEMPERATURE	PA 18:1_22:3	PA 18:1_22:3	-	LION:0001735
LION_VERY_LOW_TRANSITION_TEMPERATURE	PA 18:2_18:2	PA 18:2_18:2	-	LION:0001735
LION_VERY_LOW_TRANSITION_TEMPERATURE	PA 18:2_18:3	PA 18:2_18:3	-	LION:0001735
LION_VERY_LOW_TRANSITION_TEMPERATURE	PA 18:2_20:2	PA 18:2_20:2	-	LION:0001735
LION_VERY_LOW_TRANSITION_TEMPERATURE	PA 18:2_22:3	PA 18:2_22:3	-	LION:0001735
LION_VERY_LOW_TRANSITION_TEMPERATURE	PA 18:2_22:4	PA 18:2_22:4	-	LION:0001735
LION_VERY_LOW_TRANSITION_TEMPERATURE	PA 18:3_18:3	PA 18:3_18:3	-	LION:0001735
LION_VERY_LOW_TRANSITION_TEMPERATURE	PA 20:0_20:4	PA 20:0_20:4	-	LION:0001735
LION_VERY_LOW_TRANSITION_TEMPERATURE	PC 36:5	PC 36:5	-	LION:0001735
LION_VERY_LOW_TRANSITION_TEMPERATURE	PC 36:6	PC 36:6	-	LION:0001735
LION_VERY_LOW_TRANSITION_TEMPERATURE	PC 38:6	PC 38:6	-	LION:0001735
LION_VERY_LOW_TRANSITION_TEMPERATURE	PE 34:4	PE 34:4	-	LION:0001735
LION_VERY_LOW_TRANSITION_TEMPERATURE	PE 36:5	PE 36:5	-	LION:0001735
LION_VERY_LOW_TRANSITION_TEMPERATURE	PE 36:6	PE 36:6	-	LION:0001735
LION_VERY_LOW_TRANSITION_TEMPERATURE	PE 38:6	PE 38:6	-	LION:0001735
LION_VERY_LOW_TRANSITION_TEMPERATURE	PE 38:7	PE 38:7	-	LION:0001735
LION_VERY_LOW_TRANSITION_TEMPERATURE	PG 16:0_18:3	PG 16:0_18:3	-	LION:0001735
LION_VERY_LOW_TRANSITION_TEMPERATURE	PG 16:0_20:3	PG 16:0_20:3	-	LION:0001735
LION_VERY_LOW_TRANSITION_TEMPERATURE	PG 16:0_20:4	PG 16:0_20:4	-	LION:0001735
LION_VERY_LOW_TRANSITION_TEMPERATURE	PG 16:0_20:5	PG 16:0_20:5	-	LION:0001735
LION_VERY_LOW_TRANSITION_TEMPERATURE	PG 16:1_16:1	PG 16:1_16:1	-	LION:0001735
LION_VERY_LOW_TRANSITION_TEMPERATURE	PG 16:1_18:2	PG 16:1_18:2	-	LION:0001735
LION_VERY_LOW_TRANSITION_TEMPERATURE	PG 16:1_20:4	PG 16:1_20:4	-	LION:0001735
LION_VERY_LOW_TRANSITION_TEMPERATURE	PG 16:2_18:1	PG 16:2_18:1	-	LION:0001735
LION_VERY_LOW_TRANSITION_TEMPERATURE	PG 16:2_18:2	PG 16:2_18:2	-	LION:0001735
LION_VERY_LOW_TRANSITION_TEMPERATURE	PG 16:3_18:1	PG 16:3_18:1	-	LION:0001735
LION_VERY_LOW_TRANSITION_TEMPERATURE	PG 18:0_18:3	PG 18:0_18:3	-	LION:0001735
LION_VERY_LOW_TRANSITION_TEMPERATURE	PG 18:1_18:2	PG 18:1_18:2	-	LION:0001735
LION_VERY_LOW_TRANSITION_TEMPERATURE	PG 18:1_18:3	PG 18:1_18:3	-	LION:0001735
LION_VERY_LOW_TRANSITION_TEMPERATURE	PG 18:1_20:4	PG 18:1_20:4	-	LION:0001735
LION_VERY_LOW_TRANSITION_TEMPERATURE	PG 18:1_20:5	PG 18:1_20:5	-	LION:0001735
LION_VERY_LOW_TRANSITION_TEMPERATURE	PG 18:2_18:2	PG 18:2_18:2	-	LION:0001735
LION_VERY_LOW_TRANSITION_TEMPERATURE	PG 18:2_18:3	PG 18:2_18:3	-	LION:0001735
LION_VERY_LOW_TRANSITION_TEMPERATURE	PG 18:2_18:4	PG 18:2_18:4	-	LION:0001735
LION_VERY_LOW_TRANSITION_TEMPERATURE	PG 18:2_20:3	PG 18:2_20:3	-	LION:0001735
LION_VERY_LOW_TRANSITION_TEMPERATURE	PG 18:2_20:4	PG 18:2_20:4	-	LION:0001735
LION_VERY_LOW_TRANSITION_TEMPERATURE	PG 18:2_20:5	PG 18:2_20:5	-	LION:0001735
LION_VERY_LOW_TRANSITION_TEMPERATURE	PS 36:4	PS 36:4	-	LION:0001735
LION_VERY_LOW_TRANSITION_TEMPERATURE	PS 36:5	PS 36:5	-	LION:0001735
LION_VERY_LOW_TRANSITION_TEMPERATURE	PS 38:4	PS 38:4	-	LION:0001735
LION_VERY_LOW_TRANSITION_TEMPERATURE	PS 38:5	PS 38:5	-	LION:0001735
LION_VERY_LOW_TRANSITION_TEMPERATURE	PS 38:6	PS 38:6	-	LION:0001735
LION_VERY_LOW_TRANSITION_TEMPERATURE	PS 38:7	PS 38:7	-	LION:0001735
LION_VERY_LOW_TRANSITION_TEMPERATURE	PS 40:6	PS 40:6	-	LION:0001735
LION_VERY_LOW_TRANSITION_TEMPERATURE	PS 40:7	PS 40:7	-	LION:0001735
LION_VERY_LOW_TRANSITION_TEMPERATURE	PS 40:8	PS 40:8	-	LION:0001735
